nohup: ignoring input
Workload: densenet_121
AutoScheduler log: /home/qsy/workspace/complier/llm_compiler/result/densenet_121_1x3x224x224_4090.json
==== Task 0: vm_mod_fused_nn_conv2d_add_nn_relu_5 (weight 1 key: ["6d628209072e3e3dd8f49359935acea6", [1, 56, 56, 192], [1, 1, 192, 128], [1, 1, 1, 128], [1, 56, 56, 128]]) =====
p0 = PLACEHOLDER [1, 56, 56, 192]
pad_temp(i0, i1, i2, i3) = p0[i0, i1, i2, i3]
p1 = PLACEHOLDER [1, 1, 192, 128]
conv2d_nhwc(nn, yy, xx, ff) += (pad_temp[nn, (yy + ry), (xx + rx), rc]*p1[ry, rx, rc, ff])
p2 = PLACEHOLDER [1, 1, 1, 128]
T_add(ax0, ax1, ax2, ax3) = (conv2d_nhwc[ax0, ax1, ax2, ax3] + p2[ax0, 0, 0, ax3])
T_relu(ax0, ax1, ax2, ax3) = max(T_add[ax0, ax1, ax2, ax3], 0f)

==== Task 1: vm_mod_fused_nn_conv2d_add_nn_relu_39 (weight 1 key: ["6d628209072e3e3dd8f49359935acea6", [1, 14, 14, 896], [1, 1, 896, 128], [1, 1, 1, 128], [1, 14, 14, 128]]) =====
p0 = PLACEHOLDER [1, 14, 14, 896]
pad_temp(i0, i1, i2, i3) = p0[i0, i1, i2, i3]
p1 = PLACEHOLDER [1, 1, 896, 128]
conv2d_nhwc(nn, yy, xx, ff) += (pad_temp[nn, (yy + ry), (xx + rx), rc]*p1[ry, rx, rc, ff])
p2 = PLACEHOLDER [1, 1, 1, 128]
T_add(ax0, ax1, ax2, ax3) = (conv2d_nhwc[ax0, ax1, ax2, ax3] + p2[ax0, 0, 0, ax3])
T_relu(ax0, ax1, ax2, ax3) = max(T_add[ax0, ax1, ax2, ax3], 0f)

==== Task 2: vm_mod_fused_nn_conv2d_add_nn_relu_46 (weight 1 key: ["6d628209072e3e3dd8f49359935acea6", [1, 7, 7, 608], [1, 1, 608, 128], [1, 1, 1, 128], [1, 7, 7, 128]]) =====
p0 = PLACEHOLDER [1, 7, 7, 608]
pad_temp(i0, i1, i2, i3) = p0[i0, i1, i2, i3]
p1 = PLACEHOLDER [1, 1, 608, 128]
conv2d_nhwc(nn, yy, xx, ff) += (pad_temp[nn, (yy + ry), (xx + rx), rc]*p1[ry, rx, rc, ff])
p2 = PLACEHOLDER [1, 1, 1, 128]
T_add(ax0, ax1, ax2, ax3) = (conv2d_nhwc[ax0, ax1, ax2, ax3] + p2[ax0, 0, 0, ax3])
T_relu(ax0, ax1, ax2, ax3) = max(T_add[ax0, ax1, ax2, ax3], 0f)

==== Task 3: vm_mod_fused_nn_conv2d (weight 1 key: ["2d10de6646307f0e3e5cf4b31c20e69b", [1, 56, 56, 256], [1, 1, 256, 128], [1, 56, 56, 128]]) =====
p0 = PLACEHOLDER [1, 56, 56, 256]
pad_temp(i0, i1, i2, i3) = p0[i0, i1, i2, i3]
p1 = PLACEHOLDER [1, 1, 256, 128]
conv2d_nhwc(nn, yy, xx, ff) += (pad_temp[nn, (yy + ry), (xx + rx), rc]*p1[ry, rx, rc, ff])

==== Task 4: vm_mod_fused_nn_conv2d_add_nn_relu_53 (weight 1 key: ["6d628209072e3e3dd8f49359935acea6", [1, 7, 7, 832], [1, 1, 832, 128], [1, 1, 1, 128], [1, 7, 7, 128]]) =====
p0 = PLACEHOLDER [1, 7, 7, 832]
pad_temp(i0, i1, i2, i3) = p0[i0, i1, i2, i3]
p1 = PLACEHOLDER [1, 1, 832, 128]
conv2d_nhwc(nn, yy, xx, ff) += (pad_temp[nn, (yy + ry), (xx + rx), rc]*p1[ry, rx, rc, ff])
p2 = PLACEHOLDER [1, 1, 1, 128]
T_add(ax0, ax1, ax2, ax3) = (conv2d_nhwc[ax0, ax1, ax2, ax3] + p2[ax0, 0, 0, ax3])
T_relu(ax0, ax1, ax2, ax3) = max(T_add[ax0, ax1, ax2, ax3], 0f)

==== Task 5: vm_mod_fused_nn_conv2d_add_nn_relu_28 (weight 1 key: ["6d628209072e3e3dd8f49359935acea6", [1, 14, 14, 544], [1, 1, 544, 128], [1, 1, 1, 128], [1, 14, 14, 128]]) =====
p0 = PLACEHOLDER [1, 14, 14, 544]
pad_temp(i0, i1, i2, i3) = p0[i0, i1, i2, i3]
p1 = PLACEHOLDER [1, 1, 544, 128]
conv2d_nhwc(nn, yy, xx, ff) += (pad_temp[nn, (yy + ry), (xx + rx), rc]*p1[ry, rx, rc, ff])
p2 = PLACEHOLDER [1, 1, 1, 128]
T_add(ax0, ax1, ax2, ax3) = (conv2d_nhwc[ax0, ax1, ax2, ax3] + p2[ax0, 0, 0, ax3])
T_relu(ax0, ax1, ax2, ax3) = max(T_add[ax0, ax1, ax2, ax3], 0f)

==== Task 6: vm_mod_fused_nn_avg_pool2d_2 (weight 1 key: ["3788955ee5407575782aa3f815485362", [1, 14, 14, 512], [1, 7, 7, 512]]) =====
p0 = PLACEHOLDER [1, 14, 14, 512]
pool_sum(ax0, ax1, ax2, ax3) += p0[ax0, ((ax1*2) + rv0), ((ax2*2) + rv1), ax3]
pool_avg(ax0, ax1, ax2, ax3) = (pool_sum[ax0, ax1, ax2, ax3]/float32((((min(((ax1*2) + 1), 13) - (ax1*2)) + 1)*((min(((ax2*2) + 1), 13) - (ax2*2)) + 1))))

==== Task 7: vm_mod_fused_nn_conv2d_add_nn_relu_35 (weight 1 key: ["6d628209072e3e3dd8f49359935acea6", [1, 14, 14, 768], [1, 1, 768, 128], [1, 1, 1, 128], [1, 14, 14, 128]]) =====
p0 = PLACEHOLDER [1, 14, 14, 768]
pad_temp(i0, i1, i2, i3) = p0[i0, i1, i2, i3]
p1 = PLACEHOLDER [1, 1, 768, 128]
conv2d_nhwc(nn, yy, xx, ff) += (pad_temp[nn, (yy + ry), (xx + rx), rc]*p1[ry, rx, rc, ff])
p2 = PLACEHOLDER [1, 1, 1, 128]
T_add(ax0, ax1, ax2, ax3) = (conv2d_nhwc[ax0, ax1, ax2, ax3] + p2[ax0, 0, 0, ax3])
T_relu(ax0, ax1, ax2, ax3) = max(T_add[ax0, ax1, ax2, ax3], 0f)

==== Task 8: vm_mod_fused_nn_conv2d_add_nn_relu_42 (weight 1 key: ["6d628209072e3e3dd8f49359935acea6", [1, 14, 14, 992], [1, 1, 992, 128], [1, 1, 1, 128], [1, 14, 14, 128]]) =====
p0 = PLACEHOLDER [1, 14, 14, 992]
pad_temp(i0, i1, i2, i3) = p0[i0, i1, i2, i3]
p1 = PLACEHOLDER [1, 1, 992, 128]
conv2d_nhwc(nn, yy, xx, ff) += (pad_temp[nn, (yy + ry), (xx + rx), rc]*p1[ry, rx, rc, ff])
p2 = PLACEHOLDER [1, 1, 1, 128]
T_add(ax0, ax1, ax2, ax3) = (conv2d_nhwc[ax0, ax1, ax2, ax3] + p2[ax0, 0, 0, ax3])
T_relu(ax0, ax1, ax2, ax3) = max(T_add[ax0, ax1, ax2, ax3], 0f)

==== Task 9: vm_mod_fused_nn_conv2d_add_nn_relu_17 (weight 1 key: ["6d628209072e3e3dd8f49359935acea6", [1, 28, 28, 448], [1, 1, 448, 128], [1, 1, 1, 128], [1, 28, 28, 128]]) =====
p0 = PLACEHOLDER [1, 28, 28, 448]
pad_temp(i0, i1, i2, i3) = p0[i0, i1, i2, i3]
p1 = PLACEHOLDER [1, 1, 448, 128]
conv2d_nhwc(nn, yy, xx, ff) += (pad_temp[nn, (yy + ry), (xx + rx), rc]*p1[ry, rx, rc, ff])
p2 = PLACEHOLDER [1, 1, 1, 128]
T_add(ax0, ax1, ax2, ax3) = (conv2d_nhwc[ax0, ax1, ax2, ax3] + p2[ax0, 0, 0, ax3])
T_relu(ax0, ax1, ax2, ax3) = max(T_add[ax0, ax1, ax2, ax3], 0f)

==== Task 10: vm_mod_fused_nn_conv2d_add_nn_relu_1 (weight 1 key: ["6d628209072e3e3dd8f49359935acea6", [1, 56, 56, 64], [1, 1, 64, 128], [1, 1, 1, 128], [1, 56, 56, 128]]) =====
p0 = PLACEHOLDER [1, 56, 56, 64]
pad_temp(i0, i1, i2, i3) = p0[i0, i1, i2, i3]
p1 = PLACEHOLDER [1, 1, 64, 128]
conv2d_nhwc(nn, yy, xx, ff) += (pad_temp[nn, (yy + ry), (xx + rx), rc]*p1[ry, rx, rc, ff])
p2 = PLACEHOLDER [1, 1, 1, 128]
T_add(ax0, ax1, ax2, ax3) = (conv2d_nhwc[ax0, ax1, ax2, ax3] + p2[ax0, 0, 0, ax3])
T_relu(ax0, ax1, ax2, ax3) = max(T_add[ax0, ax1, ax2, ax3], 0f)

==== Task 11: vm_mod_fused_nn_conv2d_add_nn_relu_24 (weight 1 key: ["6d628209072e3e3dd8f49359935acea6", [1, 14, 14, 416], [1, 1, 416, 128], [1, 1, 1, 128], [1, 14, 14, 128]]) =====
p0 = PLACEHOLDER [1, 14, 14, 416]
pad_temp(i0, i1, i2, i3) = p0[i0, i1, i2, i3]
p1 = PLACEHOLDER [1, 1, 416, 128]
conv2d_nhwc(nn, yy, xx, ff) += (pad_temp[nn, (yy + ry), (xx + rx), rc]*p1[ry, rx, rc, ff])
p2 = PLACEHOLDER [1, 1, 1, 128]
T_add(ax0, ax1, ax2, ax3) = (conv2d_nhwc[ax0, ax1, ax2, ax3] + p2[ax0, 0, 0, ax3])
T_relu(ax0, ax1, ax2, ax3) = max(T_add[ax0, ax1, ax2, ax3], 0f)

==== Task 12: vm_mod_fused_nn_dense_add (weight 1 key: ["00a059b856ac30ac172b6252254479a6", [1, 1024], [1000, 1024], [1, 1000], [1, 1000]]) =====
p0 = PLACEHOLDER [1, 1024]
p1 = PLACEHOLDER [1000, 1024]
T_matmul_NT(i, j) += (p0[i, k]*p1[j, k])
p2 = PLACEHOLDER [1, 1000]
T_add(ax0, ax1) = (T_matmul_NT[ax0, ax1] + p2[ax0, ax1])

==== Task 13: vm_mod_fused_nn_conv2d_add_nn_relu_31 (weight 1 key: ["6d628209072e3e3dd8f49359935acea6", [1, 14, 14, 640], [1, 1, 640, 128], [1, 1, 1, 128], [1, 14, 14, 128]]) =====
p0 = PLACEHOLDER [1, 14, 14, 640]
pad_temp(i0, i1, i2, i3) = p0[i0, i1, i2, i3]
p1 = PLACEHOLDER [1, 1, 640, 128]
conv2d_nhwc(nn, yy, xx, ff) += (pad_temp[nn, (yy + ry), (xx + rx), rc]*p1[ry, rx, rc, ff])
p2 = PLACEHOLDER [1, 1, 1, 128]
T_add(ax0, ax1, ax2, ax3) = (conv2d_nhwc[ax0, ax1, ax2, ax3] + p2[ax0, 0, 0, ax3])
T_relu(ax0, ax1, ax2, ax3) = max(T_add[ax0, ax1, ax2, ax3], 0f)

==== Task 14: vm_mod_fused_nn_conv2d_add_nn_relu_13 (weight 1 key: ["6d628209072e3e3dd8f49359935acea6", [1, 28, 28, 320], [1, 1, 320, 128], [1, 1, 1, 128], [1, 28, 28, 128]]) =====
p0 = PLACEHOLDER [1, 28, 28, 320]
pad_temp(i0, i1, i2, i3) = p0[i0, i1, i2, i3]
p1 = PLACEHOLDER [1, 1, 320, 128]
conv2d_nhwc(nn, yy, xx, ff) += (pad_temp[nn, (yy + ry), (xx + rx), rc]*p1[ry, rx, rc, ff])
p2 = PLACEHOLDER [1, 1, 1, 128]
T_add(ax0, ax1, ax2, ax3) = (conv2d_nhwc[ax0, ax1, ax2, ax3] + p2[ax0, 0, 0, ax3])
T_relu(ax0, ax1, ax2, ax3) = max(T_add[ax0, ax1, ax2, ax3], 0f)

==== Task 15: vm_mod_fused_nn_conv2d_add_nn_relu_20 (weight 1 key: ["6d628209072e3e3dd8f49359935acea6", [1, 14, 14, 288], [1, 1, 288, 128], [1, 1, 1, 128], [1, 14, 14, 128]]) =====
p0 = PLACEHOLDER [1, 14, 14, 288]
pad_temp(i0, i1, i2, i3) = p0[i0, i1, i2, i3]
p1 = PLACEHOLDER [1, 1, 288, 128]
conv2d_nhwc(nn, yy, xx, ff) += (pad_temp[nn, (yy + ry), (xx + rx), rc]*p1[ry, rx, rc, ff])
p2 = PLACEHOLDER [1, 1, 1, 128]
T_add(ax0, ax1, ax2, ax3) = (conv2d_nhwc[ax0, ax1, ax2, ax3] + p2[ax0, 0, 0, ax3])
T_relu(ax0, ax1, ax2, ax3) = max(T_add[ax0, ax1, ax2, ax3], 0f)

==== Task 16: vm_mod_fused_nn_conv2d_add_nn_relu_8 (weight 1 key: ["6d628209072e3e3dd8f49359935acea6", [1, 28, 28, 160], [1, 1, 160, 128], [1, 1, 1, 128], [1, 28, 28, 128]]) =====
p0 = PLACEHOLDER [1, 28, 28, 160]
pad_temp(i0, i1, i2, i3) = p0[i0, i1, i2, i3]
p1 = PLACEHOLDER [1, 1, 160, 128]
conv2d_nhwc(nn, yy, xx, ff) += (pad_temp[nn, (yy + ry), (xx + rx), rc]*p1[ry, rx, rc, ff])
p2 = PLACEHOLDER [1, 1, 1, 128]
T_add(ax0, ax1, ax2, ax3) = (conv2d_nhwc[ax0, ax1, ax2, ax3] + p2[ax0, 0, 0, ax3])
T_relu(ax0, ax1, ax2, ax3) = max(T_add[ax0, ax1, ax2, ax3], 0f)

==== Task 17: vm_mod_fused_nn_conv2d_add_nn_relu_58 (weight 1 key: ["6d628209072e3e3dd8f49359935acea6", [1, 7, 7, 992], [1, 1, 992, 128], [1, 1, 1, 128], [1, 7, 7, 128]]) =====
p0 = PLACEHOLDER [1, 7, 7, 992]
pad_temp(i0, i1, i2, i3) = p0[i0, i1, i2, i3]
p1 = PLACEHOLDER [1, 1, 992, 128]
conv2d_nhwc(nn, yy, xx, ff) += (pad_temp[nn, (yy + ry), (xx + rx), rc]*p1[ry, rx, rc, ff])
p2 = PLACEHOLDER [1, 1, 1, 128]
T_add(ax0, ax1, ax2, ax3) = (conv2d_nhwc[ax0, ax1, ax2, ax3] + p2[ax0, 0, 0, ax3])
T_relu(ax0, ax1, ax2, ax3) = max(T_add[ax0, ax1, ax2, ax3], 0f)

==== Task 18: vm_mod_fused_nn_conv2d_add_nn_relu_47 (weight 1 key: ["6d628209072e3e3dd8f49359935acea6", [1, 7, 7, 640], [1, 1, 640, 128], [1, 1, 1, 128], [1, 7, 7, 128]]) =====
p0 = PLACEHOLDER [1, 7, 7, 640]
pad_temp(i0, i1, i2, i3) = p0[i0, i1, i2, i3]
p1 = PLACEHOLDER [1, 1, 640, 128]
conv2d_nhwc(nn, yy, xx, ff) += (pad_temp[nn, (yy + ry), (xx + rx), rc]*p1[ry, rx, rc, ff])
p2 = PLACEHOLDER [1, 1, 1, 128]
T_add(ax0, ax1, ax2, ax3) = (conv2d_nhwc[ax0, ax1, ax2, ax3] + p2[ax0, 0, 0, ax3])
T_relu(ax0, ax1, ax2, ax3) = max(T_add[ax0, ax1, ax2, ax3], 0f)

==== Task 19: vm_mod_fused_nn_conv2d_add_nn_relu_4 (weight 1 key: ["6d628209072e3e3dd8f49359935acea6", [1, 56, 56, 160], [1, 1, 160, 128], [1, 1, 1, 128], [1, 56, 56, 128]]) =====
p0 = PLACEHOLDER [1, 56, 56, 160]
pad_temp(i0, i1, i2, i3) = p0[i0, i1, i2, i3]
p1 = PLACEHOLDER [1, 1, 160, 128]
conv2d_nhwc(nn, yy, xx, ff) += (pad_temp[nn, (yy + ry), (xx + rx), rc]*p1[ry, rx, rc, ff])
p2 = PLACEHOLDER [1, 1, 1, 128]
T_add(ax0, ax1, ax2, ax3) = (conv2d_nhwc[ax0, ax1, ax2, ax3] + p2[ax0, 0, 0, ax3])
T_relu(ax0, ax1, ax2, ax3) = max(T_add[ax0, ax1, ax2, ax3], 0f)

==== Task 20: vm_mod_fused_nn_conv2d_add_nn_relu_29 (weight 1 key: ["6d628209072e3e3dd8f49359935acea6", [1, 14, 14, 576], [1, 1, 576, 128], [1, 1, 1, 128], [1, 14, 14, 128]]) =====
p0 = PLACEHOLDER [1, 14, 14, 576]
pad_temp(i0, i1, i2, i3) = p0[i0, i1, i2, i3]
p1 = PLACEHOLDER [1, 1, 576, 128]
conv2d_nhwc(nn, yy, xx, ff) += (pad_temp[nn, (yy + ry), (xx + rx), rc]*p1[ry, rx, rc, ff])
p2 = PLACEHOLDER [1, 1, 1, 128]
T_add(ax0, ax1, ax2, ax3) = (conv2d_nhwc[ax0, ax1, ax2, ax3] + p2[ax0, 0, 0, ax3])
T_relu(ax0, ax1, ax2, ax3) = max(T_add[ax0, ax1, ax2, ax3], 0f)

==== Task 21: vm_mod_fused_nn_conv2d_add_nn_relu_54 (weight 1 key: ["6d628209072e3e3dd8f49359935acea6", [1, 7, 7, 864], [1, 1, 864, 128], [1, 1, 1, 128], [1, 7, 7, 128]]) =====
p0 = PLACEHOLDER [1, 7, 7, 864]
pad_temp(i0, i1, i2, i3) = p0[i0, i1, i2, i3]
p1 = PLACEHOLDER [1, 1, 864, 128]
conv2d_nhwc(nn, yy, xx, ff) += (pad_temp[nn, (yy + ry), (xx + rx), rc]*p1[ry, rx, rc, ff])
p2 = PLACEHOLDER [1, 1, 1, 128]
T_add(ax0, ax1, ax2, ax3) = (conv2d_nhwc[ax0, ax1, ax2, ax3] + p2[ax0, 0, 0, ax3])
T_relu(ax0, ax1, ax2, ax3) = max(T_add[ax0, ax1, ax2, ax3], 0f)

==== Task 22: vm_mod_fused_nn_conv2d_add_nn_relu_36 (weight 1 key: ["6d628209072e3e3dd8f49359935acea6", [1, 14, 14, 800], [1, 1, 800, 128], [1, 1, 1, 128], [1, 14, 14, 128]]) =====
p0 = PLACEHOLDER [1, 14, 14, 800]
pad_temp(i0, i1, i2, i3) = p0[i0, i1, i2, i3]
p1 = PLACEHOLDER [1, 1, 800, 128]
conv2d_nhwc(nn, yy, xx, ff) += (pad_temp[nn, (yy + ry), (xx + rx), rc]*p1[ry, rx, rc, ff])
p2 = PLACEHOLDER [1, 1, 1, 128]
T_add(ax0, ax1, ax2, ax3) = (conv2d_nhwc[ax0, ax1, ax2, ax3] + p2[ax0, 0, 0, ax3])
T_relu(ax0, ax1, ax2, ax3) = max(T_add[ax0, ax1, ax2, ax3], 0f)

==== Task 23: vm_mod_fused_nn_conv2d_add_nn_relu_43 (weight 1 key: ["6d628209072e3e3dd8f49359935acea6", [1, 7, 7, 512], [1, 1, 512, 128], [1, 1, 1, 128], [1, 7, 7, 128]]) =====
p0 = PLACEHOLDER [1, 7, 7, 512]
pad_temp(i0, i1, i2, i3) = p0[i0, i1, i2, i3]
p1 = PLACEHOLDER [1, 1, 512, 128]
conv2d_nhwc(nn, yy, xx, ff) += (pad_temp[nn, (yy + ry), (xx + rx), rc]*p1[ry, rx, rc, ff])
p2 = PLACEHOLDER [1, 1, 1, 128]
T_add(ax0, ax1, ax2, ax3) = (conv2d_nhwc[ax0, ax1, ax2, ax3] + p2[ax0, 0, 0, ax3])
T_relu(ax0, ax1, ax2, ax3) = max(T_add[ax0, ax1, ax2, ax3], 0f)

==== Task 24: vm_mod_fused_nn_conv2d_add_nn_relu_18 (weight 1 key: ["6d628209072e3e3dd8f49359935acea6", [1, 28, 28, 480], [1, 1, 480, 128], [1, 1, 1, 128], [1, 28, 28, 128]]) =====
p0 = PLACEHOLDER [1, 28, 28, 480]
pad_temp(i0, i1, i2, i3) = p0[i0, i1, i2, i3]
p1 = PLACEHOLDER [1, 1, 480, 128]
conv2d_nhwc(nn, yy, xx, ff) += (pad_temp[nn, (yy + ry), (xx + rx), rc]*p1[ry, rx, rc, ff])
p2 = PLACEHOLDER [1, 1, 1, 128]
T_add(ax0, ax1, ax2, ax3) = (conv2d_nhwc[ax0, ax1, ax2, ax3] + p2[ax0, 0, 0, ax3])
T_relu(ax0, ax1, ax2, ax3) = max(T_add[ax0, ax1, ax2, ax3], 0f)

==== Task 25: vm_mod_fused_nn_conv2d_add_nn_relu_50 (weight 1 key: ["6d628209072e3e3dd8f49359935acea6", [1, 7, 7, 736], [1, 1, 736, 128], [1, 1, 1, 128], [1, 7, 7, 128]]) =====
p0 = PLACEHOLDER [1, 7, 7, 736]
pad_temp(i0, i1, i2, i3) = p0[i0, i1, i2, i3]
p1 = PLACEHOLDER [1, 1, 736, 128]
conv2d_nhwc(nn, yy, xx, ff) += (pad_temp[nn, (yy + ry), (xx + rx), rc]*p1[ry, rx, rc, ff])
p2 = PLACEHOLDER [1, 1, 1, 128]
T_add(ax0, ax1, ax2, ax3) = (conv2d_nhwc[ax0, ax1, ax2, ax3] + p2[ax0, 0, 0, ax3])
T_relu(ax0, ax1, ax2, ax3) = max(T_add[ax0, ax1, ax2, ax3], 0f)

==== Task 26: vm_mod_fused_nn_avg_pool2d_1 (weight 1 key: ["b5f9e46659257ca03887ac95837350ca", [1, 28, 28, 256], [1, 14, 14, 256]]) =====
p0 = PLACEHOLDER [1, 28, 28, 256]
pool_sum(ax0, ax1, ax2, ax3) += p0[ax0, ((ax1*2) + rv0), ((ax2*2) + rv1), ax3]
pool_avg(ax0, ax1, ax2, ax3) = (pool_sum[ax0, ax1, ax2, ax3]/float32((((min(((ax1*2) + 1), 27) - (ax1*2)) + 1)*((min(((ax2*2) + 1), 27) - (ax2*2)) + 1))))

==== Task 27: vm_mod_fused_nn_conv2d_add_nn_relu_25 (weight 1 key: ["6d628209072e3e3dd8f49359935acea6", [1, 14, 14, 448], [1, 1, 448, 128], [1, 1, 1, 128], [1, 14, 14, 128]]) =====
p0 = PLACEHOLDER [1, 14, 14, 448]
pad_temp(i0, i1, i2, i3) = p0[i0, i1, i2, i3]
p1 = PLACEHOLDER [1, 1, 448, 128]
conv2d_nhwc(nn, yy, xx, ff) += (pad_temp[nn, (yy + ry), (xx + rx), rc]*p1[ry, rx, rc, ff])
p2 = PLACEHOLDER [1, 1, 1, 128]
T_add(ax0, ax1, ax2, ax3) = (conv2d_nhwc[ax0, ax1, ax2, ax3] + p2[ax0, 0, 0, ax3])
T_relu(ax0, ax1, ax2, ax3) = max(T_add[ax0, ax1, ax2, ax3], 0f)

==== Task 28: vm_mod_fused_nn_conv2d_add_nn_relu_32 (weight 1 key: ["6d628209072e3e3dd8f49359935acea6", [1, 14, 14, 672], [1, 1, 672, 128], [1, 1, 1, 128], [1, 14, 14, 128]]) =====
p0 = PLACEHOLDER [1, 14, 14, 672]
pad_temp(i0, i1, i2, i3) = p0[i0, i1, i2, i3]
p1 = PLACEHOLDER [1, 1, 672, 128]
conv2d_nhwc(nn, yy, xx, ff) += (pad_temp[nn, (yy + ry), (xx + rx), rc]*p1[ry, rx, rc, ff])
p2 = PLACEHOLDER [1, 1, 1, 128]
T_add(ax0, ax1, ax2, ax3) = (conv2d_nhwc[ax0, ax1, ax2, ax3] + p2[ax0, 0, 0, ax3])
T_relu(ax0, ax1, ax2, ax3) = max(T_add[ax0, ax1, ax2, ax3], 0f)

==== Task 29: vm_mod_fused_nn_contrib_conv2d_winograd_without_weight_transform_1 (weight 12 key: ["377f80a79c8363701cc7b2486155ce3b", [1, 28, 28, 128], [4, 4, 32, 128], [1, 28, 28, 32]]) =====
p0 = PLACEHOLDER [1, 28, 28, 128]
data_pad(i0, i1, i2, i3) = tir.if_then_else(((((i1 >= 1) && (i1 < 29)) && (i2 >= 1)) && (i2 < 29)), p0[i0, (i1 - 1), (i2 - 1), i3], 0f)
input_tile(eps, nu, p, ci) = data_pad[floordiv(p, 196), ((floormod(floordiv(p, 14), 14)*2) + eps), ((floormod(p, 14)*2) + nu), ci]
B(i, j) = select(((floormod(i, 4) == 3) && (floormod(j, 4) == 3)), 1f, select(((floormod(i, 4) == 3) && (floormod(j, 4) == 2)),  ..(OMITTED).. ormod(i, 4) == 0) && (floormod(j, 4) == 1)), 0f, select(((floormod(i, 4) == 0) && (floormod(j, 4) == 0)), 1f, 0f))))))))))))))))
data_pack(eps, nu, p, ci) += ((input_tile[r_a, r_b, p, ci]*B[r_a, eps])*B[r_b, nu])
p1 = PLACEHOLDER [4, 4, 32, 128]
bgemm(eps, nu, p, co) += (data_pack[eps, nu, p, ci]*p1[eps, nu, co, ci])
A(i, j) = select(((floormod(i, 4) == 3) && (floormod(j, 2) == 1)), 1f, select(((floormod(i, 4) == 3) && (floormod(j, 2) == 0)),  ..(OMITTED).. ct(((floormod(i, 4) == 0) && (floormod(j, 2) == 1)), 0f, select(((floormod(i, 4) == 0) && (floormod(j, 2) == 0)), 1f, 0f))))))))
inverse(vh, vw, p, co) += ((bgemm[r_a, r_b, p, co]*A[r_a, vh])*A[r_b, vw])
conv2d_winograd(n, h, w, co) = inverse[floormod(h, 2), floormod(w, 2), ((((n*14)*14) + (floordiv(h, 2)*14)) + floordiv(w, 2)), co]

==== Task 30: vm_mod_fused_nn_conv2d_1 (weight 1 key: ["2d10de6646307f0e3e5cf4b31c20e69b", [1, 28, 28, 512], [1, 1, 512, 256], [1, 28, 28, 256]]) =====
p0 = PLACEHOLDER [1, 28, 28, 512]
pad_temp(i0, i1, i2, i3) = p0[i0, i1, i2, i3]
p1 = PLACEHOLDER [1, 1, 512, 256]
conv2d_nhwc(nn, yy, xx, ff) += (pad_temp[nn, (yy + ry), (xx + rx), rc]*p1[ry, rx, rc, ff])

==== Task 31: vm_mod_fused_nn_conv2d_add_nn_relu_14 (weight 1 key: ["6d628209072e3e3dd8f49359935acea6", [1, 28, 28, 352], [1, 1, 352, 128], [1, 1, 1, 128], [1, 28, 28, 128]]) =====
p0 = PLACEHOLDER [1, 28, 28, 352]
pad_temp(i0, i1, i2, i3) = p0[i0, i1, i2, i3]
p1 = PLACEHOLDER [1, 1, 352, 128]
conv2d_nhwc(nn, yy, xx, ff) += (pad_temp[nn, (yy + ry), (xx + rx), rc]*p1[ry, rx, rc, ff])
p2 = PLACEHOLDER [1, 1, 1, 128]
T_add(ax0, ax1, ax2, ax3) = (conv2d_nhwc[ax0, ax1, ax2, ax3] + p2[ax0, 0, 0, ax3])
T_relu(ax0, ax1, ax2, ax3) = max(T_add[ax0, ax1, ax2, ax3], 0f)

==== Task 32: vm_mod_fused_nn_conv2d_add_nn_relu_21 (weight 1 key: ["6d628209072e3e3dd8f49359935acea6", [1, 14, 14, 320], [1, 1, 320, 128], [1, 1, 1, 128], [1, 14, 14, 128]]) =====
p0 = PLACEHOLDER [1, 14, 14, 320]
pad_temp(i0, i1, i2, i3) = p0[i0, i1, i2, i3]
p1 = PLACEHOLDER [1, 1, 320, 128]
conv2d_nhwc(nn, yy, xx, ff) += (pad_temp[nn, (yy + ry), (xx + rx), rc]*p1[ry, rx, rc, ff])
p2 = PLACEHOLDER [1, 1, 1, 128]
T_add(ax0, ax1, ax2, ax3) = (conv2d_nhwc[ax0, ax1, ax2, ax3] + p2[ax0, 0, 0, ax3])
T_relu(ax0, ax1, ax2, ax3) = max(T_add[ax0, ax1, ax2, ax3], 0f)

==== Task 33: vm_mod_fused_nn_conv2d_add_nn_relu (weight 1 key: ["07f9fcad27bdd3233f86fe35a5185d33", [1, 224, 224, 3], [7, 7, 3, 64], [1, 1, 1, 64], [1, 112, 112, 64]]) =====
p0 = PLACEHOLDER [1, 224, 224, 3]
pad_temp(i0, i1, i2, i3) = tir.if_then_else(((((i1 >= 3) && (i1 < 227)) && (i2 >= 3)) && (i2 < 227)), p0[i0, (i1 - 3), (i2 - 3), i3], 0f)
p1 = PLACEHOLDER [7, 7, 3, 64]
conv2d_nhwc(nn, yy, xx, ff) += (pad_temp[nn, ((yy*2) + ry), ((xx*2) + rx), rc]*p1[ry, rx, rc, ff])
p2 = PLACEHOLDER [1, 1, 1, 64]
T_add(ax0, ax1, ax2, ax3) = (conv2d_nhwc[ax0, ax1, ax2, ax3] + p2[ax0, 0, 0, ax3])
T_relu(ax0, ax1, ax2, ax3) = max(T_add[ax0, ax1, ax2, ax3], 0f)

==== Task 34: vm_mod_fused_nn_conv2d_add_nn_relu_10 (weight 1 key: ["6d628209072e3e3dd8f49359935acea6", [1, 28, 28, 224], [1, 1, 224, 128], [1, 1, 1, 128], [1, 28, 28, 128]]) =====
p0 = PLACEHOLDER [1, 28, 28, 224]
pad_temp(i0, i1, i2, i3) = p0[i0, i1, i2, i3]
p1 = PLACEHOLDER [1, 1, 224, 128]
conv2d_nhwc(nn, yy, xx, ff) += (pad_temp[nn, (yy + ry), (xx + rx), rc]*p1[ry, rx, rc, ff])
p2 = PLACEHOLDER [1, 1, 1, 128]
T_add(ax0, ax1, ax2, ax3) = (conv2d_nhwc[ax0, ax1, ax2, ax3] + p2[ax0, 0, 0, ax3])
T_relu(ax0, ax1, ax2, ax3) = max(T_add[ax0, ax1, ax2, ax3], 0f)

==== Task 35: vm_mod_fused_nn_conv2d_add_nn_relu_7 (weight 1 key: ["6d628209072e3e3dd8f49359935acea6", [1, 28, 28, 128], [1, 1, 128, 128], [1, 1, 1, 128], [1, 28, 28, 128]]) =====
p0 = PLACEHOLDER [1, 28, 28, 128]
pad_temp(i0, i1, i2, i3) = p0[i0, i1, i2, i3]
p1 = PLACEHOLDER [1, 1, 128, 128]
conv2d_nhwc(nn, yy, xx, ff) += (pad_temp[nn, (yy + ry), (xx + rx), rc]*p1[ry, rx, rc, ff])
p2 = PLACEHOLDER [1, 1, 1, 128]
T_add(ax0, ax1, ax2, ax3) = (conv2d_nhwc[ax0, ax1, ax2, ax3] + p2[ax0, 0, 0, ax3])
T_relu(ax0, ax1, ax2, ax3) = max(T_add[ax0, ax1, ax2, ax3], 0f)

==== Task 36: vm_mod_fused_nn_contrib_conv2d_winograd_without_weight_transform (weight 6 key: ["3eda1939e30b947e921f5e1814346365", [1, 56, 56, 128], [6, 6, 32, 128], [1, 56, 56, 32]]) =====
p0 = PLACEHOLDER [1, 56, 56, 128]
data_pad(i0, i1, i2, i3) = tir.if_then_else(((((i1 >= 1) && (i1 < 57)) && (i2 >= 1)) && (i2 < 57)), p0[i0, (i1 - 1), (i2 - 1), i3], 0f)
input_tile(eps, nu, p, ci) = data_pad[floordiv(p, 196), ((floormod(floordiv(p, 14), 14)*4) + eps), ((floormod(p, 14)*4) + nu), ci]
B(i, j) = select(((floormod(i, 6) == 5) && (floormod(j, 6) == 5)), 1f, select(((floormod(i, 6) == 5) && (floormod(j, 6) == 4)),  ..(OMITTED)..  (floormod(j, 6) == 1)), 0f, select(((floormod(i, 6) == 0) && (floormod(j, 6) == 0)), 1f, 0f))))))))))))))))))))))))))))))))))))
data_pack(eps, nu, p, ci) += ((input_tile[r_a, r_b, p, ci]*B[r_a, eps])*B[r_b, nu])
p1 = PLACEHOLDER [6, 6, 32, 128]
bgemm(eps, nu, p, co) += (data_pack[eps, nu, p, ci]*p1[eps, nu, co, ci])
A(i, j) = select(((floormod(i, 6) == 5) && (floormod(j, 4) == 3)), 1f, select(((floormod(i, 6) == 5) && (floormod(j, 4) == 2)),  ..(OMITTED)..  6) == 0) && (floormod(j, 4) == 1)), 0f, select(((floormod(i, 6) == 0) && (floormod(j, 4) == 0)), 1f, 0f))))))))))))))))))))))))
inverse(vh, vw, p, co) += ((bgemm[r_a, r_b, p, co]*A[r_a, vh])*A[r_b, vw])
conv2d_winograd(n, h, w, co) = inverse[floormod(h, 4), floormod(w, 4), ((((n*14)*14) + (floordiv(h, 4)*14)) + floordiv(w, 4)), co]

==== Task 37: vm_mod_fused_nn_conv2d_add_nn_relu_48 (weight 1 key: ["6d628209072e3e3dd8f49359935acea6", [1, 7, 7, 672], [1, 1, 672, 128], [1, 1, 1, 128], [1, 7, 7, 128]]) =====
p0 = PLACEHOLDER [1, 7, 7, 672]
pad_temp(i0, i1, i2, i3) = p0[i0, i1, i2, i3]
p1 = PLACEHOLDER [1, 1, 672, 128]
conv2d_nhwc(nn, yy, xx, ff) += (pad_temp[nn, (yy + ry), (xx + rx), rc]*p1[ry, rx, rc, ff])
p2 = PLACEHOLDER [1, 1, 1, 128]
T_add(ax0, ax1, ax2, ax3) = (conv2d_nhwc[ax0, ax1, ax2, ax3] + p2[ax0, 0, 0, ax3])
T_relu(ax0, ax1, ax2, ax3) = max(T_add[ax0, ax1, ax2, ax3], 0f)

==== Task 38: vm_mod_fused_nn_conv2d_add_nn_relu_55 (weight 1 key: ["6d628209072e3e3dd8f49359935acea6", [1, 7, 7, 896], [1, 1, 896, 128], [1, 1, 1, 128], [1, 7, 7, 128]]) =====
p0 = PLACEHOLDER [1, 7, 7, 896]
pad_temp(i0, i1, i2, i3) = p0[i0, i1, i2, i3]
p1 = PLACEHOLDER [1, 1, 896, 128]
conv2d_nhwc(nn, yy, xx, ff) += (pad_temp[nn, (yy + ry), (xx + rx), rc]*p1[ry, rx, rc, ff])
p2 = PLACEHOLDER [1, 1, 1, 128]
T_add(ax0, ax1, ax2, ax3) = (conv2d_nhwc[ax0, ax1, ax2, ax3] + p2[ax0, 0, 0, ax3])
T_relu(ax0, ax1, ax2, ax3) = max(T_add[ax0, ax1, ax2, ax3], 0f)

==== Task 39: vm_mod_fused_nn_conv2d_add_nn_relu_37 (weight 1 key: ["6d628209072e3e3dd8f49359935acea6", [1, 14, 14, 832], [1, 1, 832, 128], [1, 1, 1, 128], [1, 14, 14, 128]]) =====
p0 = PLACEHOLDER [1, 14, 14, 832]
pad_temp(i0, i1, i2, i3) = p0[i0, i1, i2, i3]
p1 = PLACEHOLDER [1, 1, 832, 128]
conv2d_nhwc(nn, yy, xx, ff) += (pad_temp[nn, (yy + ry), (xx + rx), rc]*p1[ry, rx, rc, ff])
p2 = PLACEHOLDER [1, 1, 1, 128]
T_add(ax0, ax1, ax2, ax3) = (conv2d_nhwc[ax0, ax1, ax2, ax3] + p2[ax0, 0, 0, ax3])
T_relu(ax0, ax1, ax2, ax3) = max(T_add[ax0, ax1, ax2, ax3], 0f)

==== Task 40: vm_mod_fused_nn_conv2d_add_nn_relu_44 (weight 1 key: ["6d628209072e3e3dd8f49359935acea6", [1, 7, 7, 544], [1, 1, 544, 128], [1, 1, 1, 128], [1, 7, 7, 128]]) =====
p0 = PLACEHOLDER [1, 7, 7, 544]
pad_temp(i0, i1, i2, i3) = p0[i0, i1, i2, i3]
p1 = PLACEHOLDER [1, 1, 544, 128]
conv2d_nhwc(nn, yy, xx, ff) += (pad_temp[nn, (yy + ry), (xx + rx), rc]*p1[ry, rx, rc, ff])
p2 = PLACEHOLDER [1, 1, 1, 128]
T_add(ax0, ax1, ax2, ax3) = (conv2d_nhwc[ax0, ax1, ax2, ax3] + p2[ax0, 0, 0, ax3])
T_relu(ax0, ax1, ax2, ax3) = max(T_add[ax0, ax1, ax2, ax3], 0f)

==== Task 41: vm_mod_fused_nn_conv2d_add_nn_relu_19 (weight 1 key: ["6d628209072e3e3dd8f49359935acea6", [1, 14, 14, 256], [1, 1, 256, 128], [1, 1, 1, 128], [1, 14, 14, 128]]) =====
p0 = PLACEHOLDER [1, 14, 14, 256]
pad_temp(i0, i1, i2, i3) = p0[i0, i1, i2, i3]
p1 = PLACEHOLDER [1, 1, 256, 128]
conv2d_nhwc(nn, yy, xx, ff) += (pad_temp[nn, (yy + ry), (xx + rx), rc]*p1[ry, rx, rc, ff])
p2 = PLACEHOLDER [1, 1, 1, 128]
T_add(ax0, ax1, ax2, ax3) = (conv2d_nhwc[ax0, ax1, ax2, ax3] + p2[ax0, 0, 0, ax3])
T_relu(ax0, ax1, ax2, ax3) = max(T_add[ax0, ax1, ax2, ax3], 0f)

==== Task 42: vm_mod_fused_nn_conv2d_add_nn_relu_3 (weight 1 key: ["6d628209072e3e3dd8f49359935acea6", [1, 56, 56, 128], [1, 1, 128, 128], [1, 1, 1, 128], [1, 56, 56, 128]]) =====
p0 = PLACEHOLDER [1, 56, 56, 128]
pad_temp(i0, i1, i2, i3) = p0[i0, i1, i2, i3]
p1 = PLACEHOLDER [1, 1, 128, 128]
conv2d_nhwc(nn, yy, xx, ff) += (pad_temp[nn, (yy + ry), (xx + rx), rc]*p1[ry, rx, rc, ff])
p2 = PLACEHOLDER [1, 1, 1, 128]
T_add(ax0, ax1, ax2, ax3) = (conv2d_nhwc[ax0, ax1, ax2, ax3] + p2[ax0, 0, 0, ax3])
T_relu(ax0, ax1, ax2, ax3) = max(T_add[ax0, ax1, ax2, ax3], 0f)

==== Task 43: vm_mod_fused_nn_conv2d_add_nn_relu_51 (weight 1 key: ["6d628209072e3e3dd8f49359935acea6", [1, 7, 7, 768], [1, 1, 768, 128], [1, 1, 1, 128], [1, 7, 7, 128]]) =====
p0 = PLACEHOLDER [1, 7, 7, 768]
pad_temp(i0, i1, i2, i3) = p0[i0, i1, i2, i3]
p1 = PLACEHOLDER [1, 1, 768, 128]
conv2d_nhwc(nn, yy, xx, ff) += (pad_temp[nn, (yy + ry), (xx + rx), rc]*p1[ry, rx, rc, ff])
p2 = PLACEHOLDER [1, 1, 1, 128]
T_add(ax0, ax1, ax2, ax3) = (conv2d_nhwc[ax0, ax1, ax2, ax3] + p2[ax0, 0, 0, ax3])
T_relu(ax0, ax1, ax2, ax3) = max(T_add[ax0, ax1, ax2, ax3], 0f)

==== Task 44: vm_mod_fused_nn_conv2d_add_nn_relu_26 (weight 1 key: ["6d628209072e3e3dd8f49359935acea6", [1, 14, 14, 480], [1, 1, 480, 128], [1, 1, 1, 128], [1, 14, 14, 128]]) =====
p0 = PLACEHOLDER [1, 14, 14, 480]
pad_temp(i0, i1, i2, i3) = p0[i0, i1, i2, i3]
p1 = PLACEHOLDER [1, 1, 480, 128]
conv2d_nhwc(nn, yy, xx, ff) += (pad_temp[nn, (yy + ry), (xx + rx), rc]*p1[ry, rx, rc, ff])
p2 = PLACEHOLDER [1, 1, 1, 128]
T_add(ax0, ax1, ax2, ax3) = (conv2d_nhwc[ax0, ax1, ax2, ax3] + p2[ax0, 0, 0, ax3])
T_relu(ax0, ax1, ax2, ax3) = max(T_add[ax0, ax1, ax2, ax3], 0f)

==== Task 45: vm_mod_fused_nn_contrib_conv2d_winograd_without_weight_transform_2 (weight 24 key: ["57157118e1492a9a1dd0e0976e6a31b3", [1, 14, 14, 128], [4, 4, 32, 128], [1, 14, 14, 32]]) =====
p0 = PLACEHOLDER [1, 14, 14, 128]
data_pad(i0, i1, i2, i3) = tir.if_then_else(((((i1 >= 1) && (i1 < 15)) && (i2 >= 1)) && (i2 < 15)), p0[i0, (i1 - 1), (i2 - 1), i3], 0f)
input_tile(eps, nu, p, ci) = data_pad[floordiv(p, 49), ((floormod(floordiv(p, 7), 7)*2) + eps), ((floormod(p, 7)*2) + nu), ci]
B(i, j) = select(((floormod(i, 4) == 3) && (floormod(j, 4) == 3)), 1f, select(((floormod(i, 4) == 3) && (floormod(j, 4) == 2)),  ..(OMITTED).. ormod(i, 4) == 0) && (floormod(j, 4) == 1)), 0f, select(((floormod(i, 4) == 0) && (floormod(j, 4) == 0)), 1f, 0f))))))))))))))))
data_pack(eps, nu, p, ci) += ((input_tile[r_a, r_b, p, ci]*B[r_a, eps])*B[r_b, nu])
p1 = PLACEHOLDER [4, 4, 32, 128]
bgemm(eps, nu, p, co) += (data_pack[eps, nu, p, ci]*p1[eps, nu, co, ci])
A(i, j) = select(((floormod(i, 4) == 3) && (floormod(j, 2) == 1)), 1f, select(((floormod(i, 4) == 3) && (floormod(j, 2) == 0)),  ..(OMITTED).. ct(((floormod(i, 4) == 0) && (floormod(j, 2) == 1)), 0f, select(((floormod(i, 4) == 0) && (floormod(j, 2) == 0)), 1f, 0f))))))))
inverse(vh, vw, p, co) += ((bgemm[r_a, r_b, p, co]*A[r_a, vh])*A[r_b, vw])
conv2d_winograd(n, h, w, co) = inverse[floormod(h, 2), floormod(w, 2), ((((n*7)*7) + (floordiv(h, 2)*7)) + floordiv(w, 2)), co]

==== Task 46: vm_mod_fused_nn_conv2d_add_nn_relu_33 (weight 1 key: ["6d628209072e3e3dd8f49359935acea6", [1, 14, 14, 704], [1, 1, 704, 128], [1, 1, 1, 128], [1, 14, 14, 128]]) =====
p0 = PLACEHOLDER [1, 14, 14, 704]
pad_temp(i0, i1, i2, i3) = p0[i0, i1, i2, i3]
p1 = PLACEHOLDER [1, 1, 704, 128]
conv2d_nhwc(nn, yy, xx, ff) += (pad_temp[nn, (yy + ry), (xx + rx), rc]*p1[ry, rx, rc, ff])
p2 = PLACEHOLDER [1, 1, 1, 128]
T_add(ax0, ax1, ax2, ax3) = (conv2d_nhwc[ax0, ax1, ax2, ax3] + p2[ax0, 0, 0, ax3])
T_relu(ax0, ax1, ax2, ax3) = max(T_add[ax0, ax1, ax2, ax3], 0f)

==== Task 47: vm_mod_fused_nn_conv2d_add_nn_relu_40 (weight 1 key: ["6d628209072e3e3dd8f49359935acea6", [1, 14, 14, 928], [1, 1, 928, 128], [1, 1, 1, 128], [1, 14, 14, 128]]) =====
p0 = PLACEHOLDER [1, 14, 14, 928]
pad_temp(i0, i1, i2, i3) = p0[i0, i1, i2, i3]
p1 = PLACEHOLDER [1, 1, 928, 128]
conv2d_nhwc(nn, yy, xx, ff) += (pad_temp[nn, (yy + ry), (xx + rx), rc]*p1[ry, rx, rc, ff])
p2 = PLACEHOLDER [1, 1, 1, 128]
T_add(ax0, ax1, ax2, ax3) = (conv2d_nhwc[ax0, ax1, ax2, ax3] + p2[ax0, 0, 0, ax3])
T_relu(ax0, ax1, ax2, ax3) = max(T_add[ax0, ax1, ax2, ax3], 0f)

==== Task 48: vm_mod_fused_nn_adaptive_avg_pool2d (weight 1 key: ["8c53ca2904398da2889aa7508082d7bb", [1, 7, 7, 1024], [1, 1, 1, 1024]]) =====
p0 = PLACEHOLDER [1, 7, 7, 1024]
adaptive_pool_sum(ax0, ax1, ax2, ax3) += p0[ax0, ((ax1*7) + rv0), ((ax2*7) + rv1), ax3]
adaptive_pool_avg(ax0, ax1, ax2, ax3) = (adaptive_pool_sum[ax0, ax1, ax2, ax3]/(float32((select((bool)1, ((ax1 + 1)*7), (((ax1 + 1)*7) + 1)) - (ax1*7)))*float32((select((bool)1, ((ax2 + 1)*7), (((ax2 + 1)*7) + 1)) - (ax2*7)))))

==== Task 49: vm_mod_fused_nn_conv2d_add_nn_relu_15 (weight 1 key: ["6d628209072e3e3dd8f49359935acea6", [1, 28, 28, 384], [1, 1, 384, 128], [1, 1, 1, 128], [1, 28, 28, 128]]) =====
p0 = PLACEHOLDER [1, 28, 28, 384]
pad_temp(i0, i1, i2, i3) = p0[i0, i1, i2, i3]
p1 = PLACEHOLDER [1, 1, 384, 128]
conv2d_nhwc(nn, yy, xx, ff) += (pad_temp[nn, (yy + ry), (xx + rx), rc]*p1[ry, rx, rc, ff])
p2 = PLACEHOLDER [1, 1, 1, 128]
T_add(ax0, ax1, ax2, ax3) = (conv2d_nhwc[ax0, ax1, ax2, ax3] + p2[ax0, 0, 0, ax3])
T_relu(ax0, ax1, ax2, ax3) = max(T_add[ax0, ax1, ax2, ax3], 0f)

==== Task 50: vm_mod_fused_nn_conv2d_add_nn_relu_22 (weight 1 key: ["6d628209072e3e3dd8f49359935acea6", [1, 14, 14, 352], [1, 1, 352, 128], [1, 1, 1, 128], [1, 14, 14, 128]]) =====
p0 = PLACEHOLDER [1, 14, 14, 352]
pad_temp(i0, i1, i2, i3) = p0[i0, i1, i2, i3]
p1 = PLACEHOLDER [1, 1, 352, 128]
conv2d_nhwc(nn, yy, xx, ff) += (pad_temp[nn, (yy + ry), (xx + rx), rc]*p1[ry, rx, rc, ff])
p2 = PLACEHOLDER [1, 1, 1, 128]
T_add(ax0, ax1, ax2, ax3) = (conv2d_nhwc[ax0, ax1, ax2, ax3] + p2[ax0, 0, 0, ax3])
T_relu(ax0, ax1, ax2, ax3) = max(T_add[ax0, ax1, ax2, ax3], 0f)

==== Task 51: vm_mod_fused_nn_avg_pool2d (weight 1 key: ["66b4d8a8440b42a9ccfef103ded43333", [1, 56, 56, 128], [1, 28, 28, 128]]) =====
p0 = PLACEHOLDER [1, 56, 56, 128]
pool_sum(ax0, ax1, ax2, ax3) += p0[ax0, ((ax1*2) + rv0), ((ax2*2) + rv1), ax3]
pool_avg(ax0, ax1, ax2, ax3) = (pool_sum[ax0, ax1, ax2, ax3]/float32((((min(((ax1*2) + 1), 55) - (ax1*2)) + 1)*((min(((ax2*2) + 1), 55) - (ax2*2)) + 1))))

==== Task 52: vm_mod_fused_nn_conv2d_add_nn_relu_11 (weight 1 key: ["6d628209072e3e3dd8f49359935acea6", [1, 28, 28, 256], [1, 1, 256, 128], [1, 1, 1, 128], [1, 28, 28, 128]]) =====
p0 = PLACEHOLDER [1, 28, 28, 256]
pad_temp(i0, i1, i2, i3) = p0[i0, i1, i2, i3]
p1 = PLACEHOLDER [1, 1, 256, 128]
conv2d_nhwc(nn, yy, xx, ff) += (pad_temp[nn, (yy + ry), (xx + rx), rc]*p1[ry, rx, rc, ff])
p2 = PLACEHOLDER [1, 1, 1, 128]
T_add(ax0, ax1, ax2, ax3) = (conv2d_nhwc[ax0, ax1, ax2, ax3] + p2[ax0, 0, 0, ax3])
T_relu(ax0, ax1, ax2, ax3) = max(T_add[ax0, ax1, ax2, ax3], 0f)

==== Task 53: vm_mod_fused_nn_conv2d_2 (weight 1 key: ["2d10de6646307f0e3e5cf4b31c20e69b", [1, 14, 14, 1024], [1, 1, 1024, 512], [1, 14, 14, 512]]) =====
p0 = PLACEHOLDER [1, 14, 14, 1024]
pad_temp(i0, i1, i2, i3) = p0[i0, i1, i2, i3]
p1 = PLACEHOLDER [1, 1, 1024, 512]
conv2d_nhwc(nn, yy, xx, ff) += (pad_temp[nn, (yy + ry), (xx + rx), rc]*p1[ry, rx, rc, ff])

==== Task 54: vm_mod_fused_nn_conv2d_add_nn_relu_6 (weight 1 key: ["6d628209072e3e3dd8f49359935acea6", [1, 56, 56, 224], [1, 1, 224, 128], [1, 1, 1, 128], [1, 56, 56, 128]]) =====
p0 = PLACEHOLDER [1, 56, 56, 224]
pad_temp(i0, i1, i2, i3) = p0[i0, i1, i2, i3]
p1 = PLACEHOLDER [1, 1, 224, 128]
conv2d_nhwc(nn, yy, xx, ff) += (pad_temp[nn, (yy + ry), (xx + rx), rc]*p1[ry, rx, rc, ff])
p2 = PLACEHOLDER [1, 1, 1, 128]
T_add(ax0, ax1, ax2, ax3) = (conv2d_nhwc[ax0, ax1, ax2, ax3] + p2[ax0, 0, 0, ax3])
T_relu(ax0, ax1, ax2, ax3) = max(T_add[ax0, ax1, ax2, ax3], 0f)

==== Task 55: vm_mod_fused_nn_conv2d_add_nn_relu_49 (weight 1 key: ["6d628209072e3e3dd8f49359935acea6", [1, 7, 7, 704], [1, 1, 704, 128], [1, 1, 1, 128], [1, 7, 7, 128]]) =====
p0 = PLACEHOLDER [1, 7, 7, 704]
pad_temp(i0, i1, i2, i3) = p0[i0, i1, i2, i3]
p1 = PLACEHOLDER [1, 1, 704, 128]
conv2d_nhwc(nn, yy, xx, ff) += (pad_temp[nn, (yy + ry), (xx + rx), rc]*p1[ry, rx, rc, ff])
p2 = PLACEHOLDER [1, 1, 1, 128]
T_add(ax0, ax1, ax2, ax3) = (conv2d_nhwc[ax0, ax1, ax2, ax3] + p2[ax0, 0, 0, ax3])
T_relu(ax0, ax1, ax2, ax3) = max(T_add[ax0, ax1, ax2, ax3], 0f)

==== Task 56: vm_mod_fused_nn_conv2d_add_nn_relu_56 (weight 1 key: ["6d628209072e3e3dd8f49359935acea6", [1, 7, 7, 928], [1, 1, 928, 128], [1, 1, 1, 128], [1, 7, 7, 128]]) =====
p0 = PLACEHOLDER [1, 7, 7, 928]
pad_temp(i0, i1, i2, i3) = p0[i0, i1, i2, i3]
p1 = PLACEHOLDER [1, 1, 928, 128]
conv2d_nhwc(nn, yy, xx, ff) += (pad_temp[nn, (yy + ry), (xx + rx), rc]*p1[ry, rx, rc, ff])
p2 = PLACEHOLDER [1, 1, 1, 128]
T_add(ax0, ax1, ax2, ax3) = (conv2d_nhwc[ax0, ax1, ax2, ax3] + p2[ax0, 0, 0, ax3])
T_relu(ax0, ax1, ax2, ax3) = max(T_add[ax0, ax1, ax2, ax3], 0f)

==== Task 57: vm_mod_fused_nn_conv2d_add_nn_relu_38 (weight 1 key: ["6d628209072e3e3dd8f49359935acea6", [1, 14, 14, 864], [1, 1, 864, 128], [1, 1, 1, 128], [1, 14, 14, 128]]) =====
p0 = PLACEHOLDER [1, 14, 14, 864]
pad_temp(i0, i1, i2, i3) = p0[i0, i1, i2, i3]
p1 = PLACEHOLDER [1, 1, 864, 128]
conv2d_nhwc(nn, yy, xx, ff) += (pad_temp[nn, (yy + ry), (xx + rx), rc]*p1[ry, rx, rc, ff])
p2 = PLACEHOLDER [1, 1, 1, 128]
T_add(ax0, ax1, ax2, ax3) = (conv2d_nhwc[ax0, ax1, ax2, ax3] + p2[ax0, 0, 0, ax3])
T_relu(ax0, ax1, ax2, ax3) = max(T_add[ax0, ax1, ax2, ax3], 0f)

==== Task 58: vm_mod_fused_nn_conv2d_add_nn_relu_45 (weight 1 key: ["6d628209072e3e3dd8f49359935acea6", [1, 7, 7, 576], [1, 1, 576, 128], [1, 1, 1, 128], [1, 7, 7, 128]]) =====
p0 = PLACEHOLDER [1, 7, 7, 576]
pad_temp(i0, i1, i2, i3) = p0[i0, i1, i2, i3]
p1 = PLACEHOLDER [1, 1, 576, 128]
conv2d_nhwc(nn, yy, xx, ff) += (pad_temp[nn, (yy + ry), (xx + rx), rc]*p1[ry, rx, rc, ff])
p2 = PLACEHOLDER [1, 1, 1, 128]
T_add(ax0, ax1, ax2, ax3) = (conv2d_nhwc[ax0, ax1, ax2, ax3] + p2[ax0, 0, 0, ax3])
T_relu(ax0, ax1, ax2, ax3) = max(T_add[ax0, ax1, ax2, ax3], 0f)

==== Task 59: vm_mod_fused_nn_conv2d_add_nn_relu_52 (weight 1 key: ["6d628209072e3e3dd8f49359935acea6", [1, 7, 7, 800], [1, 1, 800, 128], [1, 1, 1, 128], [1, 7, 7, 128]]) =====
p0 = PLACEHOLDER [1, 7, 7, 800]
pad_temp(i0, i1, i2, i3) = p0[i0, i1, i2, i3]
p1 = PLACEHOLDER [1, 1, 800, 128]
conv2d_nhwc(nn, yy, xx, ff) += (pad_temp[nn, (yy + ry), (xx + rx), rc]*p1[ry, rx, rc, ff])
p2 = PLACEHOLDER [1, 1, 1, 128]
T_add(ax0, ax1, ax2, ax3) = (conv2d_nhwc[ax0, ax1, ax2, ax3] + p2[ax0, 0, 0, ax3])
T_relu(ax0, ax1, ax2, ax3) = max(T_add[ax0, ax1, ax2, ax3], 0f)

==== Task 60: vm_mod_fused_nn_contrib_conv2d_winograd_without_weight_transform_3 (weight 16 key: ["cdea95b18d7046864bf7e76a2f6b3109", [1, 7, 7, 128], [4, 4, 32, 128], [1, 7, 7, 32]]) =====
p0 = PLACEHOLDER [1, 7, 7, 128]
data_pad(i0, i1, i2, i3) = tir.if_then_else(((((i1 >= 1) && (i1 < 8)) && (i2 >= 1)) && (i2 < 8)), p0[i0, (i1 - 1), (i2 - 1), i3], 0f)
input_tile(eps, nu, p, ci) = data_pad[floordiv(p, 16), ((floormod(floordiv(p, 4), 4)*2) + eps), ((floormod(p, 4)*2) + nu), ci]
B(i, j) = select(((floormod(i, 4) == 3) && (floormod(j, 4) == 3)), 1f, select(((floormod(i, 4) == 3) && (floormod(j, 4) == 2)),  ..(OMITTED).. ormod(i, 4) == 0) && (floormod(j, 4) == 1)), 0f, select(((floormod(i, 4) == 0) && (floormod(j, 4) == 0)), 1f, 0f))))))))))))))))
data_pack(eps, nu, p, ci) += ((input_tile[r_a, r_b, p, ci]*B[r_a, eps])*B[r_b, nu])
p1 = PLACEHOLDER [4, 4, 32, 128]
bgemm(eps, nu, p, co) += (data_pack[eps, nu, p, ci]*p1[eps, nu, co, ci])
A(i, j) = select(((floormod(i, 4) == 3) && (floormod(j, 2) == 1)), 1f, select(((floormod(i, 4) == 3) && (floormod(j, 2) == 0)),  ..(OMITTED).. ct(((floormod(i, 4) == 0) && (floormod(j, 2) == 1)), 0f, select(((floormod(i, 4) == 0) && (floormod(j, 2) == 0)), 1f, 0f))))))))
inverse(vh, vw, p, co) += ((bgemm[r_a, r_b, p, co]*A[r_a, vh])*A[r_b, vw])
conv2d_winograd(n, h, w, co) = inverse[floormod(h, 2), floormod(w, 2), ((((n*4)*4) + (floordiv(h, 2)*4)) + floordiv(w, 2)), co]

==== Task 61: vm_mod_fused_nn_conv2d_add_nn_relu_27 (weight 1 key: ["6d628209072e3e3dd8f49359935acea6", [1, 14, 14, 512], [1, 1, 512, 128], [1, 1, 1, 128], [1, 14, 14, 128]]) =====
p0 = PLACEHOLDER [1, 14, 14, 512]
pad_temp(i0, i1, i2, i3) = p0[i0, i1, i2, i3]
p1 = PLACEHOLDER [1, 1, 512, 128]
conv2d_nhwc(nn, yy, xx, ff) += (pad_temp[nn, (yy + ry), (xx + rx), rc]*p1[ry, rx, rc, ff])
p2 = PLACEHOLDER [1, 1, 1, 128]
T_add(ax0, ax1, ax2, ax3) = (conv2d_nhwc[ax0, ax1, ax2, ax3] + p2[ax0, 0, 0, ax3])
T_relu(ax0, ax1, ax2, ax3) = max(T_add[ax0, ax1, ax2, ax3], 0f)

==== Task 62: vm_mod_fused_nn_conv2d_add_nn_relu_2 (weight 1 key: ["6d628209072e3e3dd8f49359935acea6", [1, 56, 56, 96], [1, 1, 96, 128], [1, 1, 1, 128], [1, 56, 56, 128]]) =====
p0 = PLACEHOLDER [1, 56, 56, 96]
pad_temp(i0, i1, i2, i3) = p0[i0, i1, i2, i3]
p1 = PLACEHOLDER [1, 1, 96, 128]
conv2d_nhwc(nn, yy, xx, ff) += (pad_temp[nn, (yy + ry), (xx + rx), rc]*p1[ry, rx, rc, ff])
p2 = PLACEHOLDER [1, 1, 1, 128]
T_add(ax0, ax1, ax2, ax3) = (conv2d_nhwc[ax0, ax1, ax2, ax3] + p2[ax0, 0, 0, ax3])
T_relu(ax0, ax1, ax2, ax3) = max(T_add[ax0, ax1, ax2, ax3], 0f)

==== Task 63: vm_mod_fused_nn_conv2d_add_nn_relu_34 (weight 1 key: ["6d628209072e3e3dd8f49359935acea6", [1, 14, 14, 736], [1, 1, 736, 128], [1, 1, 1, 128], [1, 14, 14, 128]]) =====
p0 = PLACEHOLDER [1, 14, 14, 736]
pad_temp(i0, i1, i2, i3) = p0[i0, i1, i2, i3]
p1 = PLACEHOLDER [1, 1, 736, 128]
conv2d_nhwc(nn, yy, xx, ff) += (pad_temp[nn, (yy + ry), (xx + rx), rc]*p1[ry, rx, rc, ff])
p2 = PLACEHOLDER [1, 1, 1, 128]
T_add(ax0, ax1, ax2, ax3) = (conv2d_nhwc[ax0, ax1, ax2, ax3] + p2[ax0, 0, 0, ax3])
T_relu(ax0, ax1, ax2, ax3) = max(T_add[ax0, ax1, ax2, ax3], 0f)

==== Task 64: vm_mod_fused_nn_conv2d_add_nn_relu_41 (weight 1 key: ["6d628209072e3e3dd8f49359935acea6", [1, 14, 14, 960], [1, 1, 960, 128], [1, 1, 1, 128], [1, 14, 14, 128]]) =====
p0 = PLACEHOLDER [1, 14, 14, 960]
pad_temp(i0, i1, i2, i3) = p0[i0, i1, i2, i3]
p1 = PLACEHOLDER [1, 1, 960, 128]
conv2d_nhwc(nn, yy, xx, ff) += (pad_temp[nn, (yy + ry), (xx + rx), rc]*p1[ry, rx, rc, ff])
p2 = PLACEHOLDER [1, 1, 1, 128]
T_add(ax0, ax1, ax2, ax3) = (conv2d_nhwc[ax0, ax1, ax2, ax3] + p2[ax0, 0, 0, ax3])
T_relu(ax0, ax1, ax2, ax3) = max(T_add[ax0, ax1, ax2, ax3], 0f)

==== Task 65: vm_mod_fused_nn_max_pool2d (weight 1 key: ["c219de5fa5fe694343f2826ebe8e47ce", [1, 112, 112, 64], [1, 56, 56, 64]]) =====
p0 = PLACEHOLDER [1, 112, 112, 64]
pad_temp(ax0, ax1, ax2, ax3) = tir.if_then_else(((((ax1 >= 1) && (ax1 < 113)) && (ax2 >= 1)) && (ax2 < 113)), p0[ax0, (ax1 - 1), (ax2 - 1), ax3], -3.40282e+38f)
pool_max(ax0, ax1, ax2, ax3) max= pad_temp[ax0, ((ax1*2) + rv0), ((ax2*2) + rv1), ax3]

==== Task 66: vm_mod_fused_nn_conv2d_add_nn_relu_16 (weight 1 key: ["6d628209072e3e3dd8f49359935acea6", [1, 28, 28, 416], [1, 1, 416, 128], [1, 1, 1, 128], [1, 28, 28, 128]]) =====
p0 = PLACEHOLDER [1, 28, 28, 416]
pad_temp(i0, i1, i2, i3) = p0[i0, i1, i2, i3]
p1 = PLACEHOLDER [1, 1, 416, 128]
conv2d_nhwc(nn, yy, xx, ff) += (pad_temp[nn, (yy + ry), (xx + rx), rc]*p1[ry, rx, rc, ff])
p2 = PLACEHOLDER [1, 1, 1, 128]
T_add(ax0, ax1, ax2, ax3) = (conv2d_nhwc[ax0, ax1, ax2, ax3] + p2[ax0, 0, 0, ax3])
T_relu(ax0, ax1, ax2, ax3) = max(T_add[ax0, ax1, ax2, ax3], 0f)

----------------------------------------------------------------------
------------------------------  [ Task Scheduler ]
----------------------------------------------------------------------
==== Task 67: vm_mod_fused_nn_conv2d_add_nn_relu_23 (weight 1 key: ["6d628209072e3e3dd8f49359935acea6", [1, 14, 14, 384], [1, 1, 384, 128], [1, 1, 1, 128], [1, 14, 14, 128]]) =====
p0 = PLACEHOLDER [1, 14, 14, 384]
pad_temp(i0, i1, i2, i3) = p0[i0, i1, i2, i3]
p1 = PLACEHOLDER [1, 1, 384, 128]
conv2d_nhwc(nn, yy, xx, ff) += (pad_temp[nn, (yy + ry), (xx + rx), rc]*p1[ry, rx, rc, ff])
p2 = PLACEHOLDER [1, 1, 1, 128]
T_add(ax0, ax1, ax2, ax3) = (conv2d_nhwc[ax0, ax1, ax2, ax3] + p2[ax0, 0, 0, ax3])
T_relu(ax0, ax1, ax2, ax3) = max(T_add[ax0, ax1, ax2, ax3], 0f)

==== Task 68: vm_mod_fused_nn_conv2d_add_nn_relu_30 (weight 1 key: ["6d628209072e3e3dd8f49359935acea6", [1, 14, 14, 608], [1, 1, 608, 128], [1, 1, 1, 128], [1, 14, 14, 128]]) =====
p0 = PLACEHOLDER [1, 14, 14, 608]
pad_temp(i0, i1, i2, i3) = p0[i0, i1, i2, i3]
p1 = PLACEHOLDER [1, 1, 608, 128]
conv2d_nhwc(nn, yy, xx, ff) += (pad_temp[nn, (yy + ry), (xx + rx), rc]*p1[ry, rx, rc, ff])
p2 = PLACEHOLDER [1, 1, 1, 128]
T_add(ax0, ax1, ax2, ax3) = (conv2d_nhwc[ax0, ax1, ax2, ax3] + p2[ax0, 0, 0, ax3])
T_relu(ax0, ax1, ax2, ax3) = max(T_add[ax0, ax1, ax2, ax3], 0f)

==== Task 69: vm_mod_fused_nn_conv2d_add_nn_relu_9 (weight 1 key: ["6d628209072e3e3dd8f49359935acea6", [1, 28, 28, 192], [1, 1, 192, 128], [1, 1, 1, 128], [1, 28, 28, 128]]) =====
p0 = PLACEHOLDER [1, 28, 28, 192]
pad_temp(i0, i1, i2, i3) = p0[i0, i1, i2, i3]
p1 = PLACEHOLDER [1, 1, 192, 128]
conv2d_nhwc(nn, yy, xx, ff) += (pad_temp[nn, (yy + ry), (xx + rx), rc]*p1[ry, rx, rc, ff])
p2 = PLACEHOLDER [1, 1, 1, 128]
T_add(ax0, ax1, ax2, ax3) = (conv2d_nhwc[ax0, ax1, ax2, ax3] + p2[ax0, 0, 0, ax3])
T_relu(ax0, ax1, ax2, ax3) = max(T_add[ax0, ax1, ax2, ax3], 0f)

==== Task 70: vm_mod_fused_nn_conv2d_add_nn_relu_12 (weight 1 key: ["6d628209072e3e3dd8f49359935acea6", [1, 28, 28, 288], [1, 1, 288, 128], [1, 1, 1, 128], [1, 28, 28, 128]]) =====
p0 = PLACEHOLDER [1, 28, 28, 288]
pad_temp(i0, i1, i2, i3) = p0[i0, i1, i2, i3]
p1 = PLACEHOLDER [1, 1, 288, 128]
conv2d_nhwc(nn, yy, xx, ff) += (pad_temp[nn, (yy + ry), (xx + rx), rc]*p1[ry, rx, rc, ff])
p2 = PLACEHOLDER [1, 1, 1, 128]
T_add(ax0, ax1, ax2, ax3) = (conv2d_nhwc[ax0, ax1, ax2, ax3] + p2[ax0, 0, 0, ax3])
T_relu(ax0, ax1, ax2, ax3) = max(T_add[ax0, ax1, ax2, ax3], 0f)

==== Task 71: vm_mod_fused_nn_conv2d_add_nn_relu_57 (weight 1 key: ["6d628209072e3e3dd8f49359935acea6", [1, 7, 7, 960], [1, 1, 960, 128], [1, 1, 1, 128], [1, 7, 7, 128]]) =====
p0 = PLACEHOLDER [1, 7, 7, 960]
pad_temp(i0, i1, i2, i3) = p0[i0, i1, i2, i3]
p1 = PLACEHOLDER [1, 1, 960, 128]
conv2d_nhwc(nn, yy, xx, ff) += (pad_temp[nn, (yy + ry), (xx + rx), rc]*p1[ry, rx, rc, ff])
p2 = PLACEHOLDER [1, 1, 1, 128]
T_add(ax0, ax1, ax2, ax3) = (conv2d_nhwc[ax0, ax1, ax2, ax3] + p2[ax0, 0, 0, ax3])
T_relu(ax0, ax1, ax2, ax3) = max(T_add[ax0, ax1, ax2, ax3], 0f)

|  ID  |                       Task Description                        | Latency (ms) | Speed (GFLOPS) | Trials |
-----------------------------------------------------------------------------------------------------------------
|    0 |                          vm_mod_fused_nn_conv2d_add_nn_relu_5 |            - |              - |      0 |
|    1 |                         vm_mod_fused_nn_conv2d_add_nn_relu_39 |            - |              - |      0 |
|    2 |                         vm_mod_fused_nn_conv2d_add_nn_relu_46 |            - |              - |      0 |
|    3 |                                        vm_mod_fused_nn_conv2d |            - |              - |      0 |
|    4 |                         vm_mod_fused_nn_conv2d_add_nn_relu_53 |            - |              - |      0 |
|    5 |                         vm_mod_fused_nn_conv2d_add_nn_relu_28 |            - |              - |      0 |
|    6 |                                  vm_mod_fused_nn_avg_pool2d_2 |            - |              - |      0 |
|    7 |                         vm_mod_fused_nn_conv2d_add_nn_relu_35 |            - |              - |      0 |
|    8 |                         vm_mod_fused_nn_conv2d_add_nn_relu_42 |            - |              - |      0 |
|    9 |                         vm_mod_fused_nn_conv2d_add_nn_relu_17 |            - |              - |      0 |
|   10 |                          vm_mod_fused_nn_conv2d_add_nn_relu_1 |            - |              - |      0 |
|   11 |                         vm_mod_fused_nn_conv2d_add_nn_relu_24 |            - |              - |      0 |
|   12 |                                     vm_mod_fused_nn_dense_add |            - |              - |      0 |
|   13 |                         vm_mod_fused_nn_conv2d_add_nn_relu_31 |            - |              - |      0 |
|   14 |                         vm_mod_fused_nn_conv2d_add_nn_relu_13 |            - |              - |      0 |
|   15 |                         vm_mod_fused_nn_conv2d_add_nn_relu_20 |            - |              - |      0 |
|   16 |                          vm_mod_fused_nn_conv2d_add_nn_relu_8 |            - |              - |      0 |
|   17 |                         vm_mod_fused_nn_conv2d_add_nn_relu_58 |            - |              - |      0 |
|   18 |                         vm_mod_fused_nn_conv2d_add_nn_relu_47 |            - |              - |      0 |
|   19 |                          vm_mod_fused_nn_conv2d_add_nn_relu_4 |            - |              - |      0 |
|   20 |                         vm_mod_fused_nn_conv2d_add_nn_relu_29 |            - |              - |      0 |
|   21 |                         vm_mod_fused_nn_conv2d_add_nn_relu_54 |            - |              - |      0 |
|   22 |                         vm_mod_fused_nn_conv2d_add_nn_relu_36 |            - |              - |      0 |
|   23 |                         vm_mod_fused_nn_conv2d_add_nn_relu_43 |            - |              - |      0 |
|   24 |                         vm_mod_fused_nn_conv2d_add_nn_relu_18 |            - |              - |      0 |
|   25 |                         vm_mod_fused_nn_conv2d_add_nn_relu_50 |            - |              - |      0 |
|   26 |                                  vm_mod_fused_nn_avg_pool2d_1 |            - |              - |      0 |
|   27 |                         vm_mod_fused_nn_conv2d_add_nn_relu_25 |            - |              - |      0 |
|   28 |                         vm_mod_fused_nn_conv2d_add_nn_relu_32 |            - |              - |      0 |
|   29 | vm_mod_fused_nn_contrib_conv2d_winograd_without_weight_transform_1 |            - |              - |      0 |
|   30 |                                      vm_mod_fused_nn_conv2d_1 |            - |              - |      0 |
|   31 |                         vm_mod_fused_nn_conv2d_add_nn_relu_14 |            - |              - |      0 |
|   32 |                         vm_mod_fused_nn_conv2d_add_nn_relu_21 |            - |              - |      0 |
|   33 |                            vm_mod_fused_nn_conv2d_add_nn_relu |            - |              - |      0 |
|   34 |                         vm_mod_fused_nn_conv2d_add_nn_relu_10 |            - |              - |      0 |
|   35 |                          vm_mod_fused_nn_conv2d_add_nn_relu_7 |            - |              - |      0 |
|   36 | vm_mod_fused_nn_contrib_conv2d_winograd_without_weight_transform |            - |              - |      0 |
|   37 |                         vm_mod_fused_nn_conv2d_add_nn_relu_48 |            - |              - |      0 |
|   38 |                         vm_mod_fused_nn_conv2d_add_nn_relu_55 |            - |              - |      0 |
|   39 |                         vm_mod_fused_nn_conv2d_add_nn_relu_37 |            - |              - |      0 |
|   40 |                         vm_mod_fused_nn_conv2d_add_nn_relu_44 |            - |              - |      0 |
|   41 |                         vm_mod_fused_nn_conv2d_add_nn_relu_19 |            - |              - |      0 |
|   42 |                          vm_mod_fused_nn_conv2d_add_nn_relu_3 |            - |              - |      0 |
|   43 |                         vm_mod_fused_nn_conv2d_add_nn_relu_51 |            - |              - |      0 |
|   44 |                         vm_mod_fused_nn_conv2d_add_nn_relu_26 |            - |              - |      0 |
----------------------------------------------------------------------
------------------------------  [ Search ]
----------------------------------------------------------------------
Generate Sketches		#s: 1
Sample Initial Population	#s: 57	fail_ct: 1991	Time elapsed: 6.72
GA Iter: 0	Max score: 0.9966	Min score: 0.0683	#Pop: 54	#M+: 0	#M-: 0
GA Iter: 4	Max score: 1.0000	Min score: 0.9901	#Pop: 54	#M+: 1389	#M-: 0
EvolutionarySearch		#s: 54	Time elapsed: 78.61
----------------------------------------------------------------------
------------------------------  [ Measure ]
----------------------------------------------------------------------
Get 27 programs to measure:
...........................***************************|   45 | vm_mod_fused_nn_contrib_conv2d_winograd_without_weight_transform_2 |            - |              - |      0 |
|   46 |                         vm_mod_fused_nn_conv2d_add_nn_relu_33 |            - |              - |      0 |
|   47 |                         vm_mod_fused_nn_conv2d_add_nn_relu_40 |            - |              - |      0 |
|   48 |                           vm_mod_fused_nn_adaptive_avg_pool2d |            - |              - |      0 |
|   49 |                         vm_mod_fused_nn_conv2d_add_nn_relu_15 |            - |              - |      0 |
|   50 |                         vm_mod_fused_nn_conv2d_add_nn_relu_22 |            - |              - |      0 |
|   51 |                                    vm_mod_fused_nn_avg_pool2d |            - |              - |      0 |
|   52 |                         vm_mod_fused_nn_conv2d_add_nn_relu_11 |            - |              - |      0 |
|   53 |                                      vm_mod_fused_nn_conv2d_2 |            - |              - |      0 |
|   54 |                          vm_mod_fused_nn_conv2d_add_nn_relu_6 |            - |              - |      0 |
|   55 |                         vm_mod_fused_nn_conv2d_add_nn_relu_49 |            - |              - |      0 |
|   56 |                         vm_mod_fused_nn_conv2d_add_nn_relu_56 |            - |              - |      0 |
|   57 |                         vm_mod_fused_nn_conv2d_add_nn_relu_38 |            - |              - |      0 |
|   58 |                         vm_mod_fused_nn_conv2d_add_nn_relu_45 |            - |              - |      0 |
|   59 |                         vm_mod_fused_nn_conv2d_add_nn_relu_52 |            - |              - |      0 |
|   60 | vm_mod_fused_nn_contrib_conv2d_winograd_without_weight_transform_3 |            - |              - |      0 |
|   61 |                         vm_mod_fused_nn_conv2d_add_nn_relu_27 |            - |              - |      0 |
|   62 |                          vm_mod_fused_nn_conv2d_add_nn_relu_2 |            - |              - |      0 |
|   63 |                         vm_mod_fused_nn_conv2d_add_nn_relu_34 |            - |              - |      0 |
|   64 |                         vm_mod_fused_nn_conv2d_add_nn_relu_41 |            - |              - |      0 |
|   65 |                                    vm_mod_fused_nn_max_pool2d |            - |              - |      0 |
|   66 |                         vm_mod_fused_nn_conv2d_add_nn_relu_16 |            - |              - |      0 |
|   67 |                         vm_mod_fused_nn_conv2d_add_nn_relu_23 |            - |              - |      0 |
|   68 |                         vm_mod_fused_nn_conv2d_add_nn_relu_30 |            - |              - |      0 |
|   69 |                          vm_mod_fused_nn_conv2d_add_nn_relu_9 |            - |              - |      0 |
|   70 |                         vm_mod_fused_nn_conv2d_add_nn_relu_12 |            - |              - |      0 |
|   71 |                         vm_mod_fused_nn_conv2d_add_nn_relu_57 |            - |              - |      0 |
-----------------------------------------------------------------------------------------------------------------
Estimated total latency: - ms	Trials: 0	Used time : 0 s	Next ID: 0	

Time elapsed for measurement: 17.26 s
----------------------------------------------------------------------
------------------------------  [ Train cost model ]
----------------------------------------------------------------------
Time elapsed for training: 0.34 s
----------------------------------------------------------------------
------------------------------  [ Task Scheduler ]
----------------------------------------------------------------------
|  ID  |                       Task Description                        | Latency (ms) | Speed (GFLOPS) | Trials |
-----------------------------------------------------------------------------------------------------------------
|    0 |                          vm_mod_fused_nn_conv2d_add_nn_relu_5 |        0.015 |       10334.05 |     27 |
|    1 |                         vm_mod_fused_nn_conv2d_add_nn_relu_39 |            - |              - |      0 |
|    2 |                         vm_mod_fused_nn_conv2d_add_nn_relu_46 |            - |              - |      0 |
|    3 |                                        vm_mod_fused_nn_conv2d |            - |              - |      0 |
|    4 |                         vm_mod_fused_nn_conv2d_add_nn_relu_53 |            - |              - |      0 |
|    5 |                         vm_mod_fused_nn_conv2d_add_nn_relu_28 |            - |              - |      0 |
|    6 |                                  vm_mod_fused_nn_avg_pool2d_2 |            - |              - |      0 |
|    7 |                         vm_mod_fused_nn_conv2d_add_nn_relu_35 |            - |              - |      0 |
|    8 |                         vm_mod_fused_nn_conv2d_add_nn_relu_42 |            - |              - |      0 |
|    9 |                         vm_mod_fused_nn_conv2d_add_nn_relu_17 |            - |              - |      0 |
|   10 |                          vm_mod_fused_nn_conv2d_add_nn_relu_1 |            - |              - |      0 |
|   11 |                         vm_mod_fused_nn_conv2d_add_nn_relu_24 |            - |              - |      0 |
|   12 |                                     vm_mod_fused_nn_dense_add |            - |              - |      0 |
|   13 |                         vm_mod_fused_nn_conv2d_add_nn_relu_31 |            - |              - |      0 |
|   14 |                         vm_mod_fused_nn_conv2d_add_nn_relu_13 |            - |              - |      0 |
|   15 |                         vm_mod_fused_nn_conv2d_add_nn_relu_20 |            - |              - |      0 |
|   16 |                          vm_mod_fused_nn_conv2d_add_nn_relu_8 |            - |              - |      0 |
|   17 |                         vm_mod_fused_nn_conv2d_add_nn_relu_58 |            - |              - |      0 |
|   18 |                         vm_mod_fused_nn_conv2d_add_nn_relu_47 |            - |              - |      0 |
|   19 |                          vm_mod_fused_nn_conv2d_add_nn_relu_4 |            - |              - |      0 |
|   20 |                         vm_mod_fused_nn_conv2d_add_nn_relu_29 |            - |              - |      0 |
|   21 |                         vm_mod_fused_nn_conv2d_add_nn_relu_54 |            - |              - |      0 |
|   22 |                         vm_mod_fused_nn_conv2d_add_nn_relu_36 |            - |              - |      0 |
|   23 |                         vm_mod_fused_nn_conv2d_add_nn_relu_43 |            - |              - |      0 |
|   24 |                         vm_mod_fused_nn_conv2d_add_nn_relu_18 |            - |              - |      0 |
|   25 |                         vm_mod_fused_nn_conv2d_add_nn_relu_50 |            - |              - |      0 |
|   26 |                                  vm_mod_fused_nn_avg_pool2d_1 |            - |              - |      0 |
|   27 |                         vm_mod_fused_nn_conv2d_add_nn_relu_25 |            - |              - |      0 |
|   28 |                         vm_mod_fused_nn_conv2d_add_nn_relu_32 |            - |              - |      0 |
|   29 | vm_mod_fused_nn_contrib_conv2d_winograd_without_weight_transform_1 |            - |              - |      0 |
|   30 |                                      vm_mod_fused_nn_conv2d_1 |            - |              - |      0 |
|   31 |                         vm_mod_fused_nn_conv2d_add_nn_relu_14 |            - |              - |      0 |
|   32 |                         vm_mod_fused_nn_conv2d_add_nn_relu_21 |            - |              - |      0 |
|   33 |                            vm_mod_fused_nn_conv2d_add_nn_relu |            - |              - |      0 |
|   34 |                         vm_mod_fused_nn_conv2d_add_nn_relu_10 |            - |              - |      0 |
|   35 |                          vm_mod_fused_nn_conv2d_add_nn_relu_7 |            - |              - |      0 |
|   36 | vm_mod_fused_nn_contrib_conv2d_winograd_without_weight_transform |            - |              - |      0 |
|   37 |                         vm_mod_fused_nn_conv2d_add_nn_relu_48 |            - |              - |      0 |
|   38 |                         vm_mod_fused_nn_conv2d_add_nn_relu_55 |            - |              - |      0 |
|   39 |                         vm_mod_fused_nn_conv2d_add_nn_relu_37 |            - |              - |      0 |
|   40 |                         vm_mod_fused_nn_conv2d_add_nn_relu_44 |            - |              - |      0 |
|   41 |                         vm_mod_fused_nn_conv2d_add_nn_relu_19 |            - |              - |      0 |
|   42 |                          vm_mod_fused_nn_conv2d_add_nn_relu_3 |            - |              - |      0 |
|   43 |                         vm_mod_fused_nn_conv2d_add_nn_relu_51 |            - |              - |      0 |
|   44 |                         vm_mod_fused_nn_conv2d_add_nn_relu_26 |            - |              - |      0 |
|   45 | vm_mod_fused_nn_contrib_conv2d_winograd_without_weight_transform_2 |            - |              - |      0 |
|   46 |                         vm_mod_fused_nn_conv2d_add_nn_relu_33 |            - |              - |      0 |
|   47 |                         vm_mod_fused_nn_conv2d_add_nn_relu_40 |            - |              - |      0 |
|   48 |                           vm_mod_fused_nn_adaptive_avg_pool2d |            - |              - |      0 |
|   49 |                         vm_mod_fused_nn_conv2d_add_nn_relu_15 |            - |              - |      0 |
|   50 |                         vm_mod_fused_nn_conv2d_add_nn_relu_22 |            - |              - |      0 |
|   51 |                                    vm_mod_fused_nn_avg_pool2d |            - |              - |      0 |
|   52 |                         vm_mod_fused_nn_conv2d_add_nn_relu_11 |            - |              - |      0 |
|   53 |                                      vm_mod_fused_nn_conv2d_2 |            - |              - |      0 |
|   54 |                          vm_mod_fused_nn_conv2d_add_nn_relu_6 |            - |              - |      0 |
|   55 |                         vm_mod_fused_nn_conv2d_add_nn_relu_49 |            - |              - |      0 |
|   56 |                         vm_mod_fused_nn_conv2d_add_nn_relu_56 |            - |              - |      0 |
|   57 |                         vm_mod_fused_nn_conv2d_add_nn_relu_38 |            - |              - |      0 |
|   58 |                         vm_mod_fused_nn_conv2d_add_nn_relu_45 |            - |              - |      0 |
|   59 |                         vm_mod_fused_nn_conv2d_add_nn_relu_52 |            - |              - |      0 |
|   60 | vm_mod_fused_nn_contrib_conv2d_winograd_without_weight_transform_3 |            - |              - |      0 |
|   61 |                         vm_mod_fused_nn_conv2d_add_nn_relu_27 |            - |              - |      0 |
|   62 |                          vm_mod_fused_nn_conv2d_add_nn_relu_2 |            - |              - |      0 |
|   63 |                         vm_mod_fused_nn_conv2d_add_nn_relu_34 |            - |              - |      0 |
|   64 |                         vm_mod_fused_nn_conv2d_add_nn_relu_41 |            - |              - |      0 |
|   65 |                                    vm_mod_fused_nn_max_pool2d |            - |              - |      0 |
|   66 |                         vm_mod_fused_nn_conv2d_add_nn_relu_16 |            - |              - |      0 |
|   67 |                         vm_mod_fused_nn_conv2d_add_nn_relu_23 |            - |              - |      0 |
|   68 |                         vm_mod_fused_nn_conv2d_add_nn_relu_30 |            - |              - |      0 |
----------------------------------------------------------------------
------------------------------  [ Search ]
----------------------------------------------------------------------
Generate Sketches		#s: 1
Sample Initial Population	#s: 70	fail_ct: 1978	Time elapsed: 5.76
GA Iter: 0	Max score: 0.9867	Min score: 0.2355	#Pop: 54	#M+: 0	#M-: 0
GA Iter: 4	Max score: 0.9995	Min score: 0.9916	#Pop: 54	#M+: 1390	#M-: 0
EvolutionarySearch		#s: 54	Time elapsed: 74.00
----------------------------------------------------------------------
------------------------------  [ Measure ]
----------------------------------------------------------------------
Get 27 programs to measure:
...........................***************************|   69 |                          vm_mod_fused_nn_conv2d_add_nn_relu_9 |            - |              - |      0 |
|   70 |                         vm_mod_fused_nn_conv2d_add_nn_relu_12 |            - |              - |      0 |
|   71 |                         vm_mod_fused_nn_conv2d_add_nn_relu_57 |            - |              - |      0 |
-----------------------------------------------------------------------------------------------------------------
Estimated total latency: - ms	Trials: 27	Used time : 103 s	Next ID: 1	

Time elapsed for measurement: 17.92 s
----------------------------------------------------------------------
------------------------------  [ Train cost model ]
----------------------------------------------------------------------
Time elapsed for training: 0.32 s
----------------------------------------------------------------------
------------------------------  [ Task Scheduler ]
----------------------------------------------------------------------
|  ID  |                       Task Description                        | Latency (ms) | Speed (GFLOPS) | Trials |
-----------------------------------------------------------------------------------------------------------------
|    0 |                          vm_mod_fused_nn_conv2d_add_nn_relu_5 |        0.015 |       10334.05 |     27 |
|    1 |                         vm_mod_fused_nn_conv2d_add_nn_relu_39 |        0.015 |        3095.64 |     27 |
|    2 |                         vm_mod_fused_nn_conv2d_add_nn_relu_46 |            - |              - |      0 |
|    3 |                                        vm_mod_fused_nn_conv2d |            - |              - |      0 |
|    4 |                         vm_mod_fused_nn_conv2d_add_nn_relu_53 |            - |              - |      0 |
|    5 |                         vm_mod_fused_nn_conv2d_add_nn_relu_28 |            - |              - |      0 |
|    6 |                                  vm_mod_fused_nn_avg_pool2d_2 |            - |              - |      0 |
|    7 |                         vm_mod_fused_nn_conv2d_add_nn_relu_35 |            - |              - |      0 |
|    8 |                         vm_mod_fused_nn_conv2d_add_nn_relu_42 |            - |              - |      0 |
|    9 |                         vm_mod_fused_nn_conv2d_add_nn_relu_17 |            - |              - |      0 |
|   10 |                          vm_mod_fused_nn_conv2d_add_nn_relu_1 |            - |              - |      0 |
|   11 |                         vm_mod_fused_nn_conv2d_add_nn_relu_24 |            - |              - |      0 |
|   12 |                                     vm_mod_fused_nn_dense_add |            - |              - |      0 |
|   13 |                         vm_mod_fused_nn_conv2d_add_nn_relu_31 |            - |              - |      0 |
|   14 |                         vm_mod_fused_nn_conv2d_add_nn_relu_13 |            - |              - |      0 |
|   15 |                         vm_mod_fused_nn_conv2d_add_nn_relu_20 |            - |              - |      0 |
|   16 |                          vm_mod_fused_nn_conv2d_add_nn_relu_8 |            - |              - |      0 |
|   17 |                         vm_mod_fused_nn_conv2d_add_nn_relu_58 |            - |              - |      0 |
|   18 |                         vm_mod_fused_nn_conv2d_add_nn_relu_47 |            - |              - |      0 |
|   19 |                          vm_mod_fused_nn_conv2d_add_nn_relu_4 |            - |              - |      0 |
|   20 |                         vm_mod_fused_nn_conv2d_add_nn_relu_29 |            - |              - |      0 |
|   21 |                         vm_mod_fused_nn_conv2d_add_nn_relu_54 |            - |              - |      0 |
|   22 |                         vm_mod_fused_nn_conv2d_add_nn_relu_36 |            - |              - |      0 |
|   23 |                         vm_mod_fused_nn_conv2d_add_nn_relu_43 |            - |              - |      0 |
|   24 |                         vm_mod_fused_nn_conv2d_add_nn_relu_18 |            - |              - |      0 |
|   25 |                         vm_mod_fused_nn_conv2d_add_nn_relu_50 |            - |              - |      0 |
|   26 |                                  vm_mod_fused_nn_avg_pool2d_1 |            - |              - |      0 |
|   27 |                         vm_mod_fused_nn_conv2d_add_nn_relu_25 |            - |              - |      0 |
|   28 |                         vm_mod_fused_nn_conv2d_add_nn_relu_32 |            - |              - |      0 |
|   29 | vm_mod_fused_nn_contrib_conv2d_winograd_without_weight_transform_1 |            - |              - |      0 |
|   30 |                                      vm_mod_fused_nn_conv2d_1 |            - |              - |      0 |
|   31 |                         vm_mod_fused_nn_conv2d_add_nn_relu_14 |            - |              - |      0 |
|   32 |                         vm_mod_fused_nn_conv2d_add_nn_relu_21 |            - |              - |      0 |
|   33 |                            vm_mod_fused_nn_conv2d_add_nn_relu |            - |              - |      0 |
|   34 |                         vm_mod_fused_nn_conv2d_add_nn_relu_10 |            - |              - |      0 |
|   35 |                          vm_mod_fused_nn_conv2d_add_nn_relu_7 |            - |              - |      0 |
|   36 | vm_mod_fused_nn_contrib_conv2d_winograd_without_weight_transform |            - |              - |      0 |
|   37 |                         vm_mod_fused_nn_conv2d_add_nn_relu_48 |            - |              - |      0 |
|   38 |                         vm_mod_fused_nn_conv2d_add_nn_relu_55 |            - |              - |      0 |
|   39 |                         vm_mod_fused_nn_conv2d_add_nn_relu_37 |            - |              - |      0 |
|   40 |                         vm_mod_fused_nn_conv2d_add_nn_relu_44 |            - |              - |      0 |
|   41 |                         vm_mod_fused_nn_conv2d_add_nn_relu_19 |            - |              - |      0 |
|   42 |                          vm_mod_fused_nn_conv2d_add_nn_relu_3 |            - |              - |      0 |
|   43 |                         vm_mod_fused_nn_conv2d_add_nn_relu_51 |            - |              - |      0 |
|   44 |                         vm_mod_fused_nn_conv2d_add_nn_relu_26 |            - |              - |      0 |
|   45 | vm_mod_fused_nn_contrib_conv2d_winograd_without_weight_transform_2 |            - |              - |      0 |
|   46 |                         vm_mod_fused_nn_conv2d_add_nn_relu_33 |            - |              - |      0 |
|   47 |                         vm_mod_fused_nn_conv2d_add_nn_relu_40 |            - |              - |      0 |
|   48 |                           vm_mod_fused_nn_adaptive_avg_pool2d |            - |              - |      0 |
|   49 |                         vm_mod_fused_nn_conv2d_add_nn_relu_15 |            - |              - |      0 |
|   50 |                         vm_mod_fused_nn_conv2d_add_nn_relu_22 |            - |              - |      0 |
|   51 |                                    vm_mod_fused_nn_avg_pool2d |            - |              - |      0 |
|   52 |                         vm_mod_fused_nn_conv2d_add_nn_relu_11 |            - |              - |      0 |
|   53 |                                      vm_mod_fused_nn_conv2d_2 |            - |              - |      0 |
|   54 |                          vm_mod_fused_nn_conv2d_add_nn_relu_6 |            - |              - |      0 |
|   55 |                         vm_mod_fused_nn_conv2d_add_nn_relu_49 |            - |              - |      0 |
|   56 |                         vm_mod_fused_nn_conv2d_add_nn_relu_56 |            - |              - |      0 |
|   57 |                         vm_mod_fused_nn_conv2d_add_nn_relu_38 |            - |              - |      0 |
|   58 |                         vm_mod_fused_nn_conv2d_add_nn_relu_45 |            - |              - |      0 |
|   59 |                         vm_mod_fused_nn_conv2d_add_nn_relu_52 |            - |              - |      0 |
|   60 | vm_mod_fused_nn_contrib_conv2d_winograd_without_weight_transform_3 |            - |              - |      0 |
|   61 |                         vm_mod_fused_nn_conv2d_add_nn_relu_27 |            - |              - |      0 |
|   62 |                          vm_mod_fused_nn_conv2d_add_nn_relu_2 |            - |              - |      0 |
|   63 |                         vm_mod_fused_nn_conv2d_add_nn_relu_34 |            - |              - |      0 |
|   64 |                         vm_mod_fused_nn_conv2d_add_nn_relu_41 |            - |              - |      0 |
|   65 |                                    vm_mod_fused_nn_max_pool2d |            - |              - |      0 |
|   66 |                         vm_mod_fused_nn_conv2d_add_nn_relu_16 |            - |              - |      0 |
|   67 |                         vm_mod_fused_nn_conv2d_add_nn_relu_23 |            - |              - |      0 |
|   68 |                         vm_mod_fused_nn_conv2d_add_nn_relu_30 |            - |              - |      0 |
----------------------------------------------------------------------
------------------------------  [ Search ]
----------------------------------------------------------------------
Generate Sketches		#s: 1
Sample Initial Population	#s: 79	fail_ct: 1969	Time elapsed: 4.86
GA Iter: 0	Max score: 0.9994	Min score: 0.3754	#Pop: 54	#M+: 0	#M-: 0
GA Iter: 4	Max score: 0.9999	Min score: 0.9912	#Pop: 54	#M+: 1397	#M-: 0
EvolutionarySearch		#s: 54	Time elapsed: 66.94
----------------------------------------------------------------------
------------------------------  [ Measure ]
----------------------------------------------------------------------
Get 27 programs to measure:
...........................***************************|   69 |                          vm_mod_fused_nn_conv2d_add_nn_relu_9 |            - |              - |      0 |
|   70 |                         vm_mod_fused_nn_conv2d_add_nn_relu_12 |            - |              - |      0 |
|   71 |                         vm_mod_fused_nn_conv2d_add_nn_relu_57 |            - |              - |      0 |
-----------------------------------------------------------------------------------------------------------------
Estimated total latency: - ms	Trials: 54	Used time : 201 s	Next ID: 2	

Time elapsed for measurement: 14.90 s
----------------------------------------------------------------------
------------------------------  [ Train cost model ]
----------------------------------------------------------------------
Time elapsed for training: 0.26 s
----------------------------------------------------------------------
------------------------------  [ Task Scheduler ]
----------------------------------------------------------------------
|  ID  |                       Task Description                        | Latency (ms) | Speed (GFLOPS) | Trials |
-----------------------------------------------------------------------------------------------------------------
|    0 |                          vm_mod_fused_nn_conv2d_add_nn_relu_5 |        0.015 |       10334.05 |     27 |
|    1 |                         vm_mod_fused_nn_conv2d_add_nn_relu_39 |        0.015 |        3095.64 |     27 |
|    2 |                         vm_mod_fused_nn_conv2d_add_nn_relu_46 |        0.014 |         528.26 |     27 |
|    3 |                                        vm_mod_fused_nn_conv2d |            - |              - |      0 |
|    4 |                         vm_mod_fused_nn_conv2d_add_nn_relu_53 |            - |              - |      0 |
|    5 |                         vm_mod_fused_nn_conv2d_add_nn_relu_28 |            - |              - |      0 |
|    6 |                                  vm_mod_fused_nn_avg_pool2d_2 |            - |              - |      0 |
|    7 |                         vm_mod_fused_nn_conv2d_add_nn_relu_35 |            - |              - |      0 |
|    8 |                         vm_mod_fused_nn_conv2d_add_nn_relu_42 |            - |              - |      0 |
|    9 |                         vm_mod_fused_nn_conv2d_add_nn_relu_17 |            - |              - |      0 |
|   10 |                          vm_mod_fused_nn_conv2d_add_nn_relu_1 |            - |              - |      0 |
|   11 |                         vm_mod_fused_nn_conv2d_add_nn_relu_24 |            - |              - |      0 |
|   12 |                                     vm_mod_fused_nn_dense_add |            - |              - |      0 |
|   13 |                         vm_mod_fused_nn_conv2d_add_nn_relu_31 |            - |              - |      0 |
|   14 |                         vm_mod_fused_nn_conv2d_add_nn_relu_13 |            - |              - |      0 |
|   15 |                         vm_mod_fused_nn_conv2d_add_nn_relu_20 |            - |              - |      0 |
|   16 |                          vm_mod_fused_nn_conv2d_add_nn_relu_8 |            - |              - |      0 |
|   17 |                         vm_mod_fused_nn_conv2d_add_nn_relu_58 |            - |              - |      0 |
|   18 |                         vm_mod_fused_nn_conv2d_add_nn_relu_47 |            - |              - |      0 |
|   19 |                          vm_mod_fused_nn_conv2d_add_nn_relu_4 |            - |              - |      0 |
|   20 |                         vm_mod_fused_nn_conv2d_add_nn_relu_29 |            - |              - |      0 |
|   21 |                         vm_mod_fused_nn_conv2d_add_nn_relu_54 |            - |              - |      0 |
|   22 |                         vm_mod_fused_nn_conv2d_add_nn_relu_36 |            - |              - |      0 |
|   23 |                         vm_mod_fused_nn_conv2d_add_nn_relu_43 |            - |              - |      0 |
|   24 |                         vm_mod_fused_nn_conv2d_add_nn_relu_18 |            - |              - |      0 |
|   25 |                         vm_mod_fused_nn_conv2d_add_nn_relu_50 |            - |              - |      0 |
|   26 |                                  vm_mod_fused_nn_avg_pool2d_1 |            - |              - |      0 |
|   27 |                         vm_mod_fused_nn_conv2d_add_nn_relu_25 |            - |              - |      0 |
|   28 |                         vm_mod_fused_nn_conv2d_add_nn_relu_32 |            - |              - |      0 |
|   29 | vm_mod_fused_nn_contrib_conv2d_winograd_without_weight_transform_1 |            - |              - |      0 |
|   30 |                                      vm_mod_fused_nn_conv2d_1 |            - |              - |      0 |
|   31 |                         vm_mod_fused_nn_conv2d_add_nn_relu_14 |            - |              - |      0 |
|   32 |                         vm_mod_fused_nn_conv2d_add_nn_relu_21 |            - |              - |      0 |
|   33 |                            vm_mod_fused_nn_conv2d_add_nn_relu |            - |              - |      0 |
|   34 |                         vm_mod_fused_nn_conv2d_add_nn_relu_10 |            - |              - |      0 |
|   35 |                          vm_mod_fused_nn_conv2d_add_nn_relu_7 |            - |              - |      0 |
|   36 | vm_mod_fused_nn_contrib_conv2d_winograd_without_weight_transform |            - |              - |      0 |
|   37 |                         vm_mod_fused_nn_conv2d_add_nn_relu_48 |            - |              - |      0 |
|   38 |                         vm_mod_fused_nn_conv2d_add_nn_relu_55 |            - |              - |      0 |
|   39 |                         vm_mod_fused_nn_conv2d_add_nn_relu_37 |            - |              - |      0 |
|   40 |                         vm_mod_fused_nn_conv2d_add_nn_relu_44 |            - |              - |      0 |
|   41 |                         vm_mod_fused_nn_conv2d_add_nn_relu_19 |            - |              - |      0 |
|   42 |                          vm_mod_fused_nn_conv2d_add_nn_relu_3 |            - |              - |      0 |
|   43 |                         vm_mod_fused_nn_conv2d_add_nn_relu_51 |            - |              - |      0 |
|   44 |                         vm_mod_fused_nn_conv2d_add_nn_relu_26 |            - |              - |      0 |
|   45 | vm_mod_fused_nn_contrib_conv2d_winograd_without_weight_transform_2 |            - |              - |      0 |
|   46 |                         vm_mod_fused_nn_conv2d_add_nn_relu_33 |            - |              - |      0 |
|   47 |                         vm_mod_fused_nn_conv2d_add_nn_relu_40 |            - |              - |      0 |
|   48 |                           vm_mod_fused_nn_adaptive_avg_pool2d |            - |              - |      0 |
|   49 |                         vm_mod_fused_nn_conv2d_add_nn_relu_15 |            - |              - |      0 |
|   50 |                         vm_mod_fused_nn_conv2d_add_nn_relu_22 |            - |              - |      0 |
|   51 |                                    vm_mod_fused_nn_avg_pool2d |            - |              - |      0 |
|   52 |                         vm_mod_fused_nn_conv2d_add_nn_relu_11 |            - |              - |      0 |
|   53 |                                      vm_mod_fused_nn_conv2d_2 |            - |              - |      0 |
|   54 |                          vm_mod_fused_nn_conv2d_add_nn_relu_6 |            - |              - |      0 |
|   55 |                         vm_mod_fused_nn_conv2d_add_nn_relu_49 |            - |              - |      0 |
|   56 |                         vm_mod_fused_nn_conv2d_add_nn_relu_56 |            - |              - |      0 |
|   57 |                         vm_mod_fused_nn_conv2d_add_nn_relu_38 |            - |              - |      0 |
|   58 |                         vm_mod_fused_nn_conv2d_add_nn_relu_45 |            - |              - |      0 |
|   59 |                         vm_mod_fused_nn_conv2d_add_nn_relu_52 |            - |              - |      0 |
|   60 | vm_mod_fused_nn_contrib_conv2d_winograd_without_weight_transform_3 |            - |              - |      0 |
|   61 |                         vm_mod_fused_nn_conv2d_add_nn_relu_27 |            - |              - |      0 |
|   62 |                          vm_mod_fused_nn_conv2d_add_nn_relu_2 |            - |              - |      0 |
|   63 |                         vm_mod_fused_nn_conv2d_add_nn_relu_34 |            - |              - |      0 |
|   64 |                         vm_mod_fused_nn_conv2d_add_nn_relu_41 |            - |              - |      0 |
|   65 |                                    vm_mod_fused_nn_max_pool2d |            - |              - |      0 |
|   66 |                         vm_mod_fused_nn_conv2d_add_nn_relu_16 |            - |              - |      0 |
|   67 |                         vm_mod_fused_nn_conv2d_add_nn_relu_23 |            - |              - |      0 |
|   68 |                         vm_mod_fused_nn_conv2d_add_nn_relu_30 |            - |              - |      0 |
----------------------------------------------------------------------
------------------------------  [ Search ]
----------------------------------------------------------------------
Generate Sketches		#s: 1
Sample Initial Population	#s: 55	fail_ct: 1993	Time elapsed: 6.75
GA Iter: 0	Max score: 0.9684	Min score: 0.0444	#Pop: 54	#M+: 0	#M-: 0
GA Iter: 4	Max score: 0.9994	Min score: 0.9922	#Pop: 54	#M+: 1382	#M-: 0
EvolutionarySearch		#s: 54	Time elapsed: 76.16
----------------------------------------------------------------------
------------------------------  [ Measure ]
----------------------------------------------------------------------
Get 27 programs to measure:
..........................|   69 |                          vm_mod_fused_nn_conv2d_add_nn_relu_9 |            - |              - |      0 |
|   70 |                         vm_mod_fused_nn_conv2d_add_nn_relu_12 |            - |              - |      0 |
|   71 |                         vm_mod_fused_nn_conv2d_add_nn_relu_57 |            - |              - |      0 |
-----------------------------------------------------------------------------------------------------------------
Estimated total latency: - ms	Trials: 81	Used time : 288 s	Next ID: 3	
.T**************************
Time elapsed for measurement: 24.07 s
----------------------------------------------------------------------
------------------------------  [ Train cost model ]
----------------------------------------------------------------------
Time elapsed for training: 1.40 s
----------------------------------------------------------------------
------------------------------  [ Task Scheduler ]
----------------------------------------------------------------------
|  ID  |                       Task Description                        | Latency (ms) | Speed (GFLOPS) | Trials |
-----------------------------------------------------------------------------------------------------------------
|    0 |                          vm_mod_fused_nn_conv2d_add_nn_relu_5 |        0.015 |       10334.05 |     27 |
|    1 |                         vm_mod_fused_nn_conv2d_add_nn_relu_39 |        0.015 |        3095.64 |     27 |
|    2 |                         vm_mod_fused_nn_conv2d_add_nn_relu_46 |        0.014 |         528.26 |     27 |
|    3 |                                        vm_mod_fused_nn_conv2d |        0.015 |       13468.53 |     27 |
|    4 |                         vm_mod_fused_nn_conv2d_add_nn_relu_53 |            - |              - |      0 |
|    5 |                         vm_mod_fused_nn_conv2d_add_nn_relu_28 |            - |              - |      0 |
|    6 |                                  vm_mod_fused_nn_avg_pool2d_2 |            - |              - |      0 |
|    7 |                         vm_mod_fused_nn_conv2d_add_nn_relu_35 |            - |              - |      0 |
|    8 |                         vm_mod_fused_nn_conv2d_add_nn_relu_42 |            - |              - |      0 |
|    9 |                         vm_mod_fused_nn_conv2d_add_nn_relu_17 |            - |              - |      0 |
|   10 |                          vm_mod_fused_nn_conv2d_add_nn_relu_1 |            - |              - |      0 |
|   11 |                         vm_mod_fused_nn_conv2d_add_nn_relu_24 |            - |              - |      0 |
|   12 |                                     vm_mod_fused_nn_dense_add |            - |              - |      0 |
|   13 |                         vm_mod_fused_nn_conv2d_add_nn_relu_31 |            - |              - |      0 |
|   14 |                         vm_mod_fused_nn_conv2d_add_nn_relu_13 |            - |              - |      0 |
|   15 |                         vm_mod_fused_nn_conv2d_add_nn_relu_20 |            - |              - |      0 |
|   16 |                          vm_mod_fused_nn_conv2d_add_nn_relu_8 |            - |              - |      0 |
|   17 |                         vm_mod_fused_nn_conv2d_add_nn_relu_58 |            - |              - |      0 |
|   18 |                         vm_mod_fused_nn_conv2d_add_nn_relu_47 |            - |              - |      0 |
|   19 |                          vm_mod_fused_nn_conv2d_add_nn_relu_4 |            - |              - |      0 |
|   20 |                         vm_mod_fused_nn_conv2d_add_nn_relu_29 |            - |              - |      0 |
|   21 |                         vm_mod_fused_nn_conv2d_add_nn_relu_54 |            - |              - |      0 |
|   22 |                         vm_mod_fused_nn_conv2d_add_nn_relu_36 |            - |              - |      0 |
|   23 |                         vm_mod_fused_nn_conv2d_add_nn_relu_43 |            - |              - |      0 |
|   24 |                         vm_mod_fused_nn_conv2d_add_nn_relu_18 |            - |              - |      0 |
|   25 |                         vm_mod_fused_nn_conv2d_add_nn_relu_50 |            - |              - |      0 |
|   26 |                                  vm_mod_fused_nn_avg_pool2d_1 |            - |              - |      0 |
|   27 |                         vm_mod_fused_nn_conv2d_add_nn_relu_25 |            - |              - |      0 |
|   28 |                         vm_mod_fused_nn_conv2d_add_nn_relu_32 |            - |              - |      0 |
|   29 | vm_mod_fused_nn_contrib_conv2d_winograd_without_weight_transform_1 |            - |              - |      0 |
|   30 |                                      vm_mod_fused_nn_conv2d_1 |            - |              - |      0 |
|   31 |                         vm_mod_fused_nn_conv2d_add_nn_relu_14 |            - |              - |      0 |
|   32 |                         vm_mod_fused_nn_conv2d_add_nn_relu_21 |            - |              - |      0 |
|   33 |                            vm_mod_fused_nn_conv2d_add_nn_relu |            - |              - |      0 |
|   34 |                         vm_mod_fused_nn_conv2d_add_nn_relu_10 |            - |              - |      0 |
|   35 |                          vm_mod_fused_nn_conv2d_add_nn_relu_7 |            - |              - |      0 |
|   36 | vm_mod_fused_nn_contrib_conv2d_winograd_without_weight_transform |            - |              - |      0 |
|   37 |                         vm_mod_fused_nn_conv2d_add_nn_relu_48 |            - |              - |      0 |
|   38 |                         vm_mod_fused_nn_conv2d_add_nn_relu_55 |            - |              - |      0 |
|   39 |                         vm_mod_fused_nn_conv2d_add_nn_relu_37 |            - |              - |      0 |
|   40 |                         vm_mod_fused_nn_conv2d_add_nn_relu_44 |            - |              - |      0 |
|   41 |                         vm_mod_fused_nn_conv2d_add_nn_relu_19 |            - |              - |      0 |
|   42 |                          vm_mod_fused_nn_conv2d_add_nn_relu_3 |            - |              - |      0 |
|   43 |                         vm_mod_fused_nn_conv2d_add_nn_relu_51 |            - |              - |      0 |
|   44 |                         vm_mod_fused_nn_conv2d_add_nn_relu_26 |            - |              - |      0 |
|   45 | vm_mod_fused_nn_contrib_conv2d_winograd_without_weight_transform_2 |            - |              - |      0 |
|   46 |                         vm_mod_fused_nn_conv2d_add_nn_relu_33 |            - |              - |      0 |
|   47 |                         vm_mod_fused_nn_conv2d_add_nn_relu_40 |            - |              - |      0 |
|   48 |                           vm_mod_fused_nn_adaptive_avg_pool2d |            - |              - |      0 |
|   49 |                         vm_mod_fused_nn_conv2d_add_nn_relu_15 |            - |              - |      0 |
|   50 |                         vm_mod_fused_nn_conv2d_add_nn_relu_22 |            - |              - |      0 |
|   51 |                                    vm_mod_fused_nn_avg_pool2d |            - |              - |      0 |
|   52 |                         vm_mod_fused_nn_conv2d_add_nn_relu_11 |            - |              - |      0 |
|   53 |                                      vm_mod_fused_nn_conv2d_2 |            - |              - |      0 |
|   54 |                          vm_mod_fused_nn_conv2d_add_nn_relu_6 |            - |              - |      0 |
|   55 |                         vm_mod_fused_nn_conv2d_add_nn_relu_49 |            - |              - |      0 |
|   56 |                         vm_mod_fused_nn_conv2d_add_nn_relu_56 |            - |              - |      0 |
|   57 |                         vm_mod_fused_nn_conv2d_add_nn_relu_38 |            - |              - |      0 |
|   58 |                         vm_mod_fused_nn_conv2d_add_nn_relu_45 |            - |              - |      0 |
|   59 |                         vm_mod_fused_nn_conv2d_add_nn_relu_52 |            - |              - |      0 |
|   60 | vm_mod_fused_nn_contrib_conv2d_winograd_without_weight_transform_3 |            - |              - |      0 |
|   61 |                         vm_mod_fused_nn_conv2d_add_nn_relu_27 |            - |              - |      0 |
|   62 |                          vm_mod_fused_nn_conv2d_add_nn_relu_2 |            - |              - |      0 |
|   63 |                         vm_mod_fused_nn_conv2d_add_nn_relu_34 |            - |              - |      0 |
|   64 |                         vm_mod_fused_nn_conv2d_add_nn_relu_41 |            - |              - |      0 |
|   65 |                                    vm_mod_fused_nn_max_pool2d |            - |              - |      0 |
|   66 |                         vm_mod_fused_nn_conv2d_add_nn_relu_16 |            - |              - |      0 |
|   67 |                         vm_mod_fused_nn_conv2d_add_nn_relu_23 |            - |              - |      0 |
|   68 |                         vm_mod_fused_nn_conv2d_add_nn_relu_30 |            - |              - |      0 |
----------------------------------------------------------------------
------------------------------  [ Search ]
----------------------------------------------------------------------
Generate Sketches		#s: 1
Sample Initial Population	#s: 91	fail_ct: 1957	Time elapsed: 5.24
GA Iter: 0	Max score: 0.9888	Min score: 0.5566	#Pop: 54	#M+: 0	#M-: 0
GA Iter: 4	Max score: 1.0000	Min score: 0.9923	#Pop: 54	#M+: 1398	#M-: 0
EvolutionarySearch		#s: 54	Time elapsed: 66.94
----------------------------------------------------------------------
------------------------------  [ Measure ]
----------------------------------------------------------------------
Get 27 programs to measure:
...........................***************************|   69 |                          vm_mod_fused_nn_conv2d_add_nn_relu_9 |            - |              - |      0 |
|   70 |                         vm_mod_fused_nn_conv2d_add_nn_relu_12 |            - |              - |      0 |
|   71 |                         vm_mod_fused_nn_conv2d_add_nn_relu_57 |            - |              - |      0 |
-----------------------------------------------------------------------------------------------------------------
Estimated total latency: - ms	Trials: 108	Used time : 397 s	Next ID: 4	

Time elapsed for measurement: 17.97 s
----------------------------------------------------------------------
------------------------------  [ Train cost model ]
----------------------------------------------------------------------
Time elapsed for training: 0.33 s
----------------------------------------------------------------------
------------------------------  [ Task Scheduler ]
----------------------------------------------------------------------
|  ID  |                       Task Description                        | Latency (ms) | Speed (GFLOPS) | Trials |
-----------------------------------------------------------------------------------------------------------------
|    0 |                          vm_mod_fused_nn_conv2d_add_nn_relu_5 |        0.015 |       10334.05 |     27 |
|    1 |                         vm_mod_fused_nn_conv2d_add_nn_relu_39 |        0.015 |        3095.64 |     27 |
|    2 |                         vm_mod_fused_nn_conv2d_add_nn_relu_46 |        0.014 |         528.26 |     27 |
|    3 |                                        vm_mod_fused_nn_conv2d |        0.015 |       13468.53 |     27 |
|    4 |                         vm_mod_fused_nn_conv2d_add_nn_relu_53 |        0.014 |         728.20 |     27 |
|    5 |                         vm_mod_fused_nn_conv2d_add_nn_relu_28 |            - |              - |      0 |
|    6 |                                  vm_mod_fused_nn_avg_pool2d_2 |            - |              - |      0 |
|    7 |                         vm_mod_fused_nn_conv2d_add_nn_relu_35 |            - |              - |      0 |
|    8 |                         vm_mod_fused_nn_conv2d_add_nn_relu_42 |            - |              - |      0 |
|    9 |                         vm_mod_fused_nn_conv2d_add_nn_relu_17 |            - |              - |      0 |
|   10 |                          vm_mod_fused_nn_conv2d_add_nn_relu_1 |            - |              - |      0 |
|   11 |                         vm_mod_fused_nn_conv2d_add_nn_relu_24 |            - |              - |      0 |
|   12 |                                     vm_mod_fused_nn_dense_add |            - |              - |      0 |
|   13 |                         vm_mod_fused_nn_conv2d_add_nn_relu_31 |            - |              - |      0 |
|   14 |                         vm_mod_fused_nn_conv2d_add_nn_relu_13 |            - |              - |      0 |
|   15 |                         vm_mod_fused_nn_conv2d_add_nn_relu_20 |            - |              - |      0 |
|   16 |                          vm_mod_fused_nn_conv2d_add_nn_relu_8 |            - |              - |      0 |
|   17 |                         vm_mod_fused_nn_conv2d_add_nn_relu_58 |            - |              - |      0 |
|   18 |                         vm_mod_fused_nn_conv2d_add_nn_relu_47 |            - |              - |      0 |
|   19 |                          vm_mod_fused_nn_conv2d_add_nn_relu_4 |            - |              - |      0 |
|   20 |                         vm_mod_fused_nn_conv2d_add_nn_relu_29 |            - |              - |      0 |
|   21 |                         vm_mod_fused_nn_conv2d_add_nn_relu_54 |            - |              - |      0 |
|   22 |                         vm_mod_fused_nn_conv2d_add_nn_relu_36 |            - |              - |      0 |
|   23 |                         vm_mod_fused_nn_conv2d_add_nn_relu_43 |            - |              - |      0 |
|   24 |                         vm_mod_fused_nn_conv2d_add_nn_relu_18 |            - |              - |      0 |
|   25 |                         vm_mod_fused_nn_conv2d_add_nn_relu_50 |            - |              - |      0 |
|   26 |                                  vm_mod_fused_nn_avg_pool2d_1 |            - |              - |      0 |
|   27 |                         vm_mod_fused_nn_conv2d_add_nn_relu_25 |            - |              - |      0 |
|   28 |                         vm_mod_fused_nn_conv2d_add_nn_relu_32 |            - |              - |      0 |
|   29 | vm_mod_fused_nn_contrib_conv2d_winograd_without_weight_transform_1 |            - |              - |      0 |
|   30 |                                      vm_mod_fused_nn_conv2d_1 |            - |              - |      0 |
|   31 |                         vm_mod_fused_nn_conv2d_add_nn_relu_14 |            - |              - |      0 |
|   32 |                         vm_mod_fused_nn_conv2d_add_nn_relu_21 |            - |              - |      0 |
|   33 |                            vm_mod_fused_nn_conv2d_add_nn_relu |            - |              - |      0 |
|   34 |                         vm_mod_fused_nn_conv2d_add_nn_relu_10 |            - |              - |      0 |
|   35 |                          vm_mod_fused_nn_conv2d_add_nn_relu_7 |            - |              - |      0 |
|   36 | vm_mod_fused_nn_contrib_conv2d_winograd_without_weight_transform |            - |              - |      0 |
|   37 |                         vm_mod_fused_nn_conv2d_add_nn_relu_48 |            - |              - |      0 |
|   38 |                         vm_mod_fused_nn_conv2d_add_nn_relu_55 |            - |              - |      0 |
|   39 |                         vm_mod_fused_nn_conv2d_add_nn_relu_37 |            - |              - |      0 |
|   40 |                         vm_mod_fused_nn_conv2d_add_nn_relu_44 |            - |              - |      0 |
|   41 |                         vm_mod_fused_nn_conv2d_add_nn_relu_19 |            - |              - |      0 |
|   42 |                          vm_mod_fused_nn_conv2d_add_nn_relu_3 |            - |              - |      0 |
|   43 |                         vm_mod_fused_nn_conv2d_add_nn_relu_51 |            - |              - |      0 |
|   44 |                         vm_mod_fused_nn_conv2d_add_nn_relu_26 |            - |              - |      0 |
|   45 | vm_mod_fused_nn_contrib_conv2d_winograd_without_weight_transform_2 |            - |              - |      0 |
|   46 |                         vm_mod_fused_nn_conv2d_add_nn_relu_33 |            - |              - |      0 |
|   47 |                         vm_mod_fused_nn_conv2d_add_nn_relu_40 |            - |              - |      0 |
|   48 |                           vm_mod_fused_nn_adaptive_avg_pool2d |            - |              - |      0 |
|   49 |                         vm_mod_fused_nn_conv2d_add_nn_relu_15 |            - |              - |      0 |
|   50 |                         vm_mod_fused_nn_conv2d_add_nn_relu_22 |            - |              - |      0 |
|   51 |                                    vm_mod_fused_nn_avg_pool2d |            - |              - |      0 |
|   52 |                         vm_mod_fused_nn_conv2d_add_nn_relu_11 |            - |              - |      0 |
|   53 |                                      vm_mod_fused_nn_conv2d_2 |            - |              - |      0 |
|   54 |                          vm_mod_fused_nn_conv2d_add_nn_relu_6 |            - |              - |      0 |
|   55 |                         vm_mod_fused_nn_conv2d_add_nn_relu_49 |            - |              - |      0 |
|   56 |                         vm_mod_fused_nn_conv2d_add_nn_relu_56 |            - |              - |      0 |
|   57 |                         vm_mod_fused_nn_conv2d_add_nn_relu_38 |            - |              - |      0 |
|   58 |                         vm_mod_fused_nn_conv2d_add_nn_relu_45 |            - |              - |      0 |
|   59 |                         vm_mod_fused_nn_conv2d_add_nn_relu_52 |            - |              - |      0 |
|   60 | vm_mod_fused_nn_contrib_conv2d_winograd_without_weight_transform_3 |            - |              - |      0 |
|   61 |                         vm_mod_fused_nn_conv2d_add_nn_relu_27 |            - |              - |      0 |
|   62 |                          vm_mod_fused_nn_conv2d_add_nn_relu_2 |            - |              - |      0 |
|   63 |                         vm_mod_fused_nn_conv2d_add_nn_relu_34 |            - |              - |      0 |
|   64 |                         vm_mod_fused_nn_conv2d_add_nn_relu_41 |            - |              - |      0 |
|   65 |                                    vm_mod_fused_nn_max_pool2d |            - |              - |      0 |
|   66 |                         vm_mod_fused_nn_conv2d_add_nn_relu_16 |            - |              - |      0 |
|   67 |                         vm_mod_fused_nn_conv2d_add_nn_relu_23 |            - |              - |      0 |
|   68 |                         vm_mod_fused_nn_conv2d_add_nn_relu_30 |            - |              - |      0 |
----------------------------------------------------------------------
------------------------------  [ Search ]
----------------------------------------------------------------------
Generate Sketches		#s: 1
Sample Initial Population	#s: 99	fail_ct: 1949	Time elapsed: 5.86
GA Iter: 0	Max score: 0.9924	Min score: 0.3795	#Pop: 54	#M+: 0	#M-: 0
GA Iter: 4	Max score: 0.9998	Min score: 0.9913	#Pop: 54	#M+: 1394	#M-: 0
EvolutionarySearch		#s: 54	Time elapsed: 74.74
----------------------------------------------------------------------
------------------------------  [ Measure ]
----------------------------------------------------------------------
Get 27 programs to measure:
...........................***************************|   69 |                          vm_mod_fused_nn_conv2d_add_nn_relu_9 |            - |              - |      0 |
|   70 |                         vm_mod_fused_nn_conv2d_add_nn_relu_12 |            - |              - |      0 |
|   71 |                         vm_mod_fused_nn_conv2d_add_nn_relu_57 |            - |              - |      0 |
-----------------------------------------------------------------------------------------------------------------
Estimated total latency: - ms	Trials: 135	Used time : 487 s	Next ID: 5	

Time elapsed for measurement: 12.83 s
----------------------------------------------------------------------
------------------------------  [ Train cost model ]
----------------------------------------------------------------------
Time elapsed for training: 0.27 s
----------------------------------------------------------------------
------------------------------  [ Task Scheduler ]
----------------------------------------------------------------------
|  ID  |                       Task Description                        | Latency (ms) | Speed (GFLOPS) | Trials |
-----------------------------------------------------------------------------------------------------------------
|    0 |                          vm_mod_fused_nn_conv2d_add_nn_relu_5 |        0.015 |       10334.05 |     27 |
|    1 |                         vm_mod_fused_nn_conv2d_add_nn_relu_39 |        0.015 |        3095.64 |     27 |
|    2 |                         vm_mod_fused_nn_conv2d_add_nn_relu_46 |        0.014 |         528.26 |     27 |
|    3 |                                        vm_mod_fused_nn_conv2d |        0.015 |       13468.53 |     27 |
|    4 |                         vm_mod_fused_nn_conv2d_add_nn_relu_53 |        0.014 |         728.20 |     27 |
|    5 |                         vm_mod_fused_nn_conv2d_add_nn_relu_28 |        0.009 |        3215.30 |     27 |
|    6 |                                  vm_mod_fused_nn_avg_pool2d_2 |            - |              - |      0 |
|    7 |                         vm_mod_fused_nn_conv2d_add_nn_relu_35 |            - |              - |      0 |
|    8 |                         vm_mod_fused_nn_conv2d_add_nn_relu_42 |            - |              - |      0 |
|    9 |                         vm_mod_fused_nn_conv2d_add_nn_relu_17 |            - |              - |      0 |
|   10 |                          vm_mod_fused_nn_conv2d_add_nn_relu_1 |            - |              - |      0 |
|   11 |                         vm_mod_fused_nn_conv2d_add_nn_relu_24 |            - |              - |      0 |
|   12 |                                     vm_mod_fused_nn_dense_add |            - |              - |      0 |
|   13 |                         vm_mod_fused_nn_conv2d_add_nn_relu_31 |            - |              - |      0 |
|   14 |                         vm_mod_fused_nn_conv2d_add_nn_relu_13 |            - |              - |      0 |
|   15 |                         vm_mod_fused_nn_conv2d_add_nn_relu_20 |            - |              - |      0 |
|   16 |                          vm_mod_fused_nn_conv2d_add_nn_relu_8 |            - |              - |      0 |
|   17 |                         vm_mod_fused_nn_conv2d_add_nn_relu_58 |            - |              - |      0 |
|   18 |                         vm_mod_fused_nn_conv2d_add_nn_relu_47 |            - |              - |      0 |
|   19 |                          vm_mod_fused_nn_conv2d_add_nn_relu_4 |            - |              - |      0 |
|   20 |                         vm_mod_fused_nn_conv2d_add_nn_relu_29 |            - |              - |      0 |
|   21 |                         vm_mod_fused_nn_conv2d_add_nn_relu_54 |            - |              - |      0 |
|   22 |                         vm_mod_fused_nn_conv2d_add_nn_relu_36 |            - |              - |      0 |
|   23 |                         vm_mod_fused_nn_conv2d_add_nn_relu_43 |            - |              - |      0 |
|   24 |                         vm_mod_fused_nn_conv2d_add_nn_relu_18 |            - |              - |      0 |
|   25 |                         vm_mod_fused_nn_conv2d_add_nn_relu_50 |            - |              - |      0 |
|   26 |                                  vm_mod_fused_nn_avg_pool2d_1 |            - |              - |      0 |
|   27 |                         vm_mod_fused_nn_conv2d_add_nn_relu_25 |            - |              - |      0 |
|   28 |                         vm_mod_fused_nn_conv2d_add_nn_relu_32 |            - |              - |      0 |
|   29 | vm_mod_fused_nn_contrib_conv2d_winograd_without_weight_transform_1 |            - |              - |      0 |
|   30 |                                      vm_mod_fused_nn_conv2d_1 |            - |              - |      0 |
|   31 |                         vm_mod_fused_nn_conv2d_add_nn_relu_14 |            - |              - |      0 |
|   32 |                         vm_mod_fused_nn_conv2d_add_nn_relu_21 |            - |              - |      0 |
|   33 |                            vm_mod_fused_nn_conv2d_add_nn_relu |            - |              - |      0 |
|   34 |                         vm_mod_fused_nn_conv2d_add_nn_relu_10 |            - |              - |      0 |
|   35 |                          vm_mod_fused_nn_conv2d_add_nn_relu_7 |            - |              - |      0 |
|   36 | vm_mod_fused_nn_contrib_conv2d_winograd_without_weight_transform |            - |              - |      0 |
|   37 |                         vm_mod_fused_nn_conv2d_add_nn_relu_48 |            - |              - |      0 |
|   38 |                         vm_mod_fused_nn_conv2d_add_nn_relu_55 |            - |              - |      0 |
|   39 |                         vm_mod_fused_nn_conv2d_add_nn_relu_37 |            - |              - |      0 |
|   40 |                         vm_mod_fused_nn_conv2d_add_nn_relu_44 |            - |              - |      0 |
|   41 |                         vm_mod_fused_nn_conv2d_add_nn_relu_19 |            - |              - |      0 |
|   42 |                          vm_mod_fused_nn_conv2d_add_nn_relu_3 |            - |              - |      0 |
|   43 |                         vm_mod_fused_nn_conv2d_add_nn_relu_51 |            - |              - |      0 |
|   44 |                         vm_mod_fused_nn_conv2d_add_nn_relu_26 |            - |              - |      0 |
|   45 | vm_mod_fused_nn_contrib_conv2d_winograd_without_weight_transform_2 |            - |              - |      0 |
|   46 |                         vm_mod_fused_nn_conv2d_add_nn_relu_33 |            - |              - |      0 |
|   47 |                         vm_mod_fused_nn_conv2d_add_nn_relu_40 |            - |              - |      0 |
|   48 |                           vm_mod_fused_nn_adaptive_avg_pool2d |            - |              - |      0 |
|   49 |                         vm_mod_fused_nn_conv2d_add_nn_relu_15 |            - |              - |      0 |
|   50 |                         vm_mod_fused_nn_conv2d_add_nn_relu_22 |            - |              - |      0 |
|   51 |                                    vm_mod_fused_nn_avg_pool2d |            - |              - |      0 |
|   52 |                         vm_mod_fused_nn_conv2d_add_nn_relu_11 |            - |              - |      0 |
|   53 |                                      vm_mod_fused_nn_conv2d_2 |            - |              - |      0 |
|   54 |                          vm_mod_fused_nn_conv2d_add_nn_relu_6 |            - |              - |      0 |
|   55 |                         vm_mod_fused_nn_conv2d_add_nn_relu_49 |            - |              - |      0 |
|   56 |                         vm_mod_fused_nn_conv2d_add_nn_relu_56 |            - |              - |      0 |
|   57 |                         vm_mod_fused_nn_conv2d_add_nn_relu_38 |            - |              - |      0 |
|   58 |                         vm_mod_fused_nn_conv2d_add_nn_relu_45 |            - |              - |      0 |
|   59 |                         vm_mod_fused_nn_conv2d_add_nn_relu_52 |            - |              - |      0 |
|   60 | vm_mod_fused_nn_contrib_conv2d_winograd_without_weight_transform_3 |            - |              - |      0 |
|   61 |                         vm_mod_fused_nn_conv2d_add_nn_relu_27 |            - |              - |      0 |
|   62 |                          vm_mod_fused_nn_conv2d_add_nn_relu_2 |            - |              - |      0 |
|   63 |                         vm_mod_fused_nn_conv2d_add_nn_relu_34 |            - |              - |      0 |
|   64 |                         vm_mod_fused_nn_conv2d_add_nn_relu_41 |            - |              - |      0 |
|   65 |                                    vm_mod_fused_nn_max_pool2d |            - |              - |      0 |
|   66 |                         vm_mod_fused_nn_conv2d_add_nn_relu_16 |            - |              - |      0 |
|   67 |                         vm_mod_fused_nn_conv2d_add_nn_relu_23 |            - |              - |      0 |
|   68 |                         vm_mod_fused_nn_conv2d_add_nn_relu_30 |            - |              - |      0 |
----------------------------------------------------------------------
------------------------------  [ Search ]
----------------------------------------------------------------------
Generate Sketches		#s: 1
Sample Initial Population	#s: 455	fail_ct: 1593	Time elapsed: 3.87
GA Iter: 0	Max score: 0.9984	Min score: 0.8951	#Pop: 54	#M+: 0	#M-: 0
GA Iter: 4	Max score: 0.9998	Min score: 0.9928	#Pop: 54	#M+: 1393	#M-: 0
EvolutionarySearch		#s: 54	Time elapsed: 14.22
----------------------------------------------------------------------
------------------------------  [ Measure ]
----------------------------------------------------------------------
Get 27 programs to measure:
...........................***************************|   69 |                          vm_mod_fused_nn_conv2d_add_nn_relu_9 |            - |              - |      0 |
|   70 |                         vm_mod_fused_nn_conv2d_add_nn_relu_12 |            - |              - |      0 |
|   71 |                         vm_mod_fused_nn_conv2d_add_nn_relu_57 |            - |              - |      0 |
-----------------------------------------------------------------------------------------------------------------
Estimated total latency: - ms	Trials: 162	Used time : 581 s	Next ID: 6	

Time elapsed for measurement: 11.18 s
----------------------------------------------------------------------
------------------------------  [ Train cost model ]
----------------------------------------------------------------------
Time elapsed for training: 0.00 s
----------------------------------------------------------------------
------------------------------  [ Task Scheduler ]
----------------------------------------------------------------------
|  ID  |                       Task Description                        | Latency (ms) | Speed (GFLOPS) | Trials |
-----------------------------------------------------------------------------------------------------------------
|    0 |                          vm_mod_fused_nn_conv2d_add_nn_relu_5 |        0.015 |       10334.05 |     27 |
|    1 |                         vm_mod_fused_nn_conv2d_add_nn_relu_39 |        0.015 |        3095.64 |     27 |
|    2 |                         vm_mod_fused_nn_conv2d_add_nn_relu_46 |        0.014 |         528.26 |     27 |
|    3 |                                        vm_mod_fused_nn_conv2d |        0.015 |       13468.53 |     27 |
|    4 |                         vm_mod_fused_nn_conv2d_add_nn_relu_53 |        0.014 |         728.20 |     27 |
|    5 |                         vm_mod_fused_nn_conv2d_add_nn_relu_28 |        0.009 |        3215.30 |     27 |
|    6 |                                  vm_mod_fused_nn_avg_pool2d_2 |        0.004 |          28.91 |     27 |
|    7 |                         vm_mod_fused_nn_conv2d_add_nn_relu_35 |            - |              - |      0 |
|    8 |                         vm_mod_fused_nn_conv2d_add_nn_relu_42 |            - |              - |      0 |
|    9 |                         vm_mod_fused_nn_conv2d_add_nn_relu_17 |            - |              - |      0 |
|   10 |                          vm_mod_fused_nn_conv2d_add_nn_relu_1 |            - |              - |      0 |
|   11 |                         vm_mod_fused_nn_conv2d_add_nn_relu_24 |            - |              - |      0 |
|   12 |                                     vm_mod_fused_nn_dense_add |            - |              - |      0 |
|   13 |                         vm_mod_fused_nn_conv2d_add_nn_relu_31 |            - |              - |      0 |
|   14 |                         vm_mod_fused_nn_conv2d_add_nn_relu_13 |            - |              - |      0 |
|   15 |                         vm_mod_fused_nn_conv2d_add_nn_relu_20 |            - |              - |      0 |
|   16 |                          vm_mod_fused_nn_conv2d_add_nn_relu_8 |            - |              - |      0 |
|   17 |                         vm_mod_fused_nn_conv2d_add_nn_relu_58 |            - |              - |      0 |
|   18 |                         vm_mod_fused_nn_conv2d_add_nn_relu_47 |            - |              - |      0 |
|   19 |                          vm_mod_fused_nn_conv2d_add_nn_relu_4 |            - |              - |      0 |
|   20 |                         vm_mod_fused_nn_conv2d_add_nn_relu_29 |            - |              - |      0 |
|   21 |                         vm_mod_fused_nn_conv2d_add_nn_relu_54 |            - |              - |      0 |
|   22 |                         vm_mod_fused_nn_conv2d_add_nn_relu_36 |            - |              - |      0 |
|   23 |                         vm_mod_fused_nn_conv2d_add_nn_relu_43 |            - |              - |      0 |
|   24 |                         vm_mod_fused_nn_conv2d_add_nn_relu_18 |            - |              - |      0 |
|   25 |                         vm_mod_fused_nn_conv2d_add_nn_relu_50 |            - |              - |      0 |
|   26 |                                  vm_mod_fused_nn_avg_pool2d_1 |            - |              - |      0 |
|   27 |                         vm_mod_fused_nn_conv2d_add_nn_relu_25 |            - |              - |      0 |
|   28 |                         vm_mod_fused_nn_conv2d_add_nn_relu_32 |            - |              - |      0 |
|   29 | vm_mod_fused_nn_contrib_conv2d_winograd_without_weight_transform_1 |            - |              - |      0 |
|   30 |                                      vm_mod_fused_nn_conv2d_1 |            - |              - |      0 |
|   31 |                         vm_mod_fused_nn_conv2d_add_nn_relu_14 |            - |              - |      0 |
|   32 |                         vm_mod_fused_nn_conv2d_add_nn_relu_21 |            - |              - |      0 |
|   33 |                            vm_mod_fused_nn_conv2d_add_nn_relu |            - |              - |      0 |
|   34 |                         vm_mod_fused_nn_conv2d_add_nn_relu_10 |            - |              - |      0 |
|   35 |                          vm_mod_fused_nn_conv2d_add_nn_relu_7 |            - |              - |      0 |
|   36 | vm_mod_fused_nn_contrib_conv2d_winograd_without_weight_transform |            - |              - |      0 |
|   37 |                         vm_mod_fused_nn_conv2d_add_nn_relu_48 |            - |              - |      0 |
|   38 |                         vm_mod_fused_nn_conv2d_add_nn_relu_55 |            - |              - |      0 |
|   39 |                         vm_mod_fused_nn_conv2d_add_nn_relu_37 |            - |              - |      0 |
|   40 |                         vm_mod_fused_nn_conv2d_add_nn_relu_44 |            - |              - |      0 |
|   41 |                         vm_mod_fused_nn_conv2d_add_nn_relu_19 |            - |              - |      0 |
|   42 |                          vm_mod_fused_nn_conv2d_add_nn_relu_3 |            - |              - |      0 |
|   43 |                         vm_mod_fused_nn_conv2d_add_nn_relu_51 |            - |              - |      0 |
|   44 |                         vm_mod_fused_nn_conv2d_add_nn_relu_26 |            - |              - |      0 |
|   45 | vm_mod_fused_nn_contrib_conv2d_winograd_without_weight_transform_2 |            - |              - |      0 |
|   46 |                         vm_mod_fused_nn_conv2d_add_nn_relu_33 |            - |              - |      0 |
|   47 |                         vm_mod_fused_nn_conv2d_add_nn_relu_40 |            - |              - |      0 |
|   48 |                           vm_mod_fused_nn_adaptive_avg_pool2d |            - |              - |      0 |
|   49 |                         vm_mod_fused_nn_conv2d_add_nn_relu_15 |            - |              - |      0 |
|   50 |                         vm_mod_fused_nn_conv2d_add_nn_relu_22 |            - |              - |      0 |
|   51 |                                    vm_mod_fused_nn_avg_pool2d |            - |              - |      0 |
|   52 |                         vm_mod_fused_nn_conv2d_add_nn_relu_11 |            - |              - |      0 |
|   53 |                                      vm_mod_fused_nn_conv2d_2 |            - |              - |      0 |
|   54 |                          vm_mod_fused_nn_conv2d_add_nn_relu_6 |            - |              - |      0 |
|   55 |                         vm_mod_fused_nn_conv2d_add_nn_relu_49 |            - |              - |      0 |
|   56 |                         vm_mod_fused_nn_conv2d_add_nn_relu_56 |            - |              - |      0 |
|   57 |                         vm_mod_fused_nn_conv2d_add_nn_relu_38 |            - |              - |      0 |
|   58 |                         vm_mod_fused_nn_conv2d_add_nn_relu_45 |            - |              - |      0 |
|   59 |                         vm_mod_fused_nn_conv2d_add_nn_relu_52 |            - |              - |      0 |
|   60 | vm_mod_fused_nn_contrib_conv2d_winograd_without_weight_transform_3 |            - |              - |      0 |
|   61 |                         vm_mod_fused_nn_conv2d_add_nn_relu_27 |            - |              - |      0 |
|   62 |                          vm_mod_fused_nn_conv2d_add_nn_relu_2 |            - |              - |      0 |
|   63 |                         vm_mod_fused_nn_conv2d_add_nn_relu_34 |            - |              - |      0 |
|   64 |                         vm_mod_fused_nn_conv2d_add_nn_relu_41 |            - |              - |      0 |
|   65 |                                    vm_mod_fused_nn_max_pool2d |            - |              - |      0 |
|   66 |                         vm_mod_fused_nn_conv2d_add_nn_relu_16 |            - |              - |      0 |
|   67 |                         vm_mod_fused_nn_conv2d_add_nn_relu_23 |            - |              - |      0 |
|   68 |                         vm_mod_fused_nn_conv2d_add_nn_relu_30 |            - |              - |      0 |
----------------------------------------------------------------------
------------------------------  [ Search ]
----------------------------------------------------------------------
Generate Sketches		#s: 1
Sample Initial Population	#s: 73	fail_ct: 1975	Time elapsed: 5.50
GA Iter: 0	Max score: 0.9958	Min score: 0.3342	#Pop: 54	#M+: 0	#M-: 0
GA Iter: 4	Max score: 0.9999	Min score: 0.9931	#Pop: 54	#M+: 1392	#M-: 0
EvolutionarySearch		#s: 54	Time elapsed: 73.92
----------------------------------------------------------------------
------------------------------  [ Measure ]
----------------------------------------------------------------------
Get 27 programs to measure:
...........................***************************|   69 |                          vm_mod_fused_nn_conv2d_add_nn_relu_9 |            - |              - |      0 |
|   70 |                         vm_mod_fused_nn_conv2d_add_nn_relu_12 |            - |              - |      0 |
|   71 |                         vm_mod_fused_nn_conv2d_add_nn_relu_57 |            - |              - |      0 |
-----------------------------------------------------------------------------------------------------------------
Estimated total latency: - ms	Trials: 189	Used time : 611 s	Next ID: 7	

Time elapsed for measurement: 13.55 s
----------------------------------------------------------------------
------------------------------  [ Train cost model ]
----------------------------------------------------------------------
Time elapsed for training: 0.42 s
----------------------------------------------------------------------
------------------------------  [ Task Scheduler ]
----------------------------------------------------------------------
|  ID  |                       Task Description                        | Latency (ms) | Speed (GFLOPS) | Trials |
-----------------------------------------------------------------------------------------------------------------
|    0 |                          vm_mod_fused_nn_conv2d_add_nn_relu_5 |        0.015 |       10334.05 |     27 |
|    1 |                         vm_mod_fused_nn_conv2d_add_nn_relu_39 |        0.015 |        3095.64 |     27 |
|    2 |                         vm_mod_fused_nn_conv2d_add_nn_relu_46 |        0.014 |         528.26 |     27 |
|    3 |                                        vm_mod_fused_nn_conv2d |        0.015 |       13468.53 |     27 |
|    4 |                         vm_mod_fused_nn_conv2d_add_nn_relu_53 |        0.014 |         728.20 |     27 |
|    5 |                         vm_mod_fused_nn_conv2d_add_nn_relu_28 |        0.009 |        3215.30 |     27 |
|    6 |                                  vm_mod_fused_nn_avg_pool2d_2 |        0.004 |          28.91 |     27 |
|    7 |                         vm_mod_fused_nn_conv2d_add_nn_relu_35 |        0.020 |        1901.59 |     27 |
|    8 |                         vm_mod_fused_nn_conv2d_add_nn_relu_42 |            - |              - |      0 |
|    9 |                         vm_mod_fused_nn_conv2d_add_nn_relu_17 |            - |              - |      0 |
|   10 |                          vm_mod_fused_nn_conv2d_add_nn_relu_1 |            - |              - |      0 |
|   11 |                         vm_mod_fused_nn_conv2d_add_nn_relu_24 |            - |              - |      0 |
|   12 |                                     vm_mod_fused_nn_dense_add |            - |              - |      0 |
|   13 |                         vm_mod_fused_nn_conv2d_add_nn_relu_31 |            - |              - |      0 |
|   14 |                         vm_mod_fused_nn_conv2d_add_nn_relu_13 |            - |              - |      0 |
|   15 |                         vm_mod_fused_nn_conv2d_add_nn_relu_20 |            - |              - |      0 |
|   16 |                          vm_mod_fused_nn_conv2d_add_nn_relu_8 |            - |              - |      0 |
|   17 |                         vm_mod_fused_nn_conv2d_add_nn_relu_58 |            - |              - |      0 |
|   18 |                         vm_mod_fused_nn_conv2d_add_nn_relu_47 |            - |              - |      0 |
|   19 |                          vm_mod_fused_nn_conv2d_add_nn_relu_4 |            - |              - |      0 |
|   20 |                         vm_mod_fused_nn_conv2d_add_nn_relu_29 |            - |              - |      0 |
|   21 |                         vm_mod_fused_nn_conv2d_add_nn_relu_54 |            - |              - |      0 |
|   22 |                         vm_mod_fused_nn_conv2d_add_nn_relu_36 |            - |              - |      0 |
|   23 |                         vm_mod_fused_nn_conv2d_add_nn_relu_43 |            - |              - |      0 |
|   24 |                         vm_mod_fused_nn_conv2d_add_nn_relu_18 |            - |              - |      0 |
|   25 |                         vm_mod_fused_nn_conv2d_add_nn_relu_50 |            - |              - |      0 |
|   26 |                                  vm_mod_fused_nn_avg_pool2d_1 |            - |              - |      0 |
|   27 |                         vm_mod_fused_nn_conv2d_add_nn_relu_25 |            - |              - |      0 |
|   28 |                         vm_mod_fused_nn_conv2d_add_nn_relu_32 |            - |              - |      0 |
|   29 | vm_mod_fused_nn_contrib_conv2d_winograd_without_weight_transform_1 |            - |              - |      0 |
|   30 |                                      vm_mod_fused_nn_conv2d_1 |            - |              - |      0 |
|   31 |                         vm_mod_fused_nn_conv2d_add_nn_relu_14 |            - |              - |      0 |
|   32 |                         vm_mod_fused_nn_conv2d_add_nn_relu_21 |            - |              - |      0 |
|   33 |                            vm_mod_fused_nn_conv2d_add_nn_relu |            - |              - |      0 |
|   34 |                         vm_mod_fused_nn_conv2d_add_nn_relu_10 |            - |              - |      0 |
|   35 |                          vm_mod_fused_nn_conv2d_add_nn_relu_7 |            - |              - |      0 |
|   36 | vm_mod_fused_nn_contrib_conv2d_winograd_without_weight_transform |            - |              - |      0 |
|   37 |                         vm_mod_fused_nn_conv2d_add_nn_relu_48 |            - |              - |      0 |
|   38 |                         vm_mod_fused_nn_conv2d_add_nn_relu_55 |            - |              - |      0 |
|   39 |                         vm_mod_fused_nn_conv2d_add_nn_relu_37 |            - |              - |      0 |
|   40 |                         vm_mod_fused_nn_conv2d_add_nn_relu_44 |            - |              - |      0 |
|   41 |                         vm_mod_fused_nn_conv2d_add_nn_relu_19 |            - |              - |      0 |
|   42 |                          vm_mod_fused_nn_conv2d_add_nn_relu_3 |            - |              - |      0 |
|   43 |                         vm_mod_fused_nn_conv2d_add_nn_relu_51 |            - |              - |      0 |
|   44 |                         vm_mod_fused_nn_conv2d_add_nn_relu_26 |            - |              - |      0 |
|   45 | vm_mod_fused_nn_contrib_conv2d_winograd_without_weight_transform_2 |            - |              - |      0 |
|   46 |                         vm_mod_fused_nn_conv2d_add_nn_relu_33 |            - |              - |      0 |
|   47 |                         vm_mod_fused_nn_conv2d_add_nn_relu_40 |            - |              - |      0 |
|   48 |                           vm_mod_fused_nn_adaptive_avg_pool2d |            - |              - |      0 |
|   49 |                         vm_mod_fused_nn_conv2d_add_nn_relu_15 |            - |              - |      0 |
|   50 |                         vm_mod_fused_nn_conv2d_add_nn_relu_22 |            - |              - |      0 |
|   51 |                                    vm_mod_fused_nn_avg_pool2d |            - |              - |      0 |
|   52 |                         vm_mod_fused_nn_conv2d_add_nn_relu_11 |            - |              - |      0 |
|   53 |                                      vm_mod_fused_nn_conv2d_2 |            - |              - |      0 |
|   54 |                          vm_mod_fused_nn_conv2d_add_nn_relu_6 |            - |              - |      0 |
|   55 |                         vm_mod_fused_nn_conv2d_add_nn_relu_49 |            - |              - |      0 |
|   56 |                         vm_mod_fused_nn_conv2d_add_nn_relu_56 |            - |              - |      0 |
|   57 |                         vm_mod_fused_nn_conv2d_add_nn_relu_38 |            - |              - |      0 |
|   58 |                         vm_mod_fused_nn_conv2d_add_nn_relu_45 |            - |              - |      0 |
|   59 |                         vm_mod_fused_nn_conv2d_add_nn_relu_52 |            - |              - |      0 |
|   60 | vm_mod_fused_nn_contrib_conv2d_winograd_without_weight_transform_3 |            - |              - |      0 |
|   61 |                         vm_mod_fused_nn_conv2d_add_nn_relu_27 |            - |              - |      0 |
|   62 |                          vm_mod_fused_nn_conv2d_add_nn_relu_2 |            - |              - |      0 |
|   63 |                         vm_mod_fused_nn_conv2d_add_nn_relu_34 |            - |              - |      0 |
|   64 |                         vm_mod_fused_nn_conv2d_add_nn_relu_41 |            - |              - |      0 |
|   65 |                                    vm_mod_fused_nn_max_pool2d |            - |              - |      0 |
|   66 |                         vm_mod_fused_nn_conv2d_add_nn_relu_16 |            - |              - |      0 |
|   67 |                         vm_mod_fused_nn_conv2d_add_nn_relu_23 |            - |              - |      0 |
|   68 |                         vm_mod_fused_nn_conv2d_add_nn_relu_30 |            - |              - |      0 |
----------------------------------------------------------------------
------------------------------  [ Search ]
----------------------------------------------------------------------
Generate Sketches		#s: 1
Sample Initial Population	#s: 77	fail_ct: 1971	Time elapsed: 5.33
GA Iter: 0	Max score: 0.9898	Min score: 0.3305	#Pop: 54	#M+: 0	#M-: 0
GA Iter: 4	Max score: 0.9999	Min score: 0.9928	#Pop: 54	#M+: 1392	#M-: 0
EvolutionarySearch		#s: 54	Time elapsed: 73.08
----------------------------------------------------------------------
------------------------------  [ Measure ]
----------------------------------------------------------------------
Get 27 programs to measure:
...........................***************************|   69 |                          vm_mod_fused_nn_conv2d_add_nn_relu_9 |            - |              - |      0 |
|   70 |                         vm_mod_fused_nn_conv2d_add_nn_relu_12 |            - |              - |      0 |
|   71 |                         vm_mod_fused_nn_conv2d_add_nn_relu_57 |            - |              - |      0 |
-----------------------------------------------------------------------------------------------------------------
Estimated total latency: - ms	Trials: 216	Used time : 704 s	Next ID: 8	

Time elapsed for measurement: 13.42 s
----------------------------------------------------------------------
------------------------------  [ Train cost model ]
----------------------------------------------------------------------
Time elapsed for training: 0.00 s
----------------------------------------------------------------------
------------------------------  [ Task Scheduler ]
----------------------------------------------------------------------
|  ID  |                       Task Description                        | Latency (ms) | Speed (GFLOPS) | Trials |
-----------------------------------------------------------------------------------------------------------------
|    0 |                          vm_mod_fused_nn_conv2d_add_nn_relu_5 |        0.015 |       10334.05 |     27 |
|    1 |                         vm_mod_fused_nn_conv2d_add_nn_relu_39 |        0.015 |        3095.64 |     27 |
|    2 |                         vm_mod_fused_nn_conv2d_add_nn_relu_46 |        0.014 |         528.26 |     27 |
|    3 |                                        vm_mod_fused_nn_conv2d |        0.015 |       13468.53 |     27 |
|    4 |                         vm_mod_fused_nn_conv2d_add_nn_relu_53 |        0.014 |         728.20 |     27 |
|    5 |                         vm_mod_fused_nn_conv2d_add_nn_relu_28 |        0.009 |        3215.30 |     27 |
|    6 |                                  vm_mod_fused_nn_avg_pool2d_2 |        0.004 |          28.91 |     27 |
|    7 |                         vm_mod_fused_nn_conv2d_add_nn_relu_35 |        0.020 |        1901.59 |     27 |
|    8 |                         vm_mod_fused_nn_conv2d_add_nn_relu_42 |        0.026 |        1935.67 |     27 |
|    9 |                         vm_mod_fused_nn_conv2d_add_nn_relu_17 |            - |              - |      0 |
|   10 |                          vm_mod_fused_nn_conv2d_add_nn_relu_1 |            - |              - |      0 |
|   11 |                         vm_mod_fused_nn_conv2d_add_nn_relu_24 |            - |              - |      0 |
|   12 |                                     vm_mod_fused_nn_dense_add |            - |              - |      0 |
|   13 |                         vm_mod_fused_nn_conv2d_add_nn_relu_31 |            - |              - |      0 |
|   14 |                         vm_mod_fused_nn_conv2d_add_nn_relu_13 |            - |              - |      0 |
|   15 |                         vm_mod_fused_nn_conv2d_add_nn_relu_20 |            - |              - |      0 |
|   16 |                          vm_mod_fused_nn_conv2d_add_nn_relu_8 |            - |              - |      0 |
|   17 |                         vm_mod_fused_nn_conv2d_add_nn_relu_58 |            - |              - |      0 |
|   18 |                         vm_mod_fused_nn_conv2d_add_nn_relu_47 |            - |              - |      0 |
|   19 |                          vm_mod_fused_nn_conv2d_add_nn_relu_4 |            - |              - |      0 |
|   20 |                         vm_mod_fused_nn_conv2d_add_nn_relu_29 |            - |              - |      0 |
|   21 |                         vm_mod_fused_nn_conv2d_add_nn_relu_54 |            - |              - |      0 |
|   22 |                         vm_mod_fused_nn_conv2d_add_nn_relu_36 |            - |              - |      0 |
|   23 |                         vm_mod_fused_nn_conv2d_add_nn_relu_43 |            - |              - |      0 |
|   24 |                         vm_mod_fused_nn_conv2d_add_nn_relu_18 |            - |              - |      0 |
|   25 |                         vm_mod_fused_nn_conv2d_add_nn_relu_50 |            - |              - |      0 |
|   26 |                                  vm_mod_fused_nn_avg_pool2d_1 |            - |              - |      0 |
|   27 |                         vm_mod_fused_nn_conv2d_add_nn_relu_25 |            - |              - |      0 |
|   28 |                         vm_mod_fused_nn_conv2d_add_nn_relu_32 |            - |              - |      0 |
|   29 | vm_mod_fused_nn_contrib_conv2d_winograd_without_weight_transform_1 |            - |              - |      0 |
|   30 |                                      vm_mod_fused_nn_conv2d_1 |            - |              - |      0 |
|   31 |                         vm_mod_fused_nn_conv2d_add_nn_relu_14 |            - |              - |      0 |
|   32 |                         vm_mod_fused_nn_conv2d_add_nn_relu_21 |            - |              - |      0 |
|   33 |                            vm_mod_fused_nn_conv2d_add_nn_relu |            - |              - |      0 |
|   34 |                         vm_mod_fused_nn_conv2d_add_nn_relu_10 |            - |              - |      0 |
|   35 |                          vm_mod_fused_nn_conv2d_add_nn_relu_7 |            - |              - |      0 |
|   36 | vm_mod_fused_nn_contrib_conv2d_winograd_without_weight_transform |            - |              - |      0 |
|   37 |                         vm_mod_fused_nn_conv2d_add_nn_relu_48 |            - |              - |      0 |
|   38 |                         vm_mod_fused_nn_conv2d_add_nn_relu_55 |            - |              - |      0 |
|   39 |                         vm_mod_fused_nn_conv2d_add_nn_relu_37 |            - |              - |      0 |
|   40 |                         vm_mod_fused_nn_conv2d_add_nn_relu_44 |            - |              - |      0 |
|   41 |                         vm_mod_fused_nn_conv2d_add_nn_relu_19 |            - |              - |      0 |
|   42 |                          vm_mod_fused_nn_conv2d_add_nn_relu_3 |            - |              - |      0 |
|   43 |                         vm_mod_fused_nn_conv2d_add_nn_relu_51 |            - |              - |      0 |
|   44 |                         vm_mod_fused_nn_conv2d_add_nn_relu_26 |            - |              - |      0 |
|   45 | vm_mod_fused_nn_contrib_conv2d_winograd_without_weight_transform_2 |            - |              - |      0 |
|   46 |                         vm_mod_fused_nn_conv2d_add_nn_relu_33 |            - |              - |      0 |
|   47 |                         vm_mod_fused_nn_conv2d_add_nn_relu_40 |            - |              - |      0 |
|   48 |                           vm_mod_fused_nn_adaptive_avg_pool2d |            - |              - |      0 |
|   49 |                         vm_mod_fused_nn_conv2d_add_nn_relu_15 |            - |              - |      0 |
|   50 |                         vm_mod_fused_nn_conv2d_add_nn_relu_22 |            - |              - |      0 |
|   51 |                                    vm_mod_fused_nn_avg_pool2d |            - |              - |      0 |
|   52 |                         vm_mod_fused_nn_conv2d_add_nn_relu_11 |            - |              - |      0 |
|   53 |                                      vm_mod_fused_nn_conv2d_2 |            - |              - |      0 |
|   54 |                          vm_mod_fused_nn_conv2d_add_nn_relu_6 |            - |              - |      0 |
|   55 |                         vm_mod_fused_nn_conv2d_add_nn_relu_49 |            - |              - |      0 |
|   56 |                         vm_mod_fused_nn_conv2d_add_nn_relu_56 |            - |              - |      0 |
|   57 |                         vm_mod_fused_nn_conv2d_add_nn_relu_38 |            - |              - |      0 |
|   58 |                         vm_mod_fused_nn_conv2d_add_nn_relu_45 |            - |              - |      0 |
|   59 |                         vm_mod_fused_nn_conv2d_add_nn_relu_52 |            - |              - |      0 |
|   60 | vm_mod_fused_nn_contrib_conv2d_winograd_without_weight_transform_3 |            - |              - |      0 |
|   61 |                         vm_mod_fused_nn_conv2d_add_nn_relu_27 |            - |              - |      0 |
|   62 |                          vm_mod_fused_nn_conv2d_add_nn_relu_2 |            - |              - |      0 |
|   63 |                         vm_mod_fused_nn_conv2d_add_nn_relu_34 |            - |              - |      0 |
|   64 |                         vm_mod_fused_nn_conv2d_add_nn_relu_41 |            - |              - |      0 |
|   65 |                                    vm_mod_fused_nn_max_pool2d |            - |              - |      0 |
|   66 |                         vm_mod_fused_nn_conv2d_add_nn_relu_16 |            - |              - |      0 |
|   67 |                         vm_mod_fused_nn_conv2d_add_nn_relu_23 |            - |              - |      0 |
|   68 |                         vm_mod_fused_nn_conv2d_add_nn_relu_30 |            - |              - |      0 |
----------------------------------------------------------------------
------------------------------  [ Search ]
----------------------------------------------------------------------
Generate Sketches		#s: 1
Sample Initial Population	#s: 84	fail_ct: 1964	Time elapsed: 6.21
GA Iter: 0	Max score: 0.9857	Min score: 0.3623	#Pop: 54	#M+: 0	#M-: 0
GA Iter: 4	Max score: 0.9999	Min score: 0.9932	#Pop: 54	#M+: 1398	#M-: 0
EvolutionarySearch		#s: 54	Time elapsed: 76.53
----------------------------------------------------------------------
------------------------------  [ Measure ]
----------------------------------------------------------------------
Get 27 programs to measure:
..........................|   69 |                          vm_mod_fused_nn_conv2d_add_nn_relu_9 |            - |              - |      0 |
|   70 |                         vm_mod_fused_nn_conv2d_add_nn_relu_12 |            - |              - |      0 |
|   71 |                         vm_mod_fused_nn_conv2d_add_nn_relu_57 |            - |              - |      0 |
-----------------------------------------------------------------------------------------------------------------
Estimated total latency: - ms	Trials: 243	Used time : 796 s	Next ID: 9	
.T**************************
Time elapsed for measurement: 24.48 s
----------------------------------------------------------------------
------------------------------  [ Train cost model ]
----------------------------------------------------------------------
Time elapsed for training: 1.61 s
----------------------------------------------------------------------
------------------------------  [ Task Scheduler ]
----------------------------------------------------------------------
|  ID  |                       Task Description                        | Latency (ms) | Speed (GFLOPS) | Trials |
-----------------------------------------------------------------------------------------------------------------
|    0 |                          vm_mod_fused_nn_conv2d_add_nn_relu_5 |        0.015 |       10334.05 |     27 |
|    1 |                         vm_mod_fused_nn_conv2d_add_nn_relu_39 |        0.015 |        3095.64 |     27 |
|    2 |                         vm_mod_fused_nn_conv2d_add_nn_relu_46 |        0.014 |         528.26 |     27 |
|    3 |                                        vm_mod_fused_nn_conv2d |        0.015 |       13468.53 |     27 |
|    4 |                         vm_mod_fused_nn_conv2d_add_nn_relu_53 |        0.014 |         728.20 |     27 |
|    5 |                         vm_mod_fused_nn_conv2d_add_nn_relu_28 |        0.009 |        3215.30 |     27 |
|    6 |                                  vm_mod_fused_nn_avg_pool2d_2 |        0.004 |          28.91 |     27 |
|    7 |                         vm_mod_fused_nn_conv2d_add_nn_relu_35 |        0.020 |        1901.59 |     27 |
|    8 |                         vm_mod_fused_nn_conv2d_add_nn_relu_42 |        0.026 |        1935.67 |     27 |
|    9 |                         vm_mod_fused_nn_conv2d_add_nn_relu_17 |        0.012 |        7548.90 |     27 |
|   10 |                          vm_mod_fused_nn_conv2d_add_nn_relu_1 |            - |              - |      0 |
|   11 |                         vm_mod_fused_nn_conv2d_add_nn_relu_24 |            - |              - |      0 |
|   12 |                                     vm_mod_fused_nn_dense_add |            - |              - |      0 |
|   13 |                         vm_mod_fused_nn_conv2d_add_nn_relu_31 |            - |              - |      0 |
|   14 |                         vm_mod_fused_nn_conv2d_add_nn_relu_13 |            - |              - |      0 |
|   15 |                         vm_mod_fused_nn_conv2d_add_nn_relu_20 |            - |              - |      0 |
|   16 |                          vm_mod_fused_nn_conv2d_add_nn_relu_8 |            - |              - |      0 |
|   17 |                         vm_mod_fused_nn_conv2d_add_nn_relu_58 |            - |              - |      0 |
|   18 |                         vm_mod_fused_nn_conv2d_add_nn_relu_47 |            - |              - |      0 |
|   19 |                          vm_mod_fused_nn_conv2d_add_nn_relu_4 |            - |              - |      0 |
|   20 |                         vm_mod_fused_nn_conv2d_add_nn_relu_29 |            - |              - |      0 |
|   21 |                         vm_mod_fused_nn_conv2d_add_nn_relu_54 |            - |              - |      0 |
|   22 |                         vm_mod_fused_nn_conv2d_add_nn_relu_36 |            - |              - |      0 |
|   23 |                         vm_mod_fused_nn_conv2d_add_nn_relu_43 |            - |              - |      0 |
|   24 |                         vm_mod_fused_nn_conv2d_add_nn_relu_18 |            - |              - |      0 |
|   25 |                         vm_mod_fused_nn_conv2d_add_nn_relu_50 |            - |              - |      0 |
|   26 |                                  vm_mod_fused_nn_avg_pool2d_1 |            - |              - |      0 |
|   27 |                         vm_mod_fused_nn_conv2d_add_nn_relu_25 |            - |              - |      0 |
|   28 |                         vm_mod_fused_nn_conv2d_add_nn_relu_32 |            - |              - |      0 |
|   29 | vm_mod_fused_nn_contrib_conv2d_winograd_without_weight_transform_1 |            - |              - |      0 |
|   30 |                                      vm_mod_fused_nn_conv2d_1 |            - |              - |      0 |
|   31 |                         vm_mod_fused_nn_conv2d_add_nn_relu_14 |            - |              - |      0 |
|   32 |                         vm_mod_fused_nn_conv2d_add_nn_relu_21 |            - |              - |      0 |
|   33 |                            vm_mod_fused_nn_conv2d_add_nn_relu |            - |              - |      0 |
|   34 |                         vm_mod_fused_nn_conv2d_add_nn_relu_10 |            - |              - |      0 |
|   35 |                          vm_mod_fused_nn_conv2d_add_nn_relu_7 |            - |              - |      0 |
|   36 | vm_mod_fused_nn_contrib_conv2d_winograd_without_weight_transform |            - |              - |      0 |
|   37 |                         vm_mod_fused_nn_conv2d_add_nn_relu_48 |            - |              - |      0 |
|   38 |                         vm_mod_fused_nn_conv2d_add_nn_relu_55 |            - |              - |      0 |
|   39 |                         vm_mod_fused_nn_conv2d_add_nn_relu_37 |            - |              - |      0 |
|   40 |                         vm_mod_fused_nn_conv2d_add_nn_relu_44 |            - |              - |      0 |
|   41 |                         vm_mod_fused_nn_conv2d_add_nn_relu_19 |            - |              - |      0 |
|   42 |                          vm_mod_fused_nn_conv2d_add_nn_relu_3 |            - |              - |      0 |
|   43 |                         vm_mod_fused_nn_conv2d_add_nn_relu_51 |            - |              - |      0 |
|   44 |                         vm_mod_fused_nn_conv2d_add_nn_relu_26 |            - |              - |      0 |
|   45 | vm_mod_fused_nn_contrib_conv2d_winograd_without_weight_transform_2 |            - |              - |      0 |
|   46 |                         vm_mod_fused_nn_conv2d_add_nn_relu_33 |            - |              - |      0 |
|   47 |                         vm_mod_fused_nn_conv2d_add_nn_relu_40 |            - |              - |      0 |
|   48 |                           vm_mod_fused_nn_adaptive_avg_pool2d |            - |              - |      0 |
|   49 |                         vm_mod_fused_nn_conv2d_add_nn_relu_15 |            - |              - |      0 |
|   50 |                         vm_mod_fused_nn_conv2d_add_nn_relu_22 |            - |              - |      0 |
|   51 |                                    vm_mod_fused_nn_avg_pool2d |            - |              - |      0 |
|   52 |                         vm_mod_fused_nn_conv2d_add_nn_relu_11 |            - |              - |      0 |
|   53 |                                      vm_mod_fused_nn_conv2d_2 |            - |              - |      0 |
|   54 |                          vm_mod_fused_nn_conv2d_add_nn_relu_6 |            - |              - |      0 |
|   55 |                         vm_mod_fused_nn_conv2d_add_nn_relu_49 |            - |              - |      0 |
|   56 |                         vm_mod_fused_nn_conv2d_add_nn_relu_56 |            - |              - |      0 |
|   57 |                         vm_mod_fused_nn_conv2d_add_nn_relu_38 |            - |              - |      0 |
|   58 |                         vm_mod_fused_nn_conv2d_add_nn_relu_45 |            - |              - |      0 |
|   59 |                         vm_mod_fused_nn_conv2d_add_nn_relu_52 |            - |              - |      0 |
|   60 | vm_mod_fused_nn_contrib_conv2d_winograd_without_weight_transform_3 |            - |              - |      0 |
|   61 |                         vm_mod_fused_nn_conv2d_add_nn_relu_27 |            - |              - |      0 |
|   62 |                          vm_mod_fused_nn_conv2d_add_nn_relu_2 |            - |              - |      0 |
|   63 |                         vm_mod_fused_nn_conv2d_add_nn_relu_34 |            - |              - |      0 |
|   64 |                         vm_mod_fused_nn_conv2d_add_nn_relu_41 |            - |              - |      0 |
|   65 |                                    vm_mod_fused_nn_max_pool2d |            - |              - |      0 |
|   66 |                         vm_mod_fused_nn_conv2d_add_nn_relu_16 |            - |              - |      0 |
|   67 |                         vm_mod_fused_nn_conv2d_add_nn_relu_23 |            - |              - |      0 |
|   68 |                         vm_mod_fused_nn_conv2d_add_nn_relu_30 |            - |              - |      0 |
----------------------------------------------------------------------
------------------------------  [ Search ]
----------------------------------------------------------------------
Generate Sketches		#s: 1
Sample Initial Population	#s: 91	fail_ct: 1957	Time elapsed: 6.93
GA Iter: 0	Max score: 0.9989	Min score: 0.3764	#Pop: 54	#M+: 0	#M-: 0
GA Iter: 4	Max score: 0.9995	Min score: 0.9899	#Pop: 54	#M+: 1393	#M-: 0
EvolutionarySearch		#s: 54	Time elapsed: 75.77
----------------------------------------------------------------------
------------------------------  [ Measure ]
----------------------------------------------------------------------
Get 27 programs to measure:
...........................***************************|   69 |                          vm_mod_fused_nn_conv2d_add_nn_relu_9 |            - |              - |      0 |
|   70 |                         vm_mod_fused_nn_conv2d_add_nn_relu_12 |            - |              - |      0 |
|   71 |                         vm_mod_fused_nn_conv2d_add_nn_relu_57 |            - |              - |      0 |
-----------------------------------------------------------------------------------------------------------------
Estimated total latency: - ms	Trials: 270	Used time : 905 s	Next ID: 10	

Time elapsed for measurement: 14.02 s
----------------------------------------------------------------------
------------------------------  [ Train cost model ]
----------------------------------------------------------------------
Time elapsed for training: 0.00 s
----------------------------------------------------------------------
------------------------------  [ Task Scheduler ]
----------------------------------------------------------------------
|  ID  |                       Task Description                        | Latency (ms) | Speed (GFLOPS) | Trials |
-----------------------------------------------------------------------------------------------------------------
|    0 |                          vm_mod_fused_nn_conv2d_add_nn_relu_5 |        0.015 |       10334.05 |     27 |
|    1 |                         vm_mod_fused_nn_conv2d_add_nn_relu_39 |        0.015 |        3095.64 |     27 |
|    2 |                         vm_mod_fused_nn_conv2d_add_nn_relu_46 |        0.014 |         528.26 |     27 |
|    3 |                                        vm_mod_fused_nn_conv2d |        0.015 |       13468.53 |     27 |
|    4 |                         vm_mod_fused_nn_conv2d_add_nn_relu_53 |        0.014 |         728.20 |     27 |
|    5 |                         vm_mod_fused_nn_conv2d_add_nn_relu_28 |        0.009 |        3215.30 |     27 |
|    6 |                                  vm_mod_fused_nn_avg_pool2d_2 |        0.004 |          28.91 |     27 |
|    7 |                         vm_mod_fused_nn_conv2d_add_nn_relu_35 |        0.020 |        1901.59 |     27 |
|    8 |                         vm_mod_fused_nn_conv2d_add_nn_relu_42 |        0.026 |        1935.67 |     27 |
|    9 |                         vm_mod_fused_nn_conv2d_add_nn_relu_17 |        0.012 |        7548.90 |     27 |
|   10 |                          vm_mod_fused_nn_conv2d_add_nn_relu_1 |        0.005 |        9731.76 |     27 |
|   11 |                         vm_mod_fused_nn_conv2d_add_nn_relu_24 |            - |              - |      0 |
|   12 |                                     vm_mod_fused_nn_dense_add |            - |              - |      0 |
|   13 |                         vm_mod_fused_nn_conv2d_add_nn_relu_31 |            - |              - |      0 |
|   14 |                         vm_mod_fused_nn_conv2d_add_nn_relu_13 |            - |              - |      0 |
|   15 |                         vm_mod_fused_nn_conv2d_add_nn_relu_20 |            - |              - |      0 |
|   16 |                          vm_mod_fused_nn_conv2d_add_nn_relu_8 |            - |              - |      0 |
|   17 |                         vm_mod_fused_nn_conv2d_add_nn_relu_58 |            - |              - |      0 |
|   18 |                         vm_mod_fused_nn_conv2d_add_nn_relu_47 |            - |              - |      0 |
|   19 |                          vm_mod_fused_nn_conv2d_add_nn_relu_4 |            - |              - |      0 |
|   20 |                         vm_mod_fused_nn_conv2d_add_nn_relu_29 |            - |              - |      0 |
|   21 |                         vm_mod_fused_nn_conv2d_add_nn_relu_54 |            - |              - |      0 |
|   22 |                         vm_mod_fused_nn_conv2d_add_nn_relu_36 |            - |              - |      0 |
|   23 |                         vm_mod_fused_nn_conv2d_add_nn_relu_43 |            - |              - |      0 |
|   24 |                         vm_mod_fused_nn_conv2d_add_nn_relu_18 |            - |              - |      0 |
|   25 |                         vm_mod_fused_nn_conv2d_add_nn_relu_50 |            - |              - |      0 |
|   26 |                                  vm_mod_fused_nn_avg_pool2d_1 |            - |              - |      0 |
|   27 |                         vm_mod_fused_nn_conv2d_add_nn_relu_25 |            - |              - |      0 |
|   28 |                         vm_mod_fused_nn_conv2d_add_nn_relu_32 |            - |              - |      0 |
|   29 | vm_mod_fused_nn_contrib_conv2d_winograd_without_weight_transform_1 |            - |              - |      0 |
|   30 |                                      vm_mod_fused_nn_conv2d_1 |            - |              - |      0 |
|   31 |                         vm_mod_fused_nn_conv2d_add_nn_relu_14 |            - |              - |      0 |
|   32 |                         vm_mod_fused_nn_conv2d_add_nn_relu_21 |            - |              - |      0 |
|   33 |                            vm_mod_fused_nn_conv2d_add_nn_relu |            - |              - |      0 |
|   34 |                         vm_mod_fused_nn_conv2d_add_nn_relu_10 |            - |              - |      0 |
|   35 |                          vm_mod_fused_nn_conv2d_add_nn_relu_7 |            - |              - |      0 |
|   36 | vm_mod_fused_nn_contrib_conv2d_winograd_without_weight_transform |            - |              - |      0 |
|   37 |                         vm_mod_fused_nn_conv2d_add_nn_relu_48 |            - |              - |      0 |
|   38 |                         vm_mod_fused_nn_conv2d_add_nn_relu_55 |            - |              - |      0 |
|   39 |                         vm_mod_fused_nn_conv2d_add_nn_relu_37 |            - |              - |      0 |
|   40 |                         vm_mod_fused_nn_conv2d_add_nn_relu_44 |            - |              - |      0 |
|   41 |                         vm_mod_fused_nn_conv2d_add_nn_relu_19 |            - |              - |      0 |
|   42 |                          vm_mod_fused_nn_conv2d_add_nn_relu_3 |            - |              - |      0 |
|   43 |                         vm_mod_fused_nn_conv2d_add_nn_relu_51 |            - |              - |      0 |
|   44 |                         vm_mod_fused_nn_conv2d_add_nn_relu_26 |            - |              - |      0 |
|   45 | vm_mod_fused_nn_contrib_conv2d_winograd_without_weight_transform_2 |            - |              - |      0 |
|   46 |                         vm_mod_fused_nn_conv2d_add_nn_relu_33 |            - |              - |      0 |
|   47 |                         vm_mod_fused_nn_conv2d_add_nn_relu_40 |            - |              - |      0 |
|   48 |                           vm_mod_fused_nn_adaptive_avg_pool2d |            - |              - |      0 |
|   49 |                         vm_mod_fused_nn_conv2d_add_nn_relu_15 |            - |              - |      0 |
|   50 |                         vm_mod_fused_nn_conv2d_add_nn_relu_22 |            - |              - |      0 |
|   51 |                                    vm_mod_fused_nn_avg_pool2d |            - |              - |      0 |
|   52 |                         vm_mod_fused_nn_conv2d_add_nn_relu_11 |            - |              - |      0 |
|   53 |                                      vm_mod_fused_nn_conv2d_2 |            - |              - |      0 |
|   54 |                          vm_mod_fused_nn_conv2d_add_nn_relu_6 |            - |              - |      0 |
|   55 |                         vm_mod_fused_nn_conv2d_add_nn_relu_49 |            - |              - |      0 |
|   56 |                         vm_mod_fused_nn_conv2d_add_nn_relu_56 |            - |              - |      0 |
|   57 |                         vm_mod_fused_nn_conv2d_add_nn_relu_38 |            - |              - |      0 |
|   58 |                         vm_mod_fused_nn_conv2d_add_nn_relu_45 |            - |              - |      0 |
|   59 |                         vm_mod_fused_nn_conv2d_add_nn_relu_52 |            - |              - |      0 |
|   60 | vm_mod_fused_nn_contrib_conv2d_winograd_without_weight_transform_3 |            - |              - |      0 |
|   61 |                         vm_mod_fused_nn_conv2d_add_nn_relu_27 |            - |              - |      0 |
|   62 |                          vm_mod_fused_nn_conv2d_add_nn_relu_2 |            - |              - |      0 |
|   63 |                         vm_mod_fused_nn_conv2d_add_nn_relu_34 |            - |              - |      0 |
|   64 |                         vm_mod_fused_nn_conv2d_add_nn_relu_41 |            - |              - |      0 |
|   65 |                                    vm_mod_fused_nn_max_pool2d |            - |              - |      0 |
|   66 |                         vm_mod_fused_nn_conv2d_add_nn_relu_16 |            - |              - |      0 |
|   67 |                         vm_mod_fused_nn_conv2d_add_nn_relu_23 |            - |              - |      0 |
|   68 |                         vm_mod_fused_nn_conv2d_add_nn_relu_30 |            - |              - |      0 |
----------------------------------------------------------------------
------------------------------  [ Search ]
----------------------------------------------------------------------
Generate Sketches		#s: 1
Sample Initial Population	#s: 94	fail_ct: 1954	Time elapsed: 5.50
GA Iter: 0	Max score: 0.9925	Min score: 0.4991	#Pop: 54	#M+: 0	#M-: 0
GA Iter: 4	Max score: 1.0000	Min score: 0.9914	#Pop: 54	#M+: 1397	#M-: 0
EvolutionarySearch		#s: 54	Time elapsed: 73.25
----------------------------------------------------------------------
------------------------------  [ Measure ]
----------------------------------------------------------------------
Get 27 programs to measure:
...........................***************************|   69 |                          vm_mod_fused_nn_conv2d_add_nn_relu_9 |            - |              - |      0 |
|   70 |                         vm_mod_fused_nn_conv2d_add_nn_relu_12 |            - |              - |      0 |
|   71 |                         vm_mod_fused_nn_conv2d_add_nn_relu_57 |            - |              - |      0 |
-----------------------------------------------------------------------------------------------------------------
Estimated total latency: - ms	Trials: 297	Used time : 1002 s	Next ID: 11	

Time elapsed for measurement: 22.65 s
----------------------------------------------------------------------
------------------------------  [ Train cost model ]
----------------------------------------------------------------------
Time elapsed for training: 0.88 s
----------------------------------------------------------------------
------------------------------  [ Task Scheduler ]
----------------------------------------------------------------------
|  ID  |                       Task Description                        | Latency (ms) | Speed (GFLOPS) | Trials |
-----------------------------------------------------------------------------------------------------------------
|    0 |                          vm_mod_fused_nn_conv2d_add_nn_relu_5 |        0.015 |       10334.05 |     27 |
|    1 |                         vm_mod_fused_nn_conv2d_add_nn_relu_39 |        0.015 |        3095.64 |     27 |
|    2 |                         vm_mod_fused_nn_conv2d_add_nn_relu_46 |        0.014 |         528.26 |     27 |
|    3 |                                        vm_mod_fused_nn_conv2d |        0.015 |       13468.53 |     27 |
|    4 |                         vm_mod_fused_nn_conv2d_add_nn_relu_53 |        0.014 |         728.20 |     27 |
|    5 |                         vm_mod_fused_nn_conv2d_add_nn_relu_28 |        0.009 |        3215.30 |     27 |
|    6 |                                  vm_mod_fused_nn_avg_pool2d_2 |        0.004 |          28.91 |     27 |
|    7 |                         vm_mod_fused_nn_conv2d_add_nn_relu_35 |        0.020 |        1901.59 |     27 |
|    8 |                         vm_mod_fused_nn_conv2d_add_nn_relu_42 |        0.026 |        1935.67 |     27 |
|    9 |                         vm_mod_fused_nn_conv2d_add_nn_relu_17 |        0.012 |        7548.90 |     27 |
|   10 |                          vm_mod_fused_nn_conv2d_add_nn_relu_1 |        0.005 |        9731.76 |     27 |
|   11 |                         vm_mod_fused_nn_conv2d_add_nn_relu_24 |        0.011 |        1904.04 |     27 |
|   12 |                                     vm_mod_fused_nn_dense_add |            - |              - |      0 |
|   13 |                         vm_mod_fused_nn_conv2d_add_nn_relu_31 |            - |              - |      0 |
|   14 |                         vm_mod_fused_nn_conv2d_add_nn_relu_13 |            - |              - |      0 |
|   15 |                         vm_mod_fused_nn_conv2d_add_nn_relu_20 |            - |              - |      0 |
|   16 |                          vm_mod_fused_nn_conv2d_add_nn_relu_8 |            - |              - |      0 |
|   17 |                         vm_mod_fused_nn_conv2d_add_nn_relu_58 |            - |              - |      0 |
|   18 |                         vm_mod_fused_nn_conv2d_add_nn_relu_47 |            - |              - |      0 |
|   19 |                          vm_mod_fused_nn_conv2d_add_nn_relu_4 |            - |              - |      0 |
|   20 |                         vm_mod_fused_nn_conv2d_add_nn_relu_29 |            - |              - |      0 |
|   21 |                         vm_mod_fused_nn_conv2d_add_nn_relu_54 |            - |              - |      0 |
|   22 |                         vm_mod_fused_nn_conv2d_add_nn_relu_36 |            - |              - |      0 |
|   23 |                         vm_mod_fused_nn_conv2d_add_nn_relu_43 |            - |              - |      0 |
|   24 |                         vm_mod_fused_nn_conv2d_add_nn_relu_18 |            - |              - |      0 |
|   25 |                         vm_mod_fused_nn_conv2d_add_nn_relu_50 |            - |              - |      0 |
|   26 |                                  vm_mod_fused_nn_avg_pool2d_1 |            - |              - |      0 |
|   27 |                         vm_mod_fused_nn_conv2d_add_nn_relu_25 |            - |              - |      0 |
|   28 |                         vm_mod_fused_nn_conv2d_add_nn_relu_32 |            - |              - |      0 |
|   29 | vm_mod_fused_nn_contrib_conv2d_winograd_without_weight_transform_1 |            - |              - |      0 |
|   30 |                                      vm_mod_fused_nn_conv2d_1 |            - |              - |      0 |
|   31 |                         vm_mod_fused_nn_conv2d_add_nn_relu_14 |            - |              - |      0 |
|   32 |                         vm_mod_fused_nn_conv2d_add_nn_relu_21 |            - |              - |      0 |
|   33 |                            vm_mod_fused_nn_conv2d_add_nn_relu |            - |              - |      0 |
|   34 |                         vm_mod_fused_nn_conv2d_add_nn_relu_10 |            - |              - |      0 |
|   35 |                          vm_mod_fused_nn_conv2d_add_nn_relu_7 |            - |              - |      0 |
|   36 | vm_mod_fused_nn_contrib_conv2d_winograd_without_weight_transform |            - |              - |      0 |
|   37 |                         vm_mod_fused_nn_conv2d_add_nn_relu_48 |            - |              - |      0 |
|   38 |                         vm_mod_fused_nn_conv2d_add_nn_relu_55 |            - |              - |      0 |
|   39 |                         vm_mod_fused_nn_conv2d_add_nn_relu_37 |            - |              - |      0 |
|   40 |                         vm_mod_fused_nn_conv2d_add_nn_relu_44 |            - |              - |      0 |
|   41 |                         vm_mod_fused_nn_conv2d_add_nn_relu_19 |            - |              - |      0 |
|   42 |                          vm_mod_fused_nn_conv2d_add_nn_relu_3 |            - |              - |      0 |
|   43 |                         vm_mod_fused_nn_conv2d_add_nn_relu_51 |            - |              - |      0 |
|   44 |                         vm_mod_fused_nn_conv2d_add_nn_relu_26 |            - |              - |      0 |
|   45 | vm_mod_fused_nn_contrib_conv2d_winograd_without_weight_transform_2 |            - |              - |      0 |
|   46 |                         vm_mod_fused_nn_conv2d_add_nn_relu_33 |            - |              - |      0 |
|   47 |                         vm_mod_fused_nn_conv2d_add_nn_relu_40 |            - |              - |      0 |
|   48 |                           vm_mod_fused_nn_adaptive_avg_pool2d |            - |              - |      0 |
|   49 |                         vm_mod_fused_nn_conv2d_add_nn_relu_15 |            - |              - |      0 |
|   50 |                         vm_mod_fused_nn_conv2d_add_nn_relu_22 |            - |              - |      0 |
|   51 |                                    vm_mod_fused_nn_avg_pool2d |            - |              - |      0 |
|   52 |                         vm_mod_fused_nn_conv2d_add_nn_relu_11 |            - |              - |      0 |
|   53 |                                      vm_mod_fused_nn_conv2d_2 |            - |              - |      0 |
|   54 |                          vm_mod_fused_nn_conv2d_add_nn_relu_6 |            - |              - |      0 |
|   55 |                         vm_mod_fused_nn_conv2d_add_nn_relu_49 |            - |              - |      0 |
|   56 |                         vm_mod_fused_nn_conv2d_add_nn_relu_56 |            - |              - |      0 |
|   57 |                         vm_mod_fused_nn_conv2d_add_nn_relu_38 |            - |              - |      0 |
|   58 |                         vm_mod_fused_nn_conv2d_add_nn_relu_45 |            - |              - |      0 |
|   59 |                         vm_mod_fused_nn_conv2d_add_nn_relu_52 |            - |              - |      0 |
|   60 | vm_mod_fused_nn_contrib_conv2d_winograd_without_weight_transform_3 |            - |              - |      0 |
|   61 |                         vm_mod_fused_nn_conv2d_add_nn_relu_27 |            - |              - |      0 |
|   62 |                          vm_mod_fused_nn_conv2d_add_nn_relu_2 |            - |              - |      0 |
|   63 |                         vm_mod_fused_nn_conv2d_add_nn_relu_34 |            - |              - |      0 |
|   64 |                         vm_mod_fused_nn_conv2d_add_nn_relu_41 |            - |              - |      0 |
|   65 |                                    vm_mod_fused_nn_max_pool2d |            - |              - |      0 |
|   66 |                         vm_mod_fused_nn_conv2d_add_nn_relu_16 |            - |              - |      0 |
|   67 |                         vm_mod_fused_nn_conv2d_add_nn_relu_23 |            - |              - |      0 |
|   68 |                         vm_mod_fused_nn_conv2d_add_nn_relu_30 |            - |              - |      0 |
----------------------------------------------------------------------
------------------------------  [ Search ]
----------------------------------------------------------------------
Generate Sketches		#s: 2
Sample Initial Population	#s: 72	fail_ct: 1976	Time elapsed: 3.64
GA Iter: 0	Max score: 0.9903	Min score: 0.3060	#Pop: 54	#M+: 0	#M-: 0
GA Iter: 4	Max score: 0.9997	Min score: 0.9849	#Pop: 54	#M+: 1392	#M-: 0
EvolutionarySearch		#s: 54	Time elapsed: 14.17
----------------------------------------------------------------------
------------------------------  [ Measure ]
----------------------------------------------------------------------
Get 27 programs to measure:
...........................***************************|   69 |                          vm_mod_fused_nn_conv2d_add_nn_relu_9 |            - |              - |      0 |
|   70 |                         vm_mod_fused_nn_conv2d_add_nn_relu_12 |            - |              - |      0 |
|   71 |                         vm_mod_fused_nn_conv2d_add_nn_relu_57 |            - |              - |      0 |
-----------------------------------------------------------------------------------------------------------------
Estimated total latency: - ms	Trials: 324	Used time : 1104 s	Next ID: 12	

Time elapsed for measurement: 13.23 s
----------------------------------------------------------------------
------------------------------  [ Train cost model ]
----------------------------------------------------------------------
Time elapsed for training: 0.00 s
----------------------------------------------------------------------
------------------------------  [ Task Scheduler ]
----------------------------------------------------------------------
|  ID  |                       Task Description                        | Latency (ms) | Speed (GFLOPS) | Trials |
-----------------------------------------------------------------------------------------------------------------
|    0 |                          vm_mod_fused_nn_conv2d_add_nn_relu_5 |        0.015 |       10334.05 |     27 |
|    1 |                         vm_mod_fused_nn_conv2d_add_nn_relu_39 |        0.015 |        3095.64 |     27 |
|    2 |                         vm_mod_fused_nn_conv2d_add_nn_relu_46 |        0.014 |         528.26 |     27 |
|    3 |                                        vm_mod_fused_nn_conv2d |        0.015 |       13468.53 |     27 |
|    4 |                         vm_mod_fused_nn_conv2d_add_nn_relu_53 |        0.014 |         728.20 |     27 |
|    5 |                         vm_mod_fused_nn_conv2d_add_nn_relu_28 |        0.009 |        3215.30 |     27 |
|    6 |                                  vm_mod_fused_nn_avg_pool2d_2 |        0.004 |          28.91 |     27 |
|    7 |                         vm_mod_fused_nn_conv2d_add_nn_relu_35 |        0.020 |        1901.59 |     27 |
|    8 |                         vm_mod_fused_nn_conv2d_add_nn_relu_42 |        0.026 |        1935.67 |     27 |
|    9 |                         vm_mod_fused_nn_conv2d_add_nn_relu_17 |        0.012 |        7548.90 |     27 |
|   10 |                          vm_mod_fused_nn_conv2d_add_nn_relu_1 |        0.005 |        9731.76 |     27 |
|   11 |                         vm_mod_fused_nn_conv2d_add_nn_relu_24 |        0.011 |        1904.04 |     27 |
|   12 |                                     vm_mod_fused_nn_dense_add |        0.008 |         245.77 |     27 |
|   13 |                         vm_mod_fused_nn_conv2d_add_nn_relu_31 |            - |              - |      0 |
|   14 |                         vm_mod_fused_nn_conv2d_add_nn_relu_13 |            - |              - |      0 |
|   15 |                         vm_mod_fused_nn_conv2d_add_nn_relu_20 |            - |              - |      0 |
|   16 |                          vm_mod_fused_nn_conv2d_add_nn_relu_8 |            - |              - |      0 |
|   17 |                         vm_mod_fused_nn_conv2d_add_nn_relu_58 |            - |              - |      0 |
|   18 |                         vm_mod_fused_nn_conv2d_add_nn_relu_47 |            - |              - |      0 |
|   19 |                          vm_mod_fused_nn_conv2d_add_nn_relu_4 |            - |              - |      0 |
|   20 |                         vm_mod_fused_nn_conv2d_add_nn_relu_29 |            - |              - |      0 |
|   21 |                         vm_mod_fused_nn_conv2d_add_nn_relu_54 |            - |              - |      0 |
|   22 |                         vm_mod_fused_nn_conv2d_add_nn_relu_36 |            - |              - |      0 |
|   23 |                         vm_mod_fused_nn_conv2d_add_nn_relu_43 |            - |              - |      0 |
|   24 |                         vm_mod_fused_nn_conv2d_add_nn_relu_18 |            - |              - |      0 |
|   25 |                         vm_mod_fused_nn_conv2d_add_nn_relu_50 |            - |              - |      0 |
|   26 |                                  vm_mod_fused_nn_avg_pool2d_1 |            - |              - |      0 |
|   27 |                         vm_mod_fused_nn_conv2d_add_nn_relu_25 |            - |              - |      0 |
|   28 |                         vm_mod_fused_nn_conv2d_add_nn_relu_32 |            - |              - |      0 |
|   29 | vm_mod_fused_nn_contrib_conv2d_winograd_without_weight_transform_1 |            - |              - |      0 |
|   30 |                                      vm_mod_fused_nn_conv2d_1 |            - |              - |      0 |
|   31 |                         vm_mod_fused_nn_conv2d_add_nn_relu_14 |            - |              - |      0 |
|   32 |                         vm_mod_fused_nn_conv2d_add_nn_relu_21 |            - |              - |      0 |
|   33 |                            vm_mod_fused_nn_conv2d_add_nn_relu |            - |              - |      0 |
|   34 |                         vm_mod_fused_nn_conv2d_add_nn_relu_10 |            - |              - |      0 |
|   35 |                          vm_mod_fused_nn_conv2d_add_nn_relu_7 |            - |              - |      0 |
|   36 | vm_mod_fused_nn_contrib_conv2d_winograd_without_weight_transform |            - |              - |      0 |
|   37 |                         vm_mod_fused_nn_conv2d_add_nn_relu_48 |            - |              - |      0 |
|   38 |                         vm_mod_fused_nn_conv2d_add_nn_relu_55 |            - |              - |      0 |
|   39 |                         vm_mod_fused_nn_conv2d_add_nn_relu_37 |            - |              - |      0 |
|   40 |                         vm_mod_fused_nn_conv2d_add_nn_relu_44 |            - |              - |      0 |
|   41 |                         vm_mod_fused_nn_conv2d_add_nn_relu_19 |            - |              - |      0 |
|   42 |                          vm_mod_fused_nn_conv2d_add_nn_relu_3 |            - |              - |      0 |
|   43 |                         vm_mod_fused_nn_conv2d_add_nn_relu_51 |            - |              - |      0 |
|   44 |                         vm_mod_fused_nn_conv2d_add_nn_relu_26 |            - |              - |      0 |
|   45 | vm_mod_fused_nn_contrib_conv2d_winograd_without_weight_transform_2 |            - |              - |      0 |
|   46 |                         vm_mod_fused_nn_conv2d_add_nn_relu_33 |            - |              - |      0 |
|   47 |                         vm_mod_fused_nn_conv2d_add_nn_relu_40 |            - |              - |      0 |
|   48 |                           vm_mod_fused_nn_adaptive_avg_pool2d |            - |              - |      0 |
|   49 |                         vm_mod_fused_nn_conv2d_add_nn_relu_15 |            - |              - |      0 |
|   50 |                         vm_mod_fused_nn_conv2d_add_nn_relu_22 |            - |              - |      0 |
|   51 |                                    vm_mod_fused_nn_avg_pool2d |            - |              - |      0 |
|   52 |                         vm_mod_fused_nn_conv2d_add_nn_relu_11 |            - |              - |      0 |
|   53 |                                      vm_mod_fused_nn_conv2d_2 |            - |              - |      0 |
|   54 |                          vm_mod_fused_nn_conv2d_add_nn_relu_6 |            - |              - |      0 |
|   55 |                         vm_mod_fused_nn_conv2d_add_nn_relu_49 |            - |              - |      0 |
|   56 |                         vm_mod_fused_nn_conv2d_add_nn_relu_56 |            - |              - |      0 |
|   57 |                         vm_mod_fused_nn_conv2d_add_nn_relu_38 |            - |              - |      0 |
|   58 |                         vm_mod_fused_nn_conv2d_add_nn_relu_45 |            - |              - |      0 |
|   59 |                         vm_mod_fused_nn_conv2d_add_nn_relu_52 |            - |              - |      0 |
|   60 | vm_mod_fused_nn_contrib_conv2d_winograd_without_weight_transform_3 |            - |              - |      0 |
|   61 |                         vm_mod_fused_nn_conv2d_add_nn_relu_27 |            - |              - |      0 |
|   62 |                          vm_mod_fused_nn_conv2d_add_nn_relu_2 |            - |              - |      0 |
|   63 |                         vm_mod_fused_nn_conv2d_add_nn_relu_34 |            - |              - |      0 |
|   64 |                         vm_mod_fused_nn_conv2d_add_nn_relu_41 |            - |              - |      0 |
|   65 |                                    vm_mod_fused_nn_max_pool2d |            - |              - |      0 |
|   66 |                         vm_mod_fused_nn_conv2d_add_nn_relu_16 |            - |              - |      0 |
|   67 |                         vm_mod_fused_nn_conv2d_add_nn_relu_23 |            - |              - |      0 |
|   68 |                         vm_mod_fused_nn_conv2d_add_nn_relu_30 |            - |              - |      0 |
----------------------------------------------------------------------
------------------------------  [ Search ]
----------------------------------------------------------------------
Generate Sketches		#s: 1
Sample Initial Population	#s: 74	fail_ct: 1974	Time elapsed: 5.51
GA Iter: 0	Max score: 0.9847	Min score: 0.1965	#Pop: 54	#M+: 0	#M-: 0
GA Iter: 4	Max score: 0.9998	Min score: 0.9913	#Pop: 54	#M+: 1391	#M-: 0
EvolutionarySearch		#s: 54	Time elapsed: 75.78
----------------------------------------------------------------------
------------------------------  [ Measure ]
----------------------------------------------------------------------
Get 27 programs to measure:
...........................*************************Eterminate called after throwing an instance of 'tvm::runtime::InternalError'
  what():  [12:03:44] /data3/qsy/complier/tlm/src/runtime/cuda/cuda_module.cc:61: CUDAError: cuModuleUnload(module_[i]) failed with error: CUDA_ERROR_MISALIGNED_ADDRESS
Stack trace:
  0: tvm::runtime::SimpleObjAllocator::Handler<tvm::runtime::CUDAModuleNode>::Deleter_(tvm::runtime::Object*)
  1: tvm::runtime::SimpleObjAllocator::Handler<tvm::runtime::LibraryModuleNode>::Deleter_(tvm::runtime::Object*)
  2: _ZN3tvm7runtime18SimpleObjAllocator7HandlerINS0_16PackedFuncS
  3: _ZN3tvm7runtime18SimpleObjAllocator7HandlerINS0_16PackedFuncSubObjIZNS0_9profiling17WrapTimeE
  4: TVMObjectFree
  5: __pyx_tp_dealloc_3tvm_4_ffi_4_cy3_4core_PackedFuncBase(_object*)
  6: subtype_dealloc
        at /usr/local/src/conda/python-3.10.18/Objects/typeobject.c:1460
  7: _Py_DECREF
        at /usr/local/src/conda/python-3.10.18/Include/object.h:500
  8: _Py_XDECREF
        at /usr/local/src/conda/python-3.10.18/Include/object.h:567
  9: cell_dealloc
        at /usr/local/src/conda/python-3.10.18/Objects/cellobject.c:82
  10: _Py_Dealloc
        at /usr/local/src/conda/python-3.10.18/Objects/object.c:2301
  11: _Py_DECREF
        at /usr/local/src/conda/python-3.10.18/Include/object.h:500
  12: _Py_XDECREF
        at /usr/local/src/conda/python-3.10.18/Include/object.h:567
  13: tupledealloc
        at /usr/local/src/conda/python-3.10.18/Objects/tupleobject.c:276
  14: _Py_Dealloc
        at /usr/local/src/conda/python-3.10.18/Objects/object.c:2301
  15: _Py_DECREF
        at /usr/local/src/conda/python-3.10.18/Include/object.h:500
  16: func_clear
        at /usr/local/src/conda/python-3.10.18/Objects/funcobject.c:636
  17: func_dealloc
        at /usr/local/src/conda/python-3.10.18/Objects/funcobject.c:648
  18: _Py_Dealloc
        at /usr/local/src/conda/python-3.10.18/Objects/object.c:2301
  19: _Py_DECREF
        at /usr/local/src/conda/python-3.10.18/Include/object.h:500
  20: frame_dealloc
        at /usr/local/src/conda/python-3.10.18/Objects/frameobject.c:591
  21: _Py_Dealloc
        at /usr/local/src/conda/python-3.10.18/Objects/object.c:2301
  22: _Py_DECREF
        at /usr/local/src/conda/python-3.10.18/Include/object.h:500
  23: _PyEval_Vector
        at /usr/local/src/conda/python-3.10.18/Python/ceval.c:5080
  24: _PyFunction_Vectorcall
        at /usr/local/src/conda/python-3.10.18/Objects/call.c:342
  25: do_call_core
        at /usr/local/src/conda/python-3.10.18/Python/ceval.c:5945
  26: _PyEval_EvalFrameDefault
        at /usr/local/src/conda/python-3.10.18/Python/ceval.c:4277
  27: _PyEval_EvalFrame
        at /usr/local/src/conda/python-3.10.18/Include/internal/pycore_ceval.h:46
  28: _PyEval_Vector
        at /usr/local/src/conda/python-3.10.18/Python/ceval.c:5067
  29: _PyFunction_Vectorcall
        at /usr/local/src/conda/python-3.10.18/Objects/call.c:342
  30: _PyObject_VectorcallTstate
        at /usr/local/src/conda/python-3.10.18/Include/cpython/abstract.h:114
  31: PyObject_Vectorcall
        at /usr/local/src/conda/python-3.10.18/Include/cpython/abstract.h:123
  32: call_function
        at /usr/local/src/conda/python-3.10.18/Python/ceval.c:5893
  33: _PyEval_EvalFrameDefault
        at /usr/local/src/conda/python-3.10.18/Python/ceval.c:4213
  34: _PyEval_EvalFrame
        at /usr/local/src/conda/python-3.10.18/Include/internal/pycore_ceval.h:46
  35: _PyEval_Vector
        at /usr/local/src/conda/python-3.10.18/Python/ceval.c:5067
  36: PyEval_EvalCode
        at /usr/local/src/conda/python-3.10.18/Python/ceval.c:1134
  37: builtin_exec_impl
        at /usr/local/src/conda/python-3.10.18/Python/bltinmodule.c:1058
  38: builtin_exec
        at /usr/local/src/conda/python-3.10.18/Python/clinic/bltinmodule.c.h:371
  39: cfunction_vectorcall_FASTCALL
        at /usr/local/src/conda/python-3.10.18/Objects/methodobject.c:430
  40: _PyObject_VectorcallTstate
        at /usr/local/src/conda/python-3.10.18/Include/cpython/abstract.h:114
  41: PyObject_Vectorcall
        at /usr/local/src/conda/python-3.10.18/Include/cpython/abstract.h:123
  42: call_function
        at /usr/local/src/conda/python-3.10.18/Python/ceval.c:5893
  43: _PyEval_EvalFrameDefault
        at /usr/local/src/conda/python-3.10.18/Python/ceval.c:4213
  44: _PyEval_EvalFrame
        at /usr/local/src/conda/python-3.10.18/Include/internal/pycore_ceval.h:46
  45: _PyEval_Vector
        at /usr/local/src/conda/python-3.10.18/Python/ceval.c:5067
  46: _PyFunction_Vectorcall
        at /usr/local/src/conda/python-3.10.18/Objects/call.c:342
  47: _PyObject_VectorcallTstate
        at /usr/local/src/conda/python-3.10.18/Include/cpython/abstract.h:114
  48: PyObject_Vectorcall
        at /usr/local/src/conda/python-3.10.18/Include/cpython/abstract.h:123
  49: call_function
        at /usr/local/src/conda/python-3.10.18/Python/ceval.c:5893
  50: _PyEval_EvalFrameDefault
        at /usr/local/src/conda/python-3.10.18/Python/ceval.c:4213
  51: _PyEval_EvalFrame
        at /usr/local/src/conda/python-3.10.18/Include/internal/pycore_ceval.h:46
  52: _PyEval_Vector
        at /usr/local/src/conda/python-3.10.18/Python/ceval.c:5067
  53: _PyFunction_Vectorcall
        at /usr/local/src/conda/python-3.10.18/Objects/call.c:342
  54: pymain_run_module
        at /usr/local/src/conda/python-3.10.18/Modules/main.c:297
  55: pymain_run_python
        at /usr/local/src/conda/python-3.10.18/Modules/main.c:589
  56: Py_RunMain
        at /usr/local/src/conda/python-3.10.18/Modules/main.c:674
  57: Py_BytesMain
        at /usr/local/src/conda/python-3.10.18/Modules/main.c:1094
  58: __libc_start_main
        at ../csu/libc-start.c:308
  59: 0x000000000058728d
  60: 0xffffffffffffffff


|   69 |                          vm_mod_fused_nn_conv2d_add_nn_relu_9 |            - |              - |      0 |
|   70 |                         vm_mod_fused_nn_conv2d_add_nn_relu_12 |            - |              - |      0 |
|   71 |                         vm_mod_fused_nn_conv2d_add_nn_relu_57 |            - |              - |      0 |
-----------------------------------------------------------------------------------------------------------------
Estimated total latency: - ms	Trials: 351	Used time : 1135 s	Next ID: 13	
*E**
Time elapsed for measurement: 14.50 s
----------------------------------------------------------------------
------------------------------  [ Train cost model ]
----------------------------------------------------------------------
Time elapsed for training: 0.00 s
----------------------------------------------------------------------
------------------------------  [ Task Scheduler ]
----------------------------------------------------------------------
|  ID  |                       Task Description                        | Latency (ms) | Speed (GFLOPS) | Trials |
-----------------------------------------------------------------------------------------------------------------
|    0 |                          vm_mod_fused_nn_conv2d_add_nn_relu_5 |        0.015 |       10334.05 |     27 |
|    1 |                         vm_mod_fused_nn_conv2d_add_nn_relu_39 |        0.015 |        3095.64 |     27 |
|    2 |                         vm_mod_fused_nn_conv2d_add_nn_relu_46 |        0.014 |         528.26 |     27 |
|    3 |                                        vm_mod_fused_nn_conv2d |        0.015 |       13468.53 |     27 |
|    4 |                         vm_mod_fused_nn_conv2d_add_nn_relu_53 |        0.014 |         728.20 |     27 |
|    5 |                         vm_mod_fused_nn_conv2d_add_nn_relu_28 |        0.009 |        3215.30 |     27 |
|    6 |                                  vm_mod_fused_nn_avg_pool2d_2 |        0.004 |          28.91 |     27 |
|    7 |                         vm_mod_fused_nn_conv2d_add_nn_relu_35 |        0.020 |        1901.59 |     27 |
|    8 |                         vm_mod_fused_nn_conv2d_add_nn_relu_42 |        0.026 |        1935.67 |     27 |
|    9 |                         vm_mod_fused_nn_conv2d_add_nn_relu_17 |        0.012 |        7548.90 |     27 |
|   10 |                          vm_mod_fused_nn_conv2d_add_nn_relu_1 |        0.005 |        9731.76 |     27 |
|   11 |                         vm_mod_fused_nn_conv2d_add_nn_relu_24 |        0.011 |        1904.04 |     27 |
|   12 |                                     vm_mod_fused_nn_dense_add |        0.008 |         245.77 |     27 |
|   13 |                         vm_mod_fused_nn_conv2d_add_nn_relu_31 |        0.016 |        2073.86 |     27 |
|   14 |                         vm_mod_fused_nn_conv2d_add_nn_relu_13 |            - |              - |      0 |
|   15 |                         vm_mod_fused_nn_conv2d_add_nn_relu_20 |            - |              - |      0 |
|   16 |                          vm_mod_fused_nn_conv2d_add_nn_relu_8 |            - |              - |      0 |
|   17 |                         vm_mod_fused_nn_conv2d_add_nn_relu_58 |            - |              - |      0 |
|   18 |                         vm_mod_fused_nn_conv2d_add_nn_relu_47 |            - |              - |      0 |
|   19 |                          vm_mod_fused_nn_conv2d_add_nn_relu_4 |            - |              - |      0 |
|   20 |                         vm_mod_fused_nn_conv2d_add_nn_relu_29 |            - |              - |      0 |
|   21 |                         vm_mod_fused_nn_conv2d_add_nn_relu_54 |            - |              - |      0 |
|   22 |                         vm_mod_fused_nn_conv2d_add_nn_relu_36 |            - |              - |      0 |
|   23 |                         vm_mod_fused_nn_conv2d_add_nn_relu_43 |            - |              - |      0 |
|   24 |                         vm_mod_fused_nn_conv2d_add_nn_relu_18 |            - |              - |      0 |
|   25 |                         vm_mod_fused_nn_conv2d_add_nn_relu_50 |            - |              - |      0 |
|   26 |                                  vm_mod_fused_nn_avg_pool2d_1 |            - |              - |      0 |
|   27 |                         vm_mod_fused_nn_conv2d_add_nn_relu_25 |            - |              - |      0 |
|   28 |                         vm_mod_fused_nn_conv2d_add_nn_relu_32 |            - |              - |      0 |
|   29 | vm_mod_fused_nn_contrib_conv2d_winograd_without_weight_transform_1 |            - |              - |      0 |
|   30 |                                      vm_mod_fused_nn_conv2d_1 |            - |              - |      0 |
|   31 |                         vm_mod_fused_nn_conv2d_add_nn_relu_14 |            - |              - |      0 |
|   32 |                         vm_mod_fused_nn_conv2d_add_nn_relu_21 |            - |              - |      0 |
|   33 |                            vm_mod_fused_nn_conv2d_add_nn_relu |            - |              - |      0 |
|   34 |                         vm_mod_fused_nn_conv2d_add_nn_relu_10 |            - |              - |      0 |
|   35 |                          vm_mod_fused_nn_conv2d_add_nn_relu_7 |            - |              - |      0 |
|   36 | vm_mod_fused_nn_contrib_conv2d_winograd_without_weight_transform |            - |              - |      0 |
|   37 |                         vm_mod_fused_nn_conv2d_add_nn_relu_48 |            - |              - |      0 |
|   38 |                         vm_mod_fused_nn_conv2d_add_nn_relu_55 |            - |              - |      0 |
|   39 |                         vm_mod_fused_nn_conv2d_add_nn_relu_37 |            - |              - |      0 |
|   40 |                         vm_mod_fused_nn_conv2d_add_nn_relu_44 |            - |              - |      0 |
|   41 |                         vm_mod_fused_nn_conv2d_add_nn_relu_19 |            - |              - |      0 |
|   42 |                          vm_mod_fused_nn_conv2d_add_nn_relu_3 |            - |              - |      0 |
|   43 |                         vm_mod_fused_nn_conv2d_add_nn_relu_51 |            - |              - |      0 |
|   44 |                         vm_mod_fused_nn_conv2d_add_nn_relu_26 |            - |              - |      0 |
|   45 | vm_mod_fused_nn_contrib_conv2d_winograd_without_weight_transform_2 |            - |              - |      0 |
|   46 |                         vm_mod_fused_nn_conv2d_add_nn_relu_33 |            - |              - |      0 |
|   47 |                         vm_mod_fused_nn_conv2d_add_nn_relu_40 |            - |              - |      0 |
|   48 |                           vm_mod_fused_nn_adaptive_avg_pool2d |            - |              - |      0 |
|   49 |                         vm_mod_fused_nn_conv2d_add_nn_relu_15 |            - |              - |      0 |
|   50 |                         vm_mod_fused_nn_conv2d_add_nn_relu_22 |            - |              - |      0 |
|   51 |                                    vm_mod_fused_nn_avg_pool2d |            - |              - |      0 |
|   52 |                         vm_mod_fused_nn_conv2d_add_nn_relu_11 |            - |              - |      0 |
|   53 |                                      vm_mod_fused_nn_conv2d_2 |            - |              - |      0 |
|   54 |                          vm_mod_fused_nn_conv2d_add_nn_relu_6 |            - |              - |      0 |
|   55 |                         vm_mod_fused_nn_conv2d_add_nn_relu_49 |            - |              - |      0 |
|   56 |                         vm_mod_fused_nn_conv2d_add_nn_relu_56 |            - |              - |      0 |
|   57 |                         vm_mod_fused_nn_conv2d_add_nn_relu_38 |            - |              - |      0 |
|   58 |                         vm_mod_fused_nn_conv2d_add_nn_relu_45 |            - |              - |      0 |
|   59 |                         vm_mod_fused_nn_conv2d_add_nn_relu_52 |            - |              - |      0 |
|   60 | vm_mod_fused_nn_contrib_conv2d_winograd_without_weight_transform_3 |            - |              - |      0 |
|   61 |                         vm_mod_fused_nn_conv2d_add_nn_relu_27 |            - |              - |      0 |
|   62 |                          vm_mod_fused_nn_conv2d_add_nn_relu_2 |            - |              - |      0 |
|   63 |                         vm_mod_fused_nn_conv2d_add_nn_relu_34 |            - |              - |      0 |
|   64 |                         vm_mod_fused_nn_conv2d_add_nn_relu_41 |            - |              - |      0 |
|   65 |                                    vm_mod_fused_nn_max_pool2d |            - |              - |      0 |
|   66 |                         vm_mod_fused_nn_conv2d_add_nn_relu_16 |            - |              - |      0 |
|   67 |                         vm_mod_fused_nn_conv2d_add_nn_relu_23 |            - |              - |      0 |
|   68 |                         vm_mod_fused_nn_conv2d_add_nn_relu_30 |            - |              - |      0 |
----------------------------------------------------------------------
------------------------------  [ Search ]
----------------------------------------------------------------------
Generate Sketches		#s: 1
Sample Initial Population	#s: 93	fail_ct: 1955	Time elapsed: 6.74
GA Iter: 0	Max score: 0.9979	Min score: 0.4226	#Pop: 54	#M+: 0	#M-: 0
GA Iter: 4	Max score: 0.9998	Min score: 0.9931	#Pop: 54	#M+: 1395	#M-: 0
EvolutionarySearch		#s: 54	Time elapsed: 78.26
----------------------------------------------------------------------
------------------------------  [ Measure ]
----------------------------------------------------------------------
Get 27 programs to measure:
...........................***************************|   69 |                          vm_mod_fused_nn_conv2d_add_nn_relu_9 |            - |              - |      0 |
|   70 |                         vm_mod_fused_nn_conv2d_add_nn_relu_12 |            - |              - |      0 |
|   71 |                         vm_mod_fused_nn_conv2d_add_nn_relu_57 |            - |              - |      0 |
-----------------------------------------------------------------------------------------------------------------
Estimated total latency: - ms	Trials: 378	Used time : 1231 s	Next ID: 14	

Time elapsed for measurement: 14.45 s
----------------------------------------------------------------------
------------------------------  [ Train cost model ]
----------------------------------------------------------------------
Time elapsed for training: 0.73 s
----------------------------------------------------------------------
------------------------------  [ Task Scheduler ]
----------------------------------------------------------------------
|  ID  |                       Task Description                        | Latency (ms) | Speed (GFLOPS) | Trials |
-----------------------------------------------------------------------------------------------------------------
|    0 |                          vm_mod_fused_nn_conv2d_add_nn_relu_5 |        0.015 |       10334.05 |     27 |
|    1 |                         vm_mod_fused_nn_conv2d_add_nn_relu_39 |        0.015 |        3095.64 |     27 |
|    2 |                         vm_mod_fused_nn_conv2d_add_nn_relu_46 |        0.014 |         528.26 |     27 |
|    3 |                                        vm_mod_fused_nn_conv2d |        0.015 |       13468.53 |     27 |
|    4 |                         vm_mod_fused_nn_conv2d_add_nn_relu_53 |        0.014 |         728.20 |     27 |
|    5 |                         vm_mod_fused_nn_conv2d_add_nn_relu_28 |        0.009 |        3215.30 |     27 |
|    6 |                                  vm_mod_fused_nn_avg_pool2d_2 |        0.004 |          28.91 |     27 |
|    7 |                         vm_mod_fused_nn_conv2d_add_nn_relu_35 |        0.020 |        1901.59 |     27 |
|    8 |                         vm_mod_fused_nn_conv2d_add_nn_relu_42 |        0.026 |        1935.67 |     27 |
|    9 |                         vm_mod_fused_nn_conv2d_add_nn_relu_17 |        0.012 |        7548.90 |     27 |
|   10 |                          vm_mod_fused_nn_conv2d_add_nn_relu_1 |        0.005 |        9731.76 |     27 |
|   11 |                         vm_mod_fused_nn_conv2d_add_nn_relu_24 |        0.011 |        1904.04 |     27 |
|   12 |                                     vm_mod_fused_nn_dense_add |        0.008 |         245.77 |     27 |
|   13 |                         vm_mod_fused_nn_conv2d_add_nn_relu_31 |        0.016 |        2073.86 |     27 |
|   14 |                         vm_mod_fused_nn_conv2d_add_nn_relu_13 |        0.012 |        5442.85 |     27 |
|   15 |                         vm_mod_fused_nn_conv2d_add_nn_relu_20 |            - |              - |      0 |
|   16 |                          vm_mod_fused_nn_conv2d_add_nn_relu_8 |            - |              - |      0 |
|   17 |                         vm_mod_fused_nn_conv2d_add_nn_relu_58 |            - |              - |      0 |
|   18 |                         vm_mod_fused_nn_conv2d_add_nn_relu_47 |            - |              - |      0 |
|   19 |                          vm_mod_fused_nn_conv2d_add_nn_relu_4 |            - |              - |      0 |
|   20 |                         vm_mod_fused_nn_conv2d_add_nn_relu_29 |            - |              - |      0 |
|   21 |                         vm_mod_fused_nn_conv2d_add_nn_relu_54 |            - |              - |      0 |
|   22 |                         vm_mod_fused_nn_conv2d_add_nn_relu_36 |            - |              - |      0 |
|   23 |                         vm_mod_fused_nn_conv2d_add_nn_relu_43 |            - |              - |      0 |
|   24 |                         vm_mod_fused_nn_conv2d_add_nn_relu_18 |            - |              - |      0 |
|   25 |                         vm_mod_fused_nn_conv2d_add_nn_relu_50 |            - |              - |      0 |
|   26 |                                  vm_mod_fused_nn_avg_pool2d_1 |            - |              - |      0 |
|   27 |                         vm_mod_fused_nn_conv2d_add_nn_relu_25 |            - |              - |      0 |
|   28 |                         vm_mod_fused_nn_conv2d_add_nn_relu_32 |            - |              - |      0 |
|   29 | vm_mod_fused_nn_contrib_conv2d_winograd_without_weight_transform_1 |            - |              - |      0 |
|   30 |                                      vm_mod_fused_nn_conv2d_1 |            - |              - |      0 |
|   31 |                         vm_mod_fused_nn_conv2d_add_nn_relu_14 |            - |              - |      0 |
|   32 |                         vm_mod_fused_nn_conv2d_add_nn_relu_21 |            - |              - |      0 |
|   33 |                            vm_mod_fused_nn_conv2d_add_nn_relu |            - |              - |      0 |
|   34 |                         vm_mod_fused_nn_conv2d_add_nn_relu_10 |            - |              - |      0 |
|   35 |                          vm_mod_fused_nn_conv2d_add_nn_relu_7 |            - |              - |      0 |
|   36 | vm_mod_fused_nn_contrib_conv2d_winograd_without_weight_transform |            - |              - |      0 |
|   37 |                         vm_mod_fused_nn_conv2d_add_nn_relu_48 |            - |              - |      0 |
|   38 |                         vm_mod_fused_nn_conv2d_add_nn_relu_55 |            - |              - |      0 |
|   39 |                         vm_mod_fused_nn_conv2d_add_nn_relu_37 |            - |              - |      0 |
|   40 |                         vm_mod_fused_nn_conv2d_add_nn_relu_44 |            - |              - |      0 |
|   41 |                         vm_mod_fused_nn_conv2d_add_nn_relu_19 |            - |              - |      0 |
|   42 |                          vm_mod_fused_nn_conv2d_add_nn_relu_3 |            - |              - |      0 |
|   43 |                         vm_mod_fused_nn_conv2d_add_nn_relu_51 |            - |              - |      0 |
|   44 |                         vm_mod_fused_nn_conv2d_add_nn_relu_26 |            - |              - |      0 |
|   45 | vm_mod_fused_nn_contrib_conv2d_winograd_without_weight_transform_2 |            - |              - |      0 |
|   46 |                         vm_mod_fused_nn_conv2d_add_nn_relu_33 |            - |              - |      0 |
|   47 |                         vm_mod_fused_nn_conv2d_add_nn_relu_40 |            - |              - |      0 |
|   48 |                           vm_mod_fused_nn_adaptive_avg_pool2d |            - |              - |      0 |
|   49 |                         vm_mod_fused_nn_conv2d_add_nn_relu_15 |            - |              - |      0 |
|   50 |                         vm_mod_fused_nn_conv2d_add_nn_relu_22 |            - |              - |      0 |
|   51 |                                    vm_mod_fused_nn_avg_pool2d |            - |              - |      0 |
|   52 |                         vm_mod_fused_nn_conv2d_add_nn_relu_11 |            - |              - |      0 |
|   53 |                                      vm_mod_fused_nn_conv2d_2 |            - |              - |      0 |
|   54 |                          vm_mod_fused_nn_conv2d_add_nn_relu_6 |            - |              - |      0 |
|   55 |                         vm_mod_fused_nn_conv2d_add_nn_relu_49 |            - |              - |      0 |
|   56 |                         vm_mod_fused_nn_conv2d_add_nn_relu_56 |            - |              - |      0 |
|   57 |                         vm_mod_fused_nn_conv2d_add_nn_relu_38 |            - |              - |      0 |
|   58 |                         vm_mod_fused_nn_conv2d_add_nn_relu_45 |            - |              - |      0 |
|   59 |                         vm_mod_fused_nn_conv2d_add_nn_relu_52 |            - |              - |      0 |
|   60 | vm_mod_fused_nn_contrib_conv2d_winograd_without_weight_transform_3 |            - |              - |      0 |
|   61 |                         vm_mod_fused_nn_conv2d_add_nn_relu_27 |            - |              - |      0 |
|   62 |                          vm_mod_fused_nn_conv2d_add_nn_relu_2 |            - |              - |      0 |
|   63 |                         vm_mod_fused_nn_conv2d_add_nn_relu_34 |            - |              - |      0 |
|   64 |                         vm_mod_fused_nn_conv2d_add_nn_relu_41 |            - |              - |      0 |
|   65 |                                    vm_mod_fused_nn_max_pool2d |            - |              - |      0 |
|   66 |                         vm_mod_fused_nn_conv2d_add_nn_relu_16 |            - |              - |      0 |
|   67 |                         vm_mod_fused_nn_conv2d_add_nn_relu_23 |            - |              - |      0 |
|   68 |                         vm_mod_fused_nn_conv2d_add_nn_relu_30 |            - |              - |      0 |
----------------------------------------------------------------------
------------------------------  [ Search ]
----------------------------------------------------------------------
Generate Sketches		#s: 1
Sample Initial Population	#s: 122	fail_ct: 1926	Time elapsed: 5.93
GA Iter: 0	Max score: 0.9913	Min score: 0.4919	#Pop: 54	#M+: 0	#M-: 0
GA Iter: 4	Max score: 0.9997	Min score: 0.9930	#Pop: 54	#M+: 1390	#M-: 0
EvolutionarySearch		#s: 54	Time elapsed: 74.24
----------------------------------------------------------------------
------------------------------  [ Measure ]
----------------------------------------------------------------------
Get 27 programs to measure:
...........................***************************|   69 |                          vm_mod_fused_nn_conv2d_add_nn_relu_9 |            - |              - |      0 |
|   70 |                         vm_mod_fused_nn_conv2d_add_nn_relu_12 |            - |              - |      0 |
|   71 |                         vm_mod_fused_nn_conv2d_add_nn_relu_57 |            - |              - |      0 |
-----------------------------------------------------------------------------------------------------------------
Estimated total latency: - ms	Trials: 405	Used time : 1332 s	Next ID: 15	

Time elapsed for measurement: 16.47 s
----------------------------------------------------------------------
------------------------------  [ Train cost model ]
----------------------------------------------------------------------
Time elapsed for training: 0.00 s
----------------------------------------------------------------------
------------------------------  [ Task Scheduler ]
----------------------------------------------------------------------
|  ID  |                       Task Description                        | Latency (ms) | Speed (GFLOPS) | Trials |
-----------------------------------------------------------------------------------------------------------------
|    0 |                          vm_mod_fused_nn_conv2d_add_nn_relu_5 |        0.015 |       10334.05 |     27 |
|    1 |                         vm_mod_fused_nn_conv2d_add_nn_relu_39 |        0.015 |        3095.64 |     27 |
|    2 |                         vm_mod_fused_nn_conv2d_add_nn_relu_46 |        0.014 |         528.26 |     27 |
|    3 |                                        vm_mod_fused_nn_conv2d |        0.015 |       13468.53 |     27 |
|    4 |                         vm_mod_fused_nn_conv2d_add_nn_relu_53 |        0.014 |         728.20 |     27 |
|    5 |                         vm_mod_fused_nn_conv2d_add_nn_relu_28 |        0.009 |        3215.30 |     27 |
|    6 |                                  vm_mod_fused_nn_avg_pool2d_2 |        0.004 |          28.91 |     27 |
|    7 |                         vm_mod_fused_nn_conv2d_add_nn_relu_35 |        0.020 |        1901.59 |     27 |
|    8 |                         vm_mod_fused_nn_conv2d_add_nn_relu_42 |        0.026 |        1935.67 |     27 |
|    9 |                         vm_mod_fused_nn_conv2d_add_nn_relu_17 |        0.012 |        7548.90 |     27 |
|   10 |                          vm_mod_fused_nn_conv2d_add_nn_relu_1 |        0.005 |        9731.76 |     27 |
|   11 |                         vm_mod_fused_nn_conv2d_add_nn_relu_24 |        0.011 |        1904.04 |     27 |
|   12 |                                     vm_mod_fused_nn_dense_add |        0.008 |         245.77 |     27 |
|   13 |                         vm_mod_fused_nn_conv2d_add_nn_relu_31 |        0.016 |        2073.86 |     27 |
|   14 |                         vm_mod_fused_nn_conv2d_add_nn_relu_13 |        0.012 |        5442.85 |     27 |
|   15 |                         vm_mod_fused_nn_conv2d_add_nn_relu_20 |        0.006 |        2322.88 |     27 |
|   16 |                          vm_mod_fused_nn_conv2d_add_nn_relu_8 |            - |              - |      0 |
|   17 |                         vm_mod_fused_nn_conv2d_add_nn_relu_58 |            - |              - |      0 |
|   18 |                         vm_mod_fused_nn_conv2d_add_nn_relu_47 |            - |              - |      0 |
|   19 |                          vm_mod_fused_nn_conv2d_add_nn_relu_4 |            - |              - |      0 |
|   20 |                         vm_mod_fused_nn_conv2d_add_nn_relu_29 |            - |              - |      0 |
|   21 |                         vm_mod_fused_nn_conv2d_add_nn_relu_54 |            - |              - |      0 |
|   22 |                         vm_mod_fused_nn_conv2d_add_nn_relu_36 |            - |              - |      0 |
|   23 |                         vm_mod_fused_nn_conv2d_add_nn_relu_43 |            - |              - |      0 |
|   24 |                         vm_mod_fused_nn_conv2d_add_nn_relu_18 |            - |              - |      0 |
|   25 |                         vm_mod_fused_nn_conv2d_add_nn_relu_50 |            - |              - |      0 |
|   26 |                                  vm_mod_fused_nn_avg_pool2d_1 |            - |              - |      0 |
|   27 |                         vm_mod_fused_nn_conv2d_add_nn_relu_25 |            - |              - |      0 |
|   28 |                         vm_mod_fused_nn_conv2d_add_nn_relu_32 |            - |              - |      0 |
|   29 | vm_mod_fused_nn_contrib_conv2d_winograd_without_weight_transform_1 |            - |              - |      0 |
|   30 |                                      vm_mod_fused_nn_conv2d_1 |            - |              - |      0 |
|   31 |                         vm_mod_fused_nn_conv2d_add_nn_relu_14 |            - |              - |      0 |
|   32 |                         vm_mod_fused_nn_conv2d_add_nn_relu_21 |            - |              - |      0 |
|   33 |                            vm_mod_fused_nn_conv2d_add_nn_relu |            - |              - |      0 |
|   34 |                         vm_mod_fused_nn_conv2d_add_nn_relu_10 |            - |              - |      0 |
|   35 |                          vm_mod_fused_nn_conv2d_add_nn_relu_7 |            - |              - |      0 |
|   36 | vm_mod_fused_nn_contrib_conv2d_winograd_without_weight_transform |            - |              - |      0 |
|   37 |                         vm_mod_fused_nn_conv2d_add_nn_relu_48 |            - |              - |      0 |
|   38 |                         vm_mod_fused_nn_conv2d_add_nn_relu_55 |            - |              - |      0 |
|   39 |                         vm_mod_fused_nn_conv2d_add_nn_relu_37 |            - |              - |      0 |
|   40 |                         vm_mod_fused_nn_conv2d_add_nn_relu_44 |            - |              - |      0 |
|   41 |                         vm_mod_fused_nn_conv2d_add_nn_relu_19 |            - |              - |      0 |
|   42 |                          vm_mod_fused_nn_conv2d_add_nn_relu_3 |            - |              - |      0 |
|   43 |                         vm_mod_fused_nn_conv2d_add_nn_relu_51 |            - |              - |      0 |
|   44 |                         vm_mod_fused_nn_conv2d_add_nn_relu_26 |            - |              - |      0 |
|   45 | vm_mod_fused_nn_contrib_conv2d_winograd_without_weight_transform_2 |            - |              - |      0 |
|   46 |                         vm_mod_fused_nn_conv2d_add_nn_relu_33 |            - |              - |      0 |
|   47 |                         vm_mod_fused_nn_conv2d_add_nn_relu_40 |            - |              - |      0 |
|   48 |                           vm_mod_fused_nn_adaptive_avg_pool2d |            - |              - |      0 |
|   49 |                         vm_mod_fused_nn_conv2d_add_nn_relu_15 |            - |              - |      0 |
|   50 |                         vm_mod_fused_nn_conv2d_add_nn_relu_22 |            - |              - |      0 |
|   51 |                                    vm_mod_fused_nn_avg_pool2d |            - |              - |      0 |
|   52 |                         vm_mod_fused_nn_conv2d_add_nn_relu_11 |            - |              - |      0 |
|   53 |                                      vm_mod_fused_nn_conv2d_2 |            - |              - |      0 |
|   54 |                          vm_mod_fused_nn_conv2d_add_nn_relu_6 |            - |              - |      0 |
|   55 |                         vm_mod_fused_nn_conv2d_add_nn_relu_49 |            - |              - |      0 |
|   56 |                         vm_mod_fused_nn_conv2d_add_nn_relu_56 |            - |              - |      0 |
|   57 |                         vm_mod_fused_nn_conv2d_add_nn_relu_38 |            - |              - |      0 |
|   58 |                         vm_mod_fused_nn_conv2d_add_nn_relu_45 |            - |              - |      0 |
|   59 |                         vm_mod_fused_nn_conv2d_add_nn_relu_52 |            - |              - |      0 |
|   60 | vm_mod_fused_nn_contrib_conv2d_winograd_without_weight_transform_3 |            - |              - |      0 |
|   61 |                         vm_mod_fused_nn_conv2d_add_nn_relu_27 |            - |              - |      0 |
|   62 |                          vm_mod_fused_nn_conv2d_add_nn_relu_2 |            - |              - |      0 |
|   63 |                         vm_mod_fused_nn_conv2d_add_nn_relu_34 |            - |              - |      0 |
|   64 |                         vm_mod_fused_nn_conv2d_add_nn_relu_41 |            - |              - |      0 |
|   65 |                                    vm_mod_fused_nn_max_pool2d |            - |              - |      0 |
|   66 |                         vm_mod_fused_nn_conv2d_add_nn_relu_16 |            - |              - |      0 |
|   67 |                         vm_mod_fused_nn_conv2d_add_nn_relu_23 |            - |              - |      0 |
|   68 |                         vm_mod_fused_nn_conv2d_add_nn_relu_30 |            - |              - |      0 |
----------------------------------------------------------------------
------------------------------  [ Search ]
----------------------------------------------------------------------
Generate Sketches		#s: 1
Sample Initial Population	#s: 91	fail_ct: 1957	Time elapsed: 6.27
GA Iter: 0	Max score: 0.9976	Min score: 0.3799	#Pop: 54	#M+: 0	#M-: 0
GA Iter: 4	Max score: 0.9997	Min score: 0.9909	#Pop: 54	#M+: 1396	#M-: 0
EvolutionarySearch		#s: 54	Time elapsed: 78.70
----------------------------------------------------------------------
------------------------------  [ Measure ]
----------------------------------------------------------------------
Get 27 programs to measure:
...........................***************************|   69 |                          vm_mod_fused_nn_conv2d_add_nn_relu_9 |            - |              - |      0 |
|   70 |                         vm_mod_fused_nn_conv2d_add_nn_relu_12 |            - |              - |      0 |
|   71 |                         vm_mod_fused_nn_conv2d_add_nn_relu_57 |            - |              - |      0 |
-----------------------------------------------------------------------------------------------------------------
Estimated total latency: - ms	Trials: 432	Used time : 1428 s	Next ID: 16	

Time elapsed for measurement: 12.92 s
----------------------------------------------------------------------
------------------------------  [ Train cost model ]
----------------------------------------------------------------------
Time elapsed for training: 0.00 s
----------------------------------------------------------------------
------------------------------  [ Task Scheduler ]
----------------------------------------------------------------------
|  ID  |                       Task Description                        | Latency (ms) | Speed (GFLOPS) | Trials |
-----------------------------------------------------------------------------------------------------------------
|    0 |                          vm_mod_fused_nn_conv2d_add_nn_relu_5 |        0.015 |       10334.05 |     27 |
|    1 |                         vm_mod_fused_nn_conv2d_add_nn_relu_39 |        0.015 |        3095.64 |     27 |
|    2 |                         vm_mod_fused_nn_conv2d_add_nn_relu_46 |        0.014 |         528.26 |     27 |
|    3 |                                        vm_mod_fused_nn_conv2d |        0.015 |       13468.53 |     27 |
|    4 |                         vm_mod_fused_nn_conv2d_add_nn_relu_53 |        0.014 |         728.20 |     27 |
|    5 |                         vm_mod_fused_nn_conv2d_add_nn_relu_28 |        0.009 |        3215.30 |     27 |
|    6 |                                  vm_mod_fused_nn_avg_pool2d_2 |        0.004 |          28.91 |     27 |
|    7 |                         vm_mod_fused_nn_conv2d_add_nn_relu_35 |        0.020 |        1901.59 |     27 |
|    8 |                         vm_mod_fused_nn_conv2d_add_nn_relu_42 |        0.026 |        1935.67 |     27 |
|    9 |                         vm_mod_fused_nn_conv2d_add_nn_relu_17 |        0.012 |        7548.90 |     27 |
|   10 |                          vm_mod_fused_nn_conv2d_add_nn_relu_1 |        0.005 |        9731.76 |     27 |
|   11 |                         vm_mod_fused_nn_conv2d_add_nn_relu_24 |        0.011 |        1904.04 |     27 |
|   12 |                                     vm_mod_fused_nn_dense_add |        0.008 |         245.77 |     27 |
|   13 |                         vm_mod_fused_nn_conv2d_add_nn_relu_31 |        0.016 |        2073.86 |     27 |
|   14 |                         vm_mod_fused_nn_conv2d_add_nn_relu_13 |        0.012 |        5442.85 |     27 |
|   15 |                         vm_mod_fused_nn_conv2d_add_nn_relu_20 |        0.006 |        2322.88 |     27 |
|   16 |                          vm_mod_fused_nn_conv2d_add_nn_relu_8 |        0.007 |        4756.00 |     27 |
|   17 |                         vm_mod_fused_nn_conv2d_add_nn_relu_58 |            - |              - |      0 |
|   18 |                         vm_mod_fused_nn_conv2d_add_nn_relu_47 |            - |              - |      0 |
|   19 |                          vm_mod_fused_nn_conv2d_add_nn_relu_4 |            - |              - |      0 |
|   20 |                         vm_mod_fused_nn_conv2d_add_nn_relu_29 |            - |              - |      0 |
|   21 |                         vm_mod_fused_nn_conv2d_add_nn_relu_54 |            - |              - |      0 |
|   22 |                         vm_mod_fused_nn_conv2d_add_nn_relu_36 |            - |              - |      0 |
|   23 |                         vm_mod_fused_nn_conv2d_add_nn_relu_43 |            - |              - |      0 |
|   24 |                         vm_mod_fused_nn_conv2d_add_nn_relu_18 |            - |              - |      0 |
|   25 |                         vm_mod_fused_nn_conv2d_add_nn_relu_50 |            - |              - |      0 |
|   26 |                                  vm_mod_fused_nn_avg_pool2d_1 |            - |              - |      0 |
|   27 |                         vm_mod_fused_nn_conv2d_add_nn_relu_25 |            - |              - |      0 |
|   28 |                         vm_mod_fused_nn_conv2d_add_nn_relu_32 |            - |              - |      0 |
|   29 | vm_mod_fused_nn_contrib_conv2d_winograd_without_weight_transform_1 |            - |              - |      0 |
|   30 |                                      vm_mod_fused_nn_conv2d_1 |            - |              - |      0 |
|   31 |                         vm_mod_fused_nn_conv2d_add_nn_relu_14 |            - |              - |      0 |
|   32 |                         vm_mod_fused_nn_conv2d_add_nn_relu_21 |            - |              - |      0 |
|   33 |                            vm_mod_fused_nn_conv2d_add_nn_relu |            - |              - |      0 |
|   34 |                         vm_mod_fused_nn_conv2d_add_nn_relu_10 |            - |              - |      0 |
|   35 |                          vm_mod_fused_nn_conv2d_add_nn_relu_7 |            - |              - |      0 |
|   36 | vm_mod_fused_nn_contrib_conv2d_winograd_without_weight_transform |            - |              - |      0 |
|   37 |                         vm_mod_fused_nn_conv2d_add_nn_relu_48 |            - |              - |      0 |
|   38 |                         vm_mod_fused_nn_conv2d_add_nn_relu_55 |            - |              - |      0 |
|   39 |                         vm_mod_fused_nn_conv2d_add_nn_relu_37 |            - |              - |      0 |
|   40 |                         vm_mod_fused_nn_conv2d_add_nn_relu_44 |            - |              - |      0 |
|   41 |                         vm_mod_fused_nn_conv2d_add_nn_relu_19 |            - |              - |      0 |
|   42 |                          vm_mod_fused_nn_conv2d_add_nn_relu_3 |            - |              - |      0 |
|   43 |                         vm_mod_fused_nn_conv2d_add_nn_relu_51 |            - |              - |      0 |
|   44 |                         vm_mod_fused_nn_conv2d_add_nn_relu_26 |            - |              - |      0 |
|   45 | vm_mod_fused_nn_contrib_conv2d_winograd_without_weight_transform_2 |            - |              - |      0 |
|   46 |                         vm_mod_fused_nn_conv2d_add_nn_relu_33 |            - |              - |      0 |
|   47 |                         vm_mod_fused_nn_conv2d_add_nn_relu_40 |            - |              - |      0 |
|   48 |                           vm_mod_fused_nn_adaptive_avg_pool2d |            - |              - |      0 |
|   49 |                         vm_mod_fused_nn_conv2d_add_nn_relu_15 |            - |              - |      0 |
|   50 |                         vm_mod_fused_nn_conv2d_add_nn_relu_22 |            - |              - |      0 |
|   51 |                                    vm_mod_fused_nn_avg_pool2d |            - |              - |      0 |
|   52 |                         vm_mod_fused_nn_conv2d_add_nn_relu_11 |            - |              - |      0 |
|   53 |                                      vm_mod_fused_nn_conv2d_2 |            - |              - |      0 |
|   54 |                          vm_mod_fused_nn_conv2d_add_nn_relu_6 |            - |              - |      0 |
|   55 |                         vm_mod_fused_nn_conv2d_add_nn_relu_49 |            - |              - |      0 |
|   56 |                         vm_mod_fused_nn_conv2d_add_nn_relu_56 |            - |              - |      0 |
|   57 |                         vm_mod_fused_nn_conv2d_add_nn_relu_38 |            - |              - |      0 |
|   58 |                         vm_mod_fused_nn_conv2d_add_nn_relu_45 |            - |              - |      0 |
|   59 |                         vm_mod_fused_nn_conv2d_add_nn_relu_52 |            - |              - |      0 |
|   60 | vm_mod_fused_nn_contrib_conv2d_winograd_without_weight_transform_3 |            - |              - |      0 |
|   61 |                         vm_mod_fused_nn_conv2d_add_nn_relu_27 |            - |              - |      0 |
|   62 |                          vm_mod_fused_nn_conv2d_add_nn_relu_2 |            - |              - |      0 |
|   63 |                         vm_mod_fused_nn_conv2d_add_nn_relu_34 |            - |              - |      0 |
|   64 |                         vm_mod_fused_nn_conv2d_add_nn_relu_41 |            - |              - |      0 |
|   65 |                                    vm_mod_fused_nn_max_pool2d |            - |              - |      0 |
|   66 |                         vm_mod_fused_nn_conv2d_add_nn_relu_16 |            - |              - |      0 |
|   67 |                         vm_mod_fused_nn_conv2d_add_nn_relu_23 |            - |              - |      0 |
|   68 |                         vm_mod_fused_nn_conv2d_add_nn_relu_30 |            - |              - |      0 |
----------------------------------------------------------------------
------------------------------  [ Search ]
----------------------------------------------------------------------
Generate Sketches		#s: 1
Sample Initial Population	#s: 77	fail_ct: 1971	Time elapsed: 4.86
GA Iter: 0	Max score: 0.9972	Min score: 0.3154	#Pop: 54	#M+: 0	#M-: 0
GA Iter: 4	Max score: 1.0000	Min score: 0.9926	#Pop: 54	#M+: 1393	#M-: 0
EvolutionarySearch		#s: 54	Time elapsed: 66.08
----------------------------------------------------------------------
------------------------------  [ Measure ]
----------------------------------------------------------------------
Get 27 programs to measure:
...........................***************************|   69 |                          vm_mod_fused_nn_conv2d_add_nn_relu_9 |            - |              - |      0 |
|   70 |                         vm_mod_fused_nn_conv2d_add_nn_relu_12 |            - |              - |      0 |
|   71 |                         vm_mod_fused_nn_conv2d_add_nn_relu_57 |            - |              - |      0 |
-----------------------------------------------------------------------------------------------------------------
Estimated total latency: - ms	Trials: 459	Used time : 1527 s	Next ID: 17	

Time elapsed for measurement: 15.03 s
----------------------------------------------------------------------
------------------------------  [ Train cost model ]
----------------------------------------------------------------------
Time elapsed for training: 1.02 s
----------------------------------------------------------------------
------------------------------  [ Task Scheduler ]
----------------------------------------------------------------------
|  ID  |                       Task Description                        | Latency (ms) | Speed (GFLOPS) | Trials |
-----------------------------------------------------------------------------------------------------------------
|    0 |                          vm_mod_fused_nn_conv2d_add_nn_relu_5 |        0.015 |       10334.05 |     27 |
|    1 |                         vm_mod_fused_nn_conv2d_add_nn_relu_39 |        0.015 |        3095.64 |     27 |
|    2 |                         vm_mod_fused_nn_conv2d_add_nn_relu_46 |        0.014 |         528.26 |     27 |
|    3 |                                        vm_mod_fused_nn_conv2d |        0.015 |       13468.53 |     27 |
|    4 |                         vm_mod_fused_nn_conv2d_add_nn_relu_53 |        0.014 |         728.20 |     27 |
|    5 |                         vm_mod_fused_nn_conv2d_add_nn_relu_28 |        0.009 |        3215.30 |     27 |
|    6 |                                  vm_mod_fused_nn_avg_pool2d_2 |        0.004 |          28.91 |     27 |
|    7 |                         vm_mod_fused_nn_conv2d_add_nn_relu_35 |        0.020 |        1901.59 |     27 |
|    8 |                         vm_mod_fused_nn_conv2d_add_nn_relu_42 |        0.026 |        1935.67 |     27 |
|    9 |                         vm_mod_fused_nn_conv2d_add_nn_relu_17 |        0.012 |        7548.90 |     27 |
|   10 |                          vm_mod_fused_nn_conv2d_add_nn_relu_1 |        0.005 |        9731.76 |     27 |
|   11 |                         vm_mod_fused_nn_conv2d_add_nn_relu_24 |        0.011 |        1904.04 |     27 |
|   12 |                                     vm_mod_fused_nn_dense_add |        0.008 |         245.77 |     27 |
|   13 |                         vm_mod_fused_nn_conv2d_add_nn_relu_31 |        0.016 |        2073.86 |     27 |
|   14 |                         vm_mod_fused_nn_conv2d_add_nn_relu_13 |        0.012 |        5442.85 |     27 |
|   15 |                         vm_mod_fused_nn_conv2d_add_nn_relu_20 |        0.006 |        2322.88 |     27 |
|   16 |                          vm_mod_fused_nn_conv2d_add_nn_relu_8 |        0.007 |        4756.00 |     27 |
|   17 |                         vm_mod_fused_nn_conv2d_add_nn_relu_58 |        0.014 |         915.17 |     27 |
|   18 |                         vm_mod_fused_nn_conv2d_add_nn_relu_47 |            - |              - |      0 |
|   19 |                          vm_mod_fused_nn_conv2d_add_nn_relu_4 |            - |              - |      0 |
|   20 |                         vm_mod_fused_nn_conv2d_add_nn_relu_29 |            - |              - |      0 |
|   21 |                         vm_mod_fused_nn_conv2d_add_nn_relu_54 |            - |              - |      0 |
|   22 |                         vm_mod_fused_nn_conv2d_add_nn_relu_36 |            - |              - |      0 |
|   23 |                         vm_mod_fused_nn_conv2d_add_nn_relu_43 |            - |              - |      0 |
|   24 |                         vm_mod_fused_nn_conv2d_add_nn_relu_18 |            - |              - |      0 |
|   25 |                         vm_mod_fused_nn_conv2d_add_nn_relu_50 |            - |              - |      0 |
|   26 |                                  vm_mod_fused_nn_avg_pool2d_1 |            - |              - |      0 |
|   27 |                         vm_mod_fused_nn_conv2d_add_nn_relu_25 |            - |              - |      0 |
|   28 |                         vm_mod_fused_nn_conv2d_add_nn_relu_32 |            - |              - |      0 |
|   29 | vm_mod_fused_nn_contrib_conv2d_winograd_without_weight_transform_1 |            - |              - |      0 |
|   30 |                                      vm_mod_fused_nn_conv2d_1 |            - |              - |      0 |
|   31 |                         vm_mod_fused_nn_conv2d_add_nn_relu_14 |            - |              - |      0 |
|   32 |                         vm_mod_fused_nn_conv2d_add_nn_relu_21 |            - |              - |      0 |
|   33 |                            vm_mod_fused_nn_conv2d_add_nn_relu |            - |              - |      0 |
|   34 |                         vm_mod_fused_nn_conv2d_add_nn_relu_10 |            - |              - |      0 |
|   35 |                          vm_mod_fused_nn_conv2d_add_nn_relu_7 |            - |              - |      0 |
|   36 | vm_mod_fused_nn_contrib_conv2d_winograd_without_weight_transform |            - |              - |      0 |
|   37 |                         vm_mod_fused_nn_conv2d_add_nn_relu_48 |            - |              - |      0 |
|   38 |                         vm_mod_fused_nn_conv2d_add_nn_relu_55 |            - |              - |      0 |
|   39 |                         vm_mod_fused_nn_conv2d_add_nn_relu_37 |            - |              - |      0 |
|   40 |                         vm_mod_fused_nn_conv2d_add_nn_relu_44 |            - |              - |      0 |
|   41 |                         vm_mod_fused_nn_conv2d_add_nn_relu_19 |            - |              - |      0 |
|   42 |                          vm_mod_fused_nn_conv2d_add_nn_relu_3 |            - |              - |      0 |
|   43 |                         vm_mod_fused_nn_conv2d_add_nn_relu_51 |            - |              - |      0 |
|   44 |                         vm_mod_fused_nn_conv2d_add_nn_relu_26 |            - |              - |      0 |
|   45 | vm_mod_fused_nn_contrib_conv2d_winograd_without_weight_transform_2 |            - |              - |      0 |
|   46 |                         vm_mod_fused_nn_conv2d_add_nn_relu_33 |            - |              - |      0 |
|   47 |                         vm_mod_fused_nn_conv2d_add_nn_relu_40 |            - |              - |      0 |
|   48 |                           vm_mod_fused_nn_adaptive_avg_pool2d |            - |              - |      0 |
|   49 |                         vm_mod_fused_nn_conv2d_add_nn_relu_15 |            - |              - |      0 |
|   50 |                         vm_mod_fused_nn_conv2d_add_nn_relu_22 |            - |              - |      0 |
|   51 |                                    vm_mod_fused_nn_avg_pool2d |            - |              - |      0 |
|   52 |                         vm_mod_fused_nn_conv2d_add_nn_relu_11 |            - |              - |      0 |
|   53 |                                      vm_mod_fused_nn_conv2d_2 |            - |              - |      0 |
|   54 |                          vm_mod_fused_nn_conv2d_add_nn_relu_6 |            - |              - |      0 |
|   55 |                         vm_mod_fused_nn_conv2d_add_nn_relu_49 |            - |              - |      0 |
|   56 |                         vm_mod_fused_nn_conv2d_add_nn_relu_56 |            - |              - |      0 |
|   57 |                         vm_mod_fused_nn_conv2d_add_nn_relu_38 |            - |              - |      0 |
|   58 |                         vm_mod_fused_nn_conv2d_add_nn_relu_45 |            - |              - |      0 |
|   59 |                         vm_mod_fused_nn_conv2d_add_nn_relu_52 |            - |              - |      0 |
|   60 | vm_mod_fused_nn_contrib_conv2d_winograd_without_weight_transform_3 |            - |              - |      0 |
|   61 |                         vm_mod_fused_nn_conv2d_add_nn_relu_27 |            - |              - |      0 |
|   62 |                          vm_mod_fused_nn_conv2d_add_nn_relu_2 |            - |              - |      0 |
|   63 |                         vm_mod_fused_nn_conv2d_add_nn_relu_34 |            - |              - |      0 |
|   64 |                         vm_mod_fused_nn_conv2d_add_nn_relu_41 |            - |              - |      0 |
|   65 |                                    vm_mod_fused_nn_max_pool2d |            - |              - |      0 |
|   66 |                         vm_mod_fused_nn_conv2d_add_nn_relu_16 |            - |              - |      0 |
|   67 |                         vm_mod_fused_nn_conv2d_add_nn_relu_23 |            - |              - |      0 |
|   68 |                         vm_mod_fused_nn_conv2d_add_nn_relu_30 |            - |              - |      0 |
----------------------------------------------------------------------
------------------------------  [ Search ]
----------------------------------------------------------------------
Generate Sketches		#s: 1
Sample Initial Population	#s: 91	fail_ct: 1957	Time elapsed: 4.62
GA Iter: 0	Max score: 0.9811	Min score: 0.3951	#Pop: 54	#M+: 0	#M-: 0
GA Iter: 4	Max score: 0.9999	Min score: 0.9926	#Pop: 54	#M+: 1393	#M-: 0
EvolutionarySearch		#s: 54	Time elapsed: 66.63
----------------------------------------------------------------------
------------------------------  [ Measure ]
----------------------------------------------------------------------
Get 27 programs to measure:
...........................***************************|   69 |                          vm_mod_fused_nn_conv2d_add_nn_relu_9 |            - |              - |      0 |
|   70 |                         vm_mod_fused_nn_conv2d_add_nn_relu_12 |            - |              - |      0 |
|   71 |                         vm_mod_fused_nn_conv2d_add_nn_relu_57 |            - |              - |      0 |
-----------------------------------------------------------------------------------------------------------------
Estimated total latency: - ms	Trials: 486	Used time : 1614 s	Next ID: 18	

Time elapsed for measurement: 15.98 s
----------------------------------------------------------------------
------------------------------  [ Train cost model ]
----------------------------------------------------------------------
Time elapsed for training: 0.00 s
----------------------------------------------------------------------
------------------------------  [ Task Scheduler ]
----------------------------------------------------------------------
|  ID  |                       Task Description                        | Latency (ms) | Speed (GFLOPS) | Trials |
-----------------------------------------------------------------------------------------------------------------
|    0 |                          vm_mod_fused_nn_conv2d_add_nn_relu_5 |        0.015 |       10334.05 |     27 |
|    1 |                         vm_mod_fused_nn_conv2d_add_nn_relu_39 |        0.015 |        3095.64 |     27 |
|    2 |                         vm_mod_fused_nn_conv2d_add_nn_relu_46 |        0.014 |         528.26 |     27 |
|    3 |                                        vm_mod_fused_nn_conv2d |        0.015 |       13468.53 |     27 |
|    4 |                         vm_mod_fused_nn_conv2d_add_nn_relu_53 |        0.014 |         728.20 |     27 |
|    5 |                         vm_mod_fused_nn_conv2d_add_nn_relu_28 |        0.009 |        3215.30 |     27 |
|    6 |                                  vm_mod_fused_nn_avg_pool2d_2 |        0.004 |          28.91 |     27 |
|    7 |                         vm_mod_fused_nn_conv2d_add_nn_relu_35 |        0.020 |        1901.59 |     27 |
|    8 |                         vm_mod_fused_nn_conv2d_add_nn_relu_42 |        0.026 |        1935.67 |     27 |
|    9 |                         vm_mod_fused_nn_conv2d_add_nn_relu_17 |        0.012 |        7548.90 |     27 |
|   10 |                          vm_mod_fused_nn_conv2d_add_nn_relu_1 |        0.005 |        9731.76 |     27 |
|   11 |                         vm_mod_fused_nn_conv2d_add_nn_relu_24 |        0.011 |        1904.04 |     27 |
|   12 |                                     vm_mod_fused_nn_dense_add |        0.008 |         245.77 |     27 |
|   13 |                         vm_mod_fused_nn_conv2d_add_nn_relu_31 |        0.016 |        2073.86 |     27 |
|   14 |                         vm_mod_fused_nn_conv2d_add_nn_relu_13 |        0.012 |        5442.85 |     27 |
|   15 |                         vm_mod_fused_nn_conv2d_add_nn_relu_20 |        0.006 |        2322.88 |     27 |
|   16 |                          vm_mod_fused_nn_conv2d_add_nn_relu_8 |        0.007 |        4756.00 |     27 |
|   17 |                         vm_mod_fused_nn_conv2d_add_nn_relu_58 |        0.014 |         915.17 |     27 |
|   18 |                         vm_mod_fused_nn_conv2d_add_nn_relu_47 |        0.016 |         499.77 |     27 |
|   19 |                          vm_mod_fused_nn_conv2d_add_nn_relu_4 |            - |              - |      0 |
|   20 |                         vm_mod_fused_nn_conv2d_add_nn_relu_29 |            - |              - |      0 |
|   21 |                         vm_mod_fused_nn_conv2d_add_nn_relu_54 |            - |              - |      0 |
|   22 |                         vm_mod_fused_nn_conv2d_add_nn_relu_36 |            - |              - |      0 |
|   23 |                         vm_mod_fused_nn_conv2d_add_nn_relu_43 |            - |              - |      0 |
|   24 |                         vm_mod_fused_nn_conv2d_add_nn_relu_18 |            - |              - |      0 |
|   25 |                         vm_mod_fused_nn_conv2d_add_nn_relu_50 |            - |              - |      0 |
|   26 |                                  vm_mod_fused_nn_avg_pool2d_1 |            - |              - |      0 |
|   27 |                         vm_mod_fused_nn_conv2d_add_nn_relu_25 |            - |              - |      0 |
|   28 |                         vm_mod_fused_nn_conv2d_add_nn_relu_32 |            - |              - |      0 |
|   29 | vm_mod_fused_nn_contrib_conv2d_winograd_without_weight_transform_1 |            - |              - |      0 |
|   30 |                                      vm_mod_fused_nn_conv2d_1 |            - |              - |      0 |
|   31 |                         vm_mod_fused_nn_conv2d_add_nn_relu_14 |            - |              - |      0 |
|   32 |                         vm_mod_fused_nn_conv2d_add_nn_relu_21 |            - |              - |      0 |
|   33 |                            vm_mod_fused_nn_conv2d_add_nn_relu |            - |              - |      0 |
|   34 |                         vm_mod_fused_nn_conv2d_add_nn_relu_10 |            - |              - |      0 |
|   35 |                          vm_mod_fused_nn_conv2d_add_nn_relu_7 |            - |              - |      0 |
|   36 | vm_mod_fused_nn_contrib_conv2d_winograd_without_weight_transform |            - |              - |      0 |
|   37 |                         vm_mod_fused_nn_conv2d_add_nn_relu_48 |            - |              - |      0 |
|   38 |                         vm_mod_fused_nn_conv2d_add_nn_relu_55 |            - |              - |      0 |
|   39 |                         vm_mod_fused_nn_conv2d_add_nn_relu_37 |            - |              - |      0 |
|   40 |                         vm_mod_fused_nn_conv2d_add_nn_relu_44 |            - |              - |      0 |
|   41 |                         vm_mod_fused_nn_conv2d_add_nn_relu_19 |            - |              - |      0 |
|   42 |                          vm_mod_fused_nn_conv2d_add_nn_relu_3 |            - |              - |      0 |
|   43 |                         vm_mod_fused_nn_conv2d_add_nn_relu_51 |            - |              - |      0 |
|   44 |                         vm_mod_fused_nn_conv2d_add_nn_relu_26 |            - |              - |      0 |
|   45 | vm_mod_fused_nn_contrib_conv2d_winograd_without_weight_transform_2 |            - |              - |      0 |
|   46 |                         vm_mod_fused_nn_conv2d_add_nn_relu_33 |            - |              - |      0 |
|   47 |                         vm_mod_fused_nn_conv2d_add_nn_relu_40 |            - |              - |      0 |
|   48 |                           vm_mod_fused_nn_adaptive_avg_pool2d |            - |              - |      0 |
|   49 |                         vm_mod_fused_nn_conv2d_add_nn_relu_15 |            - |              - |      0 |
|   50 |                         vm_mod_fused_nn_conv2d_add_nn_relu_22 |            - |              - |      0 |
|   51 |                                    vm_mod_fused_nn_avg_pool2d |            - |              - |      0 |
|   52 |                         vm_mod_fused_nn_conv2d_add_nn_relu_11 |            - |              - |      0 |
|   53 |                                      vm_mod_fused_nn_conv2d_2 |            - |              - |      0 |
|   54 |                          vm_mod_fused_nn_conv2d_add_nn_relu_6 |            - |              - |      0 |
|   55 |                         vm_mod_fused_nn_conv2d_add_nn_relu_49 |            - |              - |      0 |
|   56 |                         vm_mod_fused_nn_conv2d_add_nn_relu_56 |            - |              - |      0 |
|   57 |                         vm_mod_fused_nn_conv2d_add_nn_relu_38 |            - |              - |      0 |
|   58 |                         vm_mod_fused_nn_conv2d_add_nn_relu_45 |            - |              - |      0 |
|   59 |                         vm_mod_fused_nn_conv2d_add_nn_relu_52 |            - |              - |      0 |
|   60 | vm_mod_fused_nn_contrib_conv2d_winograd_without_weight_transform_3 |            - |              - |      0 |
|   61 |                         vm_mod_fused_nn_conv2d_add_nn_relu_27 |            - |              - |      0 |
|   62 |                          vm_mod_fused_nn_conv2d_add_nn_relu_2 |            - |              - |      0 |
|   63 |                         vm_mod_fused_nn_conv2d_add_nn_relu_34 |            - |              - |      0 |
|   64 |                         vm_mod_fused_nn_conv2d_add_nn_relu_41 |            - |              - |      0 |
|   65 |                                    vm_mod_fused_nn_max_pool2d |            - |              - |      0 |
|   66 |                         vm_mod_fused_nn_conv2d_add_nn_relu_16 |            - |              - |      0 |
|   67 |                         vm_mod_fused_nn_conv2d_add_nn_relu_23 |            - |              - |      0 |
|   68 |                         vm_mod_fused_nn_conv2d_add_nn_relu_30 |            - |              - |      0 |
----------------------------------------------------------------------
------------------------------  [ Search ]
----------------------------------------------------------------------
Generate Sketches		#s: 1
Sample Initial Population	#s: 62	fail_ct: 1986	Time elapsed: 6.83
GA Iter: 0	Max score: 0.9827	Min score: 0.1353	#Pop: 54	#M+: 0	#M-: 0
GA Iter: 4	Max score: 0.9999	Min score: 0.9911	#Pop: 54	#M+: 1391	#M-: 0
EvolutionarySearch		#s: 54	Time elapsed: 77.86
----------------------------------------------------------------------
------------------------------  [ Measure ]
----------------------------------------------------------------------
Get 27 programs to measure:
...........................***************************|   69 |                          vm_mod_fused_nn_conv2d_add_nn_relu_9 |            - |              - |      0 |
|   70 |                         vm_mod_fused_nn_conv2d_add_nn_relu_12 |            - |              - |      0 |
|   71 |                         vm_mod_fused_nn_conv2d_add_nn_relu_57 |            - |              - |      0 |
-----------------------------------------------------------------------------------------------------------------
Estimated total latency: - ms	Trials: 513	Used time : 1701 s	Next ID: 19	

Time elapsed for measurement: 15.58 s
----------------------------------------------------------------------
------------------------------  [ Train cost model ]
----------------------------------------------------------------------
Time elapsed for training: 0.00 s
----------------------------------------------------------------------
------------------------------  [ Task Scheduler ]
----------------------------------------------------------------------
|  ID  |                       Task Description                        | Latency (ms) | Speed (GFLOPS) | Trials |
-----------------------------------------------------------------------------------------------------------------
|    0 |                          vm_mod_fused_nn_conv2d_add_nn_relu_5 |        0.015 |       10334.05 |     27 |
|    1 |                         vm_mod_fused_nn_conv2d_add_nn_relu_39 |        0.015 |        3095.64 |     27 |
|    2 |                         vm_mod_fused_nn_conv2d_add_nn_relu_46 |        0.014 |         528.26 |     27 |
|    3 |                                        vm_mod_fused_nn_conv2d |        0.015 |       13468.53 |     27 |
|    4 |                         vm_mod_fused_nn_conv2d_add_nn_relu_53 |        0.014 |         728.20 |     27 |
|    5 |                         vm_mod_fused_nn_conv2d_add_nn_relu_28 |        0.009 |        3215.30 |     27 |
|    6 |                                  vm_mod_fused_nn_avg_pool2d_2 |        0.004 |          28.91 |     27 |
|    7 |                         vm_mod_fused_nn_conv2d_add_nn_relu_35 |        0.020 |        1901.59 |     27 |
|    8 |                         vm_mod_fused_nn_conv2d_add_nn_relu_42 |        0.026 |        1935.67 |     27 |
|    9 |                         vm_mod_fused_nn_conv2d_add_nn_relu_17 |        0.012 |        7548.90 |     27 |
|   10 |                          vm_mod_fused_nn_conv2d_add_nn_relu_1 |        0.005 |        9731.76 |     27 |
|   11 |                         vm_mod_fused_nn_conv2d_add_nn_relu_24 |        0.011 |        1904.04 |     27 |
|   12 |                                     vm_mod_fused_nn_dense_add |        0.008 |         245.77 |     27 |
|   13 |                         vm_mod_fused_nn_conv2d_add_nn_relu_31 |        0.016 |        2073.86 |     27 |
|   14 |                         vm_mod_fused_nn_conv2d_add_nn_relu_13 |        0.012 |        5442.85 |     27 |
|   15 |                         vm_mod_fused_nn_conv2d_add_nn_relu_20 |        0.006 |        2322.88 |     27 |
|   16 |                          vm_mod_fused_nn_conv2d_add_nn_relu_8 |        0.007 |        4756.00 |     27 |
|   17 |                         vm_mod_fused_nn_conv2d_add_nn_relu_58 |        0.014 |         915.17 |     27 |
|   18 |                         vm_mod_fused_nn_conv2d_add_nn_relu_47 |        0.016 |         499.77 |     27 |
|   19 |                          vm_mod_fused_nn_conv2d_add_nn_relu_4 |        0.013 |       10032.87 |     27 |
|   20 |                         vm_mod_fused_nn_conv2d_add_nn_relu_29 |            - |              - |      0 |
|   21 |                         vm_mod_fused_nn_conv2d_add_nn_relu_54 |            - |              - |      0 |
|   22 |                         vm_mod_fused_nn_conv2d_add_nn_relu_36 |            - |              - |      0 |
|   23 |                         vm_mod_fused_nn_conv2d_add_nn_relu_43 |            - |              - |      0 |
|   24 |                         vm_mod_fused_nn_conv2d_add_nn_relu_18 |            - |              - |      0 |
|   25 |                         vm_mod_fused_nn_conv2d_add_nn_relu_50 |            - |              - |      0 |
|   26 |                                  vm_mod_fused_nn_avg_pool2d_1 |            - |              - |      0 |
|   27 |                         vm_mod_fused_nn_conv2d_add_nn_relu_25 |            - |              - |      0 |
|   28 |                         vm_mod_fused_nn_conv2d_add_nn_relu_32 |            - |              - |      0 |
|   29 | vm_mod_fused_nn_contrib_conv2d_winograd_without_weight_transform_1 |            - |              - |      0 |
|   30 |                                      vm_mod_fused_nn_conv2d_1 |            - |              - |      0 |
|   31 |                         vm_mod_fused_nn_conv2d_add_nn_relu_14 |            - |              - |      0 |
|   32 |                         vm_mod_fused_nn_conv2d_add_nn_relu_21 |            - |              - |      0 |
|   33 |                            vm_mod_fused_nn_conv2d_add_nn_relu |            - |              - |      0 |
|   34 |                         vm_mod_fused_nn_conv2d_add_nn_relu_10 |            - |              - |      0 |
|   35 |                          vm_mod_fused_nn_conv2d_add_nn_relu_7 |            - |              - |      0 |
|   36 | vm_mod_fused_nn_contrib_conv2d_winograd_without_weight_transform |            - |              - |      0 |
|   37 |                         vm_mod_fused_nn_conv2d_add_nn_relu_48 |            - |              - |      0 |
|   38 |                         vm_mod_fused_nn_conv2d_add_nn_relu_55 |            - |              - |      0 |
|   39 |                         vm_mod_fused_nn_conv2d_add_nn_relu_37 |            - |              - |      0 |
|   40 |                         vm_mod_fused_nn_conv2d_add_nn_relu_44 |            - |              - |      0 |
|   41 |                         vm_mod_fused_nn_conv2d_add_nn_relu_19 |            - |              - |      0 |
|   42 |                          vm_mod_fused_nn_conv2d_add_nn_relu_3 |            - |              - |      0 |
|   43 |                         vm_mod_fused_nn_conv2d_add_nn_relu_51 |            - |              - |      0 |
|   44 |                         vm_mod_fused_nn_conv2d_add_nn_relu_26 |            - |              - |      0 |
|   45 | vm_mod_fused_nn_contrib_conv2d_winograd_without_weight_transform_2 |            - |              - |      0 |
|   46 |                         vm_mod_fused_nn_conv2d_add_nn_relu_33 |            - |              - |      0 |
|   47 |                         vm_mod_fused_nn_conv2d_add_nn_relu_40 |            - |              - |      0 |
|   48 |                           vm_mod_fused_nn_adaptive_avg_pool2d |            - |              - |      0 |
|   49 |                         vm_mod_fused_nn_conv2d_add_nn_relu_15 |            - |              - |      0 |
|   50 |                         vm_mod_fused_nn_conv2d_add_nn_relu_22 |            - |              - |      0 |
|   51 |                                    vm_mod_fused_nn_avg_pool2d |            - |              - |      0 |
|   52 |                         vm_mod_fused_nn_conv2d_add_nn_relu_11 |            - |              - |      0 |
|   53 |                                      vm_mod_fused_nn_conv2d_2 |            - |              - |      0 |
|   54 |                          vm_mod_fused_nn_conv2d_add_nn_relu_6 |            - |              - |      0 |
|   55 |                         vm_mod_fused_nn_conv2d_add_nn_relu_49 |            - |              - |      0 |
|   56 |                         vm_mod_fused_nn_conv2d_add_nn_relu_56 |            - |              - |      0 |
|   57 |                         vm_mod_fused_nn_conv2d_add_nn_relu_38 |            - |              - |      0 |
|   58 |                         vm_mod_fused_nn_conv2d_add_nn_relu_45 |            - |              - |      0 |
|   59 |                         vm_mod_fused_nn_conv2d_add_nn_relu_52 |            - |              - |      0 |
|   60 | vm_mod_fused_nn_contrib_conv2d_winograd_without_weight_transform_3 |            - |              - |      0 |
|   61 |                         vm_mod_fused_nn_conv2d_add_nn_relu_27 |            - |              - |      0 |
|   62 |                          vm_mod_fused_nn_conv2d_add_nn_relu_2 |            - |              - |      0 |
|   63 |                         vm_mod_fused_nn_conv2d_add_nn_relu_34 |            - |              - |      0 |
|   64 |                         vm_mod_fused_nn_conv2d_add_nn_relu_41 |            - |              - |      0 |
|   65 |                                    vm_mod_fused_nn_max_pool2d |            - |              - |      0 |
|   66 |                         vm_mod_fused_nn_conv2d_add_nn_relu_16 |            - |              - |      0 |
|   67 |                         vm_mod_fused_nn_conv2d_add_nn_relu_23 |            - |              - |      0 |
|   68 |                         vm_mod_fused_nn_conv2d_add_nn_relu_30 |            - |              - |      0 |
----------------------------------------------------------------------
------------------------------  [ Search ]
----------------------------------------------------------------------
Generate Sketches		#s: 1
Sample Initial Population	#s: 97	fail_ct: 1951	Time elapsed: 5.82
GA Iter: 0	Max score: 0.9706	Min score: 0.4238	#Pop: 54	#M+: 0	#M-: 0
GA Iter: 4	Max score: 0.9998	Min score: 0.9908	#Pop: 54	#M+: 1389	#M-: 0
EvolutionarySearch		#s: 54	Time elapsed: 71.72
----------------------------------------------------------------------
------------------------------  [ Measure ]
----------------------------------------------------------------------
Get 27 programs to measure:
...........................***************************|   69 |                          vm_mod_fused_nn_conv2d_add_nn_relu_9 |            - |              - |      0 |
|   70 |                         vm_mod_fused_nn_conv2d_add_nn_relu_12 |            - |              - |      0 |
|   71 |                         vm_mod_fused_nn_conv2d_add_nn_relu_57 |            - |              - |      0 |
-----------------------------------------------------------------------------------------------------------------
Estimated total latency: - ms	Trials: 540	Used time : 1801 s	Next ID: 20	

Time elapsed for measurement: 17.09 s
----------------------------------------------------------------------
------------------------------  [ Train cost model ]
----------------------------------------------------------------------
Time elapsed for training: 0.00 s
----------------------------------------------------------------------
------------------------------  [ Task Scheduler ]
----------------------------------------------------------------------
|  ID  |                       Task Description                        | Latency (ms) | Speed (GFLOPS) | Trials |
-----------------------------------------------------------------------------------------------------------------
|    0 |                          vm_mod_fused_nn_conv2d_add_nn_relu_5 |        0.015 |       10334.05 |     27 |
|    1 |                         vm_mod_fused_nn_conv2d_add_nn_relu_39 |        0.015 |        3095.64 |     27 |
|    2 |                         vm_mod_fused_nn_conv2d_add_nn_relu_46 |        0.014 |         528.26 |     27 |
|    3 |                                        vm_mod_fused_nn_conv2d |        0.015 |       13468.53 |     27 |
|    4 |                         vm_mod_fused_nn_conv2d_add_nn_relu_53 |        0.014 |         728.20 |     27 |
|    5 |                         vm_mod_fused_nn_conv2d_add_nn_relu_28 |        0.009 |        3215.30 |     27 |
|    6 |                                  vm_mod_fused_nn_avg_pool2d_2 |        0.004 |          28.91 |     27 |
|    7 |                         vm_mod_fused_nn_conv2d_add_nn_relu_35 |        0.020 |        1901.59 |     27 |
|    8 |                         vm_mod_fused_nn_conv2d_add_nn_relu_42 |        0.026 |        1935.67 |     27 |
|    9 |                         vm_mod_fused_nn_conv2d_add_nn_relu_17 |        0.012 |        7548.90 |     27 |
|   10 |                          vm_mod_fused_nn_conv2d_add_nn_relu_1 |        0.005 |        9731.76 |     27 |
|   11 |                         vm_mod_fused_nn_conv2d_add_nn_relu_24 |        0.011 |        1904.04 |     27 |
|   12 |                                     vm_mod_fused_nn_dense_add |        0.008 |         245.77 |     27 |
|   13 |                         vm_mod_fused_nn_conv2d_add_nn_relu_31 |        0.016 |        2073.86 |     27 |
|   14 |                         vm_mod_fused_nn_conv2d_add_nn_relu_13 |        0.012 |        5442.85 |     27 |
|   15 |                         vm_mod_fused_nn_conv2d_add_nn_relu_20 |        0.006 |        2322.88 |     27 |
|   16 |                          vm_mod_fused_nn_conv2d_add_nn_relu_8 |        0.007 |        4756.00 |     27 |
|   17 |                         vm_mod_fused_nn_conv2d_add_nn_relu_58 |        0.014 |         915.17 |     27 |
|   18 |                         vm_mod_fused_nn_conv2d_add_nn_relu_47 |        0.016 |         499.77 |     27 |
|   19 |                          vm_mod_fused_nn_conv2d_add_nn_relu_4 |        0.013 |       10032.87 |     27 |
|   20 |                         vm_mod_fused_nn_conv2d_add_nn_relu_29 |        0.008 |        3577.85 |     27 |
|   21 |                         vm_mod_fused_nn_conv2d_add_nn_relu_54 |            - |              - |      0 |
|   22 |                         vm_mod_fused_nn_conv2d_add_nn_relu_36 |            - |              - |      0 |
|   23 |                         vm_mod_fused_nn_conv2d_add_nn_relu_43 |            - |              - |      0 |
|   24 |                         vm_mod_fused_nn_conv2d_add_nn_relu_18 |            - |              - |      0 |
|   25 |                         vm_mod_fused_nn_conv2d_add_nn_relu_50 |            - |              - |      0 |
|   26 |                                  vm_mod_fused_nn_avg_pool2d_1 |            - |              - |      0 |
|   27 |                         vm_mod_fused_nn_conv2d_add_nn_relu_25 |            - |              - |      0 |
|   28 |                         vm_mod_fused_nn_conv2d_add_nn_relu_32 |            - |              - |      0 |
|   29 | vm_mod_fused_nn_contrib_conv2d_winograd_without_weight_transform_1 |            - |              - |      0 |
|   30 |                                      vm_mod_fused_nn_conv2d_1 |            - |              - |      0 |
|   31 |                         vm_mod_fused_nn_conv2d_add_nn_relu_14 |            - |              - |      0 |
|   32 |                         vm_mod_fused_nn_conv2d_add_nn_relu_21 |            - |              - |      0 |
|   33 |                            vm_mod_fused_nn_conv2d_add_nn_relu |            - |              - |      0 |
|   34 |                         vm_mod_fused_nn_conv2d_add_nn_relu_10 |            - |              - |      0 |
|   35 |                          vm_mod_fused_nn_conv2d_add_nn_relu_7 |            - |              - |      0 |
|   36 | vm_mod_fused_nn_contrib_conv2d_winograd_without_weight_transform |            - |              - |      0 |
|   37 |                         vm_mod_fused_nn_conv2d_add_nn_relu_48 |            - |              - |      0 |
|   38 |                         vm_mod_fused_nn_conv2d_add_nn_relu_55 |            - |              - |      0 |
|   39 |                         vm_mod_fused_nn_conv2d_add_nn_relu_37 |            - |              - |      0 |
|   40 |                         vm_mod_fused_nn_conv2d_add_nn_relu_44 |            - |              - |      0 |
|   41 |                         vm_mod_fused_nn_conv2d_add_nn_relu_19 |            - |              - |      0 |
|   42 |                          vm_mod_fused_nn_conv2d_add_nn_relu_3 |            - |              - |      0 |
|   43 |                         vm_mod_fused_nn_conv2d_add_nn_relu_51 |            - |              - |      0 |
|   44 |                         vm_mod_fused_nn_conv2d_add_nn_relu_26 |            - |              - |      0 |
|   45 | vm_mod_fused_nn_contrib_conv2d_winograd_without_weight_transform_2 |            - |              - |      0 |
|   46 |                         vm_mod_fused_nn_conv2d_add_nn_relu_33 |            - |              - |      0 |
|   47 |                         vm_mod_fused_nn_conv2d_add_nn_relu_40 |            - |              - |      0 |
|   48 |                           vm_mod_fused_nn_adaptive_avg_pool2d |            - |              - |      0 |
|   49 |                         vm_mod_fused_nn_conv2d_add_nn_relu_15 |            - |              - |      0 |
|   50 |                         vm_mod_fused_nn_conv2d_add_nn_relu_22 |            - |              - |      0 |
|   51 |                                    vm_mod_fused_nn_avg_pool2d |            - |              - |      0 |
|   52 |                         vm_mod_fused_nn_conv2d_add_nn_relu_11 |            - |              - |      0 |
|   53 |                                      vm_mod_fused_nn_conv2d_2 |            - |              - |      0 |
|   54 |                          vm_mod_fused_nn_conv2d_add_nn_relu_6 |            - |              - |      0 |
|   55 |                         vm_mod_fused_nn_conv2d_add_nn_relu_49 |            - |              - |      0 |
|   56 |                         vm_mod_fused_nn_conv2d_add_nn_relu_56 |            - |              - |      0 |
|   57 |                         vm_mod_fused_nn_conv2d_add_nn_relu_38 |            - |              - |      0 |
|   58 |                         vm_mod_fused_nn_conv2d_add_nn_relu_45 |            - |              - |      0 |
|   59 |                         vm_mod_fused_nn_conv2d_add_nn_relu_52 |            - |              - |      0 |
|   60 | vm_mod_fused_nn_contrib_conv2d_winograd_without_weight_transform_3 |            - |              - |      0 |
|   61 |                         vm_mod_fused_nn_conv2d_add_nn_relu_27 |            - |              - |      0 |
|   62 |                          vm_mod_fused_nn_conv2d_add_nn_relu_2 |            - |              - |      0 |
|   63 |                         vm_mod_fused_nn_conv2d_add_nn_relu_34 |            - |              - |      0 |
|   64 |                         vm_mod_fused_nn_conv2d_add_nn_relu_41 |            - |              - |      0 |
|   65 |                                    vm_mod_fused_nn_max_pool2d |            - |              - |      0 |
|   66 |                         vm_mod_fused_nn_conv2d_add_nn_relu_16 |            - |              - |      0 |
|   67 |                         vm_mod_fused_nn_conv2d_add_nn_relu_23 |            - |              - |      0 |
|   68 |                         vm_mod_fused_nn_conv2d_add_nn_relu_30 |            - |              - |      0 |
----------------------------------------------------------------------
------------------------------  [ Search ]
----------------------------------------------------------------------
Generate Sketches		#s: 1
Sample Initial Population	#s: 77	fail_ct: 1971	Time elapsed: 4.63
GA Iter: 0	Max score: 0.9817	Min score: 0.2488	#Pop: 54	#M+: 0	#M-: 0
GA Iter: 4	Max score: 0.9998	Min score: 0.9911	#Pop: 54	#M+: 1384	#M-: 0
EvolutionarySearch		#s: 54	Time elapsed: 68.95
----------------------------------------------------------------------
------------------------------  [ Measure ]
----------------------------------------------------------------------
Get 27 programs to measure:
...........................*******Eterminate called after throwing an instance of 'tvm::runtime::InternalError'
  what():  [12:16:13] /data3/qsy/complier/tlm/src/runtime/cuda/cuda_module.cc:61: CUDAError: cuModuleUnload(module_[i]) failed with error: CUDA_ERROR_MISALIGNED_ADDRESS
Stack trace:
  0: tvm::runtime::SimpleObjAllocator::Handler<tvm::runtime::CUDAModuleNode>::Deleter_(tvm::runtime::Object*)
  1: tvm::runtime::SimpleObjAllocator::Handler<tvm::runtime::LibraryModuleNode>::Deleter_(tvm::runtime::Object*)
  2: _ZN3tvm7runtime18SimpleObjAllocator7HandlerINS0_16PackedFuncS
  3: _ZN3tvm7runtime18SimpleObjAllocator7HandlerINS0_16PackedFuncSubObjIZNS0_9profiling17WrapTimeE
  4: TVMObjectFree
  5: __pyx_tp_dealloc_3tvm_4_ffi_4_cy3_4core_PackedFuncBase(_object*)
  6: subtype_dealloc
        at /usr/local/src/conda/python-3.10.18/Objects/typeobject.c:1460
  7: _Py_DECREF
        at /usr/local/src/conda/python-3.10.18/Include/object.h:500
  8: _Py_XDECREF
        at /usr/local/src/conda/python-3.10.18/Include/object.h:567
  9: cell_dealloc
        at /usr/local/src/conda/python-3.10.18/Objects/cellobject.c:82
  10: _Py_Dealloc
        at /usr/local/src/conda/python-3.10.18/Objects/object.c:2301
  11: _Py_DECREF
        at /usr/local/src/conda/python-3.10.18/Include/object.h:500
  12: _Py_XDECREF
        at /usr/local/src/conda/python-3.10.18/Include/object.h:567
  13: tupledealloc
        at /usr/local/src/conda/python-3.10.18/Objects/tupleobject.c:276
  14: _Py_Dealloc
        at /usr/local/src/conda/python-3.10.18/Objects/object.c:2301
  15: _Py_DECREF
        at /usr/local/src/conda/python-3.10.18/Include/object.h:500
  16: func_clear
        at /usr/local/src/conda/python-3.10.18/Objects/funcobject.c:636
  17: func_dealloc
        at /usr/local/src/conda/python-3.10.18/Objects/funcobject.c:648
  18: _Py_Dealloc
        at /usr/local/src/conda/python-3.10.18/Objects/object.c:2301
  19: _Py_DECREF
        at /usr/local/src/conda/python-3.10.18/Include/object.h:500
  20: frame_dealloc
        at /usr/local/src/conda/python-3.10.18/Objects/frameobject.c:591
  21: _Py_Dealloc
        at /usr/local/src/conda/python-3.10.18/Objects/object.c:2301
  22: _Py_DECREF
        at /usr/local/src/conda/python-3.10.18/Include/object.h:500
  23: _PyEval_Vector
        at /usr/local/src/conda/python-3.10.18/Python/ceval.c:5080
  24: _PyFunction_Vectorcall
        at /usr/local/src/conda/python-3.10.18/Objects/call.c:342
  25: do_call_core
        at /usr/local/src/conda/python-3.10.18/Python/ceval.c:5945
  26: _PyEval_EvalFrameDefault
        at /usr/local/src/conda/python-3.10.18/Python/ceval.c:4277
  27: _PyEval_EvalFrame
        at /usr/local/src/conda/python-3.10.18/Include/internal/pycore_ceval.h:46
  28: _PyEval_Vector
        at /usr/local/src/conda/python-3.10.18/Python/ceval.c:5067
  29: _PyFunction_Vectorcall
        at /usr/local/src/conda/python-3.10.18/Objects/call.c:342
  30: _PyObject_VectorcallTstate
        at /usr/local/src/conda/python-3.10.18/Include/cpython/abstract.h:114
  31: PyObject_Vectorcall
        at /usr/local/src/conda/python-3.10.18/Include/cpython/abstract.h:123
  32: call_function
        at /usr/local/src/conda/python-3.10.18/Python/ceval.c:5893
  33: _PyEval_EvalFrameDefault
        at /usr/local/src/conda/python-3.10.18/Python/ceval.c:4213
  34: _PyEval_EvalFrame
        at /usr/local/src/conda/python-3.10.18/Include/internal/pycore_ceval.h:46
  35: _PyEval_Vector
        at /usr/local/src/conda/python-3.10.18/Python/ceval.c:5067
  36: PyEval_EvalCode
        at /usr/local/src/conda/python-3.10.18/Python/ceval.c:1134
  37: builtin_exec_impl
        at /usr/local/src/conda/python-3.10.18/Python/bltinmodule.c:1058
  38: builtin_exec
        at /usr/local/src/conda/python-3.10.18/Python/clinic/bltinmodule.c.h:371
  39: cfunction_vectorcall_FASTCALL
        at /usr/local/src/conda/python-3.10.18/Objects/methodobject.c:430
  40: _PyObject_VectorcallTstate
        at /usr/local/src/conda/python-3.10.18/Include/cpython/abstract.h:114
  41: PyObject_Vectorcall
        at /usr/local/src/conda/python-3.10.18/Include/cpython/abstract.h:123
  42: call_function
        at /usr/local/src/conda/python-3.10.18/Python/ceval.c:5893
  43: _PyEval_EvalFrameDefault
        at /usr/local/src/conda/python-3.10.18/Python/ceval.c:4213
  44: _PyEval_EvalFrame
        at /usr/local/src/conda/python-3.10.18/Include/internal/pycore_ceval.h:46
  45: _PyEval_Vector
        at /usr/local/src/conda/python-3.10.18/Python/ceval.c:5067
  46: _PyFunction_Vectorcall
        at /usr/local/src/conda/python-3.10.18/Objects/call.c:342
  47: _PyObject_VectorcallTstate
        at /usr/local/src/conda/python-3.10.18/Include/cpython/abstract.h:114
  48: PyObject_Vectorcall
        at /usr/local/src/conda/python-3.10.18/Include/cpython/abstract.h:123
  49: call_function
        at /usr/local/src/conda/python-3.10.18/Python/ceval.c:5893
  50: _PyEval_EvalFrameDefault
        at /usr/local/src/conda/python-3.10.18/Python/ceval.c:4213
  51: _PyEval_EvalFrame
        at /usr/local/src/conda/python-3.10.18/Include/internal/pycore_ceval.h:46
  52: _PyEval_Vector
        at /usr/local/src/conda/python-3.10.18/Python/ceval.c:5067
  53: _PyFunction_Vectorcall
        at /usr/local/src/conda/python-3.10.18/Objects/call.c:342
  54: pymain_run_module
        at /usr/local/src/conda/python-3.10.18/Modules/main.c:297
  55: pymain_run_python
        at /usr/local/src/conda/python-3.10.18/Modules/main.c:589
  56: Py_RunMain
        at /usr/local/src/conda/python-3.10.18/Modules/main.c:674
  57: Py_BytesMain
        at /usr/local/src/conda/python-3.10.18/Modules/main.c:1094
  58: __libc_start_main
        at ../csu/libc-start.c:308
  59: 0x000000000058728d
  60: 0xffffffffffffffff


|   69 |                          vm_mod_fused_nn_conv2d_add_nn_relu_9 |            - |              - |      0 |
|   70 |                         vm_mod_fused_nn_conv2d_add_nn_relu_12 |            - |              - |      0 |
|   71 |                         vm_mod_fused_nn_conv2d_add_nn_relu_57 |            - |              - |      0 |
-----------------------------------------------------------------------------------------------------------------
Estimated total latency: - ms	Trials: 567	Used time : 1896 s	Next ID: 21	
*E**Eterminate called after throwing an instance of 'tvm::runtime::InternalError'
  what():  [12:16:15] /data3/qsy/complier/tlm/src/runtime/cuda/cuda_module.cc:61: CUDAError: cuModuleUnload(module_[i]) failed with error: CUDA_ERROR_MISALIGNED_ADDRESS
Stack trace:
  0: tvm::runtime::SimpleObjAllocator::Handler<tvm::runtime::CUDAModuleNode>::Deleter_(tvm::runtime::Object*)
  1: tvm::runtime::SimpleObjAllocator::Handler<tvm::runtime::LibraryModuleNode>::Deleter_(tvm::runtime::Object*)
  2: _ZN3tvm7runtime18SimpleObjAllocator7HandlerINS0_16PackedFuncS
  3: _ZN3tvm7runtime18SimpleObjAllocator7HandlerINS0_16PackedFuncSubObjIZNS0_9profiling17WrapTimeE
  4: TVMObjectFree
  5: __pyx_tp_dealloc_3tvm_4_ffi_4_cy3_4core_PackedFuncBase(_object*)
  6: subtype_dealloc
        at /usr/local/src/conda/python-3.10.18/Objects/typeobject.c:1460
  7: _Py_DECREF
        at /usr/local/src/conda/python-3.10.18/Include/object.h:500
  8: _Py_XDECREF
        at /usr/local/src/conda/python-3.10.18/Include/object.h:567
  9: cell_dealloc
        at /usr/local/src/conda/python-3.10.18/Objects/cellobject.c:82
  10: _Py_Dealloc
        at /usr/local/src/conda/python-3.10.18/Objects/object.c:2301
  11: _Py_DECREF
        at /usr/local/src/conda/python-3.10.18/Include/object.h:500
  12: _Py_XDECREF
        at /usr/local/src/conda/python-3.10.18/Include/object.h:567
  13: tupledealloc
        at /usr/local/src/conda/python-3.10.18/Objects/tupleobject.c:276
  14: _Py_Dealloc
        at /usr/local/src/conda/python-3.10.18/Objects/object.c:2301
  15: _Py_DECREF
        at /usr/local/src/conda/python-3.10.18/Include/object.h:500
  16: func_clear
        at /usr/local/src/conda/python-3.10.18/Objects/funcobject.c:636
  17: func_dealloc
        at /usr/local/src/conda/python-3.10.18/Objects/funcobject.c:648
  18: _Py_Dealloc
        at /usr/local/src/conda/python-3.10.18/Objects/object.c:2301
  19: _Py_DECREF
        at /usr/local/src/conda/python-3.10.18/Include/object.h:500
  20: frame_dealloc
        at /usr/local/src/conda/python-3.10.18/Objects/frameobject.c:591
  21: _Py_Dealloc
        at /usr/local/src/conda/python-3.10.18/Objects/object.c:2301
  22: _Py_DECREF
        at /usr/local/src/conda/python-3.10.18/Include/object.h:500
  23: _PyEval_Vector
        at /usr/local/src/conda/python-3.10.18/Python/ceval.c:5080
  24: _PyFunction_Vectorcall
        at /usr/local/src/conda/python-3.10.18/Objects/call.c:342
  25: do_call_core
        at /usr/local/src/conda/python-3.10.18/Python/ceval.c:5945
  26: _PyEval_EvalFrameDefault
        at /usr/local/src/conda/python-3.10.18/Python/ceval.c:4277
  27: _PyEval_EvalFrame
        at /usr/local/src/conda/python-3.10.18/Include/internal/pycore_ceval.h:46
  28: _PyEval_Vector
        at /usr/local/src/conda/python-3.10.18/Python/ceval.c:5067
  29: _PyFunction_Vectorcall
        at /usr/local/src/conda/python-3.10.18/Objects/call.c:342
  30: _PyObject_VectorcallTstate
        at /usr/local/src/conda/python-3.10.18/Include/cpython/abstract.h:114
  31: PyObject_Vectorcall
        at /usr/local/src/conda/python-3.10.18/Include/cpython/abstract.h:123
  32: call_function
        at /usr/local/src/conda/python-3.10.18/Python/ceval.c:5893
  33: _PyEval_EvalFrameDefault
        at /usr/local/src/conda/python-3.10.18/Python/ceval.c:4213
  34: _PyEval_EvalFrame
        at /usr/local/src/conda/python-3.10.18/Include/internal/pycore_ceval.h:46
  35: _PyEval_Vector
        at /usr/local/src/conda/python-3.10.18/Python/ceval.c:5067
  36: PyEval_EvalCode
        at /usr/local/src/conda/python-3.10.18/Python/ceval.c:1134
  37: builtin_exec_impl
        at /usr/local/src/conda/python-3.10.18/Python/bltinmodule.c:1058
  38: builtin_exec
        at /usr/local/src/conda/python-3.10.18/Python/clinic/bltinmodule.c.h:371
  39: cfunction_vectorcall_FASTCALL
        at /usr/local/src/conda/python-3.10.18/Objects/methodobject.c:430
  40: _PyObject_VectorcallTstate
        at /usr/local/src/conda/python-3.10.18/Include/cpython/abstract.h:114
  41: PyObject_Vectorcall
        at /usr/local/src/conda/python-3.10.18/Include/cpython/abstract.h:123
  42: call_function
        at /usr/local/src/conda/python-3.10.18/Python/ceval.c:5893
  43: _PyEval_EvalFrameDefault
        at /usr/local/src/conda/python-3.10.18/Python/ceval.c:4213
  44: _PyEval_EvalFrame
        at /usr/local/src/conda/python-3.10.18/Include/internal/pycore_ceval.h:46
  45: _PyEval_Vector
        at /usr/local/src/conda/python-3.10.18/Python/ceval.c:5067
  46: _PyFunction_Vectorcall
        at /usr/local/src/conda/python-3.10.18/Objects/call.c:342
  47: _PyObject_VectorcallTstate
        at /usr/local/src/conda/python-3.10.18/Include/cpython/abstract.h:114
  48: PyObject_Vectorcall
        at /usr/local/src/conda/python-3.10.18/Include/cpython/abstract.h:123
  49: call_function
        at /usr/local/src/conda/python-3.10.18/Python/ceval.c:5893
  50: _PyEval_EvalFrameDefault
        at /usr/local/src/conda/python-3.10.18/Python/ceval.c:4213
  51: _PyEval_EvalFrame
        at /usr/local/src/conda/python-3.10.18/Include/internal/pycore_ceval.h:46
  52: _PyEval_Vector
        at /usr/local/src/conda/python-3.10.18/Python/ceval.c:5067
  53: _PyFunction_Vectorcall
        at /usr/local/src/conda/python-3.10.18/Objects/call.c:342
  54: pymain_run_module
        at /usr/local/src/conda/python-3.10.18/Modules/main.c:297
  55: pymain_run_python
        at /usr/local/src/conda/python-3.10.18/Modules/main.c:589
  56: Py_RunMain
        at /usr/local/src/conda/python-3.10.18/Modules/main.c:674
  57: Py_BytesMain
        at /usr/local/src/conda/python-3.10.18/Modules/main.c:1094
  58: __libc_start_main
        at ../csu/libc-start.c:308
  59: 0x000000000058728d
  60: 0xffffffffffffffff


*E******************
Time elapsed for measurement: 16.83 s
----------------------------------------------------------------------
------------------------------  [ Train cost model ]
----------------------------------------------------------------------
Time elapsed for training: 1.02 s
----------------------------------------------------------------------
------------------------------  [ Task Scheduler ]
----------------------------------------------------------------------
|  ID  |                       Task Description                        | Latency (ms) | Speed (GFLOPS) | Trials |
-----------------------------------------------------------------------------------------------------------------
|    0 |                          vm_mod_fused_nn_conv2d_add_nn_relu_5 |        0.015 |       10334.05 |     27 |
|    1 |                         vm_mod_fused_nn_conv2d_add_nn_relu_39 |        0.015 |        3095.64 |     27 |
|    2 |                         vm_mod_fused_nn_conv2d_add_nn_relu_46 |        0.014 |         528.26 |     27 |
|    3 |                                        vm_mod_fused_nn_conv2d |        0.015 |       13468.53 |     27 |
|    4 |                         vm_mod_fused_nn_conv2d_add_nn_relu_53 |        0.014 |         728.20 |     27 |
|    5 |                         vm_mod_fused_nn_conv2d_add_nn_relu_28 |        0.009 |        3215.30 |     27 |
|    6 |                                  vm_mod_fused_nn_avg_pool2d_2 |        0.004 |          28.91 |     27 |
|    7 |                         vm_mod_fused_nn_conv2d_add_nn_relu_35 |        0.020 |        1901.59 |     27 |
|    8 |                         vm_mod_fused_nn_conv2d_add_nn_relu_42 |        0.026 |        1935.67 |     27 |
|    9 |                         vm_mod_fused_nn_conv2d_add_nn_relu_17 |        0.012 |        7548.90 |     27 |
|   10 |                          vm_mod_fused_nn_conv2d_add_nn_relu_1 |        0.005 |        9731.76 |     27 |
|   11 |                         vm_mod_fused_nn_conv2d_add_nn_relu_24 |        0.011 |        1904.04 |     27 |
|   12 |                                     vm_mod_fused_nn_dense_add |        0.008 |         245.77 |     27 |
|   13 |                         vm_mod_fused_nn_conv2d_add_nn_relu_31 |        0.016 |        2073.86 |     27 |
|   14 |                         vm_mod_fused_nn_conv2d_add_nn_relu_13 |        0.012 |        5442.85 |     27 |
|   15 |                         vm_mod_fused_nn_conv2d_add_nn_relu_20 |        0.006 |        2322.88 |     27 |
|   16 |                          vm_mod_fused_nn_conv2d_add_nn_relu_8 |        0.007 |        4756.00 |     27 |
|   17 |                         vm_mod_fused_nn_conv2d_add_nn_relu_58 |        0.014 |         915.17 |     27 |
|   18 |                         vm_mod_fused_nn_conv2d_add_nn_relu_47 |        0.016 |         499.77 |     27 |
|   19 |                          vm_mod_fused_nn_conv2d_add_nn_relu_4 |        0.013 |       10032.87 |     27 |
|   20 |                         vm_mod_fused_nn_conv2d_add_nn_relu_29 |        0.008 |        3577.85 |     27 |
|   21 |                         vm_mod_fused_nn_conv2d_add_nn_relu_54 |        0.019 |         570.87 |     27 |
|   22 |                         vm_mod_fused_nn_conv2d_add_nn_relu_36 |            - |              - |      0 |
|   23 |                         vm_mod_fused_nn_conv2d_add_nn_relu_43 |            - |              - |      0 |
|   24 |                         vm_mod_fused_nn_conv2d_add_nn_relu_18 |            - |              - |      0 |
|   25 |                         vm_mod_fused_nn_conv2d_add_nn_relu_50 |            - |              - |      0 |
|   26 |                                  vm_mod_fused_nn_avg_pool2d_1 |            - |              - |      0 |
|   27 |                         vm_mod_fused_nn_conv2d_add_nn_relu_25 |            - |              - |      0 |
|   28 |                         vm_mod_fused_nn_conv2d_add_nn_relu_32 |            - |              - |      0 |
|   29 | vm_mod_fused_nn_contrib_conv2d_winograd_without_weight_transform_1 |            - |              - |      0 |
|   30 |                                      vm_mod_fused_nn_conv2d_1 |            - |              - |      0 |
|   31 |                         vm_mod_fused_nn_conv2d_add_nn_relu_14 |            - |              - |      0 |
|   32 |                         vm_mod_fused_nn_conv2d_add_nn_relu_21 |            - |              - |      0 |
|   33 |                            vm_mod_fused_nn_conv2d_add_nn_relu |            - |              - |      0 |
|   34 |                         vm_mod_fused_nn_conv2d_add_nn_relu_10 |            - |              - |      0 |
|   35 |                          vm_mod_fused_nn_conv2d_add_nn_relu_7 |            - |              - |      0 |
|   36 | vm_mod_fused_nn_contrib_conv2d_winograd_without_weight_transform |            - |              - |      0 |
|   37 |                         vm_mod_fused_nn_conv2d_add_nn_relu_48 |            - |              - |      0 |
|   38 |                         vm_mod_fused_nn_conv2d_add_nn_relu_55 |            - |              - |      0 |
|   39 |                         vm_mod_fused_nn_conv2d_add_nn_relu_37 |            - |              - |      0 |
|   40 |                         vm_mod_fused_nn_conv2d_add_nn_relu_44 |            - |              - |      0 |
|   41 |                         vm_mod_fused_nn_conv2d_add_nn_relu_19 |            - |              - |      0 |
|   42 |                          vm_mod_fused_nn_conv2d_add_nn_relu_3 |            - |              - |      0 |
|   43 |                         vm_mod_fused_nn_conv2d_add_nn_relu_51 |            - |              - |      0 |
|   44 |                         vm_mod_fused_nn_conv2d_add_nn_relu_26 |            - |              - |      0 |
|   45 | vm_mod_fused_nn_contrib_conv2d_winograd_without_weight_transform_2 |            - |              - |      0 |
|   46 |                         vm_mod_fused_nn_conv2d_add_nn_relu_33 |            - |              - |      0 |
|   47 |                         vm_mod_fused_nn_conv2d_add_nn_relu_40 |            - |              - |      0 |
|   48 |                           vm_mod_fused_nn_adaptive_avg_pool2d |            - |              - |      0 |
|   49 |                         vm_mod_fused_nn_conv2d_add_nn_relu_15 |            - |              - |      0 |
|   50 |                         vm_mod_fused_nn_conv2d_add_nn_relu_22 |            - |              - |      0 |
|   51 |                                    vm_mod_fused_nn_avg_pool2d |            - |              - |      0 |
|   52 |                         vm_mod_fused_nn_conv2d_add_nn_relu_11 |            - |              - |      0 |
|   53 |                                      vm_mod_fused_nn_conv2d_2 |            - |              - |      0 |
|   54 |                          vm_mod_fused_nn_conv2d_add_nn_relu_6 |            - |              - |      0 |
|   55 |                         vm_mod_fused_nn_conv2d_add_nn_relu_49 |            - |              - |      0 |
|   56 |                         vm_mod_fused_nn_conv2d_add_nn_relu_56 |            - |              - |      0 |
|   57 |                         vm_mod_fused_nn_conv2d_add_nn_relu_38 |            - |              - |      0 |
|   58 |                         vm_mod_fused_nn_conv2d_add_nn_relu_45 |            - |              - |      0 |
|   59 |                         vm_mod_fused_nn_conv2d_add_nn_relu_52 |            - |              - |      0 |
|   60 | vm_mod_fused_nn_contrib_conv2d_winograd_without_weight_transform_3 |            - |              - |      0 |
|   61 |                         vm_mod_fused_nn_conv2d_add_nn_relu_27 |            - |              - |      0 |
|   62 |                          vm_mod_fused_nn_conv2d_add_nn_relu_2 |            - |              - |      0 |
|   63 |                         vm_mod_fused_nn_conv2d_add_nn_relu_34 |            - |              - |      0 |
|   64 |                         vm_mod_fused_nn_conv2d_add_nn_relu_41 |            - |              - |      0 |
|   65 |                                    vm_mod_fused_nn_max_pool2d |            - |              - |      0 |
|   66 |                         vm_mod_fused_nn_conv2d_add_nn_relu_16 |            - |              - |      0 |
|   67 |                         vm_mod_fused_nn_conv2d_add_nn_relu_23 |            - |              - |      0 |
|   68 |                         vm_mod_fused_nn_conv2d_add_nn_relu_30 |            - |              - |      0 |
----------------------------------------------------------------------
------------------------------  [ Search ]
----------------------------------------------------------------------
Generate Sketches		#s: 1
Sample Initial Population	#s: 91	fail_ct: 1957	Time elapsed: 5.61
GA Iter: 0	Max score: 0.9927	Min score: 0.3766	#Pop: 54	#M+: 0	#M-: 0
GA Iter: 4	Max score: 0.9999	Min score: 0.9917	#Pop: 54	#M+: 1392	#M-: 0
EvolutionarySearch		#s: 54	Time elapsed: 74.23
----------------------------------------------------------------------
------------------------------  [ Measure ]
----------------------------------------------------------------------
Get 27 programs to measure:
...........................***************************|   69 |                          vm_mod_fused_nn_conv2d_add_nn_relu_9 |            - |              - |      0 |
|   70 |                         vm_mod_fused_nn_conv2d_add_nn_relu_12 |            - |              - |      0 |
|   71 |                         vm_mod_fused_nn_conv2d_add_nn_relu_57 |            - |              - |      0 |
-----------------------------------------------------------------------------------------------------------------
Estimated total latency: - ms	Trials: 594	Used time : 1988 s	Next ID: 22	

Time elapsed for measurement: 13.48 s
----------------------------------------------------------------------
------------------------------  [ Train cost model ]
----------------------------------------------------------------------
Time elapsed for training: 0.00 s
----------------------------------------------------------------------
------------------------------  [ Task Scheduler ]
----------------------------------------------------------------------
|  ID  |                       Task Description                        | Latency (ms) | Speed (GFLOPS) | Trials |
-----------------------------------------------------------------------------------------------------------------
|    0 |                          vm_mod_fused_nn_conv2d_add_nn_relu_5 |        0.015 |       10334.05 |     27 |
|    1 |                         vm_mod_fused_nn_conv2d_add_nn_relu_39 |        0.015 |        3095.64 |     27 |
|    2 |                         vm_mod_fused_nn_conv2d_add_nn_relu_46 |        0.014 |         528.26 |     27 |
|    3 |                                        vm_mod_fused_nn_conv2d |        0.015 |       13468.53 |     27 |
|    4 |                         vm_mod_fused_nn_conv2d_add_nn_relu_53 |        0.014 |         728.20 |     27 |
|    5 |                         vm_mod_fused_nn_conv2d_add_nn_relu_28 |        0.009 |        3215.30 |     27 |
|    6 |                                  vm_mod_fused_nn_avg_pool2d_2 |        0.004 |          28.91 |     27 |
|    7 |                         vm_mod_fused_nn_conv2d_add_nn_relu_35 |        0.020 |        1901.59 |     27 |
|    8 |                         vm_mod_fused_nn_conv2d_add_nn_relu_42 |        0.026 |        1935.67 |     27 |
|    9 |                         vm_mod_fused_nn_conv2d_add_nn_relu_17 |        0.012 |        7548.90 |     27 |
|   10 |                          vm_mod_fused_nn_conv2d_add_nn_relu_1 |        0.005 |        9731.76 |     27 |
|   11 |                         vm_mod_fused_nn_conv2d_add_nn_relu_24 |        0.011 |        1904.04 |     27 |
|   12 |                                     vm_mod_fused_nn_dense_add |        0.008 |         245.77 |     27 |
|   13 |                         vm_mod_fused_nn_conv2d_add_nn_relu_31 |        0.016 |        2073.86 |     27 |
|   14 |                         vm_mod_fused_nn_conv2d_add_nn_relu_13 |        0.012 |        5442.85 |     27 |
|   15 |                         vm_mod_fused_nn_conv2d_add_nn_relu_20 |        0.006 |        2322.88 |     27 |
|   16 |                          vm_mod_fused_nn_conv2d_add_nn_relu_8 |        0.007 |        4756.00 |     27 |
|   17 |                         vm_mod_fused_nn_conv2d_add_nn_relu_58 |        0.014 |         915.17 |     27 |
|   18 |                         vm_mod_fused_nn_conv2d_add_nn_relu_47 |        0.016 |         499.77 |     27 |
|   19 |                          vm_mod_fused_nn_conv2d_add_nn_relu_4 |        0.013 |       10032.87 |     27 |
|   20 |                         vm_mod_fused_nn_conv2d_add_nn_relu_29 |        0.008 |        3577.85 |     27 |
|   21 |                         vm_mod_fused_nn_conv2d_add_nn_relu_54 |        0.019 |         570.87 |     27 |
|   22 |                         vm_mod_fused_nn_conv2d_add_nn_relu_36 |        0.017 |        2372.88 |     27 |
|   23 |                         vm_mod_fused_nn_conv2d_add_nn_relu_43 |            - |              - |      0 |
|   24 |                         vm_mod_fused_nn_conv2d_add_nn_relu_18 |            - |              - |      0 |
|   25 |                         vm_mod_fused_nn_conv2d_add_nn_relu_50 |            - |              - |      0 |
|   26 |                                  vm_mod_fused_nn_avg_pool2d_1 |            - |              - |      0 |
|   27 |                         vm_mod_fused_nn_conv2d_add_nn_relu_25 |            - |              - |      0 |
|   28 |                         vm_mod_fused_nn_conv2d_add_nn_relu_32 |            - |              - |      0 |
|   29 | vm_mod_fused_nn_contrib_conv2d_winograd_without_weight_transform_1 |            - |              - |      0 |
|   30 |                                      vm_mod_fused_nn_conv2d_1 |            - |              - |      0 |
|   31 |                         vm_mod_fused_nn_conv2d_add_nn_relu_14 |            - |              - |      0 |
|   32 |                         vm_mod_fused_nn_conv2d_add_nn_relu_21 |            - |              - |      0 |
|   33 |                            vm_mod_fused_nn_conv2d_add_nn_relu |            - |              - |      0 |
|   34 |                         vm_mod_fused_nn_conv2d_add_nn_relu_10 |            - |              - |      0 |
|   35 |                          vm_mod_fused_nn_conv2d_add_nn_relu_7 |            - |              - |      0 |
|   36 | vm_mod_fused_nn_contrib_conv2d_winograd_without_weight_transform |            - |              - |      0 |
|   37 |                         vm_mod_fused_nn_conv2d_add_nn_relu_48 |            - |              - |      0 |
|   38 |                         vm_mod_fused_nn_conv2d_add_nn_relu_55 |            - |              - |      0 |
|   39 |                         vm_mod_fused_nn_conv2d_add_nn_relu_37 |            - |              - |      0 |
|   40 |                         vm_mod_fused_nn_conv2d_add_nn_relu_44 |            - |              - |      0 |
|   41 |                         vm_mod_fused_nn_conv2d_add_nn_relu_19 |            - |              - |      0 |
|   42 |                          vm_mod_fused_nn_conv2d_add_nn_relu_3 |            - |              - |      0 |
|   43 |                         vm_mod_fused_nn_conv2d_add_nn_relu_51 |            - |              - |      0 |
|   44 |                         vm_mod_fused_nn_conv2d_add_nn_relu_26 |            - |              - |      0 |
|   45 | vm_mod_fused_nn_contrib_conv2d_winograd_without_weight_transform_2 |            - |              - |      0 |
|   46 |                         vm_mod_fused_nn_conv2d_add_nn_relu_33 |            - |              - |      0 |
|   47 |                         vm_mod_fused_nn_conv2d_add_nn_relu_40 |            - |              - |      0 |
|   48 |                           vm_mod_fused_nn_adaptive_avg_pool2d |            - |              - |      0 |
|   49 |                         vm_mod_fused_nn_conv2d_add_nn_relu_15 |            - |              - |      0 |
|   50 |                         vm_mod_fused_nn_conv2d_add_nn_relu_22 |            - |              - |      0 |
|   51 |                                    vm_mod_fused_nn_avg_pool2d |            - |              - |      0 |
|   52 |                         vm_mod_fused_nn_conv2d_add_nn_relu_11 |            - |              - |      0 |
|   53 |                                      vm_mod_fused_nn_conv2d_2 |            - |              - |      0 |
|   54 |                          vm_mod_fused_nn_conv2d_add_nn_relu_6 |            - |              - |      0 |
|   55 |                         vm_mod_fused_nn_conv2d_add_nn_relu_49 |            - |              - |      0 |
|   56 |                         vm_mod_fused_nn_conv2d_add_nn_relu_56 |            - |              - |      0 |
|   57 |                         vm_mod_fused_nn_conv2d_add_nn_relu_38 |            - |              - |      0 |
|   58 |                         vm_mod_fused_nn_conv2d_add_nn_relu_45 |            - |              - |      0 |
|   59 |                         vm_mod_fused_nn_conv2d_add_nn_relu_52 |            - |              - |      0 |
|   60 | vm_mod_fused_nn_contrib_conv2d_winograd_without_weight_transform_3 |            - |              - |      0 |
|   61 |                         vm_mod_fused_nn_conv2d_add_nn_relu_27 |            - |              - |      0 |
|   62 |                          vm_mod_fused_nn_conv2d_add_nn_relu_2 |            - |              - |      0 |
|   63 |                         vm_mod_fused_nn_conv2d_add_nn_relu_34 |            - |              - |      0 |
|   64 |                         vm_mod_fused_nn_conv2d_add_nn_relu_41 |            - |              - |      0 |
|   65 |                                    vm_mod_fused_nn_max_pool2d |            - |              - |      0 |
|   66 |                         vm_mod_fused_nn_conv2d_add_nn_relu_16 |            - |              - |      0 |
|   67 |                         vm_mod_fused_nn_conv2d_add_nn_relu_23 |            - |              - |      0 |
|   68 |                         vm_mod_fused_nn_conv2d_add_nn_relu_30 |            - |              - |      0 |
----------------------------------------------------------------------
------------------------------  [ Search ]
----------------------------------------------------------------------
Generate Sketches		#s: 1
Sample Initial Population	#s: 95	fail_ct: 1953	Time elapsed: 4.85
GA Iter: 0	Max score: 0.9865	Min score: 0.4536	#Pop: 54	#M+: 0	#M-: 0
GA Iter: 4	Max score: 0.9999	Min score: 0.9925	#Pop: 54	#M+: 1404	#M-: 0
EvolutionarySearch		#s: 54	Time elapsed: 66.54
----------------------------------------------------------------------
------------------------------  [ Measure ]
----------------------------------------------------------------------
Get 27 programs to measure:
...........................***************************|   69 |                          vm_mod_fused_nn_conv2d_add_nn_relu_9 |            - |              - |      0 |
|   70 |                         vm_mod_fused_nn_conv2d_add_nn_relu_12 |            - |              - |      0 |
|   71 |                         vm_mod_fused_nn_conv2d_add_nn_relu_57 |            - |              - |      0 |
-----------------------------------------------------------------------------------------------------------------
Estimated total latency: - ms	Trials: 621	Used time : 2081 s	Next ID: 23	

Time elapsed for measurement: 12.82 s
----------------------------------------------------------------------
------------------------------  [ Train cost model ]
----------------------------------------------------------------------
Time elapsed for training: 0.00 s
----------------------------------------------------------------------
------------------------------  [ Task Scheduler ]
----------------------------------------------------------------------
|  ID  |                       Task Description                        | Latency (ms) | Speed (GFLOPS) | Trials |
-----------------------------------------------------------------------------------------------------------------
|    0 |                          vm_mod_fused_nn_conv2d_add_nn_relu_5 |        0.015 |       10334.05 |     27 |
|    1 |                         vm_mod_fused_nn_conv2d_add_nn_relu_39 |        0.015 |        3095.64 |     27 |
|    2 |                         vm_mod_fused_nn_conv2d_add_nn_relu_46 |        0.014 |         528.26 |     27 |
|    3 |                                        vm_mod_fused_nn_conv2d |        0.015 |       13468.53 |     27 |
|    4 |                         vm_mod_fused_nn_conv2d_add_nn_relu_53 |        0.014 |         728.20 |     27 |
|    5 |                         vm_mod_fused_nn_conv2d_add_nn_relu_28 |        0.009 |        3215.30 |     27 |
|    6 |                                  vm_mod_fused_nn_avg_pool2d_2 |        0.004 |          28.91 |     27 |
|    7 |                         vm_mod_fused_nn_conv2d_add_nn_relu_35 |        0.020 |        1901.59 |     27 |
|    8 |                         vm_mod_fused_nn_conv2d_add_nn_relu_42 |        0.026 |        1935.67 |     27 |
|    9 |                         vm_mod_fused_nn_conv2d_add_nn_relu_17 |        0.012 |        7548.90 |     27 |
|   10 |                          vm_mod_fused_nn_conv2d_add_nn_relu_1 |        0.005 |        9731.76 |     27 |
|   11 |                         vm_mod_fused_nn_conv2d_add_nn_relu_24 |        0.011 |        1904.04 |     27 |
|   12 |                                     vm_mod_fused_nn_dense_add |        0.008 |         245.77 |     27 |
|   13 |                         vm_mod_fused_nn_conv2d_add_nn_relu_31 |        0.016 |        2073.86 |     27 |
|   14 |                         vm_mod_fused_nn_conv2d_add_nn_relu_13 |        0.012 |        5442.85 |     27 |
|   15 |                         vm_mod_fused_nn_conv2d_add_nn_relu_20 |        0.006 |        2322.88 |     27 |
|   16 |                          vm_mod_fused_nn_conv2d_add_nn_relu_8 |        0.007 |        4756.00 |     27 |
|   17 |                         vm_mod_fused_nn_conv2d_add_nn_relu_58 |        0.014 |         915.17 |     27 |
|   18 |                         vm_mod_fused_nn_conv2d_add_nn_relu_47 |        0.016 |         499.77 |     27 |
|   19 |                          vm_mod_fused_nn_conv2d_add_nn_relu_4 |        0.013 |       10032.87 |     27 |
|   20 |                         vm_mod_fused_nn_conv2d_add_nn_relu_29 |        0.008 |        3577.85 |     27 |
|   21 |                         vm_mod_fused_nn_conv2d_add_nn_relu_54 |        0.019 |         570.87 |     27 |
|   22 |                         vm_mod_fused_nn_conv2d_add_nn_relu_36 |        0.017 |        2372.88 |     27 |
|   23 |                         vm_mod_fused_nn_conv2d_add_nn_relu_43 |        0.009 |         687.63 |     27 |
|   24 |                         vm_mod_fused_nn_conv2d_add_nn_relu_18 |            - |              - |      0 |
|   25 |                         vm_mod_fused_nn_conv2d_add_nn_relu_50 |            - |              - |      0 |
|   26 |                                  vm_mod_fused_nn_avg_pool2d_1 |            - |              - |      0 |
|   27 |                         vm_mod_fused_nn_conv2d_add_nn_relu_25 |            - |              - |      0 |
|   28 |                         vm_mod_fused_nn_conv2d_add_nn_relu_32 |            - |              - |      0 |
|   29 | vm_mod_fused_nn_contrib_conv2d_winograd_without_weight_transform_1 |            - |              - |      0 |
|   30 |                                      vm_mod_fused_nn_conv2d_1 |            - |              - |      0 |
|   31 |                         vm_mod_fused_nn_conv2d_add_nn_relu_14 |            - |              - |      0 |
|   32 |                         vm_mod_fused_nn_conv2d_add_nn_relu_21 |            - |              - |      0 |
|   33 |                            vm_mod_fused_nn_conv2d_add_nn_relu |            - |              - |      0 |
|   34 |                         vm_mod_fused_nn_conv2d_add_nn_relu_10 |            - |              - |      0 |
|   35 |                          vm_mod_fused_nn_conv2d_add_nn_relu_7 |            - |              - |      0 |
|   36 | vm_mod_fused_nn_contrib_conv2d_winograd_without_weight_transform |            - |              - |      0 |
|   37 |                         vm_mod_fused_nn_conv2d_add_nn_relu_48 |            - |              - |      0 |
|   38 |                         vm_mod_fused_nn_conv2d_add_nn_relu_55 |            - |              - |      0 |
|   39 |                         vm_mod_fused_nn_conv2d_add_nn_relu_37 |            - |              - |      0 |
|   40 |                         vm_mod_fused_nn_conv2d_add_nn_relu_44 |            - |              - |      0 |
|   41 |                         vm_mod_fused_nn_conv2d_add_nn_relu_19 |            - |              - |      0 |
|   42 |                          vm_mod_fused_nn_conv2d_add_nn_relu_3 |            - |              - |      0 |
|   43 |                         vm_mod_fused_nn_conv2d_add_nn_relu_51 |            - |              - |      0 |
|   44 |                         vm_mod_fused_nn_conv2d_add_nn_relu_26 |            - |              - |      0 |
|   45 | vm_mod_fused_nn_contrib_conv2d_winograd_without_weight_transform_2 |            - |              - |      0 |
|   46 |                         vm_mod_fused_nn_conv2d_add_nn_relu_33 |            - |              - |      0 |
|   47 |                         vm_mod_fused_nn_conv2d_add_nn_relu_40 |            - |              - |      0 |
|   48 |                           vm_mod_fused_nn_adaptive_avg_pool2d |            - |              - |      0 |
|   49 |                         vm_mod_fused_nn_conv2d_add_nn_relu_15 |            - |              - |      0 |
|   50 |                         vm_mod_fused_nn_conv2d_add_nn_relu_22 |            - |              - |      0 |
|   51 |                                    vm_mod_fused_nn_avg_pool2d |            - |              - |      0 |
|   52 |                         vm_mod_fused_nn_conv2d_add_nn_relu_11 |            - |              - |      0 |
|   53 |                                      vm_mod_fused_nn_conv2d_2 |            - |              - |      0 |
|   54 |                          vm_mod_fused_nn_conv2d_add_nn_relu_6 |            - |              - |      0 |
|   55 |                         vm_mod_fused_nn_conv2d_add_nn_relu_49 |            - |              - |      0 |
|   56 |                         vm_mod_fused_nn_conv2d_add_nn_relu_56 |            - |              - |      0 |
|   57 |                         vm_mod_fused_nn_conv2d_add_nn_relu_38 |            - |              - |      0 |
|   58 |                         vm_mod_fused_nn_conv2d_add_nn_relu_45 |            - |              - |      0 |
|   59 |                         vm_mod_fused_nn_conv2d_add_nn_relu_52 |            - |              - |      0 |
|   60 | vm_mod_fused_nn_contrib_conv2d_winograd_without_weight_transform_3 |            - |              - |      0 |
|   61 |                         vm_mod_fused_nn_conv2d_add_nn_relu_27 |            - |              - |      0 |
|   62 |                          vm_mod_fused_nn_conv2d_add_nn_relu_2 |            - |              - |      0 |
|   63 |                         vm_mod_fused_nn_conv2d_add_nn_relu_34 |            - |              - |      0 |
|   64 |                         vm_mod_fused_nn_conv2d_add_nn_relu_41 |            - |              - |      0 |
|   65 |                                    vm_mod_fused_nn_max_pool2d |            - |              - |      0 |
|   66 |                         vm_mod_fused_nn_conv2d_add_nn_relu_16 |            - |              - |      0 |
|   67 |                         vm_mod_fused_nn_conv2d_add_nn_relu_23 |            - |              - |      0 |
|   68 |                         vm_mod_fused_nn_conv2d_add_nn_relu_30 |            - |              - |      0 |
----------------------------------------------------------------------
------------------------------  [ Search ]
----------------------------------------------------------------------
Generate Sketches		#s: 1
Sample Initial Population	#s: 63	fail_ct: 1985	Time elapsed: 6.33
GA Iter: 0	Max score: 0.9865	Min score: 0.0817	#Pop: 54	#M+: 0	#M-: 0
GA Iter: 4	Max score: 0.9999	Min score: 0.9922	#Pop: 54	#M+: 1388	#M-: 0
EvolutionarySearch		#s: 54	Time elapsed: 78.54
----------------------------------------------------------------------
------------------------------  [ Measure ]
----------------------------------------------------------------------
Get 27 programs to measure:
...........................***************************|   69 |                          vm_mod_fused_nn_conv2d_add_nn_relu_9 |            - |              - |      0 |
|   70 |                         vm_mod_fused_nn_conv2d_add_nn_relu_12 |            - |              - |      0 |
|   71 |                         vm_mod_fused_nn_conv2d_add_nn_relu_57 |            - |              - |      0 |
-----------------------------------------------------------------------------------------------------------------
Estimated total latency: - ms	Trials: 648	Used time : 2166 s	Next ID: 24	

Time elapsed for measurement: 21.46 s
----------------------------------------------------------------------
------------------------------  [ Train cost model ]
----------------------------------------------------------------------
Time elapsed for training: 0.00 s
----------------------------------------------------------------------
------------------------------  [ Task Scheduler ]
----------------------------------------------------------------------
|  ID  |                       Task Description                        | Latency (ms) | Speed (GFLOPS) | Trials |
-----------------------------------------------------------------------------------------------------------------
|    0 |                          vm_mod_fused_nn_conv2d_add_nn_relu_5 |        0.015 |       10334.05 |     27 |
|    1 |                         vm_mod_fused_nn_conv2d_add_nn_relu_39 |        0.015 |        3095.64 |     27 |
|    2 |                         vm_mod_fused_nn_conv2d_add_nn_relu_46 |        0.014 |         528.26 |     27 |
|    3 |                                        vm_mod_fused_nn_conv2d |        0.015 |       13468.53 |     27 |
|    4 |                         vm_mod_fused_nn_conv2d_add_nn_relu_53 |        0.014 |         728.20 |     27 |
|    5 |                         vm_mod_fused_nn_conv2d_add_nn_relu_28 |        0.009 |        3215.30 |     27 |
|    6 |                                  vm_mod_fused_nn_avg_pool2d_2 |        0.004 |          28.91 |     27 |
|    7 |                         vm_mod_fused_nn_conv2d_add_nn_relu_35 |        0.020 |        1901.59 |     27 |
|    8 |                         vm_mod_fused_nn_conv2d_add_nn_relu_42 |        0.026 |        1935.67 |     27 |
|    9 |                         vm_mod_fused_nn_conv2d_add_nn_relu_17 |        0.012 |        7548.90 |     27 |
|   10 |                          vm_mod_fused_nn_conv2d_add_nn_relu_1 |        0.005 |        9731.76 |     27 |
|   11 |                         vm_mod_fused_nn_conv2d_add_nn_relu_24 |        0.011 |        1904.04 |     27 |
|   12 |                                     vm_mod_fused_nn_dense_add |        0.008 |         245.77 |     27 |
|   13 |                         vm_mod_fused_nn_conv2d_add_nn_relu_31 |        0.016 |        2073.86 |     27 |
|   14 |                         vm_mod_fused_nn_conv2d_add_nn_relu_13 |        0.012 |        5442.85 |     27 |
|   15 |                         vm_mod_fused_nn_conv2d_add_nn_relu_20 |        0.006 |        2322.88 |     27 |
|   16 |                          vm_mod_fused_nn_conv2d_add_nn_relu_8 |        0.007 |        4756.00 |     27 |
|   17 |                         vm_mod_fused_nn_conv2d_add_nn_relu_58 |        0.014 |         915.17 |     27 |
|   18 |                         vm_mod_fused_nn_conv2d_add_nn_relu_47 |        0.016 |         499.77 |     27 |
|   19 |                          vm_mod_fused_nn_conv2d_add_nn_relu_4 |        0.013 |       10032.87 |     27 |
|   20 |                         vm_mod_fused_nn_conv2d_add_nn_relu_29 |        0.008 |        3577.85 |     27 |
|   21 |                         vm_mod_fused_nn_conv2d_add_nn_relu_54 |        0.019 |         570.87 |     27 |
|   22 |                         vm_mod_fused_nn_conv2d_add_nn_relu_36 |        0.017 |        2372.88 |     27 |
|   23 |                         vm_mod_fused_nn_conv2d_add_nn_relu_43 |        0.009 |         687.63 |     27 |
|   24 |                         vm_mod_fused_nn_conv2d_add_nn_relu_18 |        0.016 |        5915.29 |     27 |
|   25 |                         vm_mod_fused_nn_conv2d_add_nn_relu_50 |            - |              - |      0 |
|   26 |                                  vm_mod_fused_nn_avg_pool2d_1 |            - |              - |      0 |
|   27 |                         vm_mod_fused_nn_conv2d_add_nn_relu_25 |            - |              - |      0 |
|   28 |                         vm_mod_fused_nn_conv2d_add_nn_relu_32 |            - |              - |      0 |
|   29 | vm_mod_fused_nn_contrib_conv2d_winograd_without_weight_transform_1 |            - |              - |      0 |
|   30 |                                      vm_mod_fused_nn_conv2d_1 |            - |              - |      0 |
|   31 |                         vm_mod_fused_nn_conv2d_add_nn_relu_14 |            - |              - |      0 |
|   32 |                         vm_mod_fused_nn_conv2d_add_nn_relu_21 |            - |              - |      0 |
|   33 |                            vm_mod_fused_nn_conv2d_add_nn_relu |            - |              - |      0 |
|   34 |                         vm_mod_fused_nn_conv2d_add_nn_relu_10 |            - |              - |      0 |
|   35 |                          vm_mod_fused_nn_conv2d_add_nn_relu_7 |            - |              - |      0 |
|   36 | vm_mod_fused_nn_contrib_conv2d_winograd_without_weight_transform |            - |              - |      0 |
|   37 |                         vm_mod_fused_nn_conv2d_add_nn_relu_48 |            - |              - |      0 |
|   38 |                         vm_mod_fused_nn_conv2d_add_nn_relu_55 |            - |              - |      0 |
|   39 |                         vm_mod_fused_nn_conv2d_add_nn_relu_37 |            - |              - |      0 |
|   40 |                         vm_mod_fused_nn_conv2d_add_nn_relu_44 |            - |              - |      0 |
|   41 |                         vm_mod_fused_nn_conv2d_add_nn_relu_19 |            - |              - |      0 |
|   42 |                          vm_mod_fused_nn_conv2d_add_nn_relu_3 |            - |              - |      0 |
|   43 |                         vm_mod_fused_nn_conv2d_add_nn_relu_51 |            - |              - |      0 |
|   44 |                         vm_mod_fused_nn_conv2d_add_nn_relu_26 |            - |              - |      0 |
|   45 | vm_mod_fused_nn_contrib_conv2d_winograd_without_weight_transform_2 |            - |              - |      0 |
|   46 |                         vm_mod_fused_nn_conv2d_add_nn_relu_33 |            - |              - |      0 |
|   47 |                         vm_mod_fused_nn_conv2d_add_nn_relu_40 |            - |              - |      0 |
|   48 |                           vm_mod_fused_nn_adaptive_avg_pool2d |            - |              - |      0 |
|   49 |                         vm_mod_fused_nn_conv2d_add_nn_relu_15 |            - |              - |      0 |
|   50 |                         vm_mod_fused_nn_conv2d_add_nn_relu_22 |            - |              - |      0 |
|   51 |                                    vm_mod_fused_nn_avg_pool2d |            - |              - |      0 |
|   52 |                         vm_mod_fused_nn_conv2d_add_nn_relu_11 |            - |              - |      0 |
|   53 |                                      vm_mod_fused_nn_conv2d_2 |            - |              - |      0 |
|   54 |                          vm_mod_fused_nn_conv2d_add_nn_relu_6 |            - |              - |      0 |
|   55 |                         vm_mod_fused_nn_conv2d_add_nn_relu_49 |            - |              - |      0 |
|   56 |                         vm_mod_fused_nn_conv2d_add_nn_relu_56 |            - |              - |      0 |
|   57 |                         vm_mod_fused_nn_conv2d_add_nn_relu_38 |            - |              - |      0 |
|   58 |                         vm_mod_fused_nn_conv2d_add_nn_relu_45 |            - |              - |      0 |
|   59 |                         vm_mod_fused_nn_conv2d_add_nn_relu_52 |            - |              - |      0 |
|   60 | vm_mod_fused_nn_contrib_conv2d_winograd_without_weight_transform_3 |            - |              - |      0 |
|   61 |                         vm_mod_fused_nn_conv2d_add_nn_relu_27 |            - |              - |      0 |
|   62 |                          vm_mod_fused_nn_conv2d_add_nn_relu_2 |            - |              - |      0 |
|   63 |                         vm_mod_fused_nn_conv2d_add_nn_relu_34 |            - |              - |      0 |
|   64 |                         vm_mod_fused_nn_conv2d_add_nn_relu_41 |            - |              - |      0 |
|   65 |                                    vm_mod_fused_nn_max_pool2d |            - |              - |      0 |
|   66 |                         vm_mod_fused_nn_conv2d_add_nn_relu_16 |            - |              - |      0 |
|   67 |                         vm_mod_fused_nn_conv2d_add_nn_relu_23 |            - |              - |      0 |
|   68 |                         vm_mod_fused_nn_conv2d_add_nn_relu_30 |            - |              - |      0 |
----------------------------------------------------------------------
------------------------------  [ Search ]
----------------------------------------------------------------------
Generate Sketches		#s: 1
Sample Initial Population	#s: 94	fail_ct: 1954	Time elapsed: 5.14
GA Iter: 0	Max score: 0.9839	Min score: 0.3882	#Pop: 54	#M+: 0	#M-: 0
GA Iter: 4	Max score: 1.0000	Min score: 0.9918	#Pop: 54	#M+: 1396	#M-: 0
EvolutionarySearch		#s: 54	Time elapsed: 69.31
----------------------------------------------------------------------
------------------------------  [ Measure ]
----------------------------------------------------------------------
Get 27 programs to measure:
...........................***************************|   69 |                          vm_mod_fused_nn_conv2d_add_nn_relu_9 |            - |              - |      0 |
|   70 |                         vm_mod_fused_nn_conv2d_add_nn_relu_12 |            - |              - |      0 |
|   71 |                         vm_mod_fused_nn_conv2d_add_nn_relu_57 |            - |              - |      0 |
-----------------------------------------------------------------------------------------------------------------
Estimated total latency: - ms	Trials: 675	Used time : 2272 s	Next ID: 25	

Time elapsed for measurement: 13.67 s
----------------------------------------------------------------------
------------------------------  [ Train cost model ]
----------------------------------------------------------------------
Time elapsed for training: 0.00 s
----------------------------------------------------------------------
------------------------------  [ Task Scheduler ]
----------------------------------------------------------------------
|  ID  |                       Task Description                        | Latency (ms) | Speed (GFLOPS) | Trials |
-----------------------------------------------------------------------------------------------------------------
|    0 |                          vm_mod_fused_nn_conv2d_add_nn_relu_5 |        0.015 |       10334.05 |     27 |
|    1 |                         vm_mod_fused_nn_conv2d_add_nn_relu_39 |        0.015 |        3095.64 |     27 |
|    2 |                         vm_mod_fused_nn_conv2d_add_nn_relu_46 |        0.014 |         528.26 |     27 |
|    3 |                                        vm_mod_fused_nn_conv2d |        0.015 |       13468.53 |     27 |
|    4 |                         vm_mod_fused_nn_conv2d_add_nn_relu_53 |        0.014 |         728.20 |     27 |
|    5 |                         vm_mod_fused_nn_conv2d_add_nn_relu_28 |        0.009 |        3215.30 |     27 |
|    6 |                                  vm_mod_fused_nn_avg_pool2d_2 |        0.004 |          28.91 |     27 |
|    7 |                         vm_mod_fused_nn_conv2d_add_nn_relu_35 |        0.020 |        1901.59 |     27 |
|    8 |                         vm_mod_fused_nn_conv2d_add_nn_relu_42 |        0.026 |        1935.67 |     27 |
|    9 |                         vm_mod_fused_nn_conv2d_add_nn_relu_17 |        0.012 |        7548.90 |     27 |
|   10 |                          vm_mod_fused_nn_conv2d_add_nn_relu_1 |        0.005 |        9731.76 |     27 |
|   11 |                         vm_mod_fused_nn_conv2d_add_nn_relu_24 |        0.011 |        1904.04 |     27 |
|   12 |                                     vm_mod_fused_nn_dense_add |        0.008 |         245.77 |     27 |
|   13 |                         vm_mod_fused_nn_conv2d_add_nn_relu_31 |        0.016 |        2073.86 |     27 |
|   14 |                         vm_mod_fused_nn_conv2d_add_nn_relu_13 |        0.012 |        5442.85 |     27 |
|   15 |                         vm_mod_fused_nn_conv2d_add_nn_relu_20 |        0.006 |        2322.88 |     27 |
|   16 |                          vm_mod_fused_nn_conv2d_add_nn_relu_8 |        0.007 |        4756.00 |     27 |
|   17 |                         vm_mod_fused_nn_conv2d_add_nn_relu_58 |        0.014 |         915.17 |     27 |
|   18 |                         vm_mod_fused_nn_conv2d_add_nn_relu_47 |        0.016 |         499.77 |     27 |
|   19 |                          vm_mod_fused_nn_conv2d_add_nn_relu_4 |        0.013 |       10032.87 |     27 |
|   20 |                         vm_mod_fused_nn_conv2d_add_nn_relu_29 |        0.008 |        3577.85 |     27 |
|   21 |                         vm_mod_fused_nn_conv2d_add_nn_relu_54 |        0.019 |         570.87 |     27 |
|   22 |                         vm_mod_fused_nn_conv2d_add_nn_relu_36 |        0.017 |        2372.88 |     27 |
|   23 |                         vm_mod_fused_nn_conv2d_add_nn_relu_43 |        0.009 |         687.63 |     27 |
|   24 |                         vm_mod_fused_nn_conv2d_add_nn_relu_18 |        0.016 |        5915.29 |     27 |
|   25 |                         vm_mod_fused_nn_conv2d_add_nn_relu_50 |        0.012 |         746.94 |     27 |
|   26 |                                  vm_mod_fused_nn_avg_pool2d_1 |            - |              - |      0 |
|   27 |                         vm_mod_fused_nn_conv2d_add_nn_relu_25 |            - |              - |      0 |
|   28 |                         vm_mod_fused_nn_conv2d_add_nn_relu_32 |            - |              - |      0 |
|   29 | vm_mod_fused_nn_contrib_conv2d_winograd_without_weight_transform_1 |            - |              - |      0 |
|   30 |                                      vm_mod_fused_nn_conv2d_1 |            - |              - |      0 |
|   31 |                         vm_mod_fused_nn_conv2d_add_nn_relu_14 |            - |              - |      0 |
|   32 |                         vm_mod_fused_nn_conv2d_add_nn_relu_21 |            - |              - |      0 |
|   33 |                            vm_mod_fused_nn_conv2d_add_nn_relu |            - |              - |      0 |
|   34 |                         vm_mod_fused_nn_conv2d_add_nn_relu_10 |            - |              - |      0 |
|   35 |                          vm_mod_fused_nn_conv2d_add_nn_relu_7 |            - |              - |      0 |
|   36 | vm_mod_fused_nn_contrib_conv2d_winograd_without_weight_transform |            - |              - |      0 |
|   37 |                         vm_mod_fused_nn_conv2d_add_nn_relu_48 |            - |              - |      0 |
|   38 |                         vm_mod_fused_nn_conv2d_add_nn_relu_55 |            - |              - |      0 |
|   39 |                         vm_mod_fused_nn_conv2d_add_nn_relu_37 |            - |              - |      0 |
|   40 |                         vm_mod_fused_nn_conv2d_add_nn_relu_44 |            - |              - |      0 |
|   41 |                         vm_mod_fused_nn_conv2d_add_nn_relu_19 |            - |              - |      0 |
|   42 |                          vm_mod_fused_nn_conv2d_add_nn_relu_3 |            - |              - |      0 |
|   43 |                         vm_mod_fused_nn_conv2d_add_nn_relu_51 |            - |              - |      0 |
|   44 |                         vm_mod_fused_nn_conv2d_add_nn_relu_26 |            - |              - |      0 |
|   45 | vm_mod_fused_nn_contrib_conv2d_winograd_without_weight_transform_2 |            - |              - |      0 |
|   46 |                         vm_mod_fused_nn_conv2d_add_nn_relu_33 |            - |              - |      0 |
|   47 |                         vm_mod_fused_nn_conv2d_add_nn_relu_40 |            - |              - |      0 |
|   48 |                           vm_mod_fused_nn_adaptive_avg_pool2d |            - |              - |      0 |
|   49 |                         vm_mod_fused_nn_conv2d_add_nn_relu_15 |            - |              - |      0 |
|   50 |                         vm_mod_fused_nn_conv2d_add_nn_relu_22 |            - |              - |      0 |
|   51 |                                    vm_mod_fused_nn_avg_pool2d |            - |              - |      0 |
|   52 |                         vm_mod_fused_nn_conv2d_add_nn_relu_11 |            - |              - |      0 |
|   53 |                                      vm_mod_fused_nn_conv2d_2 |            - |              - |      0 |
|   54 |                          vm_mod_fused_nn_conv2d_add_nn_relu_6 |            - |              - |      0 |
|   55 |                         vm_mod_fused_nn_conv2d_add_nn_relu_49 |            - |              - |      0 |
|   56 |                         vm_mod_fused_nn_conv2d_add_nn_relu_56 |            - |              - |      0 |
|   57 |                         vm_mod_fused_nn_conv2d_add_nn_relu_38 |            - |              - |      0 |
|   58 |                         vm_mod_fused_nn_conv2d_add_nn_relu_45 |            - |              - |      0 |
|   59 |                         vm_mod_fused_nn_conv2d_add_nn_relu_52 |            - |              - |      0 |
|   60 | vm_mod_fused_nn_contrib_conv2d_winograd_without_weight_transform_3 |            - |              - |      0 |
|   61 |                         vm_mod_fused_nn_conv2d_add_nn_relu_27 |            - |              - |      0 |
|   62 |                          vm_mod_fused_nn_conv2d_add_nn_relu_2 |            - |              - |      0 |
|   63 |                         vm_mod_fused_nn_conv2d_add_nn_relu_34 |            - |              - |      0 |
|   64 |                         vm_mod_fused_nn_conv2d_add_nn_relu_41 |            - |              - |      0 |
|   65 |                                    vm_mod_fused_nn_max_pool2d |            - |              - |      0 |
|   66 |                         vm_mod_fused_nn_conv2d_add_nn_relu_16 |            - |              - |      0 |
|   67 |                         vm_mod_fused_nn_conv2d_add_nn_relu_23 |            - |              - |      0 |
|   68 |                         vm_mod_fused_nn_conv2d_add_nn_relu_30 |            - |              - |      0 |
----------------------------------------------------------------------
------------------------------  [ Search ]
----------------------------------------------------------------------
Generate Sketches		#s: 1
Sample Initial Population	#s: 457	fail_ct: 1591	Time elapsed: 3.84
GA Iter: 0	Max score: 0.9995	Min score: 0.8719	#Pop: 54	#M+: 0	#M-: 0
GA Iter: 4	Max score: 0.9999	Min score: 0.9921	#Pop: 54	#M+: 1392	#M-: 0
EvolutionarySearch		#s: 54	Time elapsed: 14.36
----------------------------------------------------------------------
------------------------------  [ Measure ]
----------------------------------------------------------------------
Get 27 programs to measure:
...........................***************************|   69 |                          vm_mod_fused_nn_conv2d_add_nn_relu_9 |            - |              - |      0 |
|   70 |                         vm_mod_fused_nn_conv2d_add_nn_relu_12 |            - |              - |      0 |
|   71 |                         vm_mod_fused_nn_conv2d_add_nn_relu_57 |            - |              - |      0 |
-----------------------------------------------------------------------------------------------------------------
Estimated total latency: - ms	Trials: 702	Used time : 2360 s	Next ID: 26	

Time elapsed for measurement: 11.00 s
----------------------------------------------------------------------
------------------------------  [ Train cost model ]
----------------------------------------------------------------------
Time elapsed for training: 1.12 s
----------------------------------------------------------------------
------------------------------  [ Task Scheduler ]
----------------------------------------------------------------------
|  ID  |                       Task Description                        | Latency (ms) | Speed (GFLOPS) | Trials |
-----------------------------------------------------------------------------------------------------------------
|    0 |                          vm_mod_fused_nn_conv2d_add_nn_relu_5 |        0.015 |       10334.05 |     27 |
|    1 |                         vm_mod_fused_nn_conv2d_add_nn_relu_39 |        0.015 |        3095.64 |     27 |
|    2 |                         vm_mod_fused_nn_conv2d_add_nn_relu_46 |        0.014 |         528.26 |     27 |
|    3 |                                        vm_mod_fused_nn_conv2d |        0.015 |       13468.53 |     27 |
|    4 |                         vm_mod_fused_nn_conv2d_add_nn_relu_53 |        0.014 |         728.20 |     27 |
|    5 |                         vm_mod_fused_nn_conv2d_add_nn_relu_28 |        0.009 |        3215.30 |     27 |
|    6 |                                  vm_mod_fused_nn_avg_pool2d_2 |        0.004 |          28.91 |     27 |
|    7 |                         vm_mod_fused_nn_conv2d_add_nn_relu_35 |        0.020 |        1901.59 |     27 |
|    8 |                         vm_mod_fused_nn_conv2d_add_nn_relu_42 |        0.026 |        1935.67 |     27 |
|    9 |                         vm_mod_fused_nn_conv2d_add_nn_relu_17 |        0.012 |        7548.90 |     27 |
|   10 |                          vm_mod_fused_nn_conv2d_add_nn_relu_1 |        0.005 |        9731.76 |     27 |
|   11 |                         vm_mod_fused_nn_conv2d_add_nn_relu_24 |        0.011 |        1904.04 |     27 |
|   12 |                                     vm_mod_fused_nn_dense_add |        0.008 |         245.77 |     27 |
|   13 |                         vm_mod_fused_nn_conv2d_add_nn_relu_31 |        0.016 |        2073.86 |     27 |
|   14 |                         vm_mod_fused_nn_conv2d_add_nn_relu_13 |        0.012 |        5442.85 |     27 |
|   15 |                         vm_mod_fused_nn_conv2d_add_nn_relu_20 |        0.006 |        2322.88 |     27 |
|   16 |                          vm_mod_fused_nn_conv2d_add_nn_relu_8 |        0.007 |        4756.00 |     27 |
|   17 |                         vm_mod_fused_nn_conv2d_add_nn_relu_58 |        0.014 |         915.17 |     27 |
|   18 |                         vm_mod_fused_nn_conv2d_add_nn_relu_47 |        0.016 |         499.77 |     27 |
|   19 |                          vm_mod_fused_nn_conv2d_add_nn_relu_4 |        0.013 |       10032.87 |     27 |
|   20 |                         vm_mod_fused_nn_conv2d_add_nn_relu_29 |        0.008 |        3577.85 |     27 |
|   21 |                         vm_mod_fused_nn_conv2d_add_nn_relu_54 |        0.019 |         570.87 |     27 |
|   22 |                         vm_mod_fused_nn_conv2d_add_nn_relu_36 |        0.017 |        2372.88 |     27 |
|   23 |                         vm_mod_fused_nn_conv2d_add_nn_relu_43 |        0.009 |         687.63 |     27 |
|   24 |                         vm_mod_fused_nn_conv2d_add_nn_relu_18 |        0.016 |        5915.29 |     27 |
|   25 |                         vm_mod_fused_nn_conv2d_add_nn_relu_50 |        0.012 |         746.94 |     27 |
|   26 |                                  vm_mod_fused_nn_avg_pool2d_1 |        0.005 |          45.85 |     27 |
|   27 |                         vm_mod_fused_nn_conv2d_add_nn_relu_25 |            - |              - |      0 |
|   28 |                         vm_mod_fused_nn_conv2d_add_nn_relu_32 |            - |              - |      0 |
|   29 | vm_mod_fused_nn_contrib_conv2d_winograd_without_weight_transform_1 |            - |              - |      0 |
|   30 |                                      vm_mod_fused_nn_conv2d_1 |            - |              - |      0 |
|   31 |                         vm_mod_fused_nn_conv2d_add_nn_relu_14 |            - |              - |      0 |
|   32 |                         vm_mod_fused_nn_conv2d_add_nn_relu_21 |            - |              - |      0 |
|   33 |                            vm_mod_fused_nn_conv2d_add_nn_relu |            - |              - |      0 |
|   34 |                         vm_mod_fused_nn_conv2d_add_nn_relu_10 |            - |              - |      0 |
|   35 |                          vm_mod_fused_nn_conv2d_add_nn_relu_7 |            - |              - |      0 |
|   36 | vm_mod_fused_nn_contrib_conv2d_winograd_without_weight_transform |            - |              - |      0 |
|   37 |                         vm_mod_fused_nn_conv2d_add_nn_relu_48 |            - |              - |      0 |
|   38 |                         vm_mod_fused_nn_conv2d_add_nn_relu_55 |            - |              - |      0 |
|   39 |                         vm_mod_fused_nn_conv2d_add_nn_relu_37 |            - |              - |      0 |
|   40 |                         vm_mod_fused_nn_conv2d_add_nn_relu_44 |            - |              - |      0 |
|   41 |                         vm_mod_fused_nn_conv2d_add_nn_relu_19 |            - |              - |      0 |
|   42 |                          vm_mod_fused_nn_conv2d_add_nn_relu_3 |            - |              - |      0 |
|   43 |                         vm_mod_fused_nn_conv2d_add_nn_relu_51 |            - |              - |      0 |
|   44 |                         vm_mod_fused_nn_conv2d_add_nn_relu_26 |            - |              - |      0 |
|   45 | vm_mod_fused_nn_contrib_conv2d_winograd_without_weight_transform_2 |            - |              - |      0 |
|   46 |                         vm_mod_fused_nn_conv2d_add_nn_relu_33 |            - |              - |      0 |
|   47 |                         vm_mod_fused_nn_conv2d_add_nn_relu_40 |            - |              - |      0 |
|   48 |                           vm_mod_fused_nn_adaptive_avg_pool2d |            - |              - |      0 |
|   49 |                         vm_mod_fused_nn_conv2d_add_nn_relu_15 |            - |              - |      0 |
|   50 |                         vm_mod_fused_nn_conv2d_add_nn_relu_22 |            - |              - |      0 |
|   51 |                                    vm_mod_fused_nn_avg_pool2d |            - |              - |      0 |
|   52 |                         vm_mod_fused_nn_conv2d_add_nn_relu_11 |            - |              - |      0 |
|   53 |                                      vm_mod_fused_nn_conv2d_2 |            - |              - |      0 |
|   54 |                          vm_mod_fused_nn_conv2d_add_nn_relu_6 |            - |              - |      0 |
|   55 |                         vm_mod_fused_nn_conv2d_add_nn_relu_49 |            - |              - |      0 |
|   56 |                         vm_mod_fused_nn_conv2d_add_nn_relu_56 |            - |              - |      0 |
|   57 |                         vm_mod_fused_nn_conv2d_add_nn_relu_38 |            - |              - |      0 |
|   58 |                         vm_mod_fused_nn_conv2d_add_nn_relu_45 |            - |              - |      0 |
|   59 |                         vm_mod_fused_nn_conv2d_add_nn_relu_52 |            - |              - |      0 |
|   60 | vm_mod_fused_nn_contrib_conv2d_winograd_without_weight_transform_3 |            - |              - |      0 |
|   61 |                         vm_mod_fused_nn_conv2d_add_nn_relu_27 |            - |              - |      0 |
|   62 |                          vm_mod_fused_nn_conv2d_add_nn_relu_2 |            - |              - |      0 |
|   63 |                         vm_mod_fused_nn_conv2d_add_nn_relu_34 |            - |              - |      0 |
|   64 |                         vm_mod_fused_nn_conv2d_add_nn_relu_41 |            - |              - |      0 |
|   65 |                                    vm_mod_fused_nn_max_pool2d |            - |              - |      0 |
|   66 |                         vm_mod_fused_nn_conv2d_add_nn_relu_16 |            - |              - |      0 |
|   67 |                         vm_mod_fused_nn_conv2d_add_nn_relu_23 |            - |              - |      0 |
|   68 |                         vm_mod_fused_nn_conv2d_add_nn_relu_30 |            - |              - |      0 |
----------------------------------------------------------------------
------------------------------  [ Search ]
----------------------------------------------------------------------
Generate Sketches		#s: 1
Sample Initial Population	#s: 83	fail_ct: 1965	Time elapsed: 5.30
GA Iter: 0	Max score: 0.9990	Min score: 0.3991	#Pop: 54	#M+: 0	#M-: 0
GA Iter: 4	Max score: 0.9998	Min score: 0.9917	#Pop: 54	#M+: 1386	#M-: 0
EvolutionarySearch		#s: 54	Time elapsed: 73.51
----------------------------------------------------------------------
------------------------------  [ Measure ]
----------------------------------------------------------------------
Get 27 programs to measure:
...........................***************************|   69 |                          vm_mod_fused_nn_conv2d_add_nn_relu_9 |            - |              - |      0 |
|   70 |                         vm_mod_fused_nn_conv2d_add_nn_relu_12 |            - |              - |      0 |
|   71 |                         vm_mod_fused_nn_conv2d_add_nn_relu_57 |            - |              - |      0 |
-----------------------------------------------------------------------------------------------------------------
Estimated total latency: - ms	Trials: 729	Used time : 2391 s	Next ID: 27	

Time elapsed for measurement: 15.17 s
----------------------------------------------------------------------
------------------------------  [ Train cost model ]
----------------------------------------------------------------------
Time elapsed for training: 0.00 s
----------------------------------------------------------------------
------------------------------  [ Task Scheduler ]
----------------------------------------------------------------------
|  ID  |                       Task Description                        | Latency (ms) | Speed (GFLOPS) | Trials |
-----------------------------------------------------------------------------------------------------------------
|    0 |                          vm_mod_fused_nn_conv2d_add_nn_relu_5 |        0.015 |       10334.05 |     27 |
|    1 |                         vm_mod_fused_nn_conv2d_add_nn_relu_39 |        0.015 |        3095.64 |     27 |
|    2 |                         vm_mod_fused_nn_conv2d_add_nn_relu_46 |        0.014 |         528.26 |     27 |
|    3 |                                        vm_mod_fused_nn_conv2d |        0.015 |       13468.53 |     27 |
|    4 |                         vm_mod_fused_nn_conv2d_add_nn_relu_53 |        0.014 |         728.20 |     27 |
|    5 |                         vm_mod_fused_nn_conv2d_add_nn_relu_28 |        0.009 |        3215.30 |     27 |
|    6 |                                  vm_mod_fused_nn_avg_pool2d_2 |        0.004 |          28.91 |     27 |
|    7 |                         vm_mod_fused_nn_conv2d_add_nn_relu_35 |        0.020 |        1901.59 |     27 |
|    8 |                         vm_mod_fused_nn_conv2d_add_nn_relu_42 |        0.026 |        1935.67 |     27 |
|    9 |                         vm_mod_fused_nn_conv2d_add_nn_relu_17 |        0.012 |        7548.90 |     27 |
|   10 |                          vm_mod_fused_nn_conv2d_add_nn_relu_1 |        0.005 |        9731.76 |     27 |
|   11 |                         vm_mod_fused_nn_conv2d_add_nn_relu_24 |        0.011 |        1904.04 |     27 |
|   12 |                                     vm_mod_fused_nn_dense_add |        0.008 |         245.77 |     27 |
|   13 |                         vm_mod_fused_nn_conv2d_add_nn_relu_31 |        0.016 |        2073.86 |     27 |
|   14 |                         vm_mod_fused_nn_conv2d_add_nn_relu_13 |        0.012 |        5442.85 |     27 |
|   15 |                         vm_mod_fused_nn_conv2d_add_nn_relu_20 |        0.006 |        2322.88 |     27 |
|   16 |                          vm_mod_fused_nn_conv2d_add_nn_relu_8 |        0.007 |        4756.00 |     27 |
|   17 |                         vm_mod_fused_nn_conv2d_add_nn_relu_58 |        0.014 |         915.17 |     27 |
|   18 |                         vm_mod_fused_nn_conv2d_add_nn_relu_47 |        0.016 |         499.77 |     27 |
|   19 |                          vm_mod_fused_nn_conv2d_add_nn_relu_4 |        0.013 |       10032.87 |     27 |
|   20 |                         vm_mod_fused_nn_conv2d_add_nn_relu_29 |        0.008 |        3577.85 |     27 |
|   21 |                         vm_mod_fused_nn_conv2d_add_nn_relu_54 |        0.019 |         570.87 |     27 |
|   22 |                         vm_mod_fused_nn_conv2d_add_nn_relu_36 |        0.017 |        2372.88 |     27 |
|   23 |                         vm_mod_fused_nn_conv2d_add_nn_relu_43 |        0.009 |         687.63 |     27 |
|   24 |                         vm_mod_fused_nn_conv2d_add_nn_relu_18 |        0.016 |        5915.29 |     27 |
|   25 |                         vm_mod_fused_nn_conv2d_add_nn_relu_50 |        0.012 |         746.94 |     27 |
|   26 |                                  vm_mod_fused_nn_avg_pool2d_1 |        0.005 |          45.85 |     27 |
|   27 |                         vm_mod_fused_nn_conv2d_add_nn_relu_25 |        0.010 |        2172.84 |     27 |
|   28 |                         vm_mod_fused_nn_conv2d_add_nn_relu_32 |            - |              - |      0 |
|   29 | vm_mod_fused_nn_contrib_conv2d_winograd_without_weight_transform_1 |            - |              - |      0 |
|   30 |                                      vm_mod_fused_nn_conv2d_1 |            - |              - |      0 |
|   31 |                         vm_mod_fused_nn_conv2d_add_nn_relu_14 |            - |              - |      0 |
|   32 |                         vm_mod_fused_nn_conv2d_add_nn_relu_21 |            - |              - |      0 |
|   33 |                            vm_mod_fused_nn_conv2d_add_nn_relu |            - |              - |      0 |
|   34 |                         vm_mod_fused_nn_conv2d_add_nn_relu_10 |            - |              - |      0 |
|   35 |                          vm_mod_fused_nn_conv2d_add_nn_relu_7 |            - |              - |      0 |
|   36 | vm_mod_fused_nn_contrib_conv2d_winograd_without_weight_transform |            - |              - |      0 |
|   37 |                         vm_mod_fused_nn_conv2d_add_nn_relu_48 |            - |              - |      0 |
|   38 |                         vm_mod_fused_nn_conv2d_add_nn_relu_55 |            - |              - |      0 |
|   39 |                         vm_mod_fused_nn_conv2d_add_nn_relu_37 |            - |              - |      0 |
|   40 |                         vm_mod_fused_nn_conv2d_add_nn_relu_44 |            - |              - |      0 |
|   41 |                         vm_mod_fused_nn_conv2d_add_nn_relu_19 |            - |              - |      0 |
|   42 |                          vm_mod_fused_nn_conv2d_add_nn_relu_3 |            - |              - |      0 |
|   43 |                         vm_mod_fused_nn_conv2d_add_nn_relu_51 |            - |              - |      0 |
|   44 |                         vm_mod_fused_nn_conv2d_add_nn_relu_26 |            - |              - |      0 |
|   45 | vm_mod_fused_nn_contrib_conv2d_winograd_without_weight_transform_2 |            - |              - |      0 |
|   46 |                         vm_mod_fused_nn_conv2d_add_nn_relu_33 |            - |              - |      0 |
|   47 |                         vm_mod_fused_nn_conv2d_add_nn_relu_40 |            - |              - |      0 |
|   48 |                           vm_mod_fused_nn_adaptive_avg_pool2d |            - |              - |      0 |
|   49 |                         vm_mod_fused_nn_conv2d_add_nn_relu_15 |            - |              - |      0 |
|   50 |                         vm_mod_fused_nn_conv2d_add_nn_relu_22 |            - |              - |      0 |
|   51 |                                    vm_mod_fused_nn_avg_pool2d |            - |              - |      0 |
|   52 |                         vm_mod_fused_nn_conv2d_add_nn_relu_11 |            - |              - |      0 |
|   53 |                                      vm_mod_fused_nn_conv2d_2 |            - |              - |      0 |
|   54 |                          vm_mod_fused_nn_conv2d_add_nn_relu_6 |            - |              - |      0 |
|   55 |                         vm_mod_fused_nn_conv2d_add_nn_relu_49 |            - |              - |      0 |
|   56 |                         vm_mod_fused_nn_conv2d_add_nn_relu_56 |            - |              - |      0 |
|   57 |                         vm_mod_fused_nn_conv2d_add_nn_relu_38 |            - |              - |      0 |
|   58 |                         vm_mod_fused_nn_conv2d_add_nn_relu_45 |            - |              - |      0 |
|   59 |                         vm_mod_fused_nn_conv2d_add_nn_relu_52 |            - |              - |      0 |
|   60 | vm_mod_fused_nn_contrib_conv2d_winograd_without_weight_transform_3 |            - |              - |      0 |
|   61 |                         vm_mod_fused_nn_conv2d_add_nn_relu_27 |            - |              - |      0 |
|   62 |                          vm_mod_fused_nn_conv2d_add_nn_relu_2 |            - |              - |      0 |
|   63 |                         vm_mod_fused_nn_conv2d_add_nn_relu_34 |            - |              - |      0 |
|   64 |                         vm_mod_fused_nn_conv2d_add_nn_relu_41 |            - |              - |      0 |
|   65 |                                    vm_mod_fused_nn_max_pool2d |            - |              - |      0 |
|   66 |                         vm_mod_fused_nn_conv2d_add_nn_relu_16 |            - |              - |      0 |
|   67 |                         vm_mod_fused_nn_conv2d_add_nn_relu_23 |            - |              - |      0 |
|   68 |                         vm_mod_fused_nn_conv2d_add_nn_relu_30 |            - |              - |      0 |
----------------------------------------------------------------------
------------------------------  [ Search ]
----------------------------------------------------------------------
Generate Sketches		#s: 1
Sample Initial Population	#s: 87	fail_ct: 1961	Time elapsed: 5.58
GA Iter: 0	Max score: 0.9994	Min score: 0.3827	#Pop: 54	#M+: 0	#M-: 0
GA Iter: 4	Max score: 0.9999	Min score: 0.9929	#Pop: 54	#M+: 1391	#M-: 0
EvolutionarySearch		#s: 54	Time elapsed: 73.72
----------------------------------------------------------------------
------------------------------  [ Measure ]
----------------------------------------------------------------------
Get 27 programs to measure:
...........................***************************|   69 |                          vm_mod_fused_nn_conv2d_add_nn_relu_9 |            - |              - |      0 |
|   70 |                         vm_mod_fused_nn_conv2d_add_nn_relu_12 |            - |              - |      0 |
|   71 |                         vm_mod_fused_nn_conv2d_add_nn_relu_57 |            - |              - |      0 |
-----------------------------------------------------------------------------------------------------------------
Estimated total latency: - ms	Trials: 756	Used time : 2485 s	Next ID: 28	

Time elapsed for measurement: 16.57 s
----------------------------------------------------------------------
------------------------------  [ Train cost model ]
----------------------------------------------------------------------
Time elapsed for training: 0.00 s
----------------------------------------------------------------------
------------------------------  [ Task Scheduler ]
----------------------------------------------------------------------
|  ID  |                       Task Description                        | Latency (ms) | Speed (GFLOPS) | Trials |
-----------------------------------------------------------------------------------------------------------------
|    0 |                          vm_mod_fused_nn_conv2d_add_nn_relu_5 |        0.015 |       10334.05 |     27 |
|    1 |                         vm_mod_fused_nn_conv2d_add_nn_relu_39 |        0.015 |        3095.64 |     27 |
|    2 |                         vm_mod_fused_nn_conv2d_add_nn_relu_46 |        0.014 |         528.26 |     27 |
|    3 |                                        vm_mod_fused_nn_conv2d |        0.015 |       13468.53 |     27 |
|    4 |                         vm_mod_fused_nn_conv2d_add_nn_relu_53 |        0.014 |         728.20 |     27 |
|    5 |                         vm_mod_fused_nn_conv2d_add_nn_relu_28 |        0.009 |        3215.30 |     27 |
|    6 |                                  vm_mod_fused_nn_avg_pool2d_2 |        0.004 |          28.91 |     27 |
|    7 |                         vm_mod_fused_nn_conv2d_add_nn_relu_35 |        0.020 |        1901.59 |     27 |
|    8 |                         vm_mod_fused_nn_conv2d_add_nn_relu_42 |        0.026 |        1935.67 |     27 |
|    9 |                         vm_mod_fused_nn_conv2d_add_nn_relu_17 |        0.012 |        7548.90 |     27 |
|   10 |                          vm_mod_fused_nn_conv2d_add_nn_relu_1 |        0.005 |        9731.76 |     27 |
|   11 |                         vm_mod_fused_nn_conv2d_add_nn_relu_24 |        0.011 |        1904.04 |     27 |
|   12 |                                     vm_mod_fused_nn_dense_add |        0.008 |         245.77 |     27 |
|   13 |                         vm_mod_fused_nn_conv2d_add_nn_relu_31 |        0.016 |        2073.86 |     27 |
|   14 |                         vm_mod_fused_nn_conv2d_add_nn_relu_13 |        0.012 |        5442.85 |     27 |
|   15 |                         vm_mod_fused_nn_conv2d_add_nn_relu_20 |        0.006 |        2322.88 |     27 |
|   16 |                          vm_mod_fused_nn_conv2d_add_nn_relu_8 |        0.007 |        4756.00 |     27 |
|   17 |                         vm_mod_fused_nn_conv2d_add_nn_relu_58 |        0.014 |         915.17 |     27 |
|   18 |                         vm_mod_fused_nn_conv2d_add_nn_relu_47 |        0.016 |         499.77 |     27 |
|   19 |                          vm_mod_fused_nn_conv2d_add_nn_relu_4 |        0.013 |       10032.87 |     27 |
|   20 |                         vm_mod_fused_nn_conv2d_add_nn_relu_29 |        0.008 |        3577.85 |     27 |
|   21 |                         vm_mod_fused_nn_conv2d_add_nn_relu_54 |        0.019 |         570.87 |     27 |
|   22 |                         vm_mod_fused_nn_conv2d_add_nn_relu_36 |        0.017 |        2372.88 |     27 |
|   23 |                         vm_mod_fused_nn_conv2d_add_nn_relu_43 |        0.009 |         687.63 |     27 |
|   24 |                         vm_mod_fused_nn_conv2d_add_nn_relu_18 |        0.016 |        5915.29 |     27 |
|   25 |                         vm_mod_fused_nn_conv2d_add_nn_relu_50 |        0.012 |         746.94 |     27 |
|   26 |                                  vm_mod_fused_nn_avg_pool2d_1 |        0.005 |          45.85 |     27 |
|   27 |                         vm_mod_fused_nn_conv2d_add_nn_relu_25 |        0.010 |        2172.84 |     27 |
|   28 |                         vm_mod_fused_nn_conv2d_add_nn_relu_32 |        0.020 |        1677.95 |     27 |
|   29 | vm_mod_fused_nn_contrib_conv2d_winograd_without_weight_transform_1 |            - |              - |      0 |
|   30 |                                      vm_mod_fused_nn_conv2d_1 |            - |              - |      0 |
|   31 |                         vm_mod_fused_nn_conv2d_add_nn_relu_14 |            - |              - |      0 |
|   32 |                         vm_mod_fused_nn_conv2d_add_nn_relu_21 |            - |              - |      0 |
|   33 |                            vm_mod_fused_nn_conv2d_add_nn_relu |            - |              - |      0 |
|   34 |                         vm_mod_fused_nn_conv2d_add_nn_relu_10 |            - |              - |      0 |
|   35 |                          vm_mod_fused_nn_conv2d_add_nn_relu_7 |            - |              - |      0 |
|   36 | vm_mod_fused_nn_contrib_conv2d_winograd_without_weight_transform |            - |              - |      0 |
|   37 |                         vm_mod_fused_nn_conv2d_add_nn_relu_48 |            - |              - |      0 |
|   38 |                         vm_mod_fused_nn_conv2d_add_nn_relu_55 |            - |              - |      0 |
|   39 |                         vm_mod_fused_nn_conv2d_add_nn_relu_37 |            - |              - |      0 |
|   40 |                         vm_mod_fused_nn_conv2d_add_nn_relu_44 |            - |              - |      0 |
|   41 |                         vm_mod_fused_nn_conv2d_add_nn_relu_19 |            - |              - |      0 |
|   42 |                          vm_mod_fused_nn_conv2d_add_nn_relu_3 |            - |              - |      0 |
|   43 |                         vm_mod_fused_nn_conv2d_add_nn_relu_51 |            - |              - |      0 |
|   44 |                         vm_mod_fused_nn_conv2d_add_nn_relu_26 |            - |              - |      0 |
|   45 | vm_mod_fused_nn_contrib_conv2d_winograd_without_weight_transform_2 |            - |              - |      0 |
|   46 |                         vm_mod_fused_nn_conv2d_add_nn_relu_33 |            - |              - |      0 |
|   47 |                         vm_mod_fused_nn_conv2d_add_nn_relu_40 |            - |              - |      0 |
|   48 |                           vm_mod_fused_nn_adaptive_avg_pool2d |            - |              - |      0 |
|   49 |                         vm_mod_fused_nn_conv2d_add_nn_relu_15 |            - |              - |      0 |
|   50 |                         vm_mod_fused_nn_conv2d_add_nn_relu_22 |            - |              - |      0 |
|   51 |                                    vm_mod_fused_nn_avg_pool2d |            - |              - |      0 |
|   52 |                         vm_mod_fused_nn_conv2d_add_nn_relu_11 |            - |              - |      0 |
|   53 |                                      vm_mod_fused_nn_conv2d_2 |            - |              - |      0 |
|   54 |                          vm_mod_fused_nn_conv2d_add_nn_relu_6 |            - |              - |      0 |
|   55 |                         vm_mod_fused_nn_conv2d_add_nn_relu_49 |            - |              - |      0 |
|   56 |                         vm_mod_fused_nn_conv2d_add_nn_relu_56 |            - |              - |      0 |
|   57 |                         vm_mod_fused_nn_conv2d_add_nn_relu_38 |            - |              - |      0 |
|   58 |                         vm_mod_fused_nn_conv2d_add_nn_relu_45 |            - |              - |      0 |
|   59 |                         vm_mod_fused_nn_conv2d_add_nn_relu_52 |            - |              - |      0 |
|   60 | vm_mod_fused_nn_contrib_conv2d_winograd_without_weight_transform_3 |            - |              - |      0 |
|   61 |                         vm_mod_fused_nn_conv2d_add_nn_relu_27 |            - |              - |      0 |
|   62 |                          vm_mod_fused_nn_conv2d_add_nn_relu_2 |            - |              - |      0 |
|   63 |                         vm_mod_fused_nn_conv2d_add_nn_relu_34 |            - |              - |      0 |
|   64 |                         vm_mod_fused_nn_conv2d_add_nn_relu_41 |            - |              - |      0 |
|   65 |                                    vm_mod_fused_nn_max_pool2d |            - |              - |      0 |
|   66 |                         vm_mod_fused_nn_conv2d_add_nn_relu_16 |            - |              - |      0 |
|   67 |                         vm_mod_fused_nn_conv2d_add_nn_relu_23 |            - |              - |      0 |
|   68 |                         vm_mod_fused_nn_conv2d_add_nn_relu_30 |            - |              - |      0 |
----------------------------------------------------------------------
------------------------------  [ Search ]
----------------------------------------------------------------------
Generate Sketches		#s: 1
Sample Initial Population	#s: 106	fail_ct: 3990	Time elapsed: 29.33
GA Iter: 0	Max score: 0.9973	Min score: 0.5150	#Pop: 54	#M+: 0	#M-: 0
GA Iter: 4	Max score: 1.0000	Min score: 0.9951	#Pop: 54	#M+: 1403	#M-: 0
EvolutionarySearch		#s: 54	Time elapsed: 222.20
----------------------------------------------------------------------
------------------------------  [ Measure ]
----------------------------------------------------------------------
Get 27 programs to measure:
...........................***************************|   69 |                          vm_mod_fused_nn_conv2d_add_nn_relu_9 |            - |              - |      0 |
|   70 |                         vm_mod_fused_nn_conv2d_add_nn_relu_12 |            - |              - |      0 |
|   71 |                         vm_mod_fused_nn_conv2d_add_nn_relu_57 |            - |              - |      0 |
-----------------------------------------------------------------------------------------------------------------
Estimated total latency: - ms	Trials: 783	Used time : 2581 s	Next ID: 29	

Time elapsed for measurement: 16.94 s
----------------------------------------------------------------------
------------------------------  [ Train cost model ]
----------------------------------------------------------------------
Time elapsed for training: 0.00 s
----------------------------------------------------------------------
------------------------------  [ Task Scheduler ]
----------------------------------------------------------------------
|  ID  |                       Task Description                        | Latency (ms) | Speed (GFLOPS) | Trials |
-----------------------------------------------------------------------------------------------------------------
|    0 |                          vm_mod_fused_nn_conv2d_add_nn_relu_5 |        0.015 |       10334.05 |     27 |
|    1 |                         vm_mod_fused_nn_conv2d_add_nn_relu_39 |        0.015 |        3095.64 |     27 |
|    2 |                         vm_mod_fused_nn_conv2d_add_nn_relu_46 |        0.014 |         528.26 |     27 |
|    3 |                                        vm_mod_fused_nn_conv2d |        0.015 |       13468.53 |     27 |
|    4 |                         vm_mod_fused_nn_conv2d_add_nn_relu_53 |        0.014 |         728.20 |     27 |
|    5 |                         vm_mod_fused_nn_conv2d_add_nn_relu_28 |        0.009 |        3215.30 |     27 |
|    6 |                                  vm_mod_fused_nn_avg_pool2d_2 |        0.004 |          28.91 |     27 |
|    7 |                         vm_mod_fused_nn_conv2d_add_nn_relu_35 |        0.020 |        1901.59 |     27 |
|    8 |                         vm_mod_fused_nn_conv2d_add_nn_relu_42 |        0.026 |        1935.67 |     27 |
|    9 |                         vm_mod_fused_nn_conv2d_add_nn_relu_17 |        0.012 |        7548.90 |     27 |
|   10 |                          vm_mod_fused_nn_conv2d_add_nn_relu_1 |        0.005 |        9731.76 |     27 |
|   11 |                         vm_mod_fused_nn_conv2d_add_nn_relu_24 |        0.011 |        1904.04 |     27 |
|   12 |                                     vm_mod_fused_nn_dense_add |        0.008 |         245.77 |     27 |
|   13 |                         vm_mod_fused_nn_conv2d_add_nn_relu_31 |        0.016 |        2073.86 |     27 |
|   14 |                         vm_mod_fused_nn_conv2d_add_nn_relu_13 |        0.012 |        5442.85 |     27 |
|   15 |                         vm_mod_fused_nn_conv2d_add_nn_relu_20 |        0.006 |        2322.88 |     27 |
|   16 |                          vm_mod_fused_nn_conv2d_add_nn_relu_8 |        0.007 |        4756.00 |     27 |
|   17 |                         vm_mod_fused_nn_conv2d_add_nn_relu_58 |        0.014 |         915.17 |     27 |
|   18 |                         vm_mod_fused_nn_conv2d_add_nn_relu_47 |        0.016 |         499.77 |     27 |
|   19 |                          vm_mod_fused_nn_conv2d_add_nn_relu_4 |        0.013 |       10032.87 |     27 |
|   20 |                         vm_mod_fused_nn_conv2d_add_nn_relu_29 |        0.008 |        3577.85 |     27 |
|   21 |                         vm_mod_fused_nn_conv2d_add_nn_relu_54 |        0.019 |         570.87 |     27 |
|   22 |                         vm_mod_fused_nn_conv2d_add_nn_relu_36 |        0.017 |        2372.88 |     27 |
|   23 |                         vm_mod_fused_nn_conv2d_add_nn_relu_43 |        0.009 |         687.63 |     27 |
|   24 |                         vm_mod_fused_nn_conv2d_add_nn_relu_18 |        0.016 |        5915.29 |     27 |
|   25 |                         vm_mod_fused_nn_conv2d_add_nn_relu_50 |        0.012 |         746.94 |     27 |
|   26 |                                  vm_mod_fused_nn_avg_pool2d_1 |        0.005 |          45.85 |     27 |
|   27 |                         vm_mod_fused_nn_conv2d_add_nn_relu_25 |        0.010 |        2172.84 |     27 |
|   28 |                         vm_mod_fused_nn_conv2d_add_nn_relu_32 |        0.020 |        1677.95 |     27 |
|   29 | vm_mod_fused_nn_contrib_conv2d_winograd_without_weight_transform_1 |        0.017 |        2666.41 |     27 |
|   30 |                                      vm_mod_fused_nn_conv2d_1 |            - |              - |      0 |
|   31 |                         vm_mod_fused_nn_conv2d_add_nn_relu_14 |            - |              - |      0 |
|   32 |                         vm_mod_fused_nn_conv2d_add_nn_relu_21 |            - |              - |      0 |
|   33 |                            vm_mod_fused_nn_conv2d_add_nn_relu |            - |              - |      0 |
|   34 |                         vm_mod_fused_nn_conv2d_add_nn_relu_10 |            - |              - |      0 |
|   35 |                          vm_mod_fused_nn_conv2d_add_nn_relu_7 |            - |              - |      0 |
|   36 | vm_mod_fused_nn_contrib_conv2d_winograd_without_weight_transform |            - |              - |      0 |
|   37 |                         vm_mod_fused_nn_conv2d_add_nn_relu_48 |            - |              - |      0 |
|   38 |                         vm_mod_fused_nn_conv2d_add_nn_relu_55 |            - |              - |      0 |
|   39 |                         vm_mod_fused_nn_conv2d_add_nn_relu_37 |            - |              - |      0 |
|   40 |                         vm_mod_fused_nn_conv2d_add_nn_relu_44 |            - |              - |      0 |
|   41 |                         vm_mod_fused_nn_conv2d_add_nn_relu_19 |            - |              - |      0 |
|   42 |                          vm_mod_fused_nn_conv2d_add_nn_relu_3 |            - |              - |      0 |
|   43 |                         vm_mod_fused_nn_conv2d_add_nn_relu_51 |            - |              - |      0 |
|   44 |                         vm_mod_fused_nn_conv2d_add_nn_relu_26 |            - |              - |      0 |
|   45 | vm_mod_fused_nn_contrib_conv2d_winograd_without_weight_transform_2 |            - |              - |      0 |
|   46 |                         vm_mod_fused_nn_conv2d_add_nn_relu_33 |            - |              - |      0 |
|   47 |                         vm_mod_fused_nn_conv2d_add_nn_relu_40 |            - |              - |      0 |
|   48 |                           vm_mod_fused_nn_adaptive_avg_pool2d |            - |              - |      0 |
|   49 |                         vm_mod_fused_nn_conv2d_add_nn_relu_15 |            - |              - |      0 |
|   50 |                         vm_mod_fused_nn_conv2d_add_nn_relu_22 |            - |              - |      0 |
|   51 |                                    vm_mod_fused_nn_avg_pool2d |            - |              - |      0 |
|   52 |                         vm_mod_fused_nn_conv2d_add_nn_relu_11 |            - |              - |      0 |
|   53 |                                      vm_mod_fused_nn_conv2d_2 |            - |              - |      0 |
|   54 |                          vm_mod_fused_nn_conv2d_add_nn_relu_6 |            - |              - |      0 |
|   55 |                         vm_mod_fused_nn_conv2d_add_nn_relu_49 |            - |              - |      0 |
|   56 |                         vm_mod_fused_nn_conv2d_add_nn_relu_56 |            - |              - |      0 |
|   57 |                         vm_mod_fused_nn_conv2d_add_nn_relu_38 |            - |              - |      0 |
|   58 |                         vm_mod_fused_nn_conv2d_add_nn_relu_45 |            - |              - |      0 |
|   59 |                         vm_mod_fused_nn_conv2d_add_nn_relu_52 |            - |              - |      0 |
|   60 | vm_mod_fused_nn_contrib_conv2d_winograd_without_weight_transform_3 |            - |              - |      0 |
|   61 |                         vm_mod_fused_nn_conv2d_add_nn_relu_27 |            - |              - |      0 |
|   62 |                          vm_mod_fused_nn_conv2d_add_nn_relu_2 |            - |              - |      0 |
|   63 |                         vm_mod_fused_nn_conv2d_add_nn_relu_34 |            - |              - |      0 |
|   64 |                         vm_mod_fused_nn_conv2d_add_nn_relu_41 |            - |              - |      0 |
|   65 |                                    vm_mod_fused_nn_max_pool2d |            - |              - |      0 |
|   66 |                         vm_mod_fused_nn_conv2d_add_nn_relu_16 |            - |              - |      0 |
|   67 |                         vm_mod_fused_nn_conv2d_add_nn_relu_23 |            - |              - |      0 |
|   68 |                         vm_mod_fused_nn_conv2d_add_nn_relu_30 |            - |              - |      0 |
----------------------------------------------------------------------
------------------------------  [ Search ]
----------------------------------------------------------------------
Generate Sketches		#s: 1
Sample Initial Population	#s: 57	fail_ct: 1991	Time elapsed: 6.79
GA Iter: 0	Max score: 0.9842	Min score: 0.0707	#Pop: 54	#M+: 0	#M-: 0
GA Iter: 4	Max score: 0.9998	Min score: 0.9909	#Pop: 54	#M+: 1399	#M-: 0
EvolutionarySearch		#s: 54	Time elapsed: 75.29
----------------------------------------------------------------------
------------------------------  [ Measure ]
----------------------------------------------------------------------
Get 27 programs to measure:
...........................***************************|   69 |                          vm_mod_fused_nn_conv2d_add_nn_relu_9 |            - |              - |      0 |
|   70 |                         vm_mod_fused_nn_conv2d_add_nn_relu_12 |            - |              - |      0 |
|   71 |                         vm_mod_fused_nn_conv2d_add_nn_relu_57 |            - |              - |      0 |
-----------------------------------------------------------------------------------------------------------------
Estimated total latency: - ms	Trials: 810	Used time : 2850 s	Next ID: 30	

Time elapsed for measurement: 14.43 s
----------------------------------------------------------------------
------------------------------  [ Train cost model ]
----------------------------------------------------------------------
Time elapsed for training: 0.00 s
----------------------------------------------------------------------
------------------------------  [ Task Scheduler ]
----------------------------------------------------------------------
|  ID  |                       Task Description                        | Latency (ms) | Speed (GFLOPS) | Trials |
-----------------------------------------------------------------------------------------------------------------
|    0 |                          vm_mod_fused_nn_conv2d_add_nn_relu_5 |        0.015 |       10334.05 |     27 |
|    1 |                         vm_mod_fused_nn_conv2d_add_nn_relu_39 |        0.015 |        3095.64 |     27 |
|    2 |                         vm_mod_fused_nn_conv2d_add_nn_relu_46 |        0.014 |         528.26 |     27 |
|    3 |                                        vm_mod_fused_nn_conv2d |        0.015 |       13468.53 |     27 |
|    4 |                         vm_mod_fused_nn_conv2d_add_nn_relu_53 |        0.014 |         728.20 |     27 |
|    5 |                         vm_mod_fused_nn_conv2d_add_nn_relu_28 |        0.009 |        3215.30 |     27 |
|    6 |                                  vm_mod_fused_nn_avg_pool2d_2 |        0.004 |          28.91 |     27 |
|    7 |                         vm_mod_fused_nn_conv2d_add_nn_relu_35 |        0.020 |        1901.59 |     27 |
|    8 |                         vm_mod_fused_nn_conv2d_add_nn_relu_42 |        0.026 |        1935.67 |     27 |
|    9 |                         vm_mod_fused_nn_conv2d_add_nn_relu_17 |        0.012 |        7548.90 |     27 |
|   10 |                          vm_mod_fused_nn_conv2d_add_nn_relu_1 |        0.005 |        9731.76 |     27 |
|   11 |                         vm_mod_fused_nn_conv2d_add_nn_relu_24 |        0.011 |        1904.04 |     27 |
|   12 |                                     vm_mod_fused_nn_dense_add |        0.008 |         245.77 |     27 |
|   13 |                         vm_mod_fused_nn_conv2d_add_nn_relu_31 |        0.016 |        2073.86 |     27 |
|   14 |                         vm_mod_fused_nn_conv2d_add_nn_relu_13 |        0.012 |        5442.85 |     27 |
|   15 |                         vm_mod_fused_nn_conv2d_add_nn_relu_20 |        0.006 |        2322.88 |     27 |
|   16 |                          vm_mod_fused_nn_conv2d_add_nn_relu_8 |        0.007 |        4756.00 |     27 |
|   17 |                         vm_mod_fused_nn_conv2d_add_nn_relu_58 |        0.014 |         915.17 |     27 |
|   18 |                         vm_mod_fused_nn_conv2d_add_nn_relu_47 |        0.016 |         499.77 |     27 |
|   19 |                          vm_mod_fused_nn_conv2d_add_nn_relu_4 |        0.013 |       10032.87 |     27 |
|   20 |                         vm_mod_fused_nn_conv2d_add_nn_relu_29 |        0.008 |        3577.85 |     27 |
|   21 |                         vm_mod_fused_nn_conv2d_add_nn_relu_54 |        0.019 |         570.87 |     27 |
|   22 |                         vm_mod_fused_nn_conv2d_add_nn_relu_36 |        0.017 |        2372.88 |     27 |
|   23 |                         vm_mod_fused_nn_conv2d_add_nn_relu_43 |        0.009 |         687.63 |     27 |
|   24 |                         vm_mod_fused_nn_conv2d_add_nn_relu_18 |        0.016 |        5915.29 |     27 |
|   25 |                         vm_mod_fused_nn_conv2d_add_nn_relu_50 |        0.012 |         746.94 |     27 |
|   26 |                                  vm_mod_fused_nn_avg_pool2d_1 |        0.005 |          45.85 |     27 |
|   27 |                         vm_mod_fused_nn_conv2d_add_nn_relu_25 |        0.010 |        2172.84 |     27 |
|   28 |                         vm_mod_fused_nn_conv2d_add_nn_relu_32 |        0.020 |        1677.95 |     27 |
|   29 | vm_mod_fused_nn_contrib_conv2d_winograd_without_weight_transform_1 |        0.017 |        2666.41 |     27 |
|   30 |                                      vm_mod_fused_nn_conv2d_1 |        0.018 |       11405.71 |     27 |
|   31 |                         vm_mod_fused_nn_conv2d_add_nn_relu_14 |            - |              - |      0 |
|   32 |                         vm_mod_fused_nn_conv2d_add_nn_relu_21 |            - |              - |      0 |
|   33 |                            vm_mod_fused_nn_conv2d_add_nn_relu |            - |              - |      0 |
|   34 |                         vm_mod_fused_nn_conv2d_add_nn_relu_10 |            - |              - |      0 |
|   35 |                          vm_mod_fused_nn_conv2d_add_nn_relu_7 |            - |              - |      0 |
|   36 | vm_mod_fused_nn_contrib_conv2d_winograd_without_weight_transform |            - |              - |      0 |
|   37 |                         vm_mod_fused_nn_conv2d_add_nn_relu_48 |            - |              - |      0 |
|   38 |                         vm_mod_fused_nn_conv2d_add_nn_relu_55 |            - |              - |      0 |
|   39 |                         vm_mod_fused_nn_conv2d_add_nn_relu_37 |            - |              - |      0 |
|   40 |                         vm_mod_fused_nn_conv2d_add_nn_relu_44 |            - |              - |      0 |
|   41 |                         vm_mod_fused_nn_conv2d_add_nn_relu_19 |            - |              - |      0 |
|   42 |                          vm_mod_fused_nn_conv2d_add_nn_relu_3 |            - |              - |      0 |
|   43 |                         vm_mod_fused_nn_conv2d_add_nn_relu_51 |            - |              - |      0 |
|   44 |                         vm_mod_fused_nn_conv2d_add_nn_relu_26 |            - |              - |      0 |
|   45 | vm_mod_fused_nn_contrib_conv2d_winograd_without_weight_transform_2 |            - |              - |      0 |
|   46 |                         vm_mod_fused_nn_conv2d_add_nn_relu_33 |            - |              - |      0 |
|   47 |                         vm_mod_fused_nn_conv2d_add_nn_relu_40 |            - |              - |      0 |
|   48 |                           vm_mod_fused_nn_adaptive_avg_pool2d |            - |              - |      0 |
|   49 |                         vm_mod_fused_nn_conv2d_add_nn_relu_15 |            - |              - |      0 |
|   50 |                         vm_mod_fused_nn_conv2d_add_nn_relu_22 |            - |              - |      0 |
|   51 |                                    vm_mod_fused_nn_avg_pool2d |            - |              - |      0 |
|   52 |                         vm_mod_fused_nn_conv2d_add_nn_relu_11 |            - |              - |      0 |
|   53 |                                      vm_mod_fused_nn_conv2d_2 |            - |              - |      0 |
|   54 |                          vm_mod_fused_nn_conv2d_add_nn_relu_6 |            - |              - |      0 |
|   55 |                         vm_mod_fused_nn_conv2d_add_nn_relu_49 |            - |              - |      0 |
|   56 |                         vm_mod_fused_nn_conv2d_add_nn_relu_56 |            - |              - |      0 |
|   57 |                         vm_mod_fused_nn_conv2d_add_nn_relu_38 |            - |              - |      0 |
|   58 |                         vm_mod_fused_nn_conv2d_add_nn_relu_45 |            - |              - |      0 |
|   59 |                         vm_mod_fused_nn_conv2d_add_nn_relu_52 |            - |              - |      0 |
|   60 | vm_mod_fused_nn_contrib_conv2d_winograd_without_weight_transform_3 |            - |              - |      0 |
|   61 |                         vm_mod_fused_nn_conv2d_add_nn_relu_27 |            - |              - |      0 |
|   62 |                          vm_mod_fused_nn_conv2d_add_nn_relu_2 |            - |              - |      0 |
|   63 |                         vm_mod_fused_nn_conv2d_add_nn_relu_34 |            - |              - |      0 |
|   64 |                         vm_mod_fused_nn_conv2d_add_nn_relu_41 |            - |              - |      0 |
|   65 |                                    vm_mod_fused_nn_max_pool2d |            - |              - |      0 |
|   66 |                         vm_mod_fused_nn_conv2d_add_nn_relu_16 |            - |              - |      0 |
|   67 |                         vm_mod_fused_nn_conv2d_add_nn_relu_23 |            - |              - |      0 |
|   68 |                         vm_mod_fused_nn_conv2d_add_nn_relu_30 |            - |              - |      0 |
----------------------------------------------------------------------
------------------------------  [ Search ]
----------------------------------------------------------------------
Generate Sketches		#s: 1
Sample Initial Population	#s: 72	fail_ct: 1976	Time elapsed: 6.03
GA Iter: 0	Max score: 0.9893	Min score: 0.2039	#Pop: 54	#M+: 0	#M-: 0
GA Iter: 4	Max score: 0.9999	Min score: 0.9906	#Pop: 54	#M+: 1403	#M-: 0
EvolutionarySearch		#s: 54	Time elapsed: 74.85
----------------------------------------------------------------------
------------------------------  [ Measure ]
----------------------------------------------------------------------
Get 27 programs to measure:
...........................***************************|   69 |                          vm_mod_fused_nn_conv2d_add_nn_relu_9 |            - |              - |      0 |
|   70 |                         vm_mod_fused_nn_conv2d_add_nn_relu_12 |            - |              - |      0 |
|   71 |                         vm_mod_fused_nn_conv2d_add_nn_relu_57 |            - |              - |      0 |
-----------------------------------------------------------------------------------------------------------------
Estimated total latency: - ms	Trials: 837	Used time : 2946 s	Next ID: 31	

Time elapsed for measurement: 20.42 s
----------------------------------------------------------------------
------------------------------  [ Train cost model ]
----------------------------------------------------------------------
Time elapsed for training: 0.00 s
----------------------------------------------------------------------
------------------------------  [ Task Scheduler ]
----------------------------------------------------------------------
|  ID  |                       Task Description                        | Latency (ms) | Speed (GFLOPS) | Trials |
-----------------------------------------------------------------------------------------------------------------
|    0 |                          vm_mod_fused_nn_conv2d_add_nn_relu_5 |        0.015 |       10334.05 |     27 |
|    1 |                         vm_mod_fused_nn_conv2d_add_nn_relu_39 |        0.015 |        3095.64 |     27 |
|    2 |                         vm_mod_fused_nn_conv2d_add_nn_relu_46 |        0.014 |         528.26 |     27 |
|    3 |                                        vm_mod_fused_nn_conv2d |        0.015 |       13468.53 |     27 |
|    4 |                         vm_mod_fused_nn_conv2d_add_nn_relu_53 |        0.014 |         728.20 |     27 |
|    5 |                         vm_mod_fused_nn_conv2d_add_nn_relu_28 |        0.009 |        3215.30 |     27 |
|    6 |                                  vm_mod_fused_nn_avg_pool2d_2 |        0.004 |          28.91 |     27 |
|    7 |                         vm_mod_fused_nn_conv2d_add_nn_relu_35 |        0.020 |        1901.59 |     27 |
|    8 |                         vm_mod_fused_nn_conv2d_add_nn_relu_42 |        0.026 |        1935.67 |     27 |
|    9 |                         vm_mod_fused_nn_conv2d_add_nn_relu_17 |        0.012 |        7548.90 |     27 |
|   10 |                          vm_mod_fused_nn_conv2d_add_nn_relu_1 |        0.005 |        9731.76 |     27 |
|   11 |                         vm_mod_fused_nn_conv2d_add_nn_relu_24 |        0.011 |        1904.04 |     27 |
|   12 |                                     vm_mod_fused_nn_dense_add |        0.008 |         245.77 |     27 |
|   13 |                         vm_mod_fused_nn_conv2d_add_nn_relu_31 |        0.016 |        2073.86 |     27 |
|   14 |                         vm_mod_fused_nn_conv2d_add_nn_relu_13 |        0.012 |        5442.85 |     27 |
|   15 |                         vm_mod_fused_nn_conv2d_add_nn_relu_20 |        0.006 |        2322.88 |     27 |
|   16 |                          vm_mod_fused_nn_conv2d_add_nn_relu_8 |        0.007 |        4756.00 |     27 |
|   17 |                         vm_mod_fused_nn_conv2d_add_nn_relu_58 |        0.014 |         915.17 |     27 |
|   18 |                         vm_mod_fused_nn_conv2d_add_nn_relu_47 |        0.016 |         499.77 |     27 |
|   19 |                          vm_mod_fused_nn_conv2d_add_nn_relu_4 |        0.013 |       10032.87 |     27 |
|   20 |                         vm_mod_fused_nn_conv2d_add_nn_relu_29 |        0.008 |        3577.85 |     27 |
|   21 |                         vm_mod_fused_nn_conv2d_add_nn_relu_54 |        0.019 |         570.87 |     27 |
|   22 |                         vm_mod_fused_nn_conv2d_add_nn_relu_36 |        0.017 |        2372.88 |     27 |
|   23 |                         vm_mod_fused_nn_conv2d_add_nn_relu_43 |        0.009 |         687.63 |     27 |
|   24 |                         vm_mod_fused_nn_conv2d_add_nn_relu_18 |        0.016 |        5915.29 |     27 |
|   25 |                         vm_mod_fused_nn_conv2d_add_nn_relu_50 |        0.012 |         746.94 |     27 |
|   26 |                                  vm_mod_fused_nn_avg_pool2d_1 |        0.005 |          45.85 |     27 |
|   27 |                         vm_mod_fused_nn_conv2d_add_nn_relu_25 |        0.010 |        2172.84 |     27 |
|   28 |                         vm_mod_fused_nn_conv2d_add_nn_relu_32 |        0.020 |        1677.95 |     27 |
|   29 | vm_mod_fused_nn_contrib_conv2d_winograd_without_weight_transform_1 |        0.017 |        2666.41 |     27 |
|   30 |                                      vm_mod_fused_nn_conv2d_1 |        0.018 |       11405.71 |     27 |
|   31 |                         vm_mod_fused_nn_conv2d_add_nn_relu_14 |        0.010 |        6794.55 |     27 |
|   32 |                         vm_mod_fused_nn_conv2d_add_nn_relu_21 |            - |              - |      0 |
|   33 |                            vm_mod_fused_nn_conv2d_add_nn_relu |            - |              - |      0 |
|   34 |                         vm_mod_fused_nn_conv2d_add_nn_relu_10 |            - |              - |      0 |
|   35 |                          vm_mod_fused_nn_conv2d_add_nn_relu_7 |            - |              - |      0 |
|   36 | vm_mod_fused_nn_contrib_conv2d_winograd_without_weight_transform |            - |              - |      0 |
|   37 |                         vm_mod_fused_nn_conv2d_add_nn_relu_48 |            - |              - |      0 |
|   38 |                         vm_mod_fused_nn_conv2d_add_nn_relu_55 |            - |              - |      0 |
|   39 |                         vm_mod_fused_nn_conv2d_add_nn_relu_37 |            - |              - |      0 |
|   40 |                         vm_mod_fused_nn_conv2d_add_nn_relu_44 |            - |              - |      0 |
|   41 |                         vm_mod_fused_nn_conv2d_add_nn_relu_19 |            - |              - |      0 |
|   42 |                          vm_mod_fused_nn_conv2d_add_nn_relu_3 |            - |              - |      0 |
|   43 |                         vm_mod_fused_nn_conv2d_add_nn_relu_51 |            - |              - |      0 |
|   44 |                         vm_mod_fused_nn_conv2d_add_nn_relu_26 |            - |              - |      0 |
|   45 | vm_mod_fused_nn_contrib_conv2d_winograd_without_weight_transform_2 |            - |              - |      0 |
|   46 |                         vm_mod_fused_nn_conv2d_add_nn_relu_33 |            - |              - |      0 |
|   47 |                         vm_mod_fused_nn_conv2d_add_nn_relu_40 |            - |              - |      0 |
|   48 |                           vm_mod_fused_nn_adaptive_avg_pool2d |            - |              - |      0 |
|   49 |                         vm_mod_fused_nn_conv2d_add_nn_relu_15 |            - |              - |      0 |
|   50 |                         vm_mod_fused_nn_conv2d_add_nn_relu_22 |            - |              - |      0 |
|   51 |                                    vm_mod_fused_nn_avg_pool2d |            - |              - |      0 |
|   52 |                         vm_mod_fused_nn_conv2d_add_nn_relu_11 |            - |              - |      0 |
|   53 |                                      vm_mod_fused_nn_conv2d_2 |            - |              - |      0 |
|   54 |                          vm_mod_fused_nn_conv2d_add_nn_relu_6 |            - |              - |      0 |
|   55 |                         vm_mod_fused_nn_conv2d_add_nn_relu_49 |            - |              - |      0 |
|   56 |                         vm_mod_fused_nn_conv2d_add_nn_relu_56 |            - |              - |      0 |
|   57 |                         vm_mod_fused_nn_conv2d_add_nn_relu_38 |            - |              - |      0 |
|   58 |                         vm_mod_fused_nn_conv2d_add_nn_relu_45 |            - |              - |      0 |
|   59 |                         vm_mod_fused_nn_conv2d_add_nn_relu_52 |            - |              - |      0 |
|   60 | vm_mod_fused_nn_contrib_conv2d_winograd_without_weight_transform_3 |            - |              - |      0 |
|   61 |                         vm_mod_fused_nn_conv2d_add_nn_relu_27 |            - |              - |      0 |
|   62 |                          vm_mod_fused_nn_conv2d_add_nn_relu_2 |            - |              - |      0 |
|   63 |                         vm_mod_fused_nn_conv2d_add_nn_relu_34 |            - |              - |      0 |
|   64 |                         vm_mod_fused_nn_conv2d_add_nn_relu_41 |            - |              - |      0 |
|   65 |                                    vm_mod_fused_nn_max_pool2d |            - |              - |      0 |
|   66 |                         vm_mod_fused_nn_conv2d_add_nn_relu_16 |            - |              - |      0 |
|   67 |                         vm_mod_fused_nn_conv2d_add_nn_relu_23 |            - |              - |      0 |
|   68 |                         vm_mod_fused_nn_conv2d_add_nn_relu_30 |            - |              - |      0 |
----------------------------------------------------------------------
------------------------------  [ Search ]
----------------------------------------------------------------------
Generate Sketches		#s: 1
Sample Initial Population	#s: 94	fail_ct: 1954	Time elapsed: 5.68
GA Iter: 0	Max score: 0.9931	Min score: 0.5699	#Pop: 54	#M+: 0	#M-: 0
GA Iter: 4	Max score: 0.9999	Min score: 0.9922	#Pop: 54	#M+: 1399	#M-: 0
EvolutionarySearch		#s: 54	Time elapsed: 75.05
----------------------------------------------------------------------
------------------------------  [ Measure ]
----------------------------------------------------------------------
Get 27 programs to measure:
...........................***************************|   69 |                          vm_mod_fused_nn_conv2d_add_nn_relu_9 |            - |              - |      0 |
|   70 |                         vm_mod_fused_nn_conv2d_add_nn_relu_12 |            - |              - |      0 |
|   71 |                         vm_mod_fused_nn_conv2d_add_nn_relu_57 |            - |              - |      0 |
-----------------------------------------------------------------------------------------------------------------
Estimated total latency: - ms	Trials: 864	Used time : 3048 s	Next ID: 32	

Time elapsed for measurement: 17.62 s
----------------------------------------------------------------------
------------------------------  [ Train cost model ]
----------------------------------------------------------------------
Time elapsed for training: 2.07 s
----------------------------------------------------------------------
------------------------------  [ Task Scheduler ]
----------------------------------------------------------------------
|  ID  |                       Task Description                        | Latency (ms) | Speed (GFLOPS) | Trials |
-----------------------------------------------------------------------------------------------------------------
|    0 |                          vm_mod_fused_nn_conv2d_add_nn_relu_5 |        0.015 |       10334.05 |     27 |
|    1 |                         vm_mod_fused_nn_conv2d_add_nn_relu_39 |        0.015 |        3095.64 |     27 |
|    2 |                         vm_mod_fused_nn_conv2d_add_nn_relu_46 |        0.014 |         528.26 |     27 |
|    3 |                                        vm_mod_fused_nn_conv2d |        0.015 |       13468.53 |     27 |
|    4 |                         vm_mod_fused_nn_conv2d_add_nn_relu_53 |        0.014 |         728.20 |     27 |
|    5 |                         vm_mod_fused_nn_conv2d_add_nn_relu_28 |        0.009 |        3215.30 |     27 |
|    6 |                                  vm_mod_fused_nn_avg_pool2d_2 |        0.004 |          28.91 |     27 |
|    7 |                         vm_mod_fused_nn_conv2d_add_nn_relu_35 |        0.020 |        1901.59 |     27 |
|    8 |                         vm_mod_fused_nn_conv2d_add_nn_relu_42 |        0.026 |        1935.67 |     27 |
|    9 |                         vm_mod_fused_nn_conv2d_add_nn_relu_17 |        0.012 |        7548.90 |     27 |
|   10 |                          vm_mod_fused_nn_conv2d_add_nn_relu_1 |        0.005 |        9731.76 |     27 |
|   11 |                         vm_mod_fused_nn_conv2d_add_nn_relu_24 |        0.011 |        1904.04 |     27 |
|   12 |                                     vm_mod_fused_nn_dense_add |        0.008 |         245.77 |     27 |
|   13 |                         vm_mod_fused_nn_conv2d_add_nn_relu_31 |        0.016 |        2073.86 |     27 |
|   14 |                         vm_mod_fused_nn_conv2d_add_nn_relu_13 |        0.012 |        5442.85 |     27 |
|   15 |                         vm_mod_fused_nn_conv2d_add_nn_relu_20 |        0.006 |        2322.88 |     27 |
|   16 |                          vm_mod_fused_nn_conv2d_add_nn_relu_8 |        0.007 |        4756.00 |     27 |
|   17 |                         vm_mod_fused_nn_conv2d_add_nn_relu_58 |        0.014 |         915.17 |     27 |
|   18 |                         vm_mod_fused_nn_conv2d_add_nn_relu_47 |        0.016 |         499.77 |     27 |
|   19 |                          vm_mod_fused_nn_conv2d_add_nn_relu_4 |        0.013 |       10032.87 |     27 |
|   20 |                         vm_mod_fused_nn_conv2d_add_nn_relu_29 |        0.008 |        3577.85 |     27 |
|   21 |                         vm_mod_fused_nn_conv2d_add_nn_relu_54 |        0.019 |         570.87 |     27 |
|   22 |                         vm_mod_fused_nn_conv2d_add_nn_relu_36 |        0.017 |        2372.88 |     27 |
|   23 |                         vm_mod_fused_nn_conv2d_add_nn_relu_43 |        0.009 |         687.63 |     27 |
|   24 |                         vm_mod_fused_nn_conv2d_add_nn_relu_18 |        0.016 |        5915.29 |     27 |
|   25 |                         vm_mod_fused_nn_conv2d_add_nn_relu_50 |        0.012 |         746.94 |     27 |
|   26 |                                  vm_mod_fused_nn_avg_pool2d_1 |        0.005 |          45.85 |     27 |
|   27 |                         vm_mod_fused_nn_conv2d_add_nn_relu_25 |        0.010 |        2172.84 |     27 |
|   28 |                         vm_mod_fused_nn_conv2d_add_nn_relu_32 |        0.020 |        1677.95 |     27 |
|   29 | vm_mod_fused_nn_contrib_conv2d_winograd_without_weight_transform_1 |        0.017 |        2666.41 |     27 |
|   30 |                                      vm_mod_fused_nn_conv2d_1 |        0.018 |       11405.71 |     27 |
|   31 |                         vm_mod_fused_nn_conv2d_add_nn_relu_14 |        0.010 |        6794.55 |     27 |
|   32 |                         vm_mod_fused_nn_conv2d_add_nn_relu_21 |        0.012 |        1398.45 |     27 |
|   33 |                            vm_mod_fused_nn_conv2d_add_nn_relu |            - |              - |      0 |
|   34 |                         vm_mod_fused_nn_conv2d_add_nn_relu_10 |            - |              - |      0 |
|   35 |                          vm_mod_fused_nn_conv2d_add_nn_relu_7 |            - |              - |      0 |
|   36 | vm_mod_fused_nn_contrib_conv2d_winograd_without_weight_transform |            - |              - |      0 |
|   37 |                         vm_mod_fused_nn_conv2d_add_nn_relu_48 |            - |              - |      0 |
|   38 |                         vm_mod_fused_nn_conv2d_add_nn_relu_55 |            - |              - |      0 |
|   39 |                         vm_mod_fused_nn_conv2d_add_nn_relu_37 |            - |              - |      0 |
|   40 |                         vm_mod_fused_nn_conv2d_add_nn_relu_44 |            - |              - |      0 |
|   41 |                         vm_mod_fused_nn_conv2d_add_nn_relu_19 |            - |              - |      0 |
|   42 |                          vm_mod_fused_nn_conv2d_add_nn_relu_3 |            - |              - |      0 |
|   43 |                         vm_mod_fused_nn_conv2d_add_nn_relu_51 |            - |              - |      0 |
|   44 |                         vm_mod_fused_nn_conv2d_add_nn_relu_26 |            - |              - |      0 |
|   45 | vm_mod_fused_nn_contrib_conv2d_winograd_without_weight_transform_2 |            - |              - |      0 |
|   46 |                         vm_mod_fused_nn_conv2d_add_nn_relu_33 |            - |              - |      0 |
|   47 |                         vm_mod_fused_nn_conv2d_add_nn_relu_40 |            - |              - |      0 |
|   48 |                           vm_mod_fused_nn_adaptive_avg_pool2d |            - |              - |      0 |
|   49 |                         vm_mod_fused_nn_conv2d_add_nn_relu_15 |            - |              - |      0 |
|   50 |                         vm_mod_fused_nn_conv2d_add_nn_relu_22 |            - |              - |      0 |
|   51 |                                    vm_mod_fused_nn_avg_pool2d |            - |              - |      0 |
|   52 |                         vm_mod_fused_nn_conv2d_add_nn_relu_11 |            - |              - |      0 |
|   53 |                                      vm_mod_fused_nn_conv2d_2 |            - |              - |      0 |
|   54 |                          vm_mod_fused_nn_conv2d_add_nn_relu_6 |            - |              - |      0 |
|   55 |                         vm_mod_fused_nn_conv2d_add_nn_relu_49 |            - |              - |      0 |
|   56 |                         vm_mod_fused_nn_conv2d_add_nn_relu_56 |            - |              - |      0 |
|   57 |                         vm_mod_fused_nn_conv2d_add_nn_relu_38 |            - |              - |      0 |
|   58 |                         vm_mod_fused_nn_conv2d_add_nn_relu_45 |            - |              - |      0 |
|   59 |                         vm_mod_fused_nn_conv2d_add_nn_relu_52 |            - |              - |      0 |
|   60 | vm_mod_fused_nn_contrib_conv2d_winograd_without_weight_transform_3 |            - |              - |      0 |
|   61 |                         vm_mod_fused_nn_conv2d_add_nn_relu_27 |            - |              - |      0 |
|   62 |                          vm_mod_fused_nn_conv2d_add_nn_relu_2 |            - |              - |      0 |
|   63 |                         vm_mod_fused_nn_conv2d_add_nn_relu_34 |            - |              - |      0 |
|   64 |                         vm_mod_fused_nn_conv2d_add_nn_relu_41 |            - |              - |      0 |
|   65 |                                    vm_mod_fused_nn_max_pool2d |            - |              - |      0 |
|   66 |                         vm_mod_fused_nn_conv2d_add_nn_relu_16 |            - |              - |      0 |
|   67 |                         vm_mod_fused_nn_conv2d_add_nn_relu_23 |            - |              - |      0 |
|   68 |                         vm_mod_fused_nn_conv2d_add_nn_relu_30 |            - |              - |      0 |
----------------------------------------------------------------------
------------------------------  [ Search ]
----------------------------------------------------------------------
Generate Sketches		#s: 1
Sample Initial Population	#s: 107	fail_ct: 1941	Time elapsed: 9.64
GA Iter: 0	Max score: 0.9976	Min score: 0.5734	#Pop: 54	#M+: 0	#M-: 0
GA Iter: 4	Max score: 1.0000	Min score: 0.9935	#Pop: 54	#M+: 1396	#M-: 0
EvolutionarySearch		#s: 54	Time elapsed: 131.65
----------------------------------------------------------------------
------------------------------  [ Measure ]
----------------------------------------------------------------------
Get 27 programs to measure:
...........................***************************|   69 |                          vm_mod_fused_nn_conv2d_add_nn_relu_9 |            - |              - |      0 |
|   70 |                         vm_mod_fused_nn_conv2d_add_nn_relu_12 |            - |              - |      0 |
|   71 |                         vm_mod_fused_nn_conv2d_add_nn_relu_57 |            - |              - |      0 |
-----------------------------------------------------------------------------------------------------------------
Estimated total latency: - ms	Trials: 891	Used time : 3148 s	Next ID: 33	

Time elapsed for measurement: 16.78 s
----------------------------------------------------------------------
------------------------------  [ Train cost model ]
----------------------------------------------------------------------
Time elapsed for training: 0.00 s
----------------------------------------------------------------------
------------------------------  [ Task Scheduler ]
----------------------------------------------------------------------
|  ID  |                       Task Description                        | Latency (ms) | Speed (GFLOPS) | Trials |
-----------------------------------------------------------------------------------------------------------------
|    0 |                          vm_mod_fused_nn_conv2d_add_nn_relu_5 |        0.015 |       10334.05 |     27 |
|    1 |                         vm_mod_fused_nn_conv2d_add_nn_relu_39 |        0.015 |        3095.64 |     27 |
|    2 |                         vm_mod_fused_nn_conv2d_add_nn_relu_46 |        0.014 |         528.26 |     27 |
|    3 |                                        vm_mod_fused_nn_conv2d |        0.015 |       13468.53 |     27 |
|    4 |                         vm_mod_fused_nn_conv2d_add_nn_relu_53 |        0.014 |         728.20 |     27 |
|    5 |                         vm_mod_fused_nn_conv2d_add_nn_relu_28 |        0.009 |        3215.30 |     27 |
|    6 |                                  vm_mod_fused_nn_avg_pool2d_2 |        0.004 |          28.91 |     27 |
|    7 |                         vm_mod_fused_nn_conv2d_add_nn_relu_35 |        0.020 |        1901.59 |     27 |
|    8 |                         vm_mod_fused_nn_conv2d_add_nn_relu_42 |        0.026 |        1935.67 |     27 |
|    9 |                         vm_mod_fused_nn_conv2d_add_nn_relu_17 |        0.012 |        7548.90 |     27 |
|   10 |                          vm_mod_fused_nn_conv2d_add_nn_relu_1 |        0.005 |        9731.76 |     27 |
|   11 |                         vm_mod_fused_nn_conv2d_add_nn_relu_24 |        0.011 |        1904.04 |     27 |
|   12 |                                     vm_mod_fused_nn_dense_add |        0.008 |         245.77 |     27 |
|   13 |                         vm_mod_fused_nn_conv2d_add_nn_relu_31 |        0.016 |        2073.86 |     27 |
|   14 |                         vm_mod_fused_nn_conv2d_add_nn_relu_13 |        0.012 |        5442.85 |     27 |
|   15 |                         vm_mod_fused_nn_conv2d_add_nn_relu_20 |        0.006 |        2322.88 |     27 |
|   16 |                          vm_mod_fused_nn_conv2d_add_nn_relu_8 |        0.007 |        4756.00 |     27 |
|   17 |                         vm_mod_fused_nn_conv2d_add_nn_relu_58 |        0.014 |         915.17 |     27 |
|   18 |                         vm_mod_fused_nn_conv2d_add_nn_relu_47 |        0.016 |         499.77 |     27 |
|   19 |                          vm_mod_fused_nn_conv2d_add_nn_relu_4 |        0.013 |       10032.87 |     27 |
|   20 |                         vm_mod_fused_nn_conv2d_add_nn_relu_29 |        0.008 |        3577.85 |     27 |
|   21 |                         vm_mod_fused_nn_conv2d_add_nn_relu_54 |        0.019 |         570.87 |     27 |
|   22 |                         vm_mod_fused_nn_conv2d_add_nn_relu_36 |        0.017 |        2372.88 |     27 |
|   23 |                         vm_mod_fused_nn_conv2d_add_nn_relu_43 |        0.009 |         687.63 |     27 |
|   24 |                         vm_mod_fused_nn_conv2d_add_nn_relu_18 |        0.016 |        5915.29 |     27 |
|   25 |                         vm_mod_fused_nn_conv2d_add_nn_relu_50 |        0.012 |         746.94 |     27 |
|   26 |                                  vm_mod_fused_nn_avg_pool2d_1 |        0.005 |          45.85 |     27 |
|   27 |                         vm_mod_fused_nn_conv2d_add_nn_relu_25 |        0.010 |        2172.84 |     27 |
|   28 |                         vm_mod_fused_nn_conv2d_add_nn_relu_32 |        0.020 |        1677.95 |     27 |
|   29 | vm_mod_fused_nn_contrib_conv2d_winograd_without_weight_transform_1 |        0.017 |        2666.41 |     27 |
|   30 |                                      vm_mod_fused_nn_conv2d_1 |        0.018 |       11405.71 |     27 |
|   31 |                         vm_mod_fused_nn_conv2d_add_nn_relu_14 |        0.010 |        6794.55 |     27 |
|   32 |                         vm_mod_fused_nn_conv2d_add_nn_relu_21 |        0.012 |        1398.45 |     27 |
|   33 |                            vm_mod_fused_nn_conv2d_add_nn_relu |        0.020 |       11897.77 |     27 |
|   34 |                         vm_mod_fused_nn_conv2d_add_nn_relu_10 |            - |              - |      0 |
|   35 |                          vm_mod_fused_nn_conv2d_add_nn_relu_7 |            - |              - |      0 |
|   36 | vm_mod_fused_nn_contrib_conv2d_winograd_without_weight_transform |            - |              - |      0 |
|   37 |                         vm_mod_fused_nn_conv2d_add_nn_relu_48 |            - |              - |      0 |
|   38 |                         vm_mod_fused_nn_conv2d_add_nn_relu_55 |            - |              - |      0 |
|   39 |                         vm_mod_fused_nn_conv2d_add_nn_relu_37 |            - |              - |      0 |
|   40 |                         vm_mod_fused_nn_conv2d_add_nn_relu_44 |            - |              - |      0 |
|   41 |                         vm_mod_fused_nn_conv2d_add_nn_relu_19 |            - |              - |      0 |
|   42 |                          vm_mod_fused_nn_conv2d_add_nn_relu_3 |            - |              - |      0 |
|   43 |                         vm_mod_fused_nn_conv2d_add_nn_relu_51 |            - |              - |      0 |
|   44 |                         vm_mod_fused_nn_conv2d_add_nn_relu_26 |            - |              - |      0 |
|   45 | vm_mod_fused_nn_contrib_conv2d_winograd_without_weight_transform_2 |            - |              - |      0 |
|   46 |                         vm_mod_fused_nn_conv2d_add_nn_relu_33 |            - |              - |      0 |
|   47 |                         vm_mod_fused_nn_conv2d_add_nn_relu_40 |            - |              - |      0 |
|   48 |                           vm_mod_fused_nn_adaptive_avg_pool2d |            - |              - |      0 |
|   49 |                         vm_mod_fused_nn_conv2d_add_nn_relu_15 |            - |              - |      0 |
|   50 |                         vm_mod_fused_nn_conv2d_add_nn_relu_22 |            - |              - |      0 |
|   51 |                                    vm_mod_fused_nn_avg_pool2d |            - |              - |      0 |
|   52 |                         vm_mod_fused_nn_conv2d_add_nn_relu_11 |            - |              - |      0 |
|   53 |                                      vm_mod_fused_nn_conv2d_2 |            - |              - |      0 |
|   54 |                          vm_mod_fused_nn_conv2d_add_nn_relu_6 |            - |              - |      0 |
|   55 |                         vm_mod_fused_nn_conv2d_add_nn_relu_49 |            - |              - |      0 |
|   56 |                         vm_mod_fused_nn_conv2d_add_nn_relu_56 |            - |              - |      0 |
|   57 |                         vm_mod_fused_nn_conv2d_add_nn_relu_38 |            - |              - |      0 |
|   58 |                         vm_mod_fused_nn_conv2d_add_nn_relu_45 |            - |              - |      0 |
|   59 |                         vm_mod_fused_nn_conv2d_add_nn_relu_52 |            - |              - |      0 |
|   60 | vm_mod_fused_nn_contrib_conv2d_winograd_without_weight_transform_3 |            - |              - |      0 |
|   61 |                         vm_mod_fused_nn_conv2d_add_nn_relu_27 |            - |              - |      0 |
|   62 |                          vm_mod_fused_nn_conv2d_add_nn_relu_2 |            - |              - |      0 |
|   63 |                         vm_mod_fused_nn_conv2d_add_nn_relu_34 |            - |              - |      0 |
|   64 |                         vm_mod_fused_nn_conv2d_add_nn_relu_41 |            - |              - |      0 |
|   65 |                                    vm_mod_fused_nn_max_pool2d |            - |              - |      0 |
|   66 |                         vm_mod_fused_nn_conv2d_add_nn_relu_16 |            - |              - |      0 |
|   67 |                         vm_mod_fused_nn_conv2d_add_nn_relu_23 |            - |              - |      0 |
|   68 |                         vm_mod_fused_nn_conv2d_add_nn_relu_30 |            - |              - |      0 |
----------------------------------------------------------------------
------------------------------  [ Search ]
----------------------------------------------------------------------
Generate Sketches		#s: 1
Sample Initial Population	#s: 73	fail_ct: 1975	Time elapsed: 6.21
GA Iter: 0	Max score: 0.9712	Min score: 0.3513	#Pop: 54	#M+: 0	#M-: 0
GA Iter: 4	Max score: 0.9999	Min score: 0.9924	#Pop: 54	#M+: 1410	#M-: 0
EvolutionarySearch		#s: 54	Time elapsed: 75.84
----------------------------------------------------------------------
------------------------------  [ Measure ]
----------------------------------------------------------------------
Get 27 programs to measure:
...........................***************************|   69 |                          vm_mod_fused_nn_conv2d_add_nn_relu_9 |            - |              - |      0 |
|   70 |                         vm_mod_fused_nn_conv2d_add_nn_relu_12 |            - |              - |      0 |
|   71 |                         vm_mod_fused_nn_conv2d_add_nn_relu_57 |            - |              - |      0 |
-----------------------------------------------------------------------------------------------------------------
Estimated total latency: - ms	Trials: 918	Used time : 3306 s	Next ID: 34	

Time elapsed for measurement: 18.21 s
----------------------------------------------------------------------
------------------------------  [ Train cost model ]
----------------------------------------------------------------------
Time elapsed for training: 0.00 s
----------------------------------------------------------------------
------------------------------  [ Task Scheduler ]
----------------------------------------------------------------------
|  ID  |                       Task Description                        | Latency (ms) | Speed (GFLOPS) | Trials |
-----------------------------------------------------------------------------------------------------------------
|    0 |                          vm_mod_fused_nn_conv2d_add_nn_relu_5 |        0.015 |       10334.05 |     27 |
|    1 |                         vm_mod_fused_nn_conv2d_add_nn_relu_39 |        0.015 |        3095.64 |     27 |
|    2 |                         vm_mod_fused_nn_conv2d_add_nn_relu_46 |        0.014 |         528.26 |     27 |
|    3 |                                        vm_mod_fused_nn_conv2d |        0.015 |       13468.53 |     27 |
|    4 |                         vm_mod_fused_nn_conv2d_add_nn_relu_53 |        0.014 |         728.20 |     27 |
|    5 |                         vm_mod_fused_nn_conv2d_add_nn_relu_28 |        0.009 |        3215.30 |     27 |
|    6 |                                  vm_mod_fused_nn_avg_pool2d_2 |        0.004 |          28.91 |     27 |
|    7 |                         vm_mod_fused_nn_conv2d_add_nn_relu_35 |        0.020 |        1901.59 |     27 |
|    8 |                         vm_mod_fused_nn_conv2d_add_nn_relu_42 |        0.026 |        1935.67 |     27 |
|    9 |                         vm_mod_fused_nn_conv2d_add_nn_relu_17 |        0.012 |        7548.90 |     27 |
|   10 |                          vm_mod_fused_nn_conv2d_add_nn_relu_1 |        0.005 |        9731.76 |     27 |
|   11 |                         vm_mod_fused_nn_conv2d_add_nn_relu_24 |        0.011 |        1904.04 |     27 |
|   12 |                                     vm_mod_fused_nn_dense_add |        0.008 |         245.77 |     27 |
|   13 |                         vm_mod_fused_nn_conv2d_add_nn_relu_31 |        0.016 |        2073.86 |     27 |
|   14 |                         vm_mod_fused_nn_conv2d_add_nn_relu_13 |        0.012 |        5442.85 |     27 |
|   15 |                         vm_mod_fused_nn_conv2d_add_nn_relu_20 |        0.006 |        2322.88 |     27 |
|   16 |                          vm_mod_fused_nn_conv2d_add_nn_relu_8 |        0.007 |        4756.00 |     27 |
|   17 |                         vm_mod_fused_nn_conv2d_add_nn_relu_58 |        0.014 |         915.17 |     27 |
|   18 |                         vm_mod_fused_nn_conv2d_add_nn_relu_47 |        0.016 |         499.77 |     27 |
|   19 |                          vm_mod_fused_nn_conv2d_add_nn_relu_4 |        0.013 |       10032.87 |     27 |
|   20 |                         vm_mod_fused_nn_conv2d_add_nn_relu_29 |        0.008 |        3577.85 |     27 |
|   21 |                         vm_mod_fused_nn_conv2d_add_nn_relu_54 |        0.019 |         570.87 |     27 |
|   22 |                         vm_mod_fused_nn_conv2d_add_nn_relu_36 |        0.017 |        2372.88 |     27 |
|   23 |                         vm_mod_fused_nn_conv2d_add_nn_relu_43 |        0.009 |         687.63 |     27 |
|   24 |                         vm_mod_fused_nn_conv2d_add_nn_relu_18 |        0.016 |        5915.29 |     27 |
|   25 |                         vm_mod_fused_nn_conv2d_add_nn_relu_50 |        0.012 |         746.94 |     27 |
|   26 |                                  vm_mod_fused_nn_avg_pool2d_1 |        0.005 |          45.85 |     27 |
|   27 |                         vm_mod_fused_nn_conv2d_add_nn_relu_25 |        0.010 |        2172.84 |     27 |
|   28 |                         vm_mod_fused_nn_conv2d_add_nn_relu_32 |        0.020 |        1677.95 |     27 |
|   29 | vm_mod_fused_nn_contrib_conv2d_winograd_without_weight_transform_1 |        0.017 |        2666.41 |     27 |
|   30 |                                      vm_mod_fused_nn_conv2d_1 |        0.018 |       11405.71 |     27 |
|   31 |                         vm_mod_fused_nn_conv2d_add_nn_relu_14 |        0.010 |        6794.55 |     27 |
|   32 |                         vm_mod_fused_nn_conv2d_add_nn_relu_21 |        0.012 |        1398.45 |     27 |
|   33 |                            vm_mod_fused_nn_conv2d_add_nn_relu |        0.020 |       11897.77 |     27 |
|   34 |                         vm_mod_fused_nn_conv2d_add_nn_relu_10 |        0.006 |        7315.83 |     27 |
|   35 |                          vm_mod_fused_nn_conv2d_add_nn_relu_7 |            - |              - |      0 |
|   36 | vm_mod_fused_nn_contrib_conv2d_winograd_without_weight_transform |            - |              - |      0 |
|   37 |                         vm_mod_fused_nn_conv2d_add_nn_relu_48 |            - |              - |      0 |
|   38 |                         vm_mod_fused_nn_conv2d_add_nn_relu_55 |            - |              - |      0 |
|   39 |                         vm_mod_fused_nn_conv2d_add_nn_relu_37 |            - |              - |      0 |
|   40 |                         vm_mod_fused_nn_conv2d_add_nn_relu_44 |            - |              - |      0 |
|   41 |                         vm_mod_fused_nn_conv2d_add_nn_relu_19 |            - |              - |      0 |
|   42 |                          vm_mod_fused_nn_conv2d_add_nn_relu_3 |            - |              - |      0 |
|   43 |                         vm_mod_fused_nn_conv2d_add_nn_relu_51 |            - |              - |      0 |
|   44 |                         vm_mod_fused_nn_conv2d_add_nn_relu_26 |            - |              - |      0 |
|   45 | vm_mod_fused_nn_contrib_conv2d_winograd_without_weight_transform_2 |            - |              - |      0 |
|   46 |                         vm_mod_fused_nn_conv2d_add_nn_relu_33 |            - |              - |      0 |
|   47 |                         vm_mod_fused_nn_conv2d_add_nn_relu_40 |            - |              - |      0 |
|   48 |                           vm_mod_fused_nn_adaptive_avg_pool2d |            - |              - |      0 |
|   49 |                         vm_mod_fused_nn_conv2d_add_nn_relu_15 |            - |              - |      0 |
|   50 |                         vm_mod_fused_nn_conv2d_add_nn_relu_22 |            - |              - |      0 |
|   51 |                                    vm_mod_fused_nn_avg_pool2d |            - |              - |      0 |
|   52 |                         vm_mod_fused_nn_conv2d_add_nn_relu_11 |            - |              - |      0 |
|   53 |                                      vm_mod_fused_nn_conv2d_2 |            - |              - |      0 |
|   54 |                          vm_mod_fused_nn_conv2d_add_nn_relu_6 |            - |              - |      0 |
|   55 |                         vm_mod_fused_nn_conv2d_add_nn_relu_49 |            - |              - |      0 |
|   56 |                         vm_mod_fused_nn_conv2d_add_nn_relu_56 |            - |              - |      0 |
|   57 |                         vm_mod_fused_nn_conv2d_add_nn_relu_38 |            - |              - |      0 |
|   58 |                         vm_mod_fused_nn_conv2d_add_nn_relu_45 |            - |              - |      0 |
|   59 |                         vm_mod_fused_nn_conv2d_add_nn_relu_52 |            - |              - |      0 |
|   60 | vm_mod_fused_nn_contrib_conv2d_winograd_without_weight_transform_3 |            - |              - |      0 |
|   61 |                         vm_mod_fused_nn_conv2d_add_nn_relu_27 |            - |              - |      0 |
|   62 |                          vm_mod_fused_nn_conv2d_add_nn_relu_2 |            - |              - |      0 |
|   63 |                         vm_mod_fused_nn_conv2d_add_nn_relu_34 |            - |              - |      0 |
|   64 |                         vm_mod_fused_nn_conv2d_add_nn_relu_41 |            - |              - |      0 |
|   65 |                                    vm_mod_fused_nn_max_pool2d |            - |              - |      0 |
|   66 |                         vm_mod_fused_nn_conv2d_add_nn_relu_16 |            - |              - |      0 |
|   67 |                         vm_mod_fused_nn_conv2d_add_nn_relu_23 |            - |              - |      0 |
|   68 |                         vm_mod_fused_nn_conv2d_add_nn_relu_30 |            - |              - |      0 |
----------------------------------------------------------------------
------------------------------  [ Search ]
----------------------------------------------------------------------
Generate Sketches		#s: 1
Sample Initial Population	#s: 91	fail_ct: 1957	Time elapsed: 6.49
GA Iter: 0	Max score: 0.9980	Min score: 0.5004	#Pop: 54	#M+: 0	#M-: 0
GA Iter: 4	Max score: 0.9999	Min score: 0.9924	#Pop: 54	#M+: 1393	#M-: 0
EvolutionarySearch		#s: 54	Time elapsed: 76.57
----------------------------------------------------------------------
------------------------------  [ Measure ]
----------------------------------------------------------------------
Get 27 programs to measure:
..........................|   69 |                          vm_mod_fused_nn_conv2d_add_nn_relu_9 |            - |              - |      0 |
|   70 |                         vm_mod_fused_nn_conv2d_add_nn_relu_12 |            - |              - |      0 |
|   71 |                         vm_mod_fused_nn_conv2d_add_nn_relu_57 |            - |              - |      0 |
-----------------------------------------------------------------------------------------------------------------
Estimated total latency: - ms	Trials: 945	Used time : 3407 s	Next ID: 35	
.T**************************
Time elapsed for measurement: 24.53 s
----------------------------------------------------------------------
------------------------------  [ Train cost model ]
----------------------------------------------------------------------
Time elapsed for training: 0.00 s
----------------------------------------------------------------------
------------------------------  [ Task Scheduler ]
----------------------------------------------------------------------
|  ID  |                       Task Description                        | Latency (ms) | Speed (GFLOPS) | Trials |
-----------------------------------------------------------------------------------------------------------------
|    0 |                          vm_mod_fused_nn_conv2d_add_nn_relu_5 |        0.015 |       10334.05 |     27 |
|    1 |                         vm_mod_fused_nn_conv2d_add_nn_relu_39 |        0.015 |        3095.64 |     27 |
|    2 |                         vm_mod_fused_nn_conv2d_add_nn_relu_46 |        0.014 |         528.26 |     27 |
|    3 |                                        vm_mod_fused_nn_conv2d |        0.015 |       13468.53 |     27 |
|    4 |                         vm_mod_fused_nn_conv2d_add_nn_relu_53 |        0.014 |         728.20 |     27 |
|    5 |                         vm_mod_fused_nn_conv2d_add_nn_relu_28 |        0.009 |        3215.30 |     27 |
|    6 |                                  vm_mod_fused_nn_avg_pool2d_2 |        0.004 |          28.91 |     27 |
|    7 |                         vm_mod_fused_nn_conv2d_add_nn_relu_35 |        0.020 |        1901.59 |     27 |
|    8 |                         vm_mod_fused_nn_conv2d_add_nn_relu_42 |        0.026 |        1935.67 |     27 |
|    9 |                         vm_mod_fused_nn_conv2d_add_nn_relu_17 |        0.012 |        7548.90 |     27 |
|   10 |                          vm_mod_fused_nn_conv2d_add_nn_relu_1 |        0.005 |        9731.76 |     27 |
|   11 |                         vm_mod_fused_nn_conv2d_add_nn_relu_24 |        0.011 |        1904.04 |     27 |
|   12 |                                     vm_mod_fused_nn_dense_add |        0.008 |         245.77 |     27 |
|   13 |                         vm_mod_fused_nn_conv2d_add_nn_relu_31 |        0.016 |        2073.86 |     27 |
|   14 |                         vm_mod_fused_nn_conv2d_add_nn_relu_13 |        0.012 |        5442.85 |     27 |
|   15 |                         vm_mod_fused_nn_conv2d_add_nn_relu_20 |        0.006 |        2322.88 |     27 |
|   16 |                          vm_mod_fused_nn_conv2d_add_nn_relu_8 |        0.007 |        4756.00 |     27 |
|   17 |                         vm_mod_fused_nn_conv2d_add_nn_relu_58 |        0.014 |         915.17 |     27 |
|   18 |                         vm_mod_fused_nn_conv2d_add_nn_relu_47 |        0.016 |         499.77 |     27 |
|   19 |                          vm_mod_fused_nn_conv2d_add_nn_relu_4 |        0.013 |       10032.87 |     27 |
|   20 |                         vm_mod_fused_nn_conv2d_add_nn_relu_29 |        0.008 |        3577.85 |     27 |
|   21 |                         vm_mod_fused_nn_conv2d_add_nn_relu_54 |        0.019 |         570.87 |     27 |
|   22 |                         vm_mod_fused_nn_conv2d_add_nn_relu_36 |        0.017 |        2372.88 |     27 |
|   23 |                         vm_mod_fused_nn_conv2d_add_nn_relu_43 |        0.009 |         687.63 |     27 |
|   24 |                         vm_mod_fused_nn_conv2d_add_nn_relu_18 |        0.016 |        5915.29 |     27 |
|   25 |                         vm_mod_fused_nn_conv2d_add_nn_relu_50 |        0.012 |         746.94 |     27 |
|   26 |                                  vm_mod_fused_nn_avg_pool2d_1 |        0.005 |          45.85 |     27 |
|   27 |                         vm_mod_fused_nn_conv2d_add_nn_relu_25 |        0.010 |        2172.84 |     27 |
|   28 |                         vm_mod_fused_nn_conv2d_add_nn_relu_32 |        0.020 |        1677.95 |     27 |
|   29 | vm_mod_fused_nn_contrib_conv2d_winograd_without_weight_transform_1 |        0.017 |        2666.41 |     27 |
|   30 |                                      vm_mod_fused_nn_conv2d_1 |        0.018 |       11405.71 |     27 |
|   31 |                         vm_mod_fused_nn_conv2d_add_nn_relu_14 |        0.010 |        6794.55 |     27 |
|   32 |                         vm_mod_fused_nn_conv2d_add_nn_relu_21 |        0.012 |        1398.45 |     27 |
|   33 |                            vm_mod_fused_nn_conv2d_add_nn_relu |        0.020 |       11897.77 |     27 |
|   34 |                         vm_mod_fused_nn_conv2d_add_nn_relu_10 |        0.006 |        7315.83 |     27 |
|   35 |                          vm_mod_fused_nn_conv2d_add_nn_relu_7 |        0.005 |        5611.59 |     27 |
|   36 | vm_mod_fused_nn_contrib_conv2d_winograd_without_weight_transform |            - |              - |      0 |
|   37 |                         vm_mod_fused_nn_conv2d_add_nn_relu_48 |            - |              - |      0 |
|   38 |                         vm_mod_fused_nn_conv2d_add_nn_relu_55 |            - |              - |      0 |
|   39 |                         vm_mod_fused_nn_conv2d_add_nn_relu_37 |            - |              - |      0 |
|   40 |                         vm_mod_fused_nn_conv2d_add_nn_relu_44 |            - |              - |      0 |
|   41 |                         vm_mod_fused_nn_conv2d_add_nn_relu_19 |            - |              - |      0 |
|   42 |                          vm_mod_fused_nn_conv2d_add_nn_relu_3 |            - |              - |      0 |
|   43 |                         vm_mod_fused_nn_conv2d_add_nn_relu_51 |            - |              - |      0 |
|   44 |                         vm_mod_fused_nn_conv2d_add_nn_relu_26 |            - |              - |      0 |
|   45 | vm_mod_fused_nn_contrib_conv2d_winograd_without_weight_transform_2 |            - |              - |      0 |
|   46 |                         vm_mod_fused_nn_conv2d_add_nn_relu_33 |            - |              - |      0 |
|   47 |                         vm_mod_fused_nn_conv2d_add_nn_relu_40 |            - |              - |      0 |
|   48 |                           vm_mod_fused_nn_adaptive_avg_pool2d |            - |              - |      0 |
|   49 |                         vm_mod_fused_nn_conv2d_add_nn_relu_15 |            - |              - |      0 |
|   50 |                         vm_mod_fused_nn_conv2d_add_nn_relu_22 |            - |              - |      0 |
|   51 |                                    vm_mod_fused_nn_avg_pool2d |            - |              - |      0 |
|   52 |                         vm_mod_fused_nn_conv2d_add_nn_relu_11 |            - |              - |      0 |
|   53 |                                      vm_mod_fused_nn_conv2d_2 |            - |              - |      0 |
|   54 |                          vm_mod_fused_nn_conv2d_add_nn_relu_6 |            - |              - |      0 |
|   55 |                         vm_mod_fused_nn_conv2d_add_nn_relu_49 |            - |              - |      0 |
|   56 |                         vm_mod_fused_nn_conv2d_add_nn_relu_56 |            - |              - |      0 |
|   57 |                         vm_mod_fused_nn_conv2d_add_nn_relu_38 |            - |              - |      0 |
|   58 |                         vm_mod_fused_nn_conv2d_add_nn_relu_45 |            - |              - |      0 |
|   59 |                         vm_mod_fused_nn_conv2d_add_nn_relu_52 |            - |              - |      0 |
|   60 | vm_mod_fused_nn_contrib_conv2d_winograd_without_weight_transform_3 |            - |              - |      0 |
|   61 |                         vm_mod_fused_nn_conv2d_add_nn_relu_27 |            - |              - |      0 |
|   62 |                          vm_mod_fused_nn_conv2d_add_nn_relu_2 |            - |              - |      0 |
|   63 |                         vm_mod_fused_nn_conv2d_add_nn_relu_34 |            - |              - |      0 |
|   64 |                         vm_mod_fused_nn_conv2d_add_nn_relu_41 |            - |              - |      0 |
|   65 |                                    vm_mod_fused_nn_max_pool2d |            - |              - |      0 |
|   66 |                         vm_mod_fused_nn_conv2d_add_nn_relu_16 |            - |              - |      0 |
|   67 |                         vm_mod_fused_nn_conv2d_add_nn_relu_23 |            - |              - |      0 |
|   68 |                         vm_mod_fused_nn_conv2d_add_nn_relu_30 |            - |              - |      0 |
----------------------------------------------------------------------
------------------------------  [ Search ]
----------------------------------------------------------------------
Generate Sketches		#s: 1
Sample Initial Population	#s: 76	fail_ct: 4020	Time elapsed: 30.47
GA Iter: 0	Max score: 0.9981	Min score: 0.2983	#Pop: 54	#M+: 0	#M-: 0
GA Iter: 4	Max score: 0.9997	Min score: 0.9902	#Pop: 54	#M+: 1401	#M-: 0
EvolutionarySearch		#s: 54	Time elapsed: 221.41
----------------------------------------------------------------------
------------------------------  [ Measure ]
----------------------------------------------------------------------
Get 27 programs to measure:
...........................***************************|   69 |                          vm_mod_fused_nn_conv2d_add_nn_relu_9 |            - |              - |      0 |
|   70 |                         vm_mod_fused_nn_conv2d_add_nn_relu_12 |            - |              - |      0 |
|   71 |                         vm_mod_fused_nn_conv2d_add_nn_relu_57 |            - |              - |      0 |
-----------------------------------------------------------------------------------------------------------------
Estimated total latency: - ms	Trials: 972	Used time : 3515 s	Next ID: 36	

Time elapsed for measurement: 18.24 s
----------------------------------------------------------------------
------------------------------  [ Train cost model ]
----------------------------------------------------------------------
Time elapsed for training: 0.00 s
----------------------------------------------------------------------
------------------------------  [ Task Scheduler ]
----------------------------------------------------------------------
|  ID  |                       Task Description                        | Latency (ms) | Speed (GFLOPS) | Trials |
-----------------------------------------------------------------------------------------------------------------
|    0 |                          vm_mod_fused_nn_conv2d_add_nn_relu_5 |        0.015 |       10334.05 |     27 |
|    1 |                         vm_mod_fused_nn_conv2d_add_nn_relu_39 |        0.015 |        3095.64 |     27 |
|    2 |                         vm_mod_fused_nn_conv2d_add_nn_relu_46 |        0.014 |         528.26 |     27 |
|    3 |                                        vm_mod_fused_nn_conv2d |        0.015 |       13468.53 |     27 |
|    4 |                         vm_mod_fused_nn_conv2d_add_nn_relu_53 |        0.014 |         728.20 |     27 |
|    5 |                         vm_mod_fused_nn_conv2d_add_nn_relu_28 |        0.009 |        3215.30 |     27 |
|    6 |                                  vm_mod_fused_nn_avg_pool2d_2 |        0.004 |          28.91 |     27 |
|    7 |                         vm_mod_fused_nn_conv2d_add_nn_relu_35 |        0.020 |        1901.59 |     27 |
|    8 |                         vm_mod_fused_nn_conv2d_add_nn_relu_42 |        0.026 |        1935.67 |     27 |
|    9 |                         vm_mod_fused_nn_conv2d_add_nn_relu_17 |        0.012 |        7548.90 |     27 |
|   10 |                          vm_mod_fused_nn_conv2d_add_nn_relu_1 |        0.005 |        9731.76 |     27 |
|   11 |                         vm_mod_fused_nn_conv2d_add_nn_relu_24 |        0.011 |        1904.04 |     27 |
|   12 |                                     vm_mod_fused_nn_dense_add |        0.008 |         245.77 |     27 |
|   13 |                         vm_mod_fused_nn_conv2d_add_nn_relu_31 |        0.016 |        2073.86 |     27 |
|   14 |                         vm_mod_fused_nn_conv2d_add_nn_relu_13 |        0.012 |        5442.85 |     27 |
|   15 |                         vm_mod_fused_nn_conv2d_add_nn_relu_20 |        0.006 |        2322.88 |     27 |
|   16 |                          vm_mod_fused_nn_conv2d_add_nn_relu_8 |        0.007 |        4756.00 |     27 |
|   17 |                         vm_mod_fused_nn_conv2d_add_nn_relu_58 |        0.014 |         915.17 |     27 |
|   18 |                         vm_mod_fused_nn_conv2d_add_nn_relu_47 |        0.016 |         499.77 |     27 |
|   19 |                          vm_mod_fused_nn_conv2d_add_nn_relu_4 |        0.013 |       10032.87 |     27 |
|   20 |                         vm_mod_fused_nn_conv2d_add_nn_relu_29 |        0.008 |        3577.85 |     27 |
|   21 |                         vm_mod_fused_nn_conv2d_add_nn_relu_54 |        0.019 |         570.87 |     27 |
|   22 |                         vm_mod_fused_nn_conv2d_add_nn_relu_36 |        0.017 |        2372.88 |     27 |
|   23 |                         vm_mod_fused_nn_conv2d_add_nn_relu_43 |        0.009 |         687.63 |     27 |
|   24 |                         vm_mod_fused_nn_conv2d_add_nn_relu_18 |        0.016 |        5915.29 |     27 |
|   25 |                         vm_mod_fused_nn_conv2d_add_nn_relu_50 |        0.012 |         746.94 |     27 |
|   26 |                                  vm_mod_fused_nn_avg_pool2d_1 |        0.005 |          45.85 |     27 |
|   27 |                         vm_mod_fused_nn_conv2d_add_nn_relu_25 |        0.010 |        2172.84 |     27 |
|   28 |                         vm_mod_fused_nn_conv2d_add_nn_relu_32 |        0.020 |        1677.95 |     27 |
|   29 | vm_mod_fused_nn_contrib_conv2d_winograd_without_weight_transform_1 |        0.017 |        2666.41 |     27 |
|   30 |                                      vm_mod_fused_nn_conv2d_1 |        0.018 |       11405.71 |     27 |
|   31 |                         vm_mod_fused_nn_conv2d_add_nn_relu_14 |        0.010 |        6794.55 |     27 |
|   32 |                         vm_mod_fused_nn_conv2d_add_nn_relu_21 |        0.012 |        1398.45 |     27 |
|   33 |                            vm_mod_fused_nn_conv2d_add_nn_relu |        0.020 |       11897.77 |     27 |
|   34 |                         vm_mod_fused_nn_conv2d_add_nn_relu_10 |        0.006 |        7315.83 |     27 |
|   35 |                          vm_mod_fused_nn_conv2d_add_nn_relu_7 |        0.005 |        5611.59 |     27 |
|   36 | vm_mod_fused_nn_contrib_conv2d_winograd_without_weight_transform |        0.020 |        8275.47 |     27 |
|   37 |                         vm_mod_fused_nn_conv2d_add_nn_relu_48 |            - |              - |      0 |
|   38 |                         vm_mod_fused_nn_conv2d_add_nn_relu_55 |            - |              - |      0 |
|   39 |                         vm_mod_fused_nn_conv2d_add_nn_relu_37 |            - |              - |      0 |
|   40 |                         vm_mod_fused_nn_conv2d_add_nn_relu_44 |            - |              - |      0 |
|   41 |                         vm_mod_fused_nn_conv2d_add_nn_relu_19 |            - |              - |      0 |
|   42 |                          vm_mod_fused_nn_conv2d_add_nn_relu_3 |            - |              - |      0 |
|   43 |                         vm_mod_fused_nn_conv2d_add_nn_relu_51 |            - |              - |      0 |
|   44 |                         vm_mod_fused_nn_conv2d_add_nn_relu_26 |            - |              - |      0 |
|   45 | vm_mod_fused_nn_contrib_conv2d_winograd_without_weight_transform_2 |            - |              - |      0 |
|   46 |                         vm_mod_fused_nn_conv2d_add_nn_relu_33 |            - |              - |      0 |
|   47 |                         vm_mod_fused_nn_conv2d_add_nn_relu_40 |            - |              - |      0 |
|   48 |                           vm_mod_fused_nn_adaptive_avg_pool2d |            - |              - |      0 |
|   49 |                         vm_mod_fused_nn_conv2d_add_nn_relu_15 |            - |              - |      0 |
|   50 |                         vm_mod_fused_nn_conv2d_add_nn_relu_22 |            - |              - |      0 |
|   51 |                                    vm_mod_fused_nn_avg_pool2d |            - |              - |      0 |
|   52 |                         vm_mod_fused_nn_conv2d_add_nn_relu_11 |            - |              - |      0 |
|   53 |                                      vm_mod_fused_nn_conv2d_2 |            - |              - |      0 |
|   54 |                          vm_mod_fused_nn_conv2d_add_nn_relu_6 |            - |              - |      0 |
|   55 |                         vm_mod_fused_nn_conv2d_add_nn_relu_49 |            - |              - |      0 |
|   56 |                         vm_mod_fused_nn_conv2d_add_nn_relu_56 |            - |              - |      0 |
|   57 |                         vm_mod_fused_nn_conv2d_add_nn_relu_38 |            - |              - |      0 |
|   58 |                         vm_mod_fused_nn_conv2d_add_nn_relu_45 |            - |              - |      0 |
|   59 |                         vm_mod_fused_nn_conv2d_add_nn_relu_52 |            - |              - |      0 |
|   60 | vm_mod_fused_nn_contrib_conv2d_winograd_without_weight_transform_3 |            - |              - |      0 |
|   61 |                         vm_mod_fused_nn_conv2d_add_nn_relu_27 |            - |              - |      0 |
|   62 |                          vm_mod_fused_nn_conv2d_add_nn_relu_2 |            - |              - |      0 |
|   63 |                         vm_mod_fused_nn_conv2d_add_nn_relu_34 |            - |              - |      0 |
|   64 |                         vm_mod_fused_nn_conv2d_add_nn_relu_41 |            - |              - |      0 |
|   65 |                                    vm_mod_fused_nn_max_pool2d |            - |              - |      0 |
|   66 |                         vm_mod_fused_nn_conv2d_add_nn_relu_16 |            - |              - |      0 |
|   67 |                         vm_mod_fused_nn_conv2d_add_nn_relu_23 |            - |              - |      0 |
|   68 |                         vm_mod_fused_nn_conv2d_add_nn_relu_30 |            - |              - |      0 |
----------------------------------------------------------------------
------------------------------  [ Search ]
----------------------------------------------------------------------
Generate Sketches		#s: 1
Sample Initial Population	#s: 93	fail_ct: 1955	Time elapsed: 4.74
GA Iter: 0	Max score: 0.9853	Min score: 0.4823	#Pop: 54	#M+: 0	#M-: 0
GA Iter: 4	Max score: 0.9998	Min score: 0.9913	#Pop: 54	#M+: 1389	#M-: 0
EvolutionarySearch		#s: 54	Time elapsed: 68.78
----------------------------------------------------------------------
------------------------------  [ Measure ]
----------------------------------------------------------------------
Get 27 programs to measure:
...........................***************************|   69 |                          vm_mod_fused_nn_conv2d_add_nn_relu_9 |            - |              - |      0 |
|   70 |                         vm_mod_fused_nn_conv2d_add_nn_relu_12 |            - |              - |      0 |
|   71 |                         vm_mod_fused_nn_conv2d_add_nn_relu_57 |            - |              - |      0 |
-----------------------------------------------------------------------------------------------------------------
Estimated total latency: - ms	Trials: 999	Used time : 3785 s	Next ID: 37	

Time elapsed for measurement: 12.76 s
----------------------------------------------------------------------
------------------------------  [ Train cost model ]
----------------------------------------------------------------------
Time elapsed for training: 0.00 s
----------------------------------------------------------------------
------------------------------  [ Task Scheduler ]
----------------------------------------------------------------------
|  ID  |                       Task Description                        | Latency (ms) | Speed (GFLOPS) | Trials |
-----------------------------------------------------------------------------------------------------------------
|    0 |                          vm_mod_fused_nn_conv2d_add_nn_relu_5 |        0.015 |       10334.05 |     27 |
|    1 |                         vm_mod_fused_nn_conv2d_add_nn_relu_39 |        0.015 |        3095.64 |     27 |
|    2 |                         vm_mod_fused_nn_conv2d_add_nn_relu_46 |        0.014 |         528.26 |     27 |
|    3 |                                        vm_mod_fused_nn_conv2d |        0.015 |       13468.53 |     27 |
|    4 |                         vm_mod_fused_nn_conv2d_add_nn_relu_53 |        0.014 |         728.20 |     27 |
|    5 |                         vm_mod_fused_nn_conv2d_add_nn_relu_28 |        0.009 |        3215.30 |     27 |
|    6 |                                  vm_mod_fused_nn_avg_pool2d_2 |        0.004 |          28.91 |     27 |
|    7 |                         vm_mod_fused_nn_conv2d_add_nn_relu_35 |        0.020 |        1901.59 |     27 |
|    8 |                         vm_mod_fused_nn_conv2d_add_nn_relu_42 |        0.026 |        1935.67 |     27 |
|    9 |                         vm_mod_fused_nn_conv2d_add_nn_relu_17 |        0.012 |        7548.90 |     27 |
|   10 |                          vm_mod_fused_nn_conv2d_add_nn_relu_1 |        0.005 |        9731.76 |     27 |
|   11 |                         vm_mod_fused_nn_conv2d_add_nn_relu_24 |        0.011 |        1904.04 |     27 |
|   12 |                                     vm_mod_fused_nn_dense_add |        0.008 |         245.77 |     27 |
|   13 |                         vm_mod_fused_nn_conv2d_add_nn_relu_31 |        0.016 |        2073.86 |     27 |
|   14 |                         vm_mod_fused_nn_conv2d_add_nn_relu_13 |        0.012 |        5442.85 |     27 |
|   15 |                         vm_mod_fused_nn_conv2d_add_nn_relu_20 |        0.006 |        2322.88 |     27 |
|   16 |                          vm_mod_fused_nn_conv2d_add_nn_relu_8 |        0.007 |        4756.00 |     27 |
|   17 |                         vm_mod_fused_nn_conv2d_add_nn_relu_58 |        0.014 |         915.17 |     27 |
|   18 |                         vm_mod_fused_nn_conv2d_add_nn_relu_47 |        0.016 |         499.77 |     27 |
|   19 |                          vm_mod_fused_nn_conv2d_add_nn_relu_4 |        0.013 |       10032.87 |     27 |
|   20 |                         vm_mod_fused_nn_conv2d_add_nn_relu_29 |        0.008 |        3577.85 |     27 |
|   21 |                         vm_mod_fused_nn_conv2d_add_nn_relu_54 |        0.019 |         570.87 |     27 |
|   22 |                         vm_mod_fused_nn_conv2d_add_nn_relu_36 |        0.017 |        2372.88 |     27 |
|   23 |                         vm_mod_fused_nn_conv2d_add_nn_relu_43 |        0.009 |         687.63 |     27 |
|   24 |                         vm_mod_fused_nn_conv2d_add_nn_relu_18 |        0.016 |        5915.29 |     27 |
|   25 |                         vm_mod_fused_nn_conv2d_add_nn_relu_50 |        0.012 |         746.94 |     27 |
|   26 |                                  vm_mod_fused_nn_avg_pool2d_1 |        0.005 |          45.85 |     27 |
|   27 |                         vm_mod_fused_nn_conv2d_add_nn_relu_25 |        0.010 |        2172.84 |     27 |
|   28 |                         vm_mod_fused_nn_conv2d_add_nn_relu_32 |        0.020 |        1677.95 |     27 |
|   29 | vm_mod_fused_nn_contrib_conv2d_winograd_without_weight_transform_1 |        0.017 |        2666.41 |     27 |
|   30 |                                      vm_mod_fused_nn_conv2d_1 |        0.018 |       11405.71 |     27 |
|   31 |                         vm_mod_fused_nn_conv2d_add_nn_relu_14 |        0.010 |        6794.55 |     27 |
|   32 |                         vm_mod_fused_nn_conv2d_add_nn_relu_21 |        0.012 |        1398.45 |     27 |
|   33 |                            vm_mod_fused_nn_conv2d_add_nn_relu |        0.020 |       11897.77 |     27 |
|   34 |                         vm_mod_fused_nn_conv2d_add_nn_relu_10 |        0.006 |        7315.83 |     27 |
|   35 |                          vm_mod_fused_nn_conv2d_add_nn_relu_7 |        0.005 |        5611.59 |     27 |
|   36 | vm_mod_fused_nn_contrib_conv2d_winograd_without_weight_transform |        0.020 |        8275.47 |     27 |
|   37 |                         vm_mod_fused_nn_conv2d_add_nn_relu_48 |        0.009 |         932.19 |     27 |
|   38 |                         vm_mod_fused_nn_conv2d_add_nn_relu_55 |            - |              - |      0 |
|   39 |                         vm_mod_fused_nn_conv2d_add_nn_relu_37 |            - |              - |      0 |
|   40 |                         vm_mod_fused_nn_conv2d_add_nn_relu_44 |            - |              - |      0 |
|   41 |                         vm_mod_fused_nn_conv2d_add_nn_relu_19 |            - |              - |      0 |
|   42 |                          vm_mod_fused_nn_conv2d_add_nn_relu_3 |            - |              - |      0 |
|   43 |                         vm_mod_fused_nn_conv2d_add_nn_relu_51 |            - |              - |      0 |
|   44 |                         vm_mod_fused_nn_conv2d_add_nn_relu_26 |            - |              - |      0 |
|   45 | vm_mod_fused_nn_contrib_conv2d_winograd_without_weight_transform_2 |            - |              - |      0 |
|   46 |                         vm_mod_fused_nn_conv2d_add_nn_relu_33 |            - |              - |      0 |
|   47 |                         vm_mod_fused_nn_conv2d_add_nn_relu_40 |            - |              - |      0 |
|   48 |                           vm_mod_fused_nn_adaptive_avg_pool2d |            - |              - |      0 |
|   49 |                         vm_mod_fused_nn_conv2d_add_nn_relu_15 |            - |              - |      0 |
|   50 |                         vm_mod_fused_nn_conv2d_add_nn_relu_22 |            - |              - |      0 |
|   51 |                                    vm_mod_fused_nn_avg_pool2d |            - |              - |      0 |
|   52 |                         vm_mod_fused_nn_conv2d_add_nn_relu_11 |            - |              - |      0 |
|   53 |                                      vm_mod_fused_nn_conv2d_2 |            - |              - |      0 |
|   54 |                          vm_mod_fused_nn_conv2d_add_nn_relu_6 |            - |              - |      0 |
|   55 |                         vm_mod_fused_nn_conv2d_add_nn_relu_49 |            - |              - |      0 |
|   56 |                         vm_mod_fused_nn_conv2d_add_nn_relu_56 |            - |              - |      0 |
|   57 |                         vm_mod_fused_nn_conv2d_add_nn_relu_38 |            - |              - |      0 |
|   58 |                         vm_mod_fused_nn_conv2d_add_nn_relu_45 |            - |              - |      0 |
|   59 |                         vm_mod_fused_nn_conv2d_add_nn_relu_52 |            - |              - |      0 |
|   60 | vm_mod_fused_nn_contrib_conv2d_winograd_without_weight_transform_3 |            - |              - |      0 |
|   61 |                         vm_mod_fused_nn_conv2d_add_nn_relu_27 |            - |              - |      0 |
|   62 |                          vm_mod_fused_nn_conv2d_add_nn_relu_2 |            - |              - |      0 |
|   63 |                         vm_mod_fused_nn_conv2d_add_nn_relu_34 |            - |              - |      0 |
|   64 |                         vm_mod_fused_nn_conv2d_add_nn_relu_41 |            - |              - |      0 |
|   65 |                                    vm_mod_fused_nn_max_pool2d |            - |              - |      0 |
|   66 |                         vm_mod_fused_nn_conv2d_add_nn_relu_16 |            - |              - |      0 |
|   67 |                         vm_mod_fused_nn_conv2d_add_nn_relu_23 |            - |              - |      0 |
|   68 |                         vm_mod_fused_nn_conv2d_add_nn_relu_30 |            - |              - |      0 |
----------------------------------------------------------------------
------------------------------  [ Search ]
----------------------------------------------------------------------
Generate Sketches		#s: 1
Sample Initial Population	#s: 72	fail_ct: 1976	Time elapsed: 4.59
GA Iter: 0	Max score: 0.9964	Min score: 0.3018	#Pop: 54	#M+: 0	#M-: 0
GA Iter: 4	Max score: 0.9999	Min score: 0.9921	#Pop: 54	#M+: 1389	#M-: 0
EvolutionarySearch		#s: 54	Time elapsed: 68.03
----------------------------------------------------------------------
------------------------------  [ Measure ]
----------------------------------------------------------------------
Get 27 programs to measure:
...........................**********Eterminate called after throwing an instance of 'tvm::runtime::InternalError'
  what():  [12:49:07] /data3/qsy/complier/tlm/src/runtime/cuda/cuda_module.cc:61: CUDAError: cuModuleUnload(module_[i]) failed with error: CUDA_ERROR_MISALIGNED_ADDRESS
Stack trace:
  0: tvm::runtime::SimpleObjAllocator::Handler<tvm::runtime::CUDAModuleNode>::Deleter_(tvm::runtime::Object*)
  1: tvm::runtime::SimpleObjAllocator::Handler<tvm::runtime::LibraryModuleNode>::Deleter_(tvm::runtime::Object*)
  2: _ZN3tvm7runtime18SimpleObjAllocator7HandlerINS0_16PackedFuncS
  3: _ZN3tvm7runtime18SimpleObjAllocator7HandlerINS0_16PackedFuncSubObjIZNS0_9profiling17WrapTimeE
  4: TVMObjectFree
  5: __pyx_tp_dealloc_3tvm_4_ffi_4_cy3_4core_PackedFuncBase(_object*)
  6: subtype_dealloc
        at /usr/local/src/conda/python-3.10.18/Objects/typeobject.c:1460
  7: _Py_DECREF
        at /usr/local/src/conda/python-3.10.18/Include/object.h:500
  8: _Py_XDECREF
        at /usr/local/src/conda/python-3.10.18/Include/object.h:567
  9: cell_dealloc
        at /usr/local/src/conda/python-3.10.18/Objects/cellobject.c:82
  10: _Py_Dealloc
        at /usr/local/src/conda/python-3.10.18/Objects/object.c:2301
  11: _Py_DECREF
        at /usr/local/src/conda/python-3.10.18/Include/object.h:500
  12: _Py_XDECREF
        at /usr/local/src/conda/python-3.10.18/Include/object.h:567
  13: tupledealloc
        at /usr/local/src/conda/python-3.10.18/Objects/tupleobject.c:276
  14: _Py_Dealloc
        at /usr/local/src/conda/python-3.10.18/Objects/object.c:2301
  15: _Py_DECREF
        at /usr/local/src/conda/python-3.10.18/Include/object.h:500
  16: func_clear
        at /usr/local/src/conda/python-3.10.18/Objects/funcobject.c:636
  17: func_dealloc
        at /usr/local/src/conda/python-3.10.18/Objects/funcobject.c:648
  18: _Py_Dealloc
        at /usr/local/src/conda/python-3.10.18/Objects/object.c:2301
  19: _Py_DECREF
        at /usr/local/src/conda/python-3.10.18/Include/object.h:500
  20: frame_dealloc
        at /usr/local/src/conda/python-3.10.18/Objects/frameobject.c:591
  21: _Py_Dealloc
        at /usr/local/src/conda/python-3.10.18/Objects/object.c:2301
  22: _Py_DECREF
        at /usr/local/src/conda/python-3.10.18/Include/object.h:500
  23: _PyEval_Vector
        at /usr/local/src/conda/python-3.10.18/Python/ceval.c:5080
  24: _PyFunction_Vectorcall
        at /usr/local/src/conda/python-3.10.18/Objects/call.c:342
  25: do_call_core
        at /usr/local/src/conda/python-3.10.18/Python/ceval.c:5945
  26: _PyEval_EvalFrameDefault
        at /usr/local/src/conda/python-3.10.18/Python/ceval.c:4277
  27: _PyEval_EvalFrame
        at /usr/local/src/conda/python-3.10.18/Include/internal/pycore_ceval.h:46
  28: _PyEval_Vector
        at /usr/local/src/conda/python-3.10.18/Python/ceval.c:5067
  29: _PyFunction_Vectorcall
        at /usr/local/src/conda/python-3.10.18/Objects/call.c:342
  30: _PyObject_VectorcallTstate
        at /usr/local/src/conda/python-3.10.18/Include/cpython/abstract.h:114
  31: PyObject_Vectorcall
        at /usr/local/src/conda/python-3.10.18/Include/cpython/abstract.h:123
  32: call_function
        at /usr/local/src/conda/python-3.10.18/Python/ceval.c:5893
  33: _PyEval_EvalFrameDefault
        at /usr/local/src/conda/python-3.10.18/Python/ceval.c:4213
  34: _PyEval_EvalFrame
        at /usr/local/src/conda/python-3.10.18/Include/internal/pycore_ceval.h:46
  35: _PyEval_Vector
        at /usr/local/src/conda/python-3.10.18/Python/ceval.c:5067
  36: PyEval_EvalCode
        at /usr/local/src/conda/python-3.10.18/Python/ceval.c:1134
  37: builtin_exec_impl
        at /usr/local/src/conda/python-3.10.18/Python/bltinmodule.c:1058
  38: builtin_exec
        at /usr/local/src/conda/python-3.10.18/Python/clinic/bltinmodule.c.h:371
  39: cfunction_vectorcall_FASTCALL
        at /usr/local/src/conda/python-3.10.18/Objects/methodobject.c:430
  40: _PyObject_VectorcallTstate
        at /usr/local/src/conda/python-3.10.18/Include/cpython/abstract.h:114
  41: PyObject_Vectorcall
        at /usr/local/src/conda/python-3.10.18/Include/cpython/abstract.h:123
  42: call_function
        at /usr/local/src/conda/python-3.10.18/Python/ceval.c:5893
  43: _PyEval_EvalFrameDefault
        at /usr/local/src/conda/python-3.10.18/Python/ceval.c:4213
  44: _PyEval_EvalFrame
        at /usr/local/src/conda/python-3.10.18/Include/internal/pycore_ceval.h:46
  45: _PyEval_Vector
        at /usr/local/src/conda/python-3.10.18/Python/ceval.c:5067
  46: _PyFunction_Vectorcall
        at /usr/local/src/conda/python-3.10.18/Objects/call.c:342
  47: _PyObject_VectorcallTstate
        at /usr/local/src/conda/python-3.10.18/Include/cpython/abstract.h:114
  48: PyObject_Vectorcall
        at /usr/local/src/conda/python-3.10.18/Include/cpython/abstract.h:123
  49: call_function
        at /usr/local/src/conda/python-3.10.18/Python/ceval.c:5893
  50: _PyEval_EvalFrameDefault
        at /usr/local/src/conda/python-3.10.18/Python/ceval.c:4213
  51: _PyEval_EvalFrame
        at /usr/local/src/conda/python-3.10.18/Include/internal/pycore_ceval.h:46
  52: _PyEval_Vector
        at /usr/local/src/conda/python-3.10.18/Python/ceval.c:5067
  53: _PyFunction_Vectorcall
        at /usr/local/src/conda/python-3.10.18/Objects/call.c:342
  54: pymain_run_module
        at /usr/local/src/conda/python-3.10.18/Modules/main.c:297
  55: pymain_run_python
        at /usr/local/src/conda/python-3.10.18/Modules/main.c:589
  56: Py_RunMain
        at /usr/local/src/conda/python-3.10.18/Modules/main.c:674
  57: Py_BytesMain
        at /usr/local/src/conda/python-3.10.18/Modules/main.c:1094
  58: __libc_start_main
        at ../csu/libc-start.c:308
  59: 0x000000000058728d
  60: 0xffffffffffffffff


|   69 |                          vm_mod_fused_nn_conv2d_add_nn_relu_9 |            - |              - |      0 |
|   70 |                         vm_mod_fused_nn_conv2d_add_nn_relu_12 |            - |              - |      0 |
|   71 |                         vm_mod_fused_nn_conv2d_add_nn_relu_57 |            - |              - |      0 |
-----------------------------------------------------------------------------------------------------------------
Estimated total latency: - ms	Trials: 1026	Used time : 3871 s	Next ID: 38	
*E*****************
Time elapsed for measurement: 15.20 s
----------------------------------------------------------------------
------------------------------  [ Train cost model ]
----------------------------------------------------------------------
Time elapsed for training: 0.00 s
----------------------------------------------------------------------
------------------------------  [ Task Scheduler ]
----------------------------------------------------------------------
|  ID  |                       Task Description                        | Latency (ms) | Speed (GFLOPS) | Trials |
-----------------------------------------------------------------------------------------------------------------
|    0 |                          vm_mod_fused_nn_conv2d_add_nn_relu_5 |        0.015 |       10334.05 |     27 |
|    1 |                         vm_mod_fused_nn_conv2d_add_nn_relu_39 |        0.015 |        3095.64 |     27 |
|    2 |                         vm_mod_fused_nn_conv2d_add_nn_relu_46 |        0.014 |         528.26 |     27 |
|    3 |                                        vm_mod_fused_nn_conv2d |        0.015 |       13468.53 |     27 |
|    4 |                         vm_mod_fused_nn_conv2d_add_nn_relu_53 |        0.014 |         728.20 |     27 |
|    5 |                         vm_mod_fused_nn_conv2d_add_nn_relu_28 |        0.009 |        3215.30 |     27 |
|    6 |                                  vm_mod_fused_nn_avg_pool2d_2 |        0.004 |          28.91 |     27 |
|    7 |                         vm_mod_fused_nn_conv2d_add_nn_relu_35 |        0.020 |        1901.59 |     27 |
|    8 |                         vm_mod_fused_nn_conv2d_add_nn_relu_42 |        0.026 |        1935.67 |     27 |
|    9 |                         vm_mod_fused_nn_conv2d_add_nn_relu_17 |        0.012 |        7548.90 |     27 |
|   10 |                          vm_mod_fused_nn_conv2d_add_nn_relu_1 |        0.005 |        9731.76 |     27 |
|   11 |                         vm_mod_fused_nn_conv2d_add_nn_relu_24 |        0.011 |        1904.04 |     27 |
|   12 |                                     vm_mod_fused_nn_dense_add |        0.008 |         245.77 |     27 |
|   13 |                         vm_mod_fused_nn_conv2d_add_nn_relu_31 |        0.016 |        2073.86 |     27 |
|   14 |                         vm_mod_fused_nn_conv2d_add_nn_relu_13 |        0.012 |        5442.85 |     27 |
|   15 |                         vm_mod_fused_nn_conv2d_add_nn_relu_20 |        0.006 |        2322.88 |     27 |
|   16 |                          vm_mod_fused_nn_conv2d_add_nn_relu_8 |        0.007 |        4756.00 |     27 |
|   17 |                         vm_mod_fused_nn_conv2d_add_nn_relu_58 |        0.014 |         915.17 |     27 |
|   18 |                         vm_mod_fused_nn_conv2d_add_nn_relu_47 |        0.016 |         499.77 |     27 |
|   19 |                          vm_mod_fused_nn_conv2d_add_nn_relu_4 |        0.013 |       10032.87 |     27 |
|   20 |                         vm_mod_fused_nn_conv2d_add_nn_relu_29 |        0.008 |        3577.85 |     27 |
|   21 |                         vm_mod_fused_nn_conv2d_add_nn_relu_54 |        0.019 |         570.87 |     27 |
|   22 |                         vm_mod_fused_nn_conv2d_add_nn_relu_36 |        0.017 |        2372.88 |     27 |
|   23 |                         vm_mod_fused_nn_conv2d_add_nn_relu_43 |        0.009 |         687.63 |     27 |
|   24 |                         vm_mod_fused_nn_conv2d_add_nn_relu_18 |        0.016 |        5915.29 |     27 |
|   25 |                         vm_mod_fused_nn_conv2d_add_nn_relu_50 |        0.012 |         746.94 |     27 |
|   26 |                                  vm_mod_fused_nn_avg_pool2d_1 |        0.005 |          45.85 |     27 |
|   27 |                         vm_mod_fused_nn_conv2d_add_nn_relu_25 |        0.010 |        2172.84 |     27 |
|   28 |                         vm_mod_fused_nn_conv2d_add_nn_relu_32 |        0.020 |        1677.95 |     27 |
|   29 | vm_mod_fused_nn_contrib_conv2d_winograd_without_weight_transform_1 |        0.017 |        2666.41 |     27 |
|   30 |                                      vm_mod_fused_nn_conv2d_1 |        0.018 |       11405.71 |     27 |
|   31 |                         vm_mod_fused_nn_conv2d_add_nn_relu_14 |        0.010 |        6794.55 |     27 |
|   32 |                         vm_mod_fused_nn_conv2d_add_nn_relu_21 |        0.012 |        1398.45 |     27 |
|   33 |                            vm_mod_fused_nn_conv2d_add_nn_relu |        0.020 |       11897.77 |     27 |
|   34 |                         vm_mod_fused_nn_conv2d_add_nn_relu_10 |        0.006 |        7315.83 |     27 |
|   35 |                          vm_mod_fused_nn_conv2d_add_nn_relu_7 |        0.005 |        5611.59 |     27 |
|   36 | vm_mod_fused_nn_contrib_conv2d_winograd_without_weight_transform |        0.020 |        8275.47 |     27 |
|   37 |                         vm_mod_fused_nn_conv2d_add_nn_relu_48 |        0.009 |         932.19 |     27 |
|   38 |                         vm_mod_fused_nn_conv2d_add_nn_relu_55 |        0.020 |         561.28 |     27 |
|   39 |                         vm_mod_fused_nn_conv2d_add_nn_relu_37 |            - |              - |      0 |
|   40 |                         vm_mod_fused_nn_conv2d_add_nn_relu_44 |            - |              - |      0 |
|   41 |                         vm_mod_fused_nn_conv2d_add_nn_relu_19 |            - |              - |      0 |
|   42 |                          vm_mod_fused_nn_conv2d_add_nn_relu_3 |            - |              - |      0 |
|   43 |                         vm_mod_fused_nn_conv2d_add_nn_relu_51 |            - |              - |      0 |
|   44 |                         vm_mod_fused_nn_conv2d_add_nn_relu_26 |            - |              - |      0 |
|   45 | vm_mod_fused_nn_contrib_conv2d_winograd_without_weight_transform_2 |            - |              - |      0 |
|   46 |                         vm_mod_fused_nn_conv2d_add_nn_relu_33 |            - |              - |      0 |
|   47 |                         vm_mod_fused_nn_conv2d_add_nn_relu_40 |            - |              - |      0 |
|   48 |                           vm_mod_fused_nn_adaptive_avg_pool2d |            - |              - |      0 |
|   49 |                         vm_mod_fused_nn_conv2d_add_nn_relu_15 |            - |              - |      0 |
|   50 |                         vm_mod_fused_nn_conv2d_add_nn_relu_22 |            - |              - |      0 |
|   51 |                                    vm_mod_fused_nn_avg_pool2d |            - |              - |      0 |
|   52 |                         vm_mod_fused_nn_conv2d_add_nn_relu_11 |            - |              - |      0 |
|   53 |                                      vm_mod_fused_nn_conv2d_2 |            - |              - |      0 |
|   54 |                          vm_mod_fused_nn_conv2d_add_nn_relu_6 |            - |              - |      0 |
|   55 |                         vm_mod_fused_nn_conv2d_add_nn_relu_49 |            - |              - |      0 |
|   56 |                         vm_mod_fused_nn_conv2d_add_nn_relu_56 |            - |              - |      0 |
|   57 |                         vm_mod_fused_nn_conv2d_add_nn_relu_38 |            - |              - |      0 |
|   58 |                         vm_mod_fused_nn_conv2d_add_nn_relu_45 |            - |              - |      0 |
|   59 |                         vm_mod_fused_nn_conv2d_add_nn_relu_52 |            - |              - |      0 |
|   60 | vm_mod_fused_nn_contrib_conv2d_winograd_without_weight_transform_3 |            - |              - |      0 |
|   61 |                         vm_mod_fused_nn_conv2d_add_nn_relu_27 |            - |              - |      0 |
|   62 |                          vm_mod_fused_nn_conv2d_add_nn_relu_2 |            - |              - |      0 |
|   63 |                         vm_mod_fused_nn_conv2d_add_nn_relu_34 |            - |              - |      0 |
|   64 |                         vm_mod_fused_nn_conv2d_add_nn_relu_41 |            - |              - |      0 |
|   65 |                                    vm_mod_fused_nn_max_pool2d |            - |              - |      0 |
|   66 |                         vm_mod_fused_nn_conv2d_add_nn_relu_16 |            - |              - |      0 |
|   67 |                         vm_mod_fused_nn_conv2d_add_nn_relu_23 |            - |              - |      0 |
|   68 |                         vm_mod_fused_nn_conv2d_add_nn_relu_30 |            - |              - |      0 |
----------------------------------------------------------------------
------------------------------  [ Search ]
----------------------------------------------------------------------
Generate Sketches		#s: 1
Sample Initial Population	#s: 69	fail_ct: 1979	Time elapsed: 5.60
GA Iter: 0	Max score: 0.9955	Min score: 0.2450	#Pop: 54	#M+: 0	#M-: 0
GA Iter: 4	Max score: 1.0000	Min score: 0.9897	#Pop: 54	#M+: 1398	#M-: 0
EvolutionarySearch		#s: 54	Time elapsed: 75.61
----------------------------------------------------------------------
------------------------------  [ Measure ]
----------------------------------------------------------------------
Get 27 programs to measure:
...........................***************************|   69 |                          vm_mod_fused_nn_conv2d_add_nn_relu_9 |            - |              - |      0 |
|   70 |                         vm_mod_fused_nn_conv2d_add_nn_relu_12 |            - |              - |      0 |
|   71 |                         vm_mod_fused_nn_conv2d_add_nn_relu_57 |            - |              - |      0 |
-----------------------------------------------------------------------------------------------------------------
Estimated total latency: - ms	Trials: 1053	Used time : 3959 s	Next ID: 39	

Time elapsed for measurement: 12.99 s
----------------------------------------------------------------------
------------------------------  [ Train cost model ]
----------------------------------------------------------------------
Time elapsed for training: 2.39 s
----------------------------------------------------------------------
------------------------------  [ Task Scheduler ]
----------------------------------------------------------------------
|  ID  |                       Task Description                        | Latency (ms) | Speed (GFLOPS) | Trials |
-----------------------------------------------------------------------------------------------------------------
|    0 |                          vm_mod_fused_nn_conv2d_add_nn_relu_5 |        0.015 |       10334.05 |     27 |
|    1 |                         vm_mod_fused_nn_conv2d_add_nn_relu_39 |        0.015 |        3095.64 |     27 |
|    2 |                         vm_mod_fused_nn_conv2d_add_nn_relu_46 |        0.014 |         528.26 |     27 |
|    3 |                                        vm_mod_fused_nn_conv2d |        0.015 |       13468.53 |     27 |
|    4 |                         vm_mod_fused_nn_conv2d_add_nn_relu_53 |        0.014 |         728.20 |     27 |
|    5 |                         vm_mod_fused_nn_conv2d_add_nn_relu_28 |        0.009 |        3215.30 |     27 |
|    6 |                                  vm_mod_fused_nn_avg_pool2d_2 |        0.004 |          28.91 |     27 |
|    7 |                         vm_mod_fused_nn_conv2d_add_nn_relu_35 |        0.020 |        1901.59 |     27 |
|    8 |                         vm_mod_fused_nn_conv2d_add_nn_relu_42 |        0.026 |        1935.67 |     27 |
|    9 |                         vm_mod_fused_nn_conv2d_add_nn_relu_17 |        0.012 |        7548.90 |     27 |
|   10 |                          vm_mod_fused_nn_conv2d_add_nn_relu_1 |        0.005 |        9731.76 |     27 |
|   11 |                         vm_mod_fused_nn_conv2d_add_nn_relu_24 |        0.011 |        1904.04 |     27 |
|   12 |                                     vm_mod_fused_nn_dense_add |        0.008 |         245.77 |     27 |
|   13 |                         vm_mod_fused_nn_conv2d_add_nn_relu_31 |        0.016 |        2073.86 |     27 |
|   14 |                         vm_mod_fused_nn_conv2d_add_nn_relu_13 |        0.012 |        5442.85 |     27 |
|   15 |                         vm_mod_fused_nn_conv2d_add_nn_relu_20 |        0.006 |        2322.88 |     27 |
|   16 |                          vm_mod_fused_nn_conv2d_add_nn_relu_8 |        0.007 |        4756.00 |     27 |
|   17 |                         vm_mod_fused_nn_conv2d_add_nn_relu_58 |        0.014 |         915.17 |     27 |
|   18 |                         vm_mod_fused_nn_conv2d_add_nn_relu_47 |        0.016 |         499.77 |     27 |
|   19 |                          vm_mod_fused_nn_conv2d_add_nn_relu_4 |        0.013 |       10032.87 |     27 |
|   20 |                         vm_mod_fused_nn_conv2d_add_nn_relu_29 |        0.008 |        3577.85 |     27 |
|   21 |                         vm_mod_fused_nn_conv2d_add_nn_relu_54 |        0.019 |         570.87 |     27 |
|   22 |                         vm_mod_fused_nn_conv2d_add_nn_relu_36 |        0.017 |        2372.88 |     27 |
|   23 |                         vm_mod_fused_nn_conv2d_add_nn_relu_43 |        0.009 |         687.63 |     27 |
|   24 |                         vm_mod_fused_nn_conv2d_add_nn_relu_18 |        0.016 |        5915.29 |     27 |
|   25 |                         vm_mod_fused_nn_conv2d_add_nn_relu_50 |        0.012 |         746.94 |     27 |
|   26 |                                  vm_mod_fused_nn_avg_pool2d_1 |        0.005 |          45.85 |     27 |
|   27 |                         vm_mod_fused_nn_conv2d_add_nn_relu_25 |        0.010 |        2172.84 |     27 |
|   28 |                         vm_mod_fused_nn_conv2d_add_nn_relu_32 |        0.020 |        1677.95 |     27 |
|   29 | vm_mod_fused_nn_contrib_conv2d_winograd_without_weight_transform_1 |        0.017 |        2666.41 |     27 |
|   30 |                                      vm_mod_fused_nn_conv2d_1 |        0.018 |       11405.71 |     27 |
|   31 |                         vm_mod_fused_nn_conv2d_add_nn_relu_14 |        0.010 |        6794.55 |     27 |
|   32 |                         vm_mod_fused_nn_conv2d_add_nn_relu_21 |        0.012 |        1398.45 |     27 |
|   33 |                            vm_mod_fused_nn_conv2d_add_nn_relu |        0.020 |       11897.77 |     27 |
|   34 |                         vm_mod_fused_nn_conv2d_add_nn_relu_10 |        0.006 |        7315.83 |     27 |
|   35 |                          vm_mod_fused_nn_conv2d_add_nn_relu_7 |        0.005 |        5611.59 |     27 |
|   36 | vm_mod_fused_nn_contrib_conv2d_winograd_without_weight_transform |        0.020 |        8275.47 |     27 |
|   37 |                         vm_mod_fused_nn_conv2d_add_nn_relu_48 |        0.009 |         932.19 |     27 |
|   38 |                         vm_mod_fused_nn_conv2d_add_nn_relu_55 |        0.020 |         561.28 |     27 |
|   39 |                         vm_mod_fused_nn_conv2d_add_nn_relu_37 |        0.015 |        2744.49 |     27 |
|   40 |                         vm_mod_fused_nn_conv2d_add_nn_relu_44 |            - |              - |      0 |
|   41 |                         vm_mod_fused_nn_conv2d_add_nn_relu_19 |            - |              - |      0 |
|   42 |                          vm_mod_fused_nn_conv2d_add_nn_relu_3 |            - |              - |      0 |
|   43 |                         vm_mod_fused_nn_conv2d_add_nn_relu_51 |            - |              - |      0 |
|   44 |                         vm_mod_fused_nn_conv2d_add_nn_relu_26 |            - |              - |      0 |
|   45 | vm_mod_fused_nn_contrib_conv2d_winograd_without_weight_transform_2 |            - |              - |      0 |
|   46 |                         vm_mod_fused_nn_conv2d_add_nn_relu_33 |            - |              - |      0 |
|   47 |                         vm_mod_fused_nn_conv2d_add_nn_relu_40 |            - |              - |      0 |
|   48 |                           vm_mod_fused_nn_adaptive_avg_pool2d |            - |              - |      0 |
|   49 |                         vm_mod_fused_nn_conv2d_add_nn_relu_15 |            - |              - |      0 |
|   50 |                         vm_mod_fused_nn_conv2d_add_nn_relu_22 |            - |              - |      0 |
|   51 |                                    vm_mod_fused_nn_avg_pool2d |            - |              - |      0 |
|   52 |                         vm_mod_fused_nn_conv2d_add_nn_relu_11 |            - |              - |      0 |
|   53 |                                      vm_mod_fused_nn_conv2d_2 |            - |              - |      0 |
|   54 |                          vm_mod_fused_nn_conv2d_add_nn_relu_6 |            - |              - |      0 |
|   55 |                         vm_mod_fused_nn_conv2d_add_nn_relu_49 |            - |              - |      0 |
|   56 |                         vm_mod_fused_nn_conv2d_add_nn_relu_56 |            - |              - |      0 |
|   57 |                         vm_mod_fused_nn_conv2d_add_nn_relu_38 |            - |              - |      0 |
|   58 |                         vm_mod_fused_nn_conv2d_add_nn_relu_45 |            - |              - |      0 |
|   59 |                         vm_mod_fused_nn_conv2d_add_nn_relu_52 |            - |              - |      0 |
|   60 | vm_mod_fused_nn_contrib_conv2d_winograd_without_weight_transform_3 |            - |              - |      0 |
|   61 |                         vm_mod_fused_nn_conv2d_add_nn_relu_27 |            - |              - |      0 |
|   62 |                          vm_mod_fused_nn_conv2d_add_nn_relu_2 |            - |              - |      0 |
|   63 |                         vm_mod_fused_nn_conv2d_add_nn_relu_34 |            - |              - |      0 |
|   64 |                         vm_mod_fused_nn_conv2d_add_nn_relu_41 |            - |              - |      0 |
|   65 |                                    vm_mod_fused_nn_max_pool2d |            - |              - |      0 |
|   66 |                         vm_mod_fused_nn_conv2d_add_nn_relu_16 |            - |              - |      0 |
|   67 |                         vm_mod_fused_nn_conv2d_add_nn_relu_23 |            - |              - |      0 |
|   68 |                         vm_mod_fused_nn_conv2d_add_nn_relu_30 |            - |              - |      0 |
----------------------------------------------------------------------
------------------------------  [ Search ]
----------------------------------------------------------------------
Generate Sketches		#s: 1
Sample Initial Population	#s: 101	fail_ct: 1947	Time elapsed: 4.61
GA Iter: 0	Max score: 0.9986	Min score: 0.4373	#Pop: 54	#M+: 0	#M-: 0
GA Iter: 4	Max score: 1.0000	Min score: 0.9919	#Pop: 54	#M+: 1398	#M-: 0
EvolutionarySearch		#s: 54	Time elapsed: 68.40
----------------------------------------------------------------------
------------------------------  [ Measure ]
----------------------------------------------------------------------
Get 27 programs to measure:
...........................***************************|   69 |                          vm_mod_fused_nn_conv2d_add_nn_relu_9 |            - |              - |      0 |
|   70 |                         vm_mod_fused_nn_conv2d_add_nn_relu_12 |            - |              - |      0 |
|   71 |                         vm_mod_fused_nn_conv2d_add_nn_relu_57 |            - |              - |      0 |
-----------------------------------------------------------------------------------------------------------------
Estimated total latency: - ms	Trials: 1080	Used time : 4056 s	Next ID: 40	

Time elapsed for measurement: 12.34 s
----------------------------------------------------------------------
------------------------------  [ Train cost model ]
----------------------------------------------------------------------
Time elapsed for training: 0.00 s
----------------------------------------------------------------------
------------------------------  [ Task Scheduler ]
----------------------------------------------------------------------
|  ID  |                       Task Description                        | Latency (ms) | Speed (GFLOPS) | Trials |
-----------------------------------------------------------------------------------------------------------------
|    0 |                          vm_mod_fused_nn_conv2d_add_nn_relu_5 |        0.015 |       10334.05 |     27 |
|    1 |                         vm_mod_fused_nn_conv2d_add_nn_relu_39 |        0.015 |        3095.64 |     27 |
|    2 |                         vm_mod_fused_nn_conv2d_add_nn_relu_46 |        0.014 |         528.26 |     27 |
|    3 |                                        vm_mod_fused_nn_conv2d |        0.015 |       13468.53 |     27 |
|    4 |                         vm_mod_fused_nn_conv2d_add_nn_relu_53 |        0.014 |         728.20 |     27 |
|    5 |                         vm_mod_fused_nn_conv2d_add_nn_relu_28 |        0.009 |        3215.30 |     27 |
|    6 |                                  vm_mod_fused_nn_avg_pool2d_2 |        0.004 |          28.91 |     27 |
|    7 |                         vm_mod_fused_nn_conv2d_add_nn_relu_35 |        0.020 |        1901.59 |     27 |
|    8 |                         vm_mod_fused_nn_conv2d_add_nn_relu_42 |        0.026 |        1935.67 |     27 |
|    9 |                         vm_mod_fused_nn_conv2d_add_nn_relu_17 |        0.012 |        7548.90 |     27 |
|   10 |                          vm_mod_fused_nn_conv2d_add_nn_relu_1 |        0.005 |        9731.76 |     27 |
|   11 |                         vm_mod_fused_nn_conv2d_add_nn_relu_24 |        0.011 |        1904.04 |     27 |
|   12 |                                     vm_mod_fused_nn_dense_add |        0.008 |         245.77 |     27 |
|   13 |                         vm_mod_fused_nn_conv2d_add_nn_relu_31 |        0.016 |        2073.86 |     27 |
|   14 |                         vm_mod_fused_nn_conv2d_add_nn_relu_13 |        0.012 |        5442.85 |     27 |
|   15 |                         vm_mod_fused_nn_conv2d_add_nn_relu_20 |        0.006 |        2322.88 |     27 |
|   16 |                          vm_mod_fused_nn_conv2d_add_nn_relu_8 |        0.007 |        4756.00 |     27 |
|   17 |                         vm_mod_fused_nn_conv2d_add_nn_relu_58 |        0.014 |         915.17 |     27 |
|   18 |                         vm_mod_fused_nn_conv2d_add_nn_relu_47 |        0.016 |         499.77 |     27 |
|   19 |                          vm_mod_fused_nn_conv2d_add_nn_relu_4 |        0.013 |       10032.87 |     27 |
|   20 |                         vm_mod_fused_nn_conv2d_add_nn_relu_29 |        0.008 |        3577.85 |     27 |
|   21 |                         vm_mod_fused_nn_conv2d_add_nn_relu_54 |        0.019 |         570.87 |     27 |
|   22 |                         vm_mod_fused_nn_conv2d_add_nn_relu_36 |        0.017 |        2372.88 |     27 |
|   23 |                         vm_mod_fused_nn_conv2d_add_nn_relu_43 |        0.009 |         687.63 |     27 |
|   24 |                         vm_mod_fused_nn_conv2d_add_nn_relu_18 |        0.016 |        5915.29 |     27 |
|   25 |                         vm_mod_fused_nn_conv2d_add_nn_relu_50 |        0.012 |         746.94 |     27 |
|   26 |                                  vm_mod_fused_nn_avg_pool2d_1 |        0.005 |          45.85 |     27 |
|   27 |                         vm_mod_fused_nn_conv2d_add_nn_relu_25 |        0.010 |        2172.84 |     27 |
|   28 |                         vm_mod_fused_nn_conv2d_add_nn_relu_32 |        0.020 |        1677.95 |     27 |
|   29 | vm_mod_fused_nn_contrib_conv2d_winograd_without_weight_transform_1 |        0.017 |        2666.41 |     27 |
|   30 |                                      vm_mod_fused_nn_conv2d_1 |        0.018 |       11405.71 |     27 |
|   31 |                         vm_mod_fused_nn_conv2d_add_nn_relu_14 |        0.010 |        6794.55 |     27 |
|   32 |                         vm_mod_fused_nn_conv2d_add_nn_relu_21 |        0.012 |        1398.45 |     27 |
|   33 |                            vm_mod_fused_nn_conv2d_add_nn_relu |        0.020 |       11897.77 |     27 |
|   34 |                         vm_mod_fused_nn_conv2d_add_nn_relu_10 |        0.006 |        7315.83 |     27 |
|   35 |                          vm_mod_fused_nn_conv2d_add_nn_relu_7 |        0.005 |        5611.59 |     27 |
|   36 | vm_mod_fused_nn_contrib_conv2d_winograd_without_weight_transform |        0.020 |        8275.47 |     27 |
|   37 |                         vm_mod_fused_nn_conv2d_add_nn_relu_48 |        0.009 |         932.19 |     27 |
|   38 |                         vm_mod_fused_nn_conv2d_add_nn_relu_55 |        0.020 |         561.28 |     27 |
|   39 |                         vm_mod_fused_nn_conv2d_add_nn_relu_37 |        0.015 |        2744.49 |     27 |
|   40 |                         vm_mod_fused_nn_conv2d_add_nn_relu_44 |        0.010 |         693.06 |     27 |
|   41 |                         vm_mod_fused_nn_conv2d_add_nn_relu_19 |            - |              - |      0 |
|   42 |                          vm_mod_fused_nn_conv2d_add_nn_relu_3 |            - |              - |      0 |
|   43 |                         vm_mod_fused_nn_conv2d_add_nn_relu_51 |            - |              - |      0 |
|   44 |                         vm_mod_fused_nn_conv2d_add_nn_relu_26 |            - |              - |      0 |
|   45 | vm_mod_fused_nn_contrib_conv2d_winograd_without_weight_transform_2 |            - |              - |      0 |
|   46 |                         vm_mod_fused_nn_conv2d_add_nn_relu_33 |            - |              - |      0 |
|   47 |                         vm_mod_fused_nn_conv2d_add_nn_relu_40 |            - |              - |      0 |
|   48 |                           vm_mod_fused_nn_adaptive_avg_pool2d |            - |              - |      0 |
|   49 |                         vm_mod_fused_nn_conv2d_add_nn_relu_15 |            - |              - |      0 |
|   50 |                         vm_mod_fused_nn_conv2d_add_nn_relu_22 |            - |              - |      0 |
|   51 |                                    vm_mod_fused_nn_avg_pool2d |            - |              - |      0 |
|   52 |                         vm_mod_fused_nn_conv2d_add_nn_relu_11 |            - |              - |      0 |
|   53 |                                      vm_mod_fused_nn_conv2d_2 |            - |              - |      0 |
|   54 |                          vm_mod_fused_nn_conv2d_add_nn_relu_6 |            - |              - |      0 |
|   55 |                         vm_mod_fused_nn_conv2d_add_nn_relu_49 |            - |              - |      0 |
|   56 |                         vm_mod_fused_nn_conv2d_add_nn_relu_56 |            - |              - |      0 |
|   57 |                         vm_mod_fused_nn_conv2d_add_nn_relu_38 |            - |              - |      0 |
|   58 |                         vm_mod_fused_nn_conv2d_add_nn_relu_45 |            - |              - |      0 |
|   59 |                         vm_mod_fused_nn_conv2d_add_nn_relu_52 |            - |              - |      0 |
|   60 | vm_mod_fused_nn_contrib_conv2d_winograd_without_weight_transform_3 |            - |              - |      0 |
|   61 |                         vm_mod_fused_nn_conv2d_add_nn_relu_27 |            - |              - |      0 |
|   62 |                          vm_mod_fused_nn_conv2d_add_nn_relu_2 |            - |              - |      0 |
|   63 |                         vm_mod_fused_nn_conv2d_add_nn_relu_34 |            - |              - |      0 |
|   64 |                         vm_mod_fused_nn_conv2d_add_nn_relu_41 |            - |              - |      0 |
|   65 |                                    vm_mod_fused_nn_max_pool2d |            - |              - |      0 |
|   66 |                         vm_mod_fused_nn_conv2d_add_nn_relu_16 |            - |              - |      0 |
|   67 |                         vm_mod_fused_nn_conv2d_add_nn_relu_23 |            - |              - |      0 |
|   68 |                         vm_mod_fused_nn_conv2d_add_nn_relu_30 |            - |              - |      0 |
----------------------------------------------------------------------
------------------------------  [ Search ]
----------------------------------------------------------------------
Generate Sketches		#s: 1
Sample Initial Population	#s: 102	fail_ct: 1946	Time elapsed: 5.55
GA Iter: 0	Max score: 0.9943	Min score: 0.5218	#Pop: 54	#M+: 0	#M-: 0
GA Iter: 4	Max score: 0.9999	Min score: 0.9930	#Pop: 54	#M+: 1401	#M-: 0
EvolutionarySearch		#s: 54	Time elapsed: 72.76
----------------------------------------------------------------------
------------------------------  [ Measure ]
----------------------------------------------------------------------
Get 27 programs to measure:
...........................***************************|   69 |                          vm_mod_fused_nn_conv2d_add_nn_relu_9 |            - |              - |      0 |
|   70 |                         vm_mod_fused_nn_conv2d_add_nn_relu_12 |            - |              - |      0 |
|   71 |                         vm_mod_fused_nn_conv2d_add_nn_relu_57 |            - |              - |      0 |
-----------------------------------------------------------------------------------------------------------------
Estimated total latency: - ms	Trials: 1107	Used time : 4142 s	Next ID: 41	

Time elapsed for measurement: 11.90 s
----------------------------------------------------------------------
------------------------------  [ Train cost model ]
----------------------------------------------------------------------
Time elapsed for training: 0.00 s
----------------------------------------------------------------------
------------------------------  [ Task Scheduler ]
----------------------------------------------------------------------
|  ID  |                       Task Description                        | Latency (ms) | Speed (GFLOPS) | Trials |
-----------------------------------------------------------------------------------------------------------------
|    0 |                          vm_mod_fused_nn_conv2d_add_nn_relu_5 |        0.015 |       10334.05 |     27 |
|    1 |                         vm_mod_fused_nn_conv2d_add_nn_relu_39 |        0.015 |        3095.64 |     27 |
|    2 |                         vm_mod_fused_nn_conv2d_add_nn_relu_46 |        0.014 |         528.26 |     27 |
|    3 |                                        vm_mod_fused_nn_conv2d |        0.015 |       13468.53 |     27 |
|    4 |                         vm_mod_fused_nn_conv2d_add_nn_relu_53 |        0.014 |         728.20 |     27 |
|    5 |                         vm_mod_fused_nn_conv2d_add_nn_relu_28 |        0.009 |        3215.30 |     27 |
|    6 |                                  vm_mod_fused_nn_avg_pool2d_2 |        0.004 |          28.91 |     27 |
|    7 |                         vm_mod_fused_nn_conv2d_add_nn_relu_35 |        0.020 |        1901.59 |     27 |
|    8 |                         vm_mod_fused_nn_conv2d_add_nn_relu_42 |        0.026 |        1935.67 |     27 |
|    9 |                         vm_mod_fused_nn_conv2d_add_nn_relu_17 |        0.012 |        7548.90 |     27 |
|   10 |                          vm_mod_fused_nn_conv2d_add_nn_relu_1 |        0.005 |        9731.76 |     27 |
|   11 |                         vm_mod_fused_nn_conv2d_add_nn_relu_24 |        0.011 |        1904.04 |     27 |
|   12 |                                     vm_mod_fused_nn_dense_add |        0.008 |         245.77 |     27 |
|   13 |                         vm_mod_fused_nn_conv2d_add_nn_relu_31 |        0.016 |        2073.86 |     27 |
|   14 |                         vm_mod_fused_nn_conv2d_add_nn_relu_13 |        0.012 |        5442.85 |     27 |
|   15 |                         vm_mod_fused_nn_conv2d_add_nn_relu_20 |        0.006 |        2322.88 |     27 |
|   16 |                          vm_mod_fused_nn_conv2d_add_nn_relu_8 |        0.007 |        4756.00 |     27 |
|   17 |                         vm_mod_fused_nn_conv2d_add_nn_relu_58 |        0.014 |         915.17 |     27 |
|   18 |                         vm_mod_fused_nn_conv2d_add_nn_relu_47 |        0.016 |         499.77 |     27 |
|   19 |                          vm_mod_fused_nn_conv2d_add_nn_relu_4 |        0.013 |       10032.87 |     27 |
|   20 |                         vm_mod_fused_nn_conv2d_add_nn_relu_29 |        0.008 |        3577.85 |     27 |
|   21 |                         vm_mod_fused_nn_conv2d_add_nn_relu_54 |        0.019 |         570.87 |     27 |
|   22 |                         vm_mod_fused_nn_conv2d_add_nn_relu_36 |        0.017 |        2372.88 |     27 |
|   23 |                         vm_mod_fused_nn_conv2d_add_nn_relu_43 |        0.009 |         687.63 |     27 |
|   24 |                         vm_mod_fused_nn_conv2d_add_nn_relu_18 |        0.016 |        5915.29 |     27 |
|   25 |                         vm_mod_fused_nn_conv2d_add_nn_relu_50 |        0.012 |         746.94 |     27 |
|   26 |                                  vm_mod_fused_nn_avg_pool2d_1 |        0.005 |          45.85 |     27 |
|   27 |                         vm_mod_fused_nn_conv2d_add_nn_relu_25 |        0.010 |        2172.84 |     27 |
|   28 |                         vm_mod_fused_nn_conv2d_add_nn_relu_32 |        0.020 |        1677.95 |     27 |
|   29 | vm_mod_fused_nn_contrib_conv2d_winograd_without_weight_transform_1 |        0.017 |        2666.41 |     27 |
|   30 |                                      vm_mod_fused_nn_conv2d_1 |        0.018 |       11405.71 |     27 |
|   31 |                         vm_mod_fused_nn_conv2d_add_nn_relu_14 |        0.010 |        6794.55 |     27 |
|   32 |                         vm_mod_fused_nn_conv2d_add_nn_relu_21 |        0.012 |        1398.45 |     27 |
|   33 |                            vm_mod_fused_nn_conv2d_add_nn_relu |        0.020 |       11897.77 |     27 |
|   34 |                         vm_mod_fused_nn_conv2d_add_nn_relu_10 |        0.006 |        7315.83 |     27 |
|   35 |                          vm_mod_fused_nn_conv2d_add_nn_relu_7 |        0.005 |        5611.59 |     27 |
|   36 | vm_mod_fused_nn_contrib_conv2d_winograd_without_weight_transform |        0.020 |        8275.47 |     27 |
|   37 |                         vm_mod_fused_nn_conv2d_add_nn_relu_48 |        0.009 |         932.19 |     27 |
|   38 |                         vm_mod_fused_nn_conv2d_add_nn_relu_55 |        0.020 |         561.28 |     27 |
|   39 |                         vm_mod_fused_nn_conv2d_add_nn_relu_37 |        0.015 |        2744.49 |     27 |
|   40 |                         vm_mod_fused_nn_conv2d_add_nn_relu_44 |        0.010 |         693.06 |     27 |
|   41 |                         vm_mod_fused_nn_conv2d_add_nn_relu_19 |        0.006 |        2016.57 |     27 |
|   42 |                          vm_mod_fused_nn_conv2d_add_nn_relu_3 |            - |              - |      0 |
|   43 |                         vm_mod_fused_nn_conv2d_add_nn_relu_51 |            - |              - |      0 |
|   44 |                         vm_mod_fused_nn_conv2d_add_nn_relu_26 |            - |              - |      0 |
|   45 | vm_mod_fused_nn_contrib_conv2d_winograd_without_weight_transform_2 |            - |              - |      0 |
|   46 |                         vm_mod_fused_nn_conv2d_add_nn_relu_33 |            - |              - |      0 |
|   47 |                         vm_mod_fused_nn_conv2d_add_nn_relu_40 |            - |              - |      0 |
|   48 |                           vm_mod_fused_nn_adaptive_avg_pool2d |            - |              - |      0 |
|   49 |                         vm_mod_fused_nn_conv2d_add_nn_relu_15 |            - |              - |      0 |
|   50 |                         vm_mod_fused_nn_conv2d_add_nn_relu_22 |            - |              - |      0 |
|   51 |                                    vm_mod_fused_nn_avg_pool2d |            - |              - |      0 |
|   52 |                         vm_mod_fused_nn_conv2d_add_nn_relu_11 |            - |              - |      0 |
|   53 |                                      vm_mod_fused_nn_conv2d_2 |            - |              - |      0 |
|   54 |                          vm_mod_fused_nn_conv2d_add_nn_relu_6 |            - |              - |      0 |
|   55 |                         vm_mod_fused_nn_conv2d_add_nn_relu_49 |            - |              - |      0 |
|   56 |                         vm_mod_fused_nn_conv2d_add_nn_relu_56 |            - |              - |      0 |
|   57 |                         vm_mod_fused_nn_conv2d_add_nn_relu_38 |            - |              - |      0 |
|   58 |                         vm_mod_fused_nn_conv2d_add_nn_relu_45 |            - |              - |      0 |
|   59 |                         vm_mod_fused_nn_conv2d_add_nn_relu_52 |            - |              - |      0 |
|   60 | vm_mod_fused_nn_contrib_conv2d_winograd_without_weight_transform_3 |            - |              - |      0 |
|   61 |                         vm_mod_fused_nn_conv2d_add_nn_relu_27 |            - |              - |      0 |
|   62 |                          vm_mod_fused_nn_conv2d_add_nn_relu_2 |            - |              - |      0 |
|   63 |                         vm_mod_fused_nn_conv2d_add_nn_relu_34 |            - |              - |      0 |
|   64 |                         vm_mod_fused_nn_conv2d_add_nn_relu_41 |            - |              - |      0 |
|   65 |                                    vm_mod_fused_nn_max_pool2d |            - |              - |      0 |
|   66 |                         vm_mod_fused_nn_conv2d_add_nn_relu_16 |            - |              - |      0 |
|   67 |                         vm_mod_fused_nn_conv2d_add_nn_relu_23 |            - |              - |      0 |
|   68 |                         vm_mod_fused_nn_conv2d_add_nn_relu_30 |            - |              - |      0 |
----------------------------------------------------------------------
------------------------------  [ Search ]
----------------------------------------------------------------------
Generate Sketches		#s: 1
Sample Initial Population	#s: 58	fail_ct: 1990	Time elapsed: 6.99
GA Iter: 0	Max score: 0.9773	Min score: 0.1328	#Pop: 54	#M+: 0	#M-: 0
GA Iter: 4	Max score: 0.9999	Min score: 0.9895	#Pop: 54	#M+: 1391	#M-: 0
EvolutionarySearch		#s: 54	Time elapsed: 77.60
----------------------------------------------------------------------
------------------------------  [ Measure ]
----------------------------------------------------------------------
Get 27 programs to measure:
...........................***************************|   69 |                          vm_mod_fused_nn_conv2d_add_nn_relu_9 |            - |              - |      0 |
|   70 |                         vm_mod_fused_nn_conv2d_add_nn_relu_12 |            - |              - |      0 |
|   71 |                         vm_mod_fused_nn_conv2d_add_nn_relu_57 |            - |              - |      0 |
-----------------------------------------------------------------------------------------------------------------
Estimated total latency: - ms	Trials: 1134	Used time : 4232 s	Next ID: 42	

Time elapsed for measurement: 16.84 s
----------------------------------------------------------------------
------------------------------  [ Train cost model ]
----------------------------------------------------------------------
Time elapsed for training: 0.00 s
----------------------------------------------------------------------
------------------------------  [ Task Scheduler ]
----------------------------------------------------------------------
|  ID  |                       Task Description                        | Latency (ms) | Speed (GFLOPS) | Trials |
-----------------------------------------------------------------------------------------------------------------
|    0 |                          vm_mod_fused_nn_conv2d_add_nn_relu_5 |        0.015 |       10334.05 |     27 |
|    1 |                         vm_mod_fused_nn_conv2d_add_nn_relu_39 |        0.015 |        3095.64 |     27 |
|    2 |                         vm_mod_fused_nn_conv2d_add_nn_relu_46 |        0.014 |         528.26 |     27 |
|    3 |                                        vm_mod_fused_nn_conv2d |        0.015 |       13468.53 |     27 |
|    4 |                         vm_mod_fused_nn_conv2d_add_nn_relu_53 |        0.014 |         728.20 |     27 |
|    5 |                         vm_mod_fused_nn_conv2d_add_nn_relu_28 |        0.009 |        3215.30 |     27 |
|    6 |                                  vm_mod_fused_nn_avg_pool2d_2 |        0.004 |          28.91 |     27 |
|    7 |                         vm_mod_fused_nn_conv2d_add_nn_relu_35 |        0.020 |        1901.59 |     27 |
|    8 |                         vm_mod_fused_nn_conv2d_add_nn_relu_42 |        0.026 |        1935.67 |     27 |
|    9 |                         vm_mod_fused_nn_conv2d_add_nn_relu_17 |        0.012 |        7548.90 |     27 |
|   10 |                          vm_mod_fused_nn_conv2d_add_nn_relu_1 |        0.005 |        9731.76 |     27 |
|   11 |                         vm_mod_fused_nn_conv2d_add_nn_relu_24 |        0.011 |        1904.04 |     27 |
|   12 |                                     vm_mod_fused_nn_dense_add |        0.008 |         245.77 |     27 |
|   13 |                         vm_mod_fused_nn_conv2d_add_nn_relu_31 |        0.016 |        2073.86 |     27 |
|   14 |                         vm_mod_fused_nn_conv2d_add_nn_relu_13 |        0.012 |        5442.85 |     27 |
|   15 |                         vm_mod_fused_nn_conv2d_add_nn_relu_20 |        0.006 |        2322.88 |     27 |
|   16 |                          vm_mod_fused_nn_conv2d_add_nn_relu_8 |        0.007 |        4756.00 |     27 |
|   17 |                         vm_mod_fused_nn_conv2d_add_nn_relu_58 |        0.014 |         915.17 |     27 |
|   18 |                         vm_mod_fused_nn_conv2d_add_nn_relu_47 |        0.016 |         499.77 |     27 |
|   19 |                          vm_mod_fused_nn_conv2d_add_nn_relu_4 |        0.013 |       10032.87 |     27 |
|   20 |                         vm_mod_fused_nn_conv2d_add_nn_relu_29 |        0.008 |        3577.85 |     27 |
|   21 |                         vm_mod_fused_nn_conv2d_add_nn_relu_54 |        0.019 |         570.87 |     27 |
|   22 |                         vm_mod_fused_nn_conv2d_add_nn_relu_36 |        0.017 |        2372.88 |     27 |
|   23 |                         vm_mod_fused_nn_conv2d_add_nn_relu_43 |        0.009 |         687.63 |     27 |
|   24 |                         vm_mod_fused_nn_conv2d_add_nn_relu_18 |        0.016 |        5915.29 |     27 |
|   25 |                         vm_mod_fused_nn_conv2d_add_nn_relu_50 |        0.012 |         746.94 |     27 |
|   26 |                                  vm_mod_fused_nn_avg_pool2d_1 |        0.005 |          45.85 |     27 |
|   27 |                         vm_mod_fused_nn_conv2d_add_nn_relu_25 |        0.010 |        2172.84 |     27 |
|   28 |                         vm_mod_fused_nn_conv2d_add_nn_relu_32 |        0.020 |        1677.95 |     27 |
|   29 | vm_mod_fused_nn_contrib_conv2d_winograd_without_weight_transform_1 |        0.017 |        2666.41 |     27 |
|   30 |                                      vm_mod_fused_nn_conv2d_1 |        0.018 |       11405.71 |     27 |
|   31 |                         vm_mod_fused_nn_conv2d_add_nn_relu_14 |        0.010 |        6794.55 |     27 |
|   32 |                         vm_mod_fused_nn_conv2d_add_nn_relu_21 |        0.012 |        1398.45 |     27 |
|   33 |                            vm_mod_fused_nn_conv2d_add_nn_relu |        0.020 |       11897.77 |     27 |
|   34 |                         vm_mod_fused_nn_conv2d_add_nn_relu_10 |        0.006 |        7315.83 |     27 |
|   35 |                          vm_mod_fused_nn_conv2d_add_nn_relu_7 |        0.005 |        5611.59 |     27 |
|   36 | vm_mod_fused_nn_contrib_conv2d_winograd_without_weight_transform |        0.020 |        8275.47 |     27 |
|   37 |                         vm_mod_fused_nn_conv2d_add_nn_relu_48 |        0.009 |         932.19 |     27 |
|   38 |                         vm_mod_fused_nn_conv2d_add_nn_relu_55 |        0.020 |         561.28 |     27 |
|   39 |                         vm_mod_fused_nn_conv2d_add_nn_relu_37 |        0.015 |        2744.49 |     27 |
|   40 |                         vm_mod_fused_nn_conv2d_add_nn_relu_44 |        0.010 |         693.06 |     27 |
|   41 |                         vm_mod_fused_nn_conv2d_add_nn_relu_19 |        0.006 |        2016.57 |     27 |
|   42 |                          vm_mod_fused_nn_conv2d_add_nn_relu_3 |        0.008 |       12239.29 |     27 |
|   43 |                         vm_mod_fused_nn_conv2d_add_nn_relu_51 |            - |              - |      0 |
|   44 |                         vm_mod_fused_nn_conv2d_add_nn_relu_26 |            - |              - |      0 |
|   45 | vm_mod_fused_nn_contrib_conv2d_winograd_without_weight_transform_2 |            - |              - |      0 |
|   46 |                         vm_mod_fused_nn_conv2d_add_nn_relu_33 |            - |              - |      0 |
|   47 |                         vm_mod_fused_nn_conv2d_add_nn_relu_40 |            - |              - |      0 |
|   48 |                           vm_mod_fused_nn_adaptive_avg_pool2d |            - |              - |      0 |
|   49 |                         vm_mod_fused_nn_conv2d_add_nn_relu_15 |            - |              - |      0 |
|   50 |                         vm_mod_fused_nn_conv2d_add_nn_relu_22 |            - |              - |      0 |
|   51 |                                    vm_mod_fused_nn_avg_pool2d |            - |              - |      0 |
|   52 |                         vm_mod_fused_nn_conv2d_add_nn_relu_11 |            - |              - |      0 |
|   53 |                                      vm_mod_fused_nn_conv2d_2 |            - |              - |      0 |
|   54 |                          vm_mod_fused_nn_conv2d_add_nn_relu_6 |            - |              - |      0 |
|   55 |                         vm_mod_fused_nn_conv2d_add_nn_relu_49 |            - |              - |      0 |
|   56 |                         vm_mod_fused_nn_conv2d_add_nn_relu_56 |            - |              - |      0 |
|   57 |                         vm_mod_fused_nn_conv2d_add_nn_relu_38 |            - |              - |      0 |
|   58 |                         vm_mod_fused_nn_conv2d_add_nn_relu_45 |            - |              - |      0 |
|   59 |                         vm_mod_fused_nn_conv2d_add_nn_relu_52 |            - |              - |      0 |
|   60 | vm_mod_fused_nn_contrib_conv2d_winograd_without_weight_transform_3 |            - |              - |      0 |
|   61 |                         vm_mod_fused_nn_conv2d_add_nn_relu_27 |            - |              - |      0 |
|   62 |                          vm_mod_fused_nn_conv2d_add_nn_relu_2 |            - |              - |      0 |
|   63 |                         vm_mod_fused_nn_conv2d_add_nn_relu_34 |            - |              - |      0 |
|   64 |                         vm_mod_fused_nn_conv2d_add_nn_relu_41 |            - |              - |      0 |
|   65 |                                    vm_mod_fused_nn_max_pool2d |            - |              - |      0 |
|   66 |                         vm_mod_fused_nn_conv2d_add_nn_relu_16 |            - |              - |      0 |
|   67 |                         vm_mod_fused_nn_conv2d_add_nn_relu_23 |            - |              - |      0 |
|   68 |                         vm_mod_fused_nn_conv2d_add_nn_relu_30 |            - |              - |      0 |
----------------------------------------------------------------------
------------------------------  [ Search ]
----------------------------------------------------------------------
Generate Sketches		#s: 1
Sample Initial Population	#s: 86	fail_ct: 1962	Time elapsed: 4.87
GA Iter: 0	Max score: 0.9835	Min score: 0.4244	#Pop: 54	#M+: 0	#M-: 0
GA Iter: 4	Max score: 0.9999	Min score: 0.9889	#Pop: 54	#M+: 1379	#M-: 0
EvolutionarySearch		#s: 54	Time elapsed: 69.12
----------------------------------------------------------------------
------------------------------  [ Measure ]
----------------------------------------------------------------------
Get 27 programs to measure:
...........................*******Eterminate called after throwing an instance of 'tvm::runtime::InternalError'
  what():  [12:56:50] /data3/qsy/complier/tlm/src/runtime/cuda/cuda_module.cc:61: CUDAError: cuModuleUnload(module_[i]) failed with error: CUDA_ERROR_MISALIGNED_ADDRESS
Stack trace:
  0: tvm::runtime::SimpleObjAllocator::Handler<tvm::runtime::CUDAModuleNode>::Deleter_(tvm::runtime::Object*)
  1: tvm::runtime::SimpleObjAllocator::Handler<tvm::runtime::LibraryModuleNode>::Deleter_(tvm::runtime::Object*)
  2: _ZN3tvm7runtime18SimpleObjAllocator7HandlerINS0_16PackedFuncS
  3: _ZN3tvm7runtime18SimpleObjAllocator7HandlerINS0_16PackedFuncSubObjIZNS0_9profiling17WrapTimeE
  4: TVMObjectFree
  5: __pyx_tp_dealloc_3tvm_4_ffi_4_cy3_4core_PackedFuncBase(_object*)
  6: subtype_dealloc
        at /usr/local/src/conda/python-3.10.18/Objects/typeobject.c:1460
  7: _Py_DECREF
        at /usr/local/src/conda/python-3.10.18/Include/object.h:500
  8: _Py_XDECREF
        at /usr/local/src/conda/python-3.10.18/Include/object.h:567
  9: cell_dealloc
        at /usr/local/src/conda/python-3.10.18/Objects/cellobject.c:82
  10: _Py_Dealloc
        at /usr/local/src/conda/python-3.10.18/Objects/object.c:2301
  11: _Py_DECREF
        at /usr/local/src/conda/python-3.10.18/Include/object.h:500
  12: _Py_XDECREF
        at /usr/local/src/conda/python-3.10.18/Include/object.h:567
  13: tupledealloc
        at /usr/local/src/conda/python-3.10.18/Objects/tupleobject.c:276
  14: _Py_Dealloc
        at /usr/local/src/conda/python-3.10.18/Objects/object.c:2301
  15: _Py_DECREF
        at /usr/local/src/conda/python-3.10.18/Include/object.h:500
  16: func_clear
        at /usr/local/src/conda/python-3.10.18/Objects/funcobject.c:636
  17: func_dealloc
        at /usr/local/src/conda/python-3.10.18/Objects/funcobject.c:648
  18: _Py_Dealloc
        at /usr/local/src/conda/python-3.10.18/Objects/object.c:2301
  19: _Py_DECREF
        at /usr/local/src/conda/python-3.10.18/Include/object.h:500
  20: frame_dealloc
        at /usr/local/src/conda/python-3.10.18/Objects/frameobject.c:591
  21: _Py_Dealloc
        at /usr/local/src/conda/python-3.10.18/Objects/object.c:2301
  22: _Py_DECREF
        at /usr/local/src/conda/python-3.10.18/Include/object.h:500
  23: _PyEval_Vector
        at /usr/local/src/conda/python-3.10.18/Python/ceval.c:5080
  24: _PyFunction_Vectorcall
        at /usr/local/src/conda/python-3.10.18/Objects/call.c:342
  25: do_call_core
        at /usr/local/src/conda/python-3.10.18/Python/ceval.c:5945
  26: _PyEval_EvalFrameDefault
        at /usr/local/src/conda/python-3.10.18/Python/ceval.c:4277
  27: _PyEval_EvalFrame
        at /usr/local/src/conda/python-3.10.18/Include/internal/pycore_ceval.h:46
  28: _PyEval_Vector
        at /usr/local/src/conda/python-3.10.18/Python/ceval.c:5067
  29: _PyFunction_Vectorcall
        at /usr/local/src/conda/python-3.10.18/Objects/call.c:342
  30: _PyObject_VectorcallTstate
        at /usr/local/src/conda/python-3.10.18/Include/cpython/abstract.h:114
  31: PyObject_Vectorcall
        at /usr/local/src/conda/python-3.10.18/Include/cpython/abstract.h:123
  32: call_function
        at /usr/local/src/conda/python-3.10.18/Python/ceval.c:5893
  33: _PyEval_EvalFrameDefault
        at /usr/local/src/conda/python-3.10.18/Python/ceval.c:4213
  34: _PyEval_EvalFrame
        at /usr/local/src/conda/python-3.10.18/Include/internal/pycore_ceval.h:46
  35: _PyEval_Vector
        at /usr/local/src/conda/python-3.10.18/Python/ceval.c:5067
  36: PyEval_EvalCode
        at /usr/local/src/conda/python-3.10.18/Python/ceval.c:1134
  37: builtin_exec_impl
        at /usr/local/src/conda/python-3.10.18/Python/bltinmodule.c:1058
  38: builtin_exec
        at /usr/local/src/conda/python-3.10.18/Python/clinic/bltinmodule.c.h:371
  39: cfunction_vectorcall_FASTCALL
        at /usr/local/src/conda/python-3.10.18/Objects/methodobject.c:430
  40: _PyObject_VectorcallTstate
        at /usr/local/src/conda/python-3.10.18/Include/cpython/abstract.h:114
  41: PyObject_Vectorcall
        at /usr/local/src/conda/python-3.10.18/Include/cpython/abstract.h:123
  42: call_function
        at /usr/local/src/conda/python-3.10.18/Python/ceval.c:5893
  43: _PyEval_EvalFrameDefault
        at /usr/local/src/conda/python-3.10.18/Python/ceval.c:4213
  44: _PyEval_EvalFrame
        at /usr/local/src/conda/python-3.10.18/Include/internal/pycore_ceval.h:46
  45: _PyEval_Vector
        at /usr/local/src/conda/python-3.10.18/Python/ceval.c:5067
  46: _PyFunction_Vectorcall
        at /usr/local/src/conda/python-3.10.18/Objects/call.c:342
  47: _PyObject_VectorcallTstate
        at /usr/local/src/conda/python-3.10.18/Include/cpython/abstract.h:114
  48: PyObject_Vectorcall
        at /usr/local/src/conda/python-3.10.18/Include/cpython/abstract.h:123
  49: call_function
        at /usr/local/src/conda/python-3.10.18/Python/ceval.c:5893
  50: _PyEval_EvalFrameDefault
        at /usr/local/src/conda/python-3.10.18/Python/ceval.c:4213
  51: _PyEval_EvalFrame
        at /usr/local/src/conda/python-3.10.18/Include/internal/pycore_ceval.h:46
  52: _PyEval_Vector
        at /usr/local/src/conda/python-3.10.18/Python/ceval.c:5067
  53: _PyFunction_Vectorcall
        at /usr/local/src/conda/python-3.10.18/Objects/call.c:342
  54: pymain_run_module
        at /usr/local/src/conda/python-3.10.18/Modules/main.c:297
  55: pymain_run_python
        at /usr/local/src/conda/python-3.10.18/Modules/main.c:589
  56: Py_RunMain
        at /usr/local/src/conda/python-3.10.18/Modules/main.c:674
  57: Py_BytesMain
        at /usr/local/src/conda/python-3.10.18/Modules/main.c:1094
  58: __libc_start_main
        at ../csu/libc-start.c:308
  59: 0x000000000058728d
  60: 0xffffffffffffffff


|   69 |                          vm_mod_fused_nn_conv2d_add_nn_relu_9 |            - |              - |      0 |
|   70 |                         vm_mod_fused_nn_conv2d_add_nn_relu_12 |            - |              - |      0 |
|   71 |                         vm_mod_fused_nn_conv2d_add_nn_relu_57 |            - |              - |      0 |
-----------------------------------------------------------------------------------------------------------------
Estimated total latency: - ms	Trials: 1161	Used time : 4333 s	Next ID: 43	
*E*****************Eterminate called after throwing an instance of 'tvm::runtime::InternalError'
  what():  [12:56:56] /data3/qsy/complier/tlm/src/runtime/cuda/cuda_module.cc:61: CUDAError: cuModuleUnload(module_[i]) failed with error: CUDA_ERROR_MISALIGNED_ADDRESS
Stack trace:
  0: tvm::runtime::SimpleObjAllocator::Handler<tvm::runtime::CUDAModuleNode>::Deleter_(tvm::runtime::Object*)
  1: tvm::runtime::SimpleObjAllocator::Handler<tvm::runtime::LibraryModuleNode>::Deleter_(tvm::runtime::Object*)
  2: _ZN3tvm7runtime18SimpleObjAllocator7HandlerINS0_16PackedFuncS
  3: _ZN3tvm7runtime18SimpleObjAllocator7HandlerINS0_16PackedFuncSubObjIZNS0_9profiling17WrapTimeE
  4: TVMObjectFree
  5: __pyx_tp_dealloc_3tvm_4_ffi_4_cy3_4core_PackedFuncBase(_object*)
  6: subtype_dealloc
        at /usr/local/src/conda/python-3.10.18/Objects/typeobject.c:1460
  7: _Py_DECREF
        at /usr/local/src/conda/python-3.10.18/Include/object.h:500
  8: _Py_XDECREF
        at /usr/local/src/conda/python-3.10.18/Include/object.h:567
  9: cell_dealloc
        at /usr/local/src/conda/python-3.10.18/Objects/cellobject.c:82
  10: _Py_Dealloc
        at /usr/local/src/conda/python-3.10.18/Objects/object.c:2301
  11: _Py_DECREF
        at /usr/local/src/conda/python-3.10.18/Include/object.h:500
  12: _Py_XDECREF
        at /usr/local/src/conda/python-3.10.18/Include/object.h:567
  13: tupledealloc
        at /usr/local/src/conda/python-3.10.18/Objects/tupleobject.c:276
  14: _Py_Dealloc
        at /usr/local/src/conda/python-3.10.18/Objects/object.c:2301
  15: _Py_DECREF
        at /usr/local/src/conda/python-3.10.18/Include/object.h:500
  16: func_clear
        at /usr/local/src/conda/python-3.10.18/Objects/funcobject.c:636
  17: func_dealloc
        at /usr/local/src/conda/python-3.10.18/Objects/funcobject.c:648
  18: _Py_Dealloc
        at /usr/local/src/conda/python-3.10.18/Objects/object.c:2301
  19: _Py_DECREF
        at /usr/local/src/conda/python-3.10.18/Include/object.h:500
  20: frame_dealloc
        at /usr/local/src/conda/python-3.10.18/Objects/frameobject.c:591
  21: _Py_Dealloc
        at /usr/local/src/conda/python-3.10.18/Objects/object.c:2301
  22: _Py_DECREF
        at /usr/local/src/conda/python-3.10.18/Include/object.h:500
  23: _PyEval_Vector
        at /usr/local/src/conda/python-3.10.18/Python/ceval.c:5080
  24: _PyFunction_Vectorcall
        at /usr/local/src/conda/python-3.10.18/Objects/call.c:342
  25: do_call_core
        at /usr/local/src/conda/python-3.10.18/Python/ceval.c:5945
  26: _PyEval_EvalFrameDefault
        at /usr/local/src/conda/python-3.10.18/Python/ceval.c:4277
  27: _PyEval_EvalFrame
        at /usr/local/src/conda/python-3.10.18/Include/internal/pycore_ceval.h:46
  28: _PyEval_Vector
        at /usr/local/src/conda/python-3.10.18/Python/ceval.c:5067
  29: _PyFunction_Vectorcall
        at /usr/local/src/conda/python-3.10.18/Objects/call.c:342
  30: _PyObject_VectorcallTstate
        at /usr/local/src/conda/python-3.10.18/Include/cpython/abstract.h:114
  31: PyObject_Vectorcall
        at /usr/local/src/conda/python-3.10.18/Include/cpython/abstract.h:123
  32: call_function
        at /usr/local/src/conda/python-3.10.18/Python/ceval.c:5893
  33: _PyEval_EvalFrameDefault
        at /usr/local/src/conda/python-3.10.18/Python/ceval.c:4213
  34: _PyEval_EvalFrame
        at /usr/local/src/conda/python-3.10.18/Include/internal/pycore_ceval.h:46
  35: _PyEval_Vector
        at /usr/local/src/conda/python-3.10.18/Python/ceval.c:5067
  36: PyEval_EvalCode
        at /usr/local/src/conda/python-3.10.18/Python/ceval.c:1134
  37: builtin_exec_impl
        at /usr/local/src/conda/python-3.10.18/Python/bltinmodule.c:1058
  38: builtin_exec
        at /usr/local/src/conda/python-3.10.18/Python/clinic/bltinmodule.c.h:371
  39: cfunction_vectorcall_FASTCALL
        at /usr/local/src/conda/python-3.10.18/Objects/methodobject.c:430
  40: _PyObject_VectorcallTstate
        at /usr/local/src/conda/python-3.10.18/Include/cpython/abstract.h:114
  41: PyObject_Vectorcall
        at /usr/local/src/conda/python-3.10.18/Include/cpython/abstract.h:123
  42: call_function
        at /usr/local/src/conda/python-3.10.18/Python/ceval.c:5893
  43: _PyEval_EvalFrameDefault
        at /usr/local/src/conda/python-3.10.18/Python/ceval.c:4213
  44: _PyEval_EvalFrame
        at /usr/local/src/conda/python-3.10.18/Include/internal/pycore_ceval.h:46
  45: _PyEval_Vector
        at /usr/local/src/conda/python-3.10.18/Python/ceval.c:5067
  46: _PyFunction_Vectorcall
        at /usr/local/src/conda/python-3.10.18/Objects/call.c:342
  47: _PyObject_VectorcallTstate
        at /usr/local/src/conda/python-3.10.18/Include/cpython/abstract.h:114
  48: PyObject_Vectorcall
        at /usr/local/src/conda/python-3.10.18/Include/cpython/abstract.h:123
  49: call_function
        at /usr/local/src/conda/python-3.10.18/Python/ceval.c:5893
  50: _PyEval_EvalFrameDefault
        at /usr/local/src/conda/python-3.10.18/Python/ceval.c:4213
  51: _PyEval_EvalFrame
        at /usr/local/src/conda/python-3.10.18/Include/internal/pycore_ceval.h:46
  52: _PyEval_Vector
        at /usr/local/src/conda/python-3.10.18/Python/ceval.c:5067
  53: _PyFunction_Vectorcall
        at /usr/local/src/conda/python-3.10.18/Objects/call.c:342
  54: pymain_run_module
        at /usr/local/src/conda/python-3.10.18/Modules/main.c:297
  55: pymain_run_python
        at /usr/local/src/conda/python-3.10.18/Modules/main.c:589
  56: Py_RunMain
        at /usr/local/src/conda/python-3.10.18/Modules/main.c:674
  57: Py_BytesMain
        at /usr/local/src/conda/python-3.10.18/Modules/main.c:1094
  58: __libc_start_main
        at ../csu/libc-start.c:308
  59: 0x000000000058728d
  60: 0xffffffffffffffff


*E***
Time elapsed for measurement: 16.41 s
----------------------------------------------------------------------
------------------------------  [ Train cost model ]
----------------------------------------------------------------------
Time elapsed for training: 0.00 s
----------------------------------------------------------------------
------------------------------  [ Task Scheduler ]
----------------------------------------------------------------------
|  ID  |                       Task Description                        | Latency (ms) | Speed (GFLOPS) | Trials |
-----------------------------------------------------------------------------------------------------------------
|    0 |                          vm_mod_fused_nn_conv2d_add_nn_relu_5 |        0.015 |       10334.05 |     27 |
|    1 |                         vm_mod_fused_nn_conv2d_add_nn_relu_39 |        0.015 |        3095.64 |     27 |
|    2 |                         vm_mod_fused_nn_conv2d_add_nn_relu_46 |        0.014 |         528.26 |     27 |
|    3 |                                        vm_mod_fused_nn_conv2d |        0.015 |       13468.53 |     27 |
|    4 |                         vm_mod_fused_nn_conv2d_add_nn_relu_53 |        0.014 |         728.20 |     27 |
|    5 |                         vm_mod_fused_nn_conv2d_add_nn_relu_28 |        0.009 |        3215.30 |     27 |
|    6 |                                  vm_mod_fused_nn_avg_pool2d_2 |        0.004 |          28.91 |     27 |
|    7 |                         vm_mod_fused_nn_conv2d_add_nn_relu_35 |        0.020 |        1901.59 |     27 |
|    8 |                         vm_mod_fused_nn_conv2d_add_nn_relu_42 |        0.026 |        1935.67 |     27 |
|    9 |                         vm_mod_fused_nn_conv2d_add_nn_relu_17 |        0.012 |        7548.90 |     27 |
|   10 |                          vm_mod_fused_nn_conv2d_add_nn_relu_1 |        0.005 |        9731.76 |     27 |
|   11 |                         vm_mod_fused_nn_conv2d_add_nn_relu_24 |        0.011 |        1904.04 |     27 |
|   12 |                                     vm_mod_fused_nn_dense_add |        0.008 |         245.77 |     27 |
|   13 |                         vm_mod_fused_nn_conv2d_add_nn_relu_31 |        0.016 |        2073.86 |     27 |
|   14 |                         vm_mod_fused_nn_conv2d_add_nn_relu_13 |        0.012 |        5442.85 |     27 |
|   15 |                         vm_mod_fused_nn_conv2d_add_nn_relu_20 |        0.006 |        2322.88 |     27 |
|   16 |                          vm_mod_fused_nn_conv2d_add_nn_relu_8 |        0.007 |        4756.00 |     27 |
|   17 |                         vm_mod_fused_nn_conv2d_add_nn_relu_58 |        0.014 |         915.17 |     27 |
|   18 |                         vm_mod_fused_nn_conv2d_add_nn_relu_47 |        0.016 |         499.77 |     27 |
|   19 |                          vm_mod_fused_nn_conv2d_add_nn_relu_4 |        0.013 |       10032.87 |     27 |
|   20 |                         vm_mod_fused_nn_conv2d_add_nn_relu_29 |        0.008 |        3577.85 |     27 |
|   21 |                         vm_mod_fused_nn_conv2d_add_nn_relu_54 |        0.019 |         570.87 |     27 |
|   22 |                         vm_mod_fused_nn_conv2d_add_nn_relu_36 |        0.017 |        2372.88 |     27 |
|   23 |                         vm_mod_fused_nn_conv2d_add_nn_relu_43 |        0.009 |         687.63 |     27 |
|   24 |                         vm_mod_fused_nn_conv2d_add_nn_relu_18 |        0.016 |        5915.29 |     27 |
|   25 |                         vm_mod_fused_nn_conv2d_add_nn_relu_50 |        0.012 |         746.94 |     27 |
|   26 |                                  vm_mod_fused_nn_avg_pool2d_1 |        0.005 |          45.85 |     27 |
|   27 |                         vm_mod_fused_nn_conv2d_add_nn_relu_25 |        0.010 |        2172.84 |     27 |
|   28 |                         vm_mod_fused_nn_conv2d_add_nn_relu_32 |        0.020 |        1677.95 |     27 |
|   29 | vm_mod_fused_nn_contrib_conv2d_winograd_without_weight_transform_1 |        0.017 |        2666.41 |     27 |
|   30 |                                      vm_mod_fused_nn_conv2d_1 |        0.018 |       11405.71 |     27 |
|   31 |                         vm_mod_fused_nn_conv2d_add_nn_relu_14 |        0.010 |        6794.55 |     27 |
|   32 |                         vm_mod_fused_nn_conv2d_add_nn_relu_21 |        0.012 |        1398.45 |     27 |
|   33 |                            vm_mod_fused_nn_conv2d_add_nn_relu |        0.020 |       11897.77 |     27 |
|   34 |                         vm_mod_fused_nn_conv2d_add_nn_relu_10 |        0.006 |        7315.83 |     27 |
|   35 |                          vm_mod_fused_nn_conv2d_add_nn_relu_7 |        0.005 |        5611.59 |     27 |
|   36 | vm_mod_fused_nn_contrib_conv2d_winograd_without_weight_transform |        0.020 |        8275.47 |     27 |
|   37 |                         vm_mod_fused_nn_conv2d_add_nn_relu_48 |        0.009 |         932.19 |     27 |
|   38 |                         vm_mod_fused_nn_conv2d_add_nn_relu_55 |        0.020 |         561.28 |     27 |
|   39 |                         vm_mod_fused_nn_conv2d_add_nn_relu_37 |        0.015 |        2744.49 |     27 |
|   40 |                         vm_mod_fused_nn_conv2d_add_nn_relu_44 |        0.010 |         693.06 |     27 |
|   41 |                         vm_mod_fused_nn_conv2d_add_nn_relu_19 |        0.006 |        2016.57 |     27 |
|   42 |                          vm_mod_fused_nn_conv2d_add_nn_relu_3 |        0.008 |       12239.29 |     27 |
|   43 |                         vm_mod_fused_nn_conv2d_add_nn_relu_51 |        0.020 |         480.17 |     27 |
|   44 |                         vm_mod_fused_nn_conv2d_add_nn_relu_26 |            - |              - |      0 |
|   45 | vm_mod_fused_nn_contrib_conv2d_winograd_without_weight_transform_2 |            - |              - |      0 |
|   46 |                         vm_mod_fused_nn_conv2d_add_nn_relu_33 |            - |              - |      0 |
|   47 |                         vm_mod_fused_nn_conv2d_add_nn_relu_40 |            - |              - |      0 |
|   48 |                           vm_mod_fused_nn_adaptive_avg_pool2d |            - |              - |      0 |
|   49 |                         vm_mod_fused_nn_conv2d_add_nn_relu_15 |            - |              - |      0 |
|   50 |                         vm_mod_fused_nn_conv2d_add_nn_relu_22 |            - |              - |      0 |
|   51 |                                    vm_mod_fused_nn_avg_pool2d |            - |              - |      0 |
|   52 |                         vm_mod_fused_nn_conv2d_add_nn_relu_11 |            - |              - |      0 |
|   53 |                                      vm_mod_fused_nn_conv2d_2 |            - |              - |      0 |
|   54 |                          vm_mod_fused_nn_conv2d_add_nn_relu_6 |            - |              - |      0 |
|   55 |                         vm_mod_fused_nn_conv2d_add_nn_relu_49 |            - |              - |      0 |
|   56 |                         vm_mod_fused_nn_conv2d_add_nn_relu_56 |            - |              - |      0 |
|   57 |                         vm_mod_fused_nn_conv2d_add_nn_relu_38 |            - |              - |      0 |
|   58 |                         vm_mod_fused_nn_conv2d_add_nn_relu_45 |            - |              - |      0 |
|   59 |                         vm_mod_fused_nn_conv2d_add_nn_relu_52 |            - |              - |      0 |
|   60 | vm_mod_fused_nn_contrib_conv2d_winograd_without_weight_transform_3 |            - |              - |      0 |
|   61 |                         vm_mod_fused_nn_conv2d_add_nn_relu_27 |            - |              - |      0 |
|   62 |                          vm_mod_fused_nn_conv2d_add_nn_relu_2 |            - |              - |      0 |
|   63 |                         vm_mod_fused_nn_conv2d_add_nn_relu_34 |            - |              - |      0 |
|   64 |                         vm_mod_fused_nn_conv2d_add_nn_relu_41 |            - |              - |      0 |
|   65 |                                    vm_mod_fused_nn_max_pool2d |            - |              - |      0 |
|   66 |                         vm_mod_fused_nn_conv2d_add_nn_relu_16 |            - |              - |      0 |
|   67 |                         vm_mod_fused_nn_conv2d_add_nn_relu_23 |            - |              - |      0 |
|   68 |                         vm_mod_fused_nn_conv2d_add_nn_relu_30 |            - |              - |      0 |
----------------------------------------------------------------------
------------------------------  [ Search ]
----------------------------------------------------------------------
Generate Sketches		#s: 1
Sample Initial Population	#s: 102	fail_ct: 1946	Time elapsed: 5.86
GA Iter: 0	Max score: 0.9709	Min score: 0.5009	#Pop: 54	#M+: 0	#M-: 0
GA Iter: 4	Max score: 0.9996	Min score: 0.9917	#Pop: 54	#M+: 1388	#M-: 0
EvolutionarySearch		#s: 54	Time elapsed: 76.70
----------------------------------------------------------------------
------------------------------  [ Measure ]
----------------------------------------------------------------------
Get 27 programs to measure:
...........................***************************|   69 |                          vm_mod_fused_nn_conv2d_add_nn_relu_9 |            - |              - |      0 |
|   70 |                         vm_mod_fused_nn_conv2d_add_nn_relu_12 |            - |              - |      0 |
|   71 |                         vm_mod_fused_nn_conv2d_add_nn_relu_57 |            - |              - |      0 |
-----------------------------------------------------------------------------------------------------------------
Estimated total latency: - ms	Trials: 1188	Used time : 4424 s	Next ID: 44	

Time elapsed for measurement: 13.86 s
----------------------------------------------------------------------
------------------------------  [ Train cost model ]
----------------------------------------------------------------------
Time elapsed for training: 0.00 s
----------------------------------------------------------------------
------------------------------  [ Task Scheduler ]
----------------------------------------------------------------------
|  ID  |                       Task Description                        | Latency (ms) | Speed (GFLOPS) | Trials |
-----------------------------------------------------------------------------------------------------------------
|    0 |                          vm_mod_fused_nn_conv2d_add_nn_relu_5 |        0.015 |       10334.05 |     27 |
|    1 |                         vm_mod_fused_nn_conv2d_add_nn_relu_39 |        0.015 |        3095.64 |     27 |
|    2 |                         vm_mod_fused_nn_conv2d_add_nn_relu_46 |        0.014 |         528.26 |     27 |
|    3 |                                        vm_mod_fused_nn_conv2d |        0.015 |       13468.53 |     27 |
|    4 |                         vm_mod_fused_nn_conv2d_add_nn_relu_53 |        0.014 |         728.20 |     27 |
|    5 |                         vm_mod_fused_nn_conv2d_add_nn_relu_28 |        0.009 |        3215.30 |     27 |
|    6 |                                  vm_mod_fused_nn_avg_pool2d_2 |        0.004 |          28.91 |     27 |
|    7 |                         vm_mod_fused_nn_conv2d_add_nn_relu_35 |        0.020 |        1901.59 |     27 |
|    8 |                         vm_mod_fused_nn_conv2d_add_nn_relu_42 |        0.026 |        1935.67 |     27 |
|    9 |                         vm_mod_fused_nn_conv2d_add_nn_relu_17 |        0.012 |        7548.90 |     27 |
|   10 |                          vm_mod_fused_nn_conv2d_add_nn_relu_1 |        0.005 |        9731.76 |     27 |
|   11 |                         vm_mod_fused_nn_conv2d_add_nn_relu_24 |        0.011 |        1904.04 |     27 |
|   12 |                                     vm_mod_fused_nn_dense_add |        0.008 |         245.77 |     27 |
|   13 |                         vm_mod_fused_nn_conv2d_add_nn_relu_31 |        0.016 |        2073.86 |     27 |
|   14 |                         vm_mod_fused_nn_conv2d_add_nn_relu_13 |        0.012 |        5442.85 |     27 |
|   15 |                         vm_mod_fused_nn_conv2d_add_nn_relu_20 |        0.006 |        2322.88 |     27 |
|   16 |                          vm_mod_fused_nn_conv2d_add_nn_relu_8 |        0.007 |        4756.00 |     27 |
|   17 |                         vm_mod_fused_nn_conv2d_add_nn_relu_58 |        0.014 |         915.17 |     27 |
|   18 |                         vm_mod_fused_nn_conv2d_add_nn_relu_47 |        0.016 |         499.77 |     27 |
|   19 |                          vm_mod_fused_nn_conv2d_add_nn_relu_4 |        0.013 |       10032.87 |     27 |
|   20 |                         vm_mod_fused_nn_conv2d_add_nn_relu_29 |        0.008 |        3577.85 |     27 |
|   21 |                         vm_mod_fused_nn_conv2d_add_nn_relu_54 |        0.019 |         570.87 |     27 |
|   22 |                         vm_mod_fused_nn_conv2d_add_nn_relu_36 |        0.017 |        2372.88 |     27 |
|   23 |                         vm_mod_fused_nn_conv2d_add_nn_relu_43 |        0.009 |         687.63 |     27 |
|   24 |                         vm_mod_fused_nn_conv2d_add_nn_relu_18 |        0.016 |        5915.29 |     27 |
|   25 |                         vm_mod_fused_nn_conv2d_add_nn_relu_50 |        0.012 |         746.94 |     27 |
|   26 |                                  vm_mod_fused_nn_avg_pool2d_1 |        0.005 |          45.85 |     27 |
|   27 |                         vm_mod_fused_nn_conv2d_add_nn_relu_25 |        0.010 |        2172.84 |     27 |
|   28 |                         vm_mod_fused_nn_conv2d_add_nn_relu_32 |        0.020 |        1677.95 |     27 |
|   29 | vm_mod_fused_nn_contrib_conv2d_winograd_without_weight_transform_1 |        0.017 |        2666.41 |     27 |
|   30 |                                      vm_mod_fused_nn_conv2d_1 |        0.018 |       11405.71 |     27 |
|   31 |                         vm_mod_fused_nn_conv2d_add_nn_relu_14 |        0.010 |        6794.55 |     27 |
|   32 |                         vm_mod_fused_nn_conv2d_add_nn_relu_21 |        0.012 |        1398.45 |     27 |
|   33 |                            vm_mod_fused_nn_conv2d_add_nn_relu |        0.020 |       11897.77 |     27 |
|   34 |                         vm_mod_fused_nn_conv2d_add_nn_relu_10 |        0.006 |        7315.83 |     27 |
|   35 |                          vm_mod_fused_nn_conv2d_add_nn_relu_7 |        0.005 |        5611.59 |     27 |
|   36 | vm_mod_fused_nn_contrib_conv2d_winograd_without_weight_transform |        0.020 |        8275.47 |     27 |
|   37 |                         vm_mod_fused_nn_conv2d_add_nn_relu_48 |        0.009 |         932.19 |     27 |
|   38 |                         vm_mod_fused_nn_conv2d_add_nn_relu_55 |        0.020 |         561.28 |     27 |
|   39 |                         vm_mod_fused_nn_conv2d_add_nn_relu_37 |        0.015 |        2744.49 |     27 |
|   40 |                         vm_mod_fused_nn_conv2d_add_nn_relu_44 |        0.010 |         693.06 |     27 |
|   41 |                         vm_mod_fused_nn_conv2d_add_nn_relu_19 |        0.006 |        2016.57 |     27 |
|   42 |                          vm_mod_fused_nn_conv2d_add_nn_relu_3 |        0.008 |       12239.29 |     27 |
|   43 |                         vm_mod_fused_nn_conv2d_add_nn_relu_51 |        0.020 |         480.17 |     27 |
|   44 |                         vm_mod_fused_nn_conv2d_add_nn_relu_26 |        0.008 |        3018.36 |     27 |
|   45 | vm_mod_fused_nn_contrib_conv2d_winograd_without_weight_transform_2 |            - |              - |      0 |
|   46 |                         vm_mod_fused_nn_conv2d_add_nn_relu_33 |            - |              - |      0 |
|   47 |                         vm_mod_fused_nn_conv2d_add_nn_relu_40 |            - |              - |      0 |
|   48 |                           vm_mod_fused_nn_adaptive_avg_pool2d |            - |              - |      0 |
|   49 |                         vm_mod_fused_nn_conv2d_add_nn_relu_15 |            - |              - |      0 |
|   50 |                         vm_mod_fused_nn_conv2d_add_nn_relu_22 |            - |              - |      0 |
|   51 |                                    vm_mod_fused_nn_avg_pool2d |            - |              - |      0 |
|   52 |                         vm_mod_fused_nn_conv2d_add_nn_relu_11 |            - |              - |      0 |
|   53 |                                      vm_mod_fused_nn_conv2d_2 |            - |              - |      0 |
|   54 |                          vm_mod_fused_nn_conv2d_add_nn_relu_6 |            - |              - |      0 |
|   55 |                         vm_mod_fused_nn_conv2d_add_nn_relu_49 |            - |              - |      0 |
|   56 |                         vm_mod_fused_nn_conv2d_add_nn_relu_56 |            - |              - |      0 |
|   57 |                         vm_mod_fused_nn_conv2d_add_nn_relu_38 |            - |              - |      0 |
|   58 |                         vm_mod_fused_nn_conv2d_add_nn_relu_45 |            - |              - |      0 |
|   59 |                         vm_mod_fused_nn_conv2d_add_nn_relu_52 |            - |              - |      0 |
|   60 | vm_mod_fused_nn_contrib_conv2d_winograd_without_weight_transform_3 |            - |              - |      0 |
|   61 |                         vm_mod_fused_nn_conv2d_add_nn_relu_27 |            - |              - |      0 |
|   62 |                          vm_mod_fused_nn_conv2d_add_nn_relu_2 |            - |              - |      0 |
|   63 |                         vm_mod_fused_nn_conv2d_add_nn_relu_34 |            - |              - |      0 |
|   64 |                         vm_mod_fused_nn_conv2d_add_nn_relu_41 |            - |              - |      0 |
|   65 |                                    vm_mod_fused_nn_max_pool2d |            - |              - |      0 |
|   66 |                         vm_mod_fused_nn_conv2d_add_nn_relu_16 |            - |              - |      0 |
|   67 |                         vm_mod_fused_nn_conv2d_add_nn_relu_23 |            - |              - |      0 |
|   68 |                         vm_mod_fused_nn_conv2d_add_nn_relu_30 |            - |              - |      0 |
----------------------------------------------------------------------
------------------------------  [ Search ]
----------------------------------------------------------------------
Generate Sketches		#s: 1
Sample Initial Population	#s: 78	fail_ct: 1970	Time elapsed: 12.33
GA Iter: 0	Max score: 0.9961	Min score: 0.2447	#Pop: 54	#M+: 0	#M-: 0
GA Iter: 4	Max score: 1.0000	Min score: 0.9915	#Pop: 54	#M+: 1391	#M-: 0
EvolutionarySearch		#s: 54	Time elapsed: 202.74
----------------------------------------------------------------------
------------------------------  [ Measure ]
----------------------------------------------------------------------
Get 27 programs to measure:
..........................|   69 |                          vm_mod_fused_nn_conv2d_add_nn_relu_9 |            - |              - |      0 |
|   70 |                         vm_mod_fused_nn_conv2d_add_nn_relu_12 |            - |              - |      0 |
|   71 |                         vm_mod_fused_nn_conv2d_add_nn_relu_57 |            - |              - |      0 |
-----------------------------------------------------------------------------------------------------------------
Estimated total latency: - ms	Trials: 1215	Used time : 4521 s	Next ID: 45	
.T**************************
Time elapsed for measurement: 25.16 s
----------------------------------------------------------------------
------------------------------  [ Train cost model ]
----------------------------------------------------------------------
Time elapsed for training: 0.00 s
----------------------------------------------------------------------
------------------------------  [ Task Scheduler ]
----------------------------------------------------------------------
|  ID  |                       Task Description                        | Latency (ms) | Speed (GFLOPS) | Trials |
-----------------------------------------------------------------------------------------------------------------
|    0 |                          vm_mod_fused_nn_conv2d_add_nn_relu_5 |        0.015 |       10334.05 |     27 |
|    1 |                         vm_mod_fused_nn_conv2d_add_nn_relu_39 |        0.015 |        3095.64 |     27 |
|    2 |                         vm_mod_fused_nn_conv2d_add_nn_relu_46 |        0.014 |         528.26 |     27 |
|    3 |                                        vm_mod_fused_nn_conv2d |        0.015 |       13468.53 |     27 |
|    4 |                         vm_mod_fused_nn_conv2d_add_nn_relu_53 |        0.014 |         728.20 |     27 |
|    5 |                         vm_mod_fused_nn_conv2d_add_nn_relu_28 |        0.009 |        3215.30 |     27 |
|    6 |                                  vm_mod_fused_nn_avg_pool2d_2 |        0.004 |          28.91 |     27 |
|    7 |                         vm_mod_fused_nn_conv2d_add_nn_relu_35 |        0.020 |        1901.59 |     27 |
|    8 |                         vm_mod_fused_nn_conv2d_add_nn_relu_42 |        0.026 |        1935.67 |     27 |
|    9 |                         vm_mod_fused_nn_conv2d_add_nn_relu_17 |        0.012 |        7548.90 |     27 |
|   10 |                          vm_mod_fused_nn_conv2d_add_nn_relu_1 |        0.005 |        9731.76 |     27 |
|   11 |                         vm_mod_fused_nn_conv2d_add_nn_relu_24 |        0.011 |        1904.04 |     27 |
|   12 |                                     vm_mod_fused_nn_dense_add |        0.008 |         245.77 |     27 |
|   13 |                         vm_mod_fused_nn_conv2d_add_nn_relu_31 |        0.016 |        2073.86 |     27 |
|   14 |                         vm_mod_fused_nn_conv2d_add_nn_relu_13 |        0.012 |        5442.85 |     27 |
|   15 |                         vm_mod_fused_nn_conv2d_add_nn_relu_20 |        0.006 |        2322.88 |     27 |
|   16 |                          vm_mod_fused_nn_conv2d_add_nn_relu_8 |        0.007 |        4756.00 |     27 |
|   17 |                         vm_mod_fused_nn_conv2d_add_nn_relu_58 |        0.014 |         915.17 |     27 |
|   18 |                         vm_mod_fused_nn_conv2d_add_nn_relu_47 |        0.016 |         499.77 |     27 |
|   19 |                          vm_mod_fused_nn_conv2d_add_nn_relu_4 |        0.013 |       10032.87 |     27 |
|   20 |                         vm_mod_fused_nn_conv2d_add_nn_relu_29 |        0.008 |        3577.85 |     27 |
|   21 |                         vm_mod_fused_nn_conv2d_add_nn_relu_54 |        0.019 |         570.87 |     27 |
|   22 |                         vm_mod_fused_nn_conv2d_add_nn_relu_36 |        0.017 |        2372.88 |     27 |
|   23 |                         vm_mod_fused_nn_conv2d_add_nn_relu_43 |        0.009 |         687.63 |     27 |
|   24 |                         vm_mod_fused_nn_conv2d_add_nn_relu_18 |        0.016 |        5915.29 |     27 |
|   25 |                         vm_mod_fused_nn_conv2d_add_nn_relu_50 |        0.012 |         746.94 |     27 |
|   26 |                                  vm_mod_fused_nn_avg_pool2d_1 |        0.005 |          45.85 |     27 |
|   27 |                         vm_mod_fused_nn_conv2d_add_nn_relu_25 |        0.010 |        2172.84 |     27 |
|   28 |                         vm_mod_fused_nn_conv2d_add_nn_relu_32 |        0.020 |        1677.95 |     27 |
|   29 | vm_mod_fused_nn_contrib_conv2d_winograd_without_weight_transform_1 |        0.017 |        2666.41 |     27 |
|   30 |                                      vm_mod_fused_nn_conv2d_1 |        0.018 |       11405.71 |     27 |
|   31 |                         vm_mod_fused_nn_conv2d_add_nn_relu_14 |        0.010 |        6794.55 |     27 |
|   32 |                         vm_mod_fused_nn_conv2d_add_nn_relu_21 |        0.012 |        1398.45 |     27 |
|   33 |                            vm_mod_fused_nn_conv2d_add_nn_relu |        0.020 |       11897.77 |     27 |
|   34 |                         vm_mod_fused_nn_conv2d_add_nn_relu_10 |        0.006 |        7315.83 |     27 |
|   35 |                          vm_mod_fused_nn_conv2d_add_nn_relu_7 |        0.005 |        5611.59 |     27 |
|   36 | vm_mod_fused_nn_contrib_conv2d_winograd_without_weight_transform |        0.020 |        8275.47 |     27 |
|   37 |                         vm_mod_fused_nn_conv2d_add_nn_relu_48 |        0.009 |         932.19 |     27 |
|   38 |                         vm_mod_fused_nn_conv2d_add_nn_relu_55 |        0.020 |         561.28 |     27 |
|   39 |                         vm_mod_fused_nn_conv2d_add_nn_relu_37 |        0.015 |        2744.49 |     27 |
|   40 |                         vm_mod_fused_nn_conv2d_add_nn_relu_44 |        0.010 |         693.06 |     27 |
|   41 |                         vm_mod_fused_nn_conv2d_add_nn_relu_19 |        0.006 |        2016.57 |     27 |
|   42 |                          vm_mod_fused_nn_conv2d_add_nn_relu_3 |        0.008 |       12239.29 |     27 |
|   43 |                         vm_mod_fused_nn_conv2d_add_nn_relu_51 |        0.020 |         480.17 |     27 |
|   44 |                         vm_mod_fused_nn_conv2d_add_nn_relu_26 |        0.008 |        3018.36 |     27 |
|   45 | vm_mod_fused_nn_contrib_conv2d_winograd_without_weight_transform_2 |        0.014 |         852.09 |     27 |
|   46 |                         vm_mod_fused_nn_conv2d_add_nn_relu_33 |            - |              - |      0 |
|   47 |                         vm_mod_fused_nn_conv2d_add_nn_relu_40 |            - |              - |      0 |
|   48 |                           vm_mod_fused_nn_adaptive_avg_pool2d |            - |              - |      0 |
|   49 |                         vm_mod_fused_nn_conv2d_add_nn_relu_15 |            - |              - |      0 |
|   50 |                         vm_mod_fused_nn_conv2d_add_nn_relu_22 |            - |              - |      0 |
|   51 |                                    vm_mod_fused_nn_avg_pool2d |            - |              - |      0 |
|   52 |                         vm_mod_fused_nn_conv2d_add_nn_relu_11 |            - |              - |      0 |
|   53 |                                      vm_mod_fused_nn_conv2d_2 |            - |              - |      0 |
|   54 |                          vm_mod_fused_nn_conv2d_add_nn_relu_6 |            - |              - |      0 |
|   55 |                         vm_mod_fused_nn_conv2d_add_nn_relu_49 |            - |              - |      0 |
|   56 |                         vm_mod_fused_nn_conv2d_add_nn_relu_56 |            - |              - |      0 |
|   57 |                         vm_mod_fused_nn_conv2d_add_nn_relu_38 |            - |              - |      0 |
|   58 |                         vm_mod_fused_nn_conv2d_add_nn_relu_45 |            - |              - |      0 |
|   59 |                         vm_mod_fused_nn_conv2d_add_nn_relu_52 |            - |              - |      0 |
|   60 | vm_mod_fused_nn_contrib_conv2d_winograd_without_weight_transform_3 |            - |              - |      0 |
|   61 |                         vm_mod_fused_nn_conv2d_add_nn_relu_27 |            - |              - |      0 |
|   62 |                          vm_mod_fused_nn_conv2d_add_nn_relu_2 |            - |              - |      0 |
|   63 |                         vm_mod_fused_nn_conv2d_add_nn_relu_34 |            - |              - |      0 |
|   64 |                         vm_mod_fused_nn_conv2d_add_nn_relu_41 |            - |              - |      0 |
|   65 |                                    vm_mod_fused_nn_max_pool2d |            - |              - |      0 |
|   66 |                         vm_mod_fused_nn_conv2d_add_nn_relu_16 |            - |              - |      0 |
|   67 |                         vm_mod_fused_nn_conv2d_add_nn_relu_23 |            - |              - |      0 |
|   68 |                         vm_mod_fused_nn_conv2d_add_nn_relu_30 |            - |              - |      0 |
----------------------------------------------------------------------
------------------------------  [ Search ]
----------------------------------------------------------------------
Generate Sketches		#s: 1
Sample Initial Population	#s: 94	fail_ct: 1954	Time elapsed: 5.90
GA Iter: 0	Max score: 0.9938	Min score: 0.4389	#Pop: 54	#M+: 0	#M-: 0
GA Iter: 4	Max score: 0.9998	Min score: 0.9937	#Pop: 54	#M+: 1396	#M-: 0
EvolutionarySearch		#s: 54	Time elapsed: 73.78
----------------------------------------------------------------------
------------------------------  [ Measure ]
----------------------------------------------------------------------
Get 27 programs to measure:
...........................***************************|   69 |                          vm_mod_fused_nn_conv2d_add_nn_relu_9 |            - |              - |      0 |
|   70 |                         vm_mod_fused_nn_conv2d_add_nn_relu_12 |            - |              - |      0 |
|   71 |                         vm_mod_fused_nn_conv2d_add_nn_relu_57 |            - |              - |      0 |
-----------------------------------------------------------------------------------------------------------------
Estimated total latency: - ms	Trials: 1242	Used time : 4761 s	Next ID: 46	

Time elapsed for measurement: 12.31 s
----------------------------------------------------------------------
------------------------------  [ Train cost model ]
----------------------------------------------------------------------
Time elapsed for training: 0.00 s
----------------------------------------------------------------------
------------------------------  [ Task Scheduler ]
----------------------------------------------------------------------
|  ID  |                       Task Description                        | Latency (ms) | Speed (GFLOPS) | Trials |
-----------------------------------------------------------------------------------------------------------------
|    0 |                          vm_mod_fused_nn_conv2d_add_nn_relu_5 |        0.015 |       10334.05 |     27 |
|    1 |                         vm_mod_fused_nn_conv2d_add_nn_relu_39 |        0.015 |        3095.64 |     27 |
|    2 |                         vm_mod_fused_nn_conv2d_add_nn_relu_46 |        0.014 |         528.26 |     27 |
|    3 |                                        vm_mod_fused_nn_conv2d |        0.015 |       13468.53 |     27 |
|    4 |                         vm_mod_fused_nn_conv2d_add_nn_relu_53 |        0.014 |         728.20 |     27 |
|    5 |                         vm_mod_fused_nn_conv2d_add_nn_relu_28 |        0.009 |        3215.30 |     27 |
|    6 |                                  vm_mod_fused_nn_avg_pool2d_2 |        0.004 |          28.91 |     27 |
|    7 |                         vm_mod_fused_nn_conv2d_add_nn_relu_35 |        0.020 |        1901.59 |     27 |
|    8 |                         vm_mod_fused_nn_conv2d_add_nn_relu_42 |        0.026 |        1935.67 |     27 |
|    9 |                         vm_mod_fused_nn_conv2d_add_nn_relu_17 |        0.012 |        7548.90 |     27 |
|   10 |                          vm_mod_fused_nn_conv2d_add_nn_relu_1 |        0.005 |        9731.76 |     27 |
|   11 |                         vm_mod_fused_nn_conv2d_add_nn_relu_24 |        0.011 |        1904.04 |     27 |
|   12 |                                     vm_mod_fused_nn_dense_add |        0.008 |         245.77 |     27 |
|   13 |                         vm_mod_fused_nn_conv2d_add_nn_relu_31 |        0.016 |        2073.86 |     27 |
|   14 |                         vm_mod_fused_nn_conv2d_add_nn_relu_13 |        0.012 |        5442.85 |     27 |
|   15 |                         vm_mod_fused_nn_conv2d_add_nn_relu_20 |        0.006 |        2322.88 |     27 |
|   16 |                          vm_mod_fused_nn_conv2d_add_nn_relu_8 |        0.007 |        4756.00 |     27 |
|   17 |                         vm_mod_fused_nn_conv2d_add_nn_relu_58 |        0.014 |         915.17 |     27 |
|   18 |                         vm_mod_fused_nn_conv2d_add_nn_relu_47 |        0.016 |         499.77 |     27 |
|   19 |                          vm_mod_fused_nn_conv2d_add_nn_relu_4 |        0.013 |       10032.87 |     27 |
|   20 |                         vm_mod_fused_nn_conv2d_add_nn_relu_29 |        0.008 |        3577.85 |     27 |
|   21 |                         vm_mod_fused_nn_conv2d_add_nn_relu_54 |        0.019 |         570.87 |     27 |
|   22 |                         vm_mod_fused_nn_conv2d_add_nn_relu_36 |        0.017 |        2372.88 |     27 |
|   23 |                         vm_mod_fused_nn_conv2d_add_nn_relu_43 |        0.009 |         687.63 |     27 |
|   24 |                         vm_mod_fused_nn_conv2d_add_nn_relu_18 |        0.016 |        5915.29 |     27 |
|   25 |                         vm_mod_fused_nn_conv2d_add_nn_relu_50 |        0.012 |         746.94 |     27 |
|   26 |                                  vm_mod_fused_nn_avg_pool2d_1 |        0.005 |          45.85 |     27 |
|   27 |                         vm_mod_fused_nn_conv2d_add_nn_relu_25 |        0.010 |        2172.84 |     27 |
|   28 |                         vm_mod_fused_nn_conv2d_add_nn_relu_32 |        0.020 |        1677.95 |     27 |
|   29 | vm_mod_fused_nn_contrib_conv2d_winograd_without_weight_transform_1 |        0.017 |        2666.41 |     27 |
|   30 |                                      vm_mod_fused_nn_conv2d_1 |        0.018 |       11405.71 |     27 |
|   31 |                         vm_mod_fused_nn_conv2d_add_nn_relu_14 |        0.010 |        6794.55 |     27 |
|   32 |                         vm_mod_fused_nn_conv2d_add_nn_relu_21 |        0.012 |        1398.45 |     27 |
|   33 |                            vm_mod_fused_nn_conv2d_add_nn_relu |        0.020 |       11897.77 |     27 |
|   34 |                         vm_mod_fused_nn_conv2d_add_nn_relu_10 |        0.006 |        7315.83 |     27 |
|   35 |                          vm_mod_fused_nn_conv2d_add_nn_relu_7 |        0.005 |        5611.59 |     27 |
|   36 | vm_mod_fused_nn_contrib_conv2d_winograd_without_weight_transform |        0.020 |        8275.47 |     27 |
|   37 |                         vm_mod_fused_nn_conv2d_add_nn_relu_48 |        0.009 |         932.19 |     27 |
|   38 |                         vm_mod_fused_nn_conv2d_add_nn_relu_55 |        0.020 |         561.28 |     27 |
|   39 |                         vm_mod_fused_nn_conv2d_add_nn_relu_37 |        0.015 |        2744.49 |     27 |
|   40 |                         vm_mod_fused_nn_conv2d_add_nn_relu_44 |        0.010 |         693.06 |     27 |
|   41 |                         vm_mod_fused_nn_conv2d_add_nn_relu_19 |        0.006 |        2016.57 |     27 |
|   42 |                          vm_mod_fused_nn_conv2d_add_nn_relu_3 |        0.008 |       12239.29 |     27 |
|   43 |                         vm_mod_fused_nn_conv2d_add_nn_relu_51 |        0.020 |         480.17 |     27 |
|   44 |                         vm_mod_fused_nn_conv2d_add_nn_relu_26 |        0.008 |        3018.36 |     27 |
|   45 | vm_mod_fused_nn_contrib_conv2d_winograd_without_weight_transform_2 |        0.014 |         852.09 |     27 |
|   46 |                         vm_mod_fused_nn_conv2d_add_nn_relu_33 |        0.016 |        2225.79 |     27 |
|   47 |                         vm_mod_fused_nn_conv2d_add_nn_relu_40 |            - |              - |      0 |
|   48 |                           vm_mod_fused_nn_adaptive_avg_pool2d |            - |              - |      0 |
|   49 |                         vm_mod_fused_nn_conv2d_add_nn_relu_15 |            - |              - |      0 |
|   50 |                         vm_mod_fused_nn_conv2d_add_nn_relu_22 |            - |              - |      0 |
|   51 |                                    vm_mod_fused_nn_avg_pool2d |            - |              - |      0 |
|   52 |                         vm_mod_fused_nn_conv2d_add_nn_relu_11 |            - |              - |      0 |
|   53 |                                      vm_mod_fused_nn_conv2d_2 |            - |              - |      0 |
|   54 |                          vm_mod_fused_nn_conv2d_add_nn_relu_6 |            - |              - |      0 |
|   55 |                         vm_mod_fused_nn_conv2d_add_nn_relu_49 |            - |              - |      0 |
|   56 |                         vm_mod_fused_nn_conv2d_add_nn_relu_56 |            - |              - |      0 |
|   57 |                         vm_mod_fused_nn_conv2d_add_nn_relu_38 |            - |              - |      0 |
|   58 |                         vm_mod_fused_nn_conv2d_add_nn_relu_45 |            - |              - |      0 |
|   59 |                         vm_mod_fused_nn_conv2d_add_nn_relu_52 |            - |              - |      0 |
|   60 | vm_mod_fused_nn_contrib_conv2d_winograd_without_weight_transform_3 |            - |              - |      0 |
|   61 |                         vm_mod_fused_nn_conv2d_add_nn_relu_27 |            - |              - |      0 |
|   62 |                          vm_mod_fused_nn_conv2d_add_nn_relu_2 |            - |              - |      0 |
|   63 |                         vm_mod_fused_nn_conv2d_add_nn_relu_34 |            - |              - |      0 |
|   64 |                         vm_mod_fused_nn_conv2d_add_nn_relu_41 |            - |              - |      0 |
|   65 |                                    vm_mod_fused_nn_max_pool2d |            - |              - |      0 |
|   66 |                         vm_mod_fused_nn_conv2d_add_nn_relu_16 |            - |              - |      0 |
|   67 |                         vm_mod_fused_nn_conv2d_add_nn_relu_23 |            - |              - |      0 |
|   68 |                         vm_mod_fused_nn_conv2d_add_nn_relu_30 |            - |              - |      0 |
----------------------------------------------------------------------
------------------------------  [ Search ]
----------------------------------------------------------------------
Generate Sketches		#s: 1
Sample Initial Population	#s: 88	fail_ct: 1960	Time elapsed: 5.68
GA Iter: 0	Max score: 0.9981	Min score: 0.3486	#Pop: 54	#M+: 0	#M-: 0
GA Iter: 4	Max score: 0.9998	Min score: 0.9917	#Pop: 54	#M+: 1389	#M-: 0
EvolutionarySearch		#s: 54	Time elapsed: 71.16
----------------------------------------------------------------------
------------------------------  [ Measure ]
----------------------------------------------------------------------
Get 27 programs to measure:
...........................***************************|   69 |                          vm_mod_fused_nn_conv2d_add_nn_relu_9 |            - |              - |      0 |
|   70 |                         vm_mod_fused_nn_conv2d_add_nn_relu_12 |            - |              - |      0 |
|   71 |                         vm_mod_fused_nn_conv2d_add_nn_relu_57 |            - |              - |      0 |
-----------------------------------------------------------------------------------------------------------------
Estimated total latency: - ms	Trials: 1269	Used time : 4853 s	Next ID: 47	

Time elapsed for measurement: 14.78 s
----------------------------------------------------------------------
------------------------------  [ Train cost model ]
----------------------------------------------------------------------
Time elapsed for training: 3.22 s
----------------------------------------------------------------------
------------------------------  [ Task Scheduler ]
----------------------------------------------------------------------
|  ID  |                       Task Description                        | Latency (ms) | Speed (GFLOPS) | Trials |
-----------------------------------------------------------------------------------------------------------------
|    0 |                          vm_mod_fused_nn_conv2d_add_nn_relu_5 |        0.015 |       10334.05 |     27 |
|    1 |                         vm_mod_fused_nn_conv2d_add_nn_relu_39 |        0.015 |        3095.64 |     27 |
|    2 |                         vm_mod_fused_nn_conv2d_add_nn_relu_46 |        0.014 |         528.26 |     27 |
|    3 |                                        vm_mod_fused_nn_conv2d |        0.015 |       13468.53 |     27 |
|    4 |                         vm_mod_fused_nn_conv2d_add_nn_relu_53 |        0.014 |         728.20 |     27 |
|    5 |                         vm_mod_fused_nn_conv2d_add_nn_relu_28 |        0.009 |        3215.30 |     27 |
|    6 |                                  vm_mod_fused_nn_avg_pool2d_2 |        0.004 |          28.91 |     27 |
|    7 |                         vm_mod_fused_nn_conv2d_add_nn_relu_35 |        0.020 |        1901.59 |     27 |
|    8 |                         vm_mod_fused_nn_conv2d_add_nn_relu_42 |        0.026 |        1935.67 |     27 |
|    9 |                         vm_mod_fused_nn_conv2d_add_nn_relu_17 |        0.012 |        7548.90 |     27 |
|   10 |                          vm_mod_fused_nn_conv2d_add_nn_relu_1 |        0.005 |        9731.76 |     27 |
|   11 |                         vm_mod_fused_nn_conv2d_add_nn_relu_24 |        0.011 |        1904.04 |     27 |
|   12 |                                     vm_mod_fused_nn_dense_add |        0.008 |         245.77 |     27 |
|   13 |                         vm_mod_fused_nn_conv2d_add_nn_relu_31 |        0.016 |        2073.86 |     27 |
|   14 |                         vm_mod_fused_nn_conv2d_add_nn_relu_13 |        0.012 |        5442.85 |     27 |
|   15 |                         vm_mod_fused_nn_conv2d_add_nn_relu_20 |        0.006 |        2322.88 |     27 |
|   16 |                          vm_mod_fused_nn_conv2d_add_nn_relu_8 |        0.007 |        4756.00 |     27 |
|   17 |                         vm_mod_fused_nn_conv2d_add_nn_relu_58 |        0.014 |         915.17 |     27 |
|   18 |                         vm_mod_fused_nn_conv2d_add_nn_relu_47 |        0.016 |         499.77 |     27 |
|   19 |                          vm_mod_fused_nn_conv2d_add_nn_relu_4 |        0.013 |       10032.87 |     27 |
|   20 |                         vm_mod_fused_nn_conv2d_add_nn_relu_29 |        0.008 |        3577.85 |     27 |
|   21 |                         vm_mod_fused_nn_conv2d_add_nn_relu_54 |        0.019 |         570.87 |     27 |
|   22 |                         vm_mod_fused_nn_conv2d_add_nn_relu_36 |        0.017 |        2372.88 |     27 |
|   23 |                         vm_mod_fused_nn_conv2d_add_nn_relu_43 |        0.009 |         687.63 |     27 |
|   24 |                         vm_mod_fused_nn_conv2d_add_nn_relu_18 |        0.016 |        5915.29 |     27 |
|   25 |                         vm_mod_fused_nn_conv2d_add_nn_relu_50 |        0.012 |         746.94 |     27 |
|   26 |                                  vm_mod_fused_nn_avg_pool2d_1 |        0.005 |          45.85 |     27 |
|   27 |                         vm_mod_fused_nn_conv2d_add_nn_relu_25 |        0.010 |        2172.84 |     27 |
|   28 |                         vm_mod_fused_nn_conv2d_add_nn_relu_32 |        0.020 |        1677.95 |     27 |
|   29 | vm_mod_fused_nn_contrib_conv2d_winograd_without_weight_transform_1 |        0.017 |        2666.41 |     27 |
|   30 |                                      vm_mod_fused_nn_conv2d_1 |        0.018 |       11405.71 |     27 |
|   31 |                         vm_mod_fused_nn_conv2d_add_nn_relu_14 |        0.010 |        6794.55 |     27 |
|   32 |                         vm_mod_fused_nn_conv2d_add_nn_relu_21 |        0.012 |        1398.45 |     27 |
|   33 |                            vm_mod_fused_nn_conv2d_add_nn_relu |        0.020 |       11897.77 |     27 |
|   34 |                         vm_mod_fused_nn_conv2d_add_nn_relu_10 |        0.006 |        7315.83 |     27 |
|   35 |                          vm_mod_fused_nn_conv2d_add_nn_relu_7 |        0.005 |        5611.59 |     27 |
|   36 | vm_mod_fused_nn_contrib_conv2d_winograd_without_weight_transform |        0.020 |        8275.47 |     27 |
|   37 |                         vm_mod_fused_nn_conv2d_add_nn_relu_48 |        0.009 |         932.19 |     27 |
|   38 |                         vm_mod_fused_nn_conv2d_add_nn_relu_55 |        0.020 |         561.28 |     27 |
|   39 |                         vm_mod_fused_nn_conv2d_add_nn_relu_37 |        0.015 |        2744.49 |     27 |
|   40 |                         vm_mod_fused_nn_conv2d_add_nn_relu_44 |        0.010 |         693.06 |     27 |
|   41 |                         vm_mod_fused_nn_conv2d_add_nn_relu_19 |        0.006 |        2016.57 |     27 |
|   42 |                          vm_mod_fused_nn_conv2d_add_nn_relu_3 |        0.008 |       12239.29 |     27 |
|   43 |                         vm_mod_fused_nn_conv2d_add_nn_relu_51 |        0.020 |         480.17 |     27 |
|   44 |                         vm_mod_fused_nn_conv2d_add_nn_relu_26 |        0.008 |        3018.36 |     27 |
|   45 | vm_mod_fused_nn_contrib_conv2d_winograd_without_weight_transform_2 |        0.014 |         852.09 |     27 |
|   46 |                         vm_mod_fused_nn_conv2d_add_nn_relu_33 |        0.016 |        2225.79 |     27 |
|   47 |                         vm_mod_fused_nn_conv2d_add_nn_relu_40 |        0.029 |        1621.43 |     27 |
|   48 |                           vm_mod_fused_nn_adaptive_avg_pool2d |            - |              - |      0 |
|   49 |                         vm_mod_fused_nn_conv2d_add_nn_relu_15 |            - |              - |      0 |
|   50 |                         vm_mod_fused_nn_conv2d_add_nn_relu_22 |            - |              - |      0 |
|   51 |                                    vm_mod_fused_nn_avg_pool2d |            - |              - |      0 |
|   52 |                         vm_mod_fused_nn_conv2d_add_nn_relu_11 |            - |              - |      0 |
|   53 |                                      vm_mod_fused_nn_conv2d_2 |            - |              - |      0 |
|   54 |                          vm_mod_fused_nn_conv2d_add_nn_relu_6 |            - |              - |      0 |
|   55 |                         vm_mod_fused_nn_conv2d_add_nn_relu_49 |            - |              - |      0 |
|   56 |                         vm_mod_fused_nn_conv2d_add_nn_relu_56 |            - |              - |      0 |
|   57 |                         vm_mod_fused_nn_conv2d_add_nn_relu_38 |            - |              - |      0 |
|   58 |                         vm_mod_fused_nn_conv2d_add_nn_relu_45 |            - |              - |      0 |
|   59 |                         vm_mod_fused_nn_conv2d_add_nn_relu_52 |            - |              - |      0 |
|   60 | vm_mod_fused_nn_contrib_conv2d_winograd_without_weight_transform_3 |            - |              - |      0 |
|   61 |                         vm_mod_fused_nn_conv2d_add_nn_relu_27 |            - |              - |      0 |
|   62 |                          vm_mod_fused_nn_conv2d_add_nn_relu_2 |            - |              - |      0 |
|   63 |                         vm_mod_fused_nn_conv2d_add_nn_relu_34 |            - |              - |      0 |
|   64 |                         vm_mod_fused_nn_conv2d_add_nn_relu_41 |            - |              - |      0 |
|   65 |                                    vm_mod_fused_nn_max_pool2d |            - |              - |      0 |
|   66 |                         vm_mod_fused_nn_conv2d_add_nn_relu_16 |            - |              - |      0 |
|   67 |                         vm_mod_fused_nn_conv2d_add_nn_relu_23 |            - |              - |      0 |
|   68 |                         vm_mod_fused_nn_conv2d_add_nn_relu_30 |            - |              - |      0 |
----------------------------------------------------------------------
------------------------------  [ Search ]
----------------------------------------------------------------------
Generate Sketches		#s: 1
Sample Initial Population	#s: 245	fail_ct: 1803	Time elapsed: 3.02
GA Iter: 0	Max score: 0.9994	Min score: 0.7979	#Pop: 54	#M+: 0	#M-: 0
GA Iter: 4	Max score: 0.9999	Min score: 0.9919	#Pop: 54	#M+: 1388	#M-: 0
EvolutionarySearch		#s: 54	Time elapsed: 10.96
----------------------------------------------------------------------
------------------------------  [ Measure ]
----------------------------------------------------------------------
Get 27 programs to measure:
...........................***************************|   69 |                          vm_mod_fused_nn_conv2d_add_nn_relu_9 |            - |              - |      0 |
|   70 |                         vm_mod_fused_nn_conv2d_add_nn_relu_12 |            - |              - |      0 |
|   71 |                         vm_mod_fused_nn_conv2d_add_nn_relu_57 |            - |              - |      0 |
-----------------------------------------------------------------------------------------------------------------
Estimated total latency: - ms	Trials: 1296	Used time : 4948 s	Next ID: 48	

Time elapsed for measurement: 11.58 s
----------------------------------------------------------------------
------------------------------  [ Train cost model ]
----------------------------------------------------------------------
Time elapsed for training: 0.00 s
----------------------------------------------------------------------
------------------------------  [ Task Scheduler ]
----------------------------------------------------------------------
|  ID  |                       Task Description                        | Latency (ms) | Speed (GFLOPS) | Trials |
-----------------------------------------------------------------------------------------------------------------
|    0 |                          vm_mod_fused_nn_conv2d_add_nn_relu_5 |        0.015 |       10334.05 |     27 |
|    1 |                         vm_mod_fused_nn_conv2d_add_nn_relu_39 |        0.015 |        3095.64 |     27 |
|    2 |                         vm_mod_fused_nn_conv2d_add_nn_relu_46 |        0.014 |         528.26 |     27 |
|    3 |                                        vm_mod_fused_nn_conv2d |        0.015 |       13468.53 |     27 |
|    4 |                         vm_mod_fused_nn_conv2d_add_nn_relu_53 |        0.014 |         728.20 |     27 |
|    5 |                         vm_mod_fused_nn_conv2d_add_nn_relu_28 |        0.009 |        3215.30 |     27 |
|    6 |                                  vm_mod_fused_nn_avg_pool2d_2 |        0.004 |          28.91 |     27 |
|    7 |                         vm_mod_fused_nn_conv2d_add_nn_relu_35 |        0.020 |        1901.59 |     27 |
|    8 |                         vm_mod_fused_nn_conv2d_add_nn_relu_42 |        0.026 |        1935.67 |     27 |
|    9 |                         vm_mod_fused_nn_conv2d_add_nn_relu_17 |        0.012 |        7548.90 |     27 |
|   10 |                          vm_mod_fused_nn_conv2d_add_nn_relu_1 |        0.005 |        9731.76 |     27 |
|   11 |                         vm_mod_fused_nn_conv2d_add_nn_relu_24 |        0.011 |        1904.04 |     27 |
|   12 |                                     vm_mod_fused_nn_dense_add |        0.008 |         245.77 |     27 |
|   13 |                         vm_mod_fused_nn_conv2d_add_nn_relu_31 |        0.016 |        2073.86 |     27 |
|   14 |                         vm_mod_fused_nn_conv2d_add_nn_relu_13 |        0.012 |        5442.85 |     27 |
|   15 |                         vm_mod_fused_nn_conv2d_add_nn_relu_20 |        0.006 |        2322.88 |     27 |
|   16 |                          vm_mod_fused_nn_conv2d_add_nn_relu_8 |        0.007 |        4756.00 |     27 |
|   17 |                         vm_mod_fused_nn_conv2d_add_nn_relu_58 |        0.014 |         915.17 |     27 |
|   18 |                         vm_mod_fused_nn_conv2d_add_nn_relu_47 |        0.016 |         499.77 |     27 |
|   19 |                          vm_mod_fused_nn_conv2d_add_nn_relu_4 |        0.013 |       10032.87 |     27 |
|   20 |                         vm_mod_fused_nn_conv2d_add_nn_relu_29 |        0.008 |        3577.85 |     27 |
|   21 |                         vm_mod_fused_nn_conv2d_add_nn_relu_54 |        0.019 |         570.87 |     27 |
|   22 |                         vm_mod_fused_nn_conv2d_add_nn_relu_36 |        0.017 |        2372.88 |     27 |
|   23 |                         vm_mod_fused_nn_conv2d_add_nn_relu_43 |        0.009 |         687.63 |     27 |
|   24 |                         vm_mod_fused_nn_conv2d_add_nn_relu_18 |        0.016 |        5915.29 |     27 |
|   25 |                         vm_mod_fused_nn_conv2d_add_nn_relu_50 |        0.012 |         746.94 |     27 |
|   26 |                                  vm_mod_fused_nn_avg_pool2d_1 |        0.005 |          45.85 |     27 |
|   27 |                         vm_mod_fused_nn_conv2d_add_nn_relu_25 |        0.010 |        2172.84 |     27 |
|   28 |                         vm_mod_fused_nn_conv2d_add_nn_relu_32 |        0.020 |        1677.95 |     27 |
|   29 | vm_mod_fused_nn_contrib_conv2d_winograd_without_weight_transform_1 |        0.017 |        2666.41 |     27 |
|   30 |                                      vm_mod_fused_nn_conv2d_1 |        0.018 |       11405.71 |     27 |
|   31 |                         vm_mod_fused_nn_conv2d_add_nn_relu_14 |        0.010 |        6794.55 |     27 |
|   32 |                         vm_mod_fused_nn_conv2d_add_nn_relu_21 |        0.012 |        1398.45 |     27 |
|   33 |                            vm_mod_fused_nn_conv2d_add_nn_relu |        0.020 |       11897.77 |     27 |
|   34 |                         vm_mod_fused_nn_conv2d_add_nn_relu_10 |        0.006 |        7315.83 |     27 |
|   35 |                          vm_mod_fused_nn_conv2d_add_nn_relu_7 |        0.005 |        5611.59 |     27 |
|   36 | vm_mod_fused_nn_contrib_conv2d_winograd_without_weight_transform |        0.020 |        8275.47 |     27 |
|   37 |                         vm_mod_fused_nn_conv2d_add_nn_relu_48 |        0.009 |         932.19 |     27 |
|   38 |                         vm_mod_fused_nn_conv2d_add_nn_relu_55 |        0.020 |         561.28 |     27 |
|   39 |                         vm_mod_fused_nn_conv2d_add_nn_relu_37 |        0.015 |        2744.49 |     27 |
|   40 |                         vm_mod_fused_nn_conv2d_add_nn_relu_44 |        0.010 |         693.06 |     27 |
|   41 |                         vm_mod_fused_nn_conv2d_add_nn_relu_19 |        0.006 |        2016.57 |     27 |
|   42 |                          vm_mod_fused_nn_conv2d_add_nn_relu_3 |        0.008 |       12239.29 |     27 |
|   43 |                         vm_mod_fused_nn_conv2d_add_nn_relu_51 |        0.020 |         480.17 |     27 |
|   44 |                         vm_mod_fused_nn_conv2d_add_nn_relu_26 |        0.008 |        3018.36 |     27 |
|   45 | vm_mod_fused_nn_contrib_conv2d_winograd_without_weight_transform_2 |        0.014 |         852.09 |     27 |
|   46 |                         vm_mod_fused_nn_conv2d_add_nn_relu_33 |        0.016 |        2225.79 |     27 |
|   47 |                         vm_mod_fused_nn_conv2d_add_nn_relu_40 |        0.029 |        1621.43 |     27 |
|   48 |                           vm_mod_fused_nn_adaptive_avg_pool2d |        0.004 |          -0.00 |     27 |
|   49 |                         vm_mod_fused_nn_conv2d_add_nn_relu_15 |            - |              - |      0 |
|   50 |                         vm_mod_fused_nn_conv2d_add_nn_relu_22 |            - |              - |      0 |
|   51 |                                    vm_mod_fused_nn_avg_pool2d |            - |              - |      0 |
|   52 |                         vm_mod_fused_nn_conv2d_add_nn_relu_11 |            - |              - |      0 |
|   53 |                                      vm_mod_fused_nn_conv2d_2 |            - |              - |      0 |
|   54 |                          vm_mod_fused_nn_conv2d_add_nn_relu_6 |            - |              - |      0 |
|   55 |                         vm_mod_fused_nn_conv2d_add_nn_relu_49 |            - |              - |      0 |
|   56 |                         vm_mod_fused_nn_conv2d_add_nn_relu_56 |            - |              - |      0 |
|   57 |                         vm_mod_fused_nn_conv2d_add_nn_relu_38 |            - |              - |      0 |
|   58 |                         vm_mod_fused_nn_conv2d_add_nn_relu_45 |            - |              - |      0 |
|   59 |                         vm_mod_fused_nn_conv2d_add_nn_relu_52 |            - |              - |      0 |
|   60 | vm_mod_fused_nn_contrib_conv2d_winograd_without_weight_transform_3 |            - |              - |      0 |
|   61 |                         vm_mod_fused_nn_conv2d_add_nn_relu_27 |            - |              - |      0 |
|   62 |                          vm_mod_fused_nn_conv2d_add_nn_relu_2 |            - |              - |      0 |
|   63 |                         vm_mod_fused_nn_conv2d_add_nn_relu_34 |            - |              - |      0 |
|   64 |                         vm_mod_fused_nn_conv2d_add_nn_relu_41 |            - |              - |      0 |
|   65 |                                    vm_mod_fused_nn_max_pool2d |            - |              - |      0 |
|   66 |                         vm_mod_fused_nn_conv2d_add_nn_relu_16 |            - |              - |      0 |
|   67 |                         vm_mod_fused_nn_conv2d_add_nn_relu_23 |            - |              - |      0 |
|   68 |                         vm_mod_fused_nn_conv2d_add_nn_relu_30 |            - |              - |      0 |
----------------------------------------------------------------------
------------------------------  [ Search ]
----------------------------------------------------------------------
Generate Sketches		#s: 1
Sample Initial Population	#s: 65	fail_ct: 1983	Time elapsed: 6.12
GA Iter: 0	Max score: 0.9776	Min score: 0.2135	#Pop: 54	#M+: 0	#M-: 0
GA Iter: 4	Max score: 0.9999	Min score: 0.9909	#Pop: 54	#M+: 1391	#M-: 0
EvolutionarySearch		#s: 54	Time elapsed: 76.17
----------------------------------------------------------------------
------------------------------  [ Measure ]
----------------------------------------------------------------------
Get 27 programs to measure:
...........................***************************|   69 |                          vm_mod_fused_nn_conv2d_add_nn_relu_9 |            - |              - |      0 |
|   70 |                         vm_mod_fused_nn_conv2d_add_nn_relu_12 |            - |              - |      0 |
|   71 |                         vm_mod_fused_nn_conv2d_add_nn_relu_57 |            - |              - |      0 |
-----------------------------------------------------------------------------------------------------------------
Estimated total latency: - ms	Trials: 1323	Used time : 4974 s	Next ID: 49	

Time elapsed for measurement: 14.12 s
----------------------------------------------------------------------
------------------------------  [ Train cost model ]
----------------------------------------------------------------------
Time elapsed for training: 0.00 s
----------------------------------------------------------------------
------------------------------  [ Task Scheduler ]
----------------------------------------------------------------------
|  ID  |                       Task Description                        | Latency (ms) | Speed (GFLOPS) | Trials |
-----------------------------------------------------------------------------------------------------------------
|    0 |                          vm_mod_fused_nn_conv2d_add_nn_relu_5 |        0.015 |       10334.05 |     27 |
|    1 |                         vm_mod_fused_nn_conv2d_add_nn_relu_39 |        0.015 |        3095.64 |     27 |
|    2 |                         vm_mod_fused_nn_conv2d_add_nn_relu_46 |        0.014 |         528.26 |     27 |
|    3 |                                        vm_mod_fused_nn_conv2d |        0.015 |       13468.53 |     27 |
|    4 |                         vm_mod_fused_nn_conv2d_add_nn_relu_53 |        0.014 |         728.20 |     27 |
|    5 |                         vm_mod_fused_nn_conv2d_add_nn_relu_28 |        0.009 |        3215.30 |     27 |
|    6 |                                  vm_mod_fused_nn_avg_pool2d_2 |        0.004 |          28.91 |     27 |
|    7 |                         vm_mod_fused_nn_conv2d_add_nn_relu_35 |        0.020 |        1901.59 |     27 |
|    8 |                         vm_mod_fused_nn_conv2d_add_nn_relu_42 |        0.026 |        1935.67 |     27 |
|    9 |                         vm_mod_fused_nn_conv2d_add_nn_relu_17 |        0.012 |        7548.90 |     27 |
|   10 |                          vm_mod_fused_nn_conv2d_add_nn_relu_1 |        0.005 |        9731.76 |     27 |
|   11 |                         vm_mod_fused_nn_conv2d_add_nn_relu_24 |        0.011 |        1904.04 |     27 |
|   12 |                                     vm_mod_fused_nn_dense_add |        0.008 |         245.77 |     27 |
|   13 |                         vm_mod_fused_nn_conv2d_add_nn_relu_31 |        0.016 |        2073.86 |     27 |
|   14 |                         vm_mod_fused_nn_conv2d_add_nn_relu_13 |        0.012 |        5442.85 |     27 |
|   15 |                         vm_mod_fused_nn_conv2d_add_nn_relu_20 |        0.006 |        2322.88 |     27 |
|   16 |                          vm_mod_fused_nn_conv2d_add_nn_relu_8 |        0.007 |        4756.00 |     27 |
|   17 |                         vm_mod_fused_nn_conv2d_add_nn_relu_58 |        0.014 |         915.17 |     27 |
|   18 |                         vm_mod_fused_nn_conv2d_add_nn_relu_47 |        0.016 |         499.77 |     27 |
|   19 |                          vm_mod_fused_nn_conv2d_add_nn_relu_4 |        0.013 |       10032.87 |     27 |
|   20 |                         vm_mod_fused_nn_conv2d_add_nn_relu_29 |        0.008 |        3577.85 |     27 |
|   21 |                         vm_mod_fused_nn_conv2d_add_nn_relu_54 |        0.019 |         570.87 |     27 |
|   22 |                         vm_mod_fused_nn_conv2d_add_nn_relu_36 |        0.017 |        2372.88 |     27 |
|   23 |                         vm_mod_fused_nn_conv2d_add_nn_relu_43 |        0.009 |         687.63 |     27 |
|   24 |                         vm_mod_fused_nn_conv2d_add_nn_relu_18 |        0.016 |        5915.29 |     27 |
|   25 |                         vm_mod_fused_nn_conv2d_add_nn_relu_50 |        0.012 |         746.94 |     27 |
|   26 |                                  vm_mod_fused_nn_avg_pool2d_1 |        0.005 |          45.85 |     27 |
|   27 |                         vm_mod_fused_nn_conv2d_add_nn_relu_25 |        0.010 |        2172.84 |     27 |
|   28 |                         vm_mod_fused_nn_conv2d_add_nn_relu_32 |        0.020 |        1677.95 |     27 |
|   29 | vm_mod_fused_nn_contrib_conv2d_winograd_without_weight_transform_1 |        0.017 |        2666.41 |     27 |
|   30 |                                      vm_mod_fused_nn_conv2d_1 |        0.018 |       11405.71 |     27 |
|   31 |                         vm_mod_fused_nn_conv2d_add_nn_relu_14 |        0.010 |        6794.55 |     27 |
|   32 |                         vm_mod_fused_nn_conv2d_add_nn_relu_21 |        0.012 |        1398.45 |     27 |
|   33 |                            vm_mod_fused_nn_conv2d_add_nn_relu |        0.020 |       11897.77 |     27 |
|   34 |                         vm_mod_fused_nn_conv2d_add_nn_relu_10 |        0.006 |        7315.83 |     27 |
|   35 |                          vm_mod_fused_nn_conv2d_add_nn_relu_7 |        0.005 |        5611.59 |     27 |
|   36 | vm_mod_fused_nn_contrib_conv2d_winograd_without_weight_transform |        0.020 |        8275.47 |     27 |
|   37 |                         vm_mod_fused_nn_conv2d_add_nn_relu_48 |        0.009 |         932.19 |     27 |
|   38 |                         vm_mod_fused_nn_conv2d_add_nn_relu_55 |        0.020 |         561.28 |     27 |
|   39 |                         vm_mod_fused_nn_conv2d_add_nn_relu_37 |        0.015 |        2744.49 |     27 |
|   40 |                         vm_mod_fused_nn_conv2d_add_nn_relu_44 |        0.010 |         693.06 |     27 |
|   41 |                         vm_mod_fused_nn_conv2d_add_nn_relu_19 |        0.006 |        2016.57 |     27 |
|   42 |                          vm_mod_fused_nn_conv2d_add_nn_relu_3 |        0.008 |       12239.29 |     27 |
|   43 |                         vm_mod_fused_nn_conv2d_add_nn_relu_51 |        0.020 |         480.17 |     27 |
|   44 |                         vm_mod_fused_nn_conv2d_add_nn_relu_26 |        0.008 |        3018.36 |     27 |
|   45 | vm_mod_fused_nn_contrib_conv2d_winograd_without_weight_transform_2 |        0.014 |         852.09 |     27 |
|   46 |                         vm_mod_fused_nn_conv2d_add_nn_relu_33 |        0.016 |        2225.79 |     27 |
|   47 |                         vm_mod_fused_nn_conv2d_add_nn_relu_40 |        0.029 |        1621.43 |     27 |
|   48 |                           vm_mod_fused_nn_adaptive_avg_pool2d |        0.004 |          -0.00 |     27 |
|   49 |                         vm_mod_fused_nn_conv2d_add_nn_relu_15 |        0.020 |        3925.78 |     27 |
|   50 |                         vm_mod_fused_nn_conv2d_add_nn_relu_22 |            - |              - |      0 |
|   51 |                                    vm_mod_fused_nn_avg_pool2d |            - |              - |      0 |
|   52 |                         vm_mod_fused_nn_conv2d_add_nn_relu_11 |            - |              - |      0 |
|   53 |                                      vm_mod_fused_nn_conv2d_2 |            - |              - |      0 |
|   54 |                          vm_mod_fused_nn_conv2d_add_nn_relu_6 |            - |              - |      0 |
|   55 |                         vm_mod_fused_nn_conv2d_add_nn_relu_49 |            - |              - |      0 |
|   56 |                         vm_mod_fused_nn_conv2d_add_nn_relu_56 |            - |              - |      0 |
|   57 |                         vm_mod_fused_nn_conv2d_add_nn_relu_38 |            - |              - |      0 |
|   58 |                         vm_mod_fused_nn_conv2d_add_nn_relu_45 |            - |              - |      0 |
|   59 |                         vm_mod_fused_nn_conv2d_add_nn_relu_52 |            - |              - |      0 |
|   60 | vm_mod_fused_nn_contrib_conv2d_winograd_without_weight_transform_3 |            - |              - |      0 |
|   61 |                         vm_mod_fused_nn_conv2d_add_nn_relu_27 |            - |              - |      0 |
|   62 |                          vm_mod_fused_nn_conv2d_add_nn_relu_2 |            - |              - |      0 |
|   63 |                         vm_mod_fused_nn_conv2d_add_nn_relu_34 |            - |              - |      0 |
|   64 |                         vm_mod_fused_nn_conv2d_add_nn_relu_41 |            - |              - |      0 |
|   65 |                                    vm_mod_fused_nn_max_pool2d |            - |              - |      0 |
|   66 |                         vm_mod_fused_nn_conv2d_add_nn_relu_16 |            - |              - |      0 |
|   67 |                         vm_mod_fused_nn_conv2d_add_nn_relu_23 |            - |              - |      0 |
|   68 |                         vm_mod_fused_nn_conv2d_add_nn_relu_30 |            - |              - |      0 |
----------------------------------------------------------------------
------------------------------  [ Search ]
----------------------------------------------------------------------
Generate Sketches		#s: 1
Sample Initial Population	#s: 87	fail_ct: 1961	Time elapsed: 5.32
GA Iter: 0	Max score: 0.9952	Min score: 0.3318	#Pop: 54	#M+: 0	#M-: 0
GA Iter: 4	Max score: 0.9998	Min score: 0.9924	#Pop: 54	#M+: 1387	#M-: 0
EvolutionarySearch		#s: 54	Time elapsed: 72.91
----------------------------------------------------------------------
------------------------------  [ Measure ]
----------------------------------------------------------------------
Get 27 programs to measure:
...........................***************************|   69 |                          vm_mod_fused_nn_conv2d_add_nn_relu_9 |            - |              - |      0 |
|   70 |                         vm_mod_fused_nn_conv2d_add_nn_relu_12 |            - |              - |      0 |
|   71 |                         vm_mod_fused_nn_conv2d_add_nn_relu_57 |            - |              - |      0 |
-----------------------------------------------------------------------------------------------------------------
Estimated total latency: - ms	Trials: 1350	Used time : 5070 s	Next ID: 50	

Time elapsed for measurement: 14.36 s
----------------------------------------------------------------------
------------------------------  [ Train cost model ]
----------------------------------------------------------------------
Time elapsed for training: 0.00 s
----------------------------------------------------------------------
------------------------------  [ Task Scheduler ]
----------------------------------------------------------------------
|  ID  |                       Task Description                        | Latency (ms) | Speed (GFLOPS) | Trials |
-----------------------------------------------------------------------------------------------------------------
|    0 |                          vm_mod_fused_nn_conv2d_add_nn_relu_5 |        0.015 |       10334.05 |     27 |
|    1 |                         vm_mod_fused_nn_conv2d_add_nn_relu_39 |        0.015 |        3095.64 |     27 |
|    2 |                         vm_mod_fused_nn_conv2d_add_nn_relu_46 |        0.014 |         528.26 |     27 |
|    3 |                                        vm_mod_fused_nn_conv2d |        0.015 |       13468.53 |     27 |
|    4 |                         vm_mod_fused_nn_conv2d_add_nn_relu_53 |        0.014 |         728.20 |     27 |
|    5 |                         vm_mod_fused_nn_conv2d_add_nn_relu_28 |        0.009 |        3215.30 |     27 |
|    6 |                                  vm_mod_fused_nn_avg_pool2d_2 |        0.004 |          28.91 |     27 |
|    7 |                         vm_mod_fused_nn_conv2d_add_nn_relu_35 |        0.020 |        1901.59 |     27 |
|    8 |                         vm_mod_fused_nn_conv2d_add_nn_relu_42 |        0.026 |        1935.67 |     27 |
|    9 |                         vm_mod_fused_nn_conv2d_add_nn_relu_17 |        0.012 |        7548.90 |     27 |
|   10 |                          vm_mod_fused_nn_conv2d_add_nn_relu_1 |        0.005 |        9731.76 |     27 |
|   11 |                         vm_mod_fused_nn_conv2d_add_nn_relu_24 |        0.011 |        1904.04 |     27 |
|   12 |                                     vm_mod_fused_nn_dense_add |        0.008 |         245.77 |     27 |
|   13 |                         vm_mod_fused_nn_conv2d_add_nn_relu_31 |        0.016 |        2073.86 |     27 |
|   14 |                         vm_mod_fused_nn_conv2d_add_nn_relu_13 |        0.012 |        5442.85 |     27 |
|   15 |                         vm_mod_fused_nn_conv2d_add_nn_relu_20 |        0.006 |        2322.88 |     27 |
|   16 |                          vm_mod_fused_nn_conv2d_add_nn_relu_8 |        0.007 |        4756.00 |     27 |
|   17 |                         vm_mod_fused_nn_conv2d_add_nn_relu_58 |        0.014 |         915.17 |     27 |
|   18 |                         vm_mod_fused_nn_conv2d_add_nn_relu_47 |        0.016 |         499.77 |     27 |
|   19 |                          vm_mod_fused_nn_conv2d_add_nn_relu_4 |        0.013 |       10032.87 |     27 |
|   20 |                         vm_mod_fused_nn_conv2d_add_nn_relu_29 |        0.008 |        3577.85 |     27 |
|   21 |                         vm_mod_fused_nn_conv2d_add_nn_relu_54 |        0.019 |         570.87 |     27 |
|   22 |                         vm_mod_fused_nn_conv2d_add_nn_relu_36 |        0.017 |        2372.88 |     27 |
|   23 |                         vm_mod_fused_nn_conv2d_add_nn_relu_43 |        0.009 |         687.63 |     27 |
|   24 |                         vm_mod_fused_nn_conv2d_add_nn_relu_18 |        0.016 |        5915.29 |     27 |
|   25 |                         vm_mod_fused_nn_conv2d_add_nn_relu_50 |        0.012 |         746.94 |     27 |
|   26 |                                  vm_mod_fused_nn_avg_pool2d_1 |        0.005 |          45.85 |     27 |
|   27 |                         vm_mod_fused_nn_conv2d_add_nn_relu_25 |        0.010 |        2172.84 |     27 |
|   28 |                         vm_mod_fused_nn_conv2d_add_nn_relu_32 |        0.020 |        1677.95 |     27 |
|   29 | vm_mod_fused_nn_contrib_conv2d_winograd_without_weight_transform_1 |        0.017 |        2666.41 |     27 |
|   30 |                                      vm_mod_fused_nn_conv2d_1 |        0.018 |       11405.71 |     27 |
|   31 |                         vm_mod_fused_nn_conv2d_add_nn_relu_14 |        0.010 |        6794.55 |     27 |
|   32 |                         vm_mod_fused_nn_conv2d_add_nn_relu_21 |        0.012 |        1398.45 |     27 |
|   33 |                            vm_mod_fused_nn_conv2d_add_nn_relu |        0.020 |       11897.77 |     27 |
|   34 |                         vm_mod_fused_nn_conv2d_add_nn_relu_10 |        0.006 |        7315.83 |     27 |
|   35 |                          vm_mod_fused_nn_conv2d_add_nn_relu_7 |        0.005 |        5611.59 |     27 |
|   36 | vm_mod_fused_nn_contrib_conv2d_winograd_without_weight_transform |        0.020 |        8275.47 |     27 |
|   37 |                         vm_mod_fused_nn_conv2d_add_nn_relu_48 |        0.009 |         932.19 |     27 |
|   38 |                         vm_mod_fused_nn_conv2d_add_nn_relu_55 |        0.020 |         561.28 |     27 |
|   39 |                         vm_mod_fused_nn_conv2d_add_nn_relu_37 |        0.015 |        2744.49 |     27 |
|   40 |                         vm_mod_fused_nn_conv2d_add_nn_relu_44 |        0.010 |         693.06 |     27 |
|   41 |                         vm_mod_fused_nn_conv2d_add_nn_relu_19 |        0.006 |        2016.57 |     27 |
|   42 |                          vm_mod_fused_nn_conv2d_add_nn_relu_3 |        0.008 |       12239.29 |     27 |
|   43 |                         vm_mod_fused_nn_conv2d_add_nn_relu_51 |        0.020 |         480.17 |     27 |
|   44 |                         vm_mod_fused_nn_conv2d_add_nn_relu_26 |        0.008 |        3018.36 |     27 |
|   45 | vm_mod_fused_nn_contrib_conv2d_winograd_without_weight_transform_2 |        0.014 |         852.09 |     27 |
|   46 |                         vm_mod_fused_nn_conv2d_add_nn_relu_33 |        0.016 |        2225.79 |     27 |
|   47 |                         vm_mod_fused_nn_conv2d_add_nn_relu_40 |        0.029 |        1621.43 |     27 |
|   48 |                           vm_mod_fused_nn_adaptive_avg_pool2d |        0.004 |          -0.00 |     27 |
|   49 |                         vm_mod_fused_nn_conv2d_add_nn_relu_15 |        0.020 |        3925.78 |     27 |
|   50 |                         vm_mod_fused_nn_conv2d_add_nn_relu_22 |        0.011 |        1641.09 |     27 |
|   51 |                                    vm_mod_fused_nn_avg_pool2d |            - |              - |      0 |
|   52 |                         vm_mod_fused_nn_conv2d_add_nn_relu_11 |            - |              - |      0 |
|   53 |                                      vm_mod_fused_nn_conv2d_2 |            - |              - |      0 |
|   54 |                          vm_mod_fused_nn_conv2d_add_nn_relu_6 |            - |              - |      0 |
|   55 |                         vm_mod_fused_nn_conv2d_add_nn_relu_49 |            - |              - |      0 |
|   56 |                         vm_mod_fused_nn_conv2d_add_nn_relu_56 |            - |              - |      0 |
|   57 |                         vm_mod_fused_nn_conv2d_add_nn_relu_38 |            - |              - |      0 |
|   58 |                         vm_mod_fused_nn_conv2d_add_nn_relu_45 |            - |              - |      0 |
|   59 |                         vm_mod_fused_nn_conv2d_add_nn_relu_52 |            - |              - |      0 |
|   60 | vm_mod_fused_nn_contrib_conv2d_winograd_without_weight_transform_3 |            - |              - |      0 |
|   61 |                         vm_mod_fused_nn_conv2d_add_nn_relu_27 |            - |              - |      0 |
|   62 |                          vm_mod_fused_nn_conv2d_add_nn_relu_2 |            - |              - |      0 |
|   63 |                         vm_mod_fused_nn_conv2d_add_nn_relu_34 |            - |              - |      0 |
|   64 |                         vm_mod_fused_nn_conv2d_add_nn_relu_41 |            - |              - |      0 |
|   65 |                                    vm_mod_fused_nn_max_pool2d |            - |              - |      0 |
|   66 |                         vm_mod_fused_nn_conv2d_add_nn_relu_16 |            - |              - |      0 |
|   67 |                         vm_mod_fused_nn_conv2d_add_nn_relu_23 |            - |              - |      0 |
|   68 |                         vm_mod_fused_nn_conv2d_add_nn_relu_30 |            - |              - |      0 |
----------------------------------------------------------------------
------------------------------  [ Search ]
----------------------------------------------------------------------
Generate Sketches		#s: 1
Sample Initial Population	#s: 463	fail_ct: 1585	Time elapsed: 3.96
GA Iter: 0	Max score: 0.9951	Min score: 0.8819	#Pop: 54	#M+: 0	#M-: 0
GA Iter: 4	Max score: 0.9998	Min score: 0.9931	#Pop: 54	#M+: 1382	#M-: 0
EvolutionarySearch		#s: 54	Time elapsed: 14.69
----------------------------------------------------------------------
------------------------------  [ Measure ]
----------------------------------------------------------------------
Get 27 programs to measure:
...........................***************************|   69 |                          vm_mod_fused_nn_conv2d_add_nn_relu_9 |            - |              - |      0 |
|   70 |                         vm_mod_fused_nn_conv2d_add_nn_relu_12 |            - |              - |      0 |
|   71 |                         vm_mod_fused_nn_conv2d_add_nn_relu_57 |            - |              - |      0 |
-----------------------------------------------------------------------------------------------------------------
Estimated total latency: - ms	Trials: 1377	Used time : 5163 s	Next ID: 51	

Time elapsed for measurement: 11.27 s
----------------------------------------------------------------------
------------------------------  [ Train cost model ]
----------------------------------------------------------------------
Time elapsed for training: 0.00 s
----------------------------------------------------------------------
------------------------------  [ Task Scheduler ]
----------------------------------------------------------------------
|  ID  |                       Task Description                        | Latency (ms) | Speed (GFLOPS) | Trials |
-----------------------------------------------------------------------------------------------------------------
|    0 |                          vm_mod_fused_nn_conv2d_add_nn_relu_5 |        0.015 |       10334.05 |     27 |
|    1 |                         vm_mod_fused_nn_conv2d_add_nn_relu_39 |        0.015 |        3095.64 |     27 |
|    2 |                         vm_mod_fused_nn_conv2d_add_nn_relu_46 |        0.014 |         528.26 |     27 |
|    3 |                                        vm_mod_fused_nn_conv2d |        0.015 |       13468.53 |     27 |
|    4 |                         vm_mod_fused_nn_conv2d_add_nn_relu_53 |        0.014 |         728.20 |     27 |
|    5 |                         vm_mod_fused_nn_conv2d_add_nn_relu_28 |        0.009 |        3215.30 |     27 |
|    6 |                                  vm_mod_fused_nn_avg_pool2d_2 |        0.004 |          28.91 |     27 |
|    7 |                         vm_mod_fused_nn_conv2d_add_nn_relu_35 |        0.020 |        1901.59 |     27 |
|    8 |                         vm_mod_fused_nn_conv2d_add_nn_relu_42 |        0.026 |        1935.67 |     27 |
|    9 |                         vm_mod_fused_nn_conv2d_add_nn_relu_17 |        0.012 |        7548.90 |     27 |
|   10 |                          vm_mod_fused_nn_conv2d_add_nn_relu_1 |        0.005 |        9731.76 |     27 |
|   11 |                         vm_mod_fused_nn_conv2d_add_nn_relu_24 |        0.011 |        1904.04 |     27 |
|   12 |                                     vm_mod_fused_nn_dense_add |        0.008 |         245.77 |     27 |
|   13 |                         vm_mod_fused_nn_conv2d_add_nn_relu_31 |        0.016 |        2073.86 |     27 |
|   14 |                         vm_mod_fused_nn_conv2d_add_nn_relu_13 |        0.012 |        5442.85 |     27 |
|   15 |                         vm_mod_fused_nn_conv2d_add_nn_relu_20 |        0.006 |        2322.88 |     27 |
|   16 |                          vm_mod_fused_nn_conv2d_add_nn_relu_8 |        0.007 |        4756.00 |     27 |
|   17 |                         vm_mod_fused_nn_conv2d_add_nn_relu_58 |        0.014 |         915.17 |     27 |
|   18 |                         vm_mod_fused_nn_conv2d_add_nn_relu_47 |        0.016 |         499.77 |     27 |
|   19 |                          vm_mod_fused_nn_conv2d_add_nn_relu_4 |        0.013 |       10032.87 |     27 |
|   20 |                         vm_mod_fused_nn_conv2d_add_nn_relu_29 |        0.008 |        3577.85 |     27 |
|   21 |                         vm_mod_fused_nn_conv2d_add_nn_relu_54 |        0.019 |         570.87 |     27 |
|   22 |                         vm_mod_fused_nn_conv2d_add_nn_relu_36 |        0.017 |        2372.88 |     27 |
|   23 |                         vm_mod_fused_nn_conv2d_add_nn_relu_43 |        0.009 |         687.63 |     27 |
|   24 |                         vm_mod_fused_nn_conv2d_add_nn_relu_18 |        0.016 |        5915.29 |     27 |
|   25 |                         vm_mod_fused_nn_conv2d_add_nn_relu_50 |        0.012 |         746.94 |     27 |
|   26 |                                  vm_mod_fused_nn_avg_pool2d_1 |        0.005 |          45.85 |     27 |
|   27 |                         vm_mod_fused_nn_conv2d_add_nn_relu_25 |        0.010 |        2172.84 |     27 |
|   28 |                         vm_mod_fused_nn_conv2d_add_nn_relu_32 |        0.020 |        1677.95 |     27 |
|   29 | vm_mod_fused_nn_contrib_conv2d_winograd_without_weight_transform_1 |        0.017 |        2666.41 |     27 |
|   30 |                                      vm_mod_fused_nn_conv2d_1 |        0.018 |       11405.71 |     27 |
|   31 |                         vm_mod_fused_nn_conv2d_add_nn_relu_14 |        0.010 |        6794.55 |     27 |
|   32 |                         vm_mod_fused_nn_conv2d_add_nn_relu_21 |        0.012 |        1398.45 |     27 |
|   33 |                            vm_mod_fused_nn_conv2d_add_nn_relu |        0.020 |       11897.77 |     27 |
|   34 |                         vm_mod_fused_nn_conv2d_add_nn_relu_10 |        0.006 |        7315.83 |     27 |
|   35 |                          vm_mod_fused_nn_conv2d_add_nn_relu_7 |        0.005 |        5611.59 |     27 |
|   36 | vm_mod_fused_nn_contrib_conv2d_winograd_without_weight_transform |        0.020 |        8275.47 |     27 |
|   37 |                         vm_mod_fused_nn_conv2d_add_nn_relu_48 |        0.009 |         932.19 |     27 |
|   38 |                         vm_mod_fused_nn_conv2d_add_nn_relu_55 |        0.020 |         561.28 |     27 |
|   39 |                         vm_mod_fused_nn_conv2d_add_nn_relu_37 |        0.015 |        2744.49 |     27 |
|   40 |                         vm_mod_fused_nn_conv2d_add_nn_relu_44 |        0.010 |         693.06 |     27 |
|   41 |                         vm_mod_fused_nn_conv2d_add_nn_relu_19 |        0.006 |        2016.57 |     27 |
|   42 |                          vm_mod_fused_nn_conv2d_add_nn_relu_3 |        0.008 |       12239.29 |     27 |
|   43 |                         vm_mod_fused_nn_conv2d_add_nn_relu_51 |        0.020 |         480.17 |     27 |
|   44 |                         vm_mod_fused_nn_conv2d_add_nn_relu_26 |        0.008 |        3018.36 |     27 |
|   45 | vm_mod_fused_nn_contrib_conv2d_winograd_without_weight_transform_2 |        0.014 |         852.09 |     27 |
|   46 |                         vm_mod_fused_nn_conv2d_add_nn_relu_33 |        0.016 |        2225.79 |     27 |
|   47 |                         vm_mod_fused_nn_conv2d_add_nn_relu_40 |        0.029 |        1621.43 |     27 |
|   48 |                           vm_mod_fused_nn_adaptive_avg_pool2d |        0.004 |          -0.00 |     27 |
|   49 |                         vm_mod_fused_nn_conv2d_add_nn_relu_15 |        0.020 |        3925.78 |     27 |
|   50 |                         vm_mod_fused_nn_conv2d_add_nn_relu_22 |        0.011 |        1641.09 |     27 |
|   51 |                                    vm_mod_fused_nn_avg_pool2d |        0.004 |         112.09 |     27 |
|   52 |                         vm_mod_fused_nn_conv2d_add_nn_relu_11 |            - |              - |      0 |
|   53 |                                      vm_mod_fused_nn_conv2d_2 |            - |              - |      0 |
|   54 |                          vm_mod_fused_nn_conv2d_add_nn_relu_6 |            - |              - |      0 |
|   55 |                         vm_mod_fused_nn_conv2d_add_nn_relu_49 |            - |              - |      0 |
|   56 |                         vm_mod_fused_nn_conv2d_add_nn_relu_56 |            - |              - |      0 |
|   57 |                         vm_mod_fused_nn_conv2d_add_nn_relu_38 |            - |              - |      0 |
|   58 |                         vm_mod_fused_nn_conv2d_add_nn_relu_45 |            - |              - |      0 |
|   59 |                         vm_mod_fused_nn_conv2d_add_nn_relu_52 |            - |              - |      0 |
|   60 | vm_mod_fused_nn_contrib_conv2d_winograd_without_weight_transform_3 |            - |              - |      0 |
|   61 |                         vm_mod_fused_nn_conv2d_add_nn_relu_27 |            - |              - |      0 |
|   62 |                          vm_mod_fused_nn_conv2d_add_nn_relu_2 |            - |              - |      0 |
|   63 |                         vm_mod_fused_nn_conv2d_add_nn_relu_34 |            - |              - |      0 |
|   64 |                         vm_mod_fused_nn_conv2d_add_nn_relu_41 |            - |              - |      0 |
|   65 |                                    vm_mod_fused_nn_max_pool2d |            - |              - |      0 |
|   66 |                         vm_mod_fused_nn_conv2d_add_nn_relu_16 |            - |              - |      0 |
|   67 |                         vm_mod_fused_nn_conv2d_add_nn_relu_23 |            - |              - |      0 |
|   68 |                         vm_mod_fused_nn_conv2d_add_nn_relu_30 |            - |              - |      0 |
----------------------------------------------------------------------
------------------------------  [ Search ]
----------------------------------------------------------------------
Generate Sketches		#s: 1
Sample Initial Population	#s: 85	fail_ct: 1963	Time elapsed: 6.39
GA Iter: 0	Max score: 0.9882	Min score: 0.2576	#Pop: 54	#M+: 0	#M-: 0
GA Iter: 4	Max score: 0.9999	Min score: 0.9930	#Pop: 54	#M+: 1401	#M-: 0
EvolutionarySearch		#s: 54	Time elapsed: 76.79
----------------------------------------------------------------------
------------------------------  [ Measure ]
----------------------------------------------------------------------
Get 27 programs to measure:
...........................***************************|   69 |                          vm_mod_fused_nn_conv2d_add_nn_relu_9 |            - |              - |      0 |
|   70 |                         vm_mod_fused_nn_conv2d_add_nn_relu_12 |            - |              - |      0 |
|   71 |                         vm_mod_fused_nn_conv2d_add_nn_relu_57 |            - |              - |      0 |
-----------------------------------------------------------------------------------------------------------------
Estimated total latency: - ms	Trials: 1404	Used time : 5193 s	Next ID: 52	

Time elapsed for measurement: 19.06 s
----------------------------------------------------------------------
------------------------------  [ Train cost model ]
----------------------------------------------------------------------
Time elapsed for training: 0.00 s
----------------------------------------------------------------------
------------------------------  [ Task Scheduler ]
----------------------------------------------------------------------
|  ID  |                       Task Description                        | Latency (ms) | Speed (GFLOPS) | Trials |
-----------------------------------------------------------------------------------------------------------------
|    0 |                          vm_mod_fused_nn_conv2d_add_nn_relu_5 |        0.015 |       10334.05 |     27 |
|    1 |                         vm_mod_fused_nn_conv2d_add_nn_relu_39 |        0.015 |        3095.64 |     27 |
|    2 |                         vm_mod_fused_nn_conv2d_add_nn_relu_46 |        0.014 |         528.26 |     27 |
|    3 |                                        vm_mod_fused_nn_conv2d |        0.015 |       13468.53 |     27 |
|    4 |                         vm_mod_fused_nn_conv2d_add_nn_relu_53 |        0.014 |         728.20 |     27 |
|    5 |                         vm_mod_fused_nn_conv2d_add_nn_relu_28 |        0.009 |        3215.30 |     27 |
|    6 |                                  vm_mod_fused_nn_avg_pool2d_2 |        0.004 |          28.91 |     27 |
|    7 |                         vm_mod_fused_nn_conv2d_add_nn_relu_35 |        0.020 |        1901.59 |     27 |
|    8 |                         vm_mod_fused_nn_conv2d_add_nn_relu_42 |        0.026 |        1935.67 |     27 |
|    9 |                         vm_mod_fused_nn_conv2d_add_nn_relu_17 |        0.012 |        7548.90 |     27 |
|   10 |                          vm_mod_fused_nn_conv2d_add_nn_relu_1 |        0.005 |        9731.76 |     27 |
|   11 |                         vm_mod_fused_nn_conv2d_add_nn_relu_24 |        0.011 |        1904.04 |     27 |
|   12 |                                     vm_mod_fused_nn_dense_add |        0.008 |         245.77 |     27 |
|   13 |                         vm_mod_fused_nn_conv2d_add_nn_relu_31 |        0.016 |        2073.86 |     27 |
|   14 |                         vm_mod_fused_nn_conv2d_add_nn_relu_13 |        0.012 |        5442.85 |     27 |
|   15 |                         vm_mod_fused_nn_conv2d_add_nn_relu_20 |        0.006 |        2322.88 |     27 |
|   16 |                          vm_mod_fused_nn_conv2d_add_nn_relu_8 |        0.007 |        4756.00 |     27 |
|   17 |                         vm_mod_fused_nn_conv2d_add_nn_relu_58 |        0.014 |         915.17 |     27 |
|   18 |                         vm_mod_fused_nn_conv2d_add_nn_relu_47 |        0.016 |         499.77 |     27 |
|   19 |                          vm_mod_fused_nn_conv2d_add_nn_relu_4 |        0.013 |       10032.87 |     27 |
|   20 |                         vm_mod_fused_nn_conv2d_add_nn_relu_29 |        0.008 |        3577.85 |     27 |
|   21 |                         vm_mod_fused_nn_conv2d_add_nn_relu_54 |        0.019 |         570.87 |     27 |
|   22 |                         vm_mod_fused_nn_conv2d_add_nn_relu_36 |        0.017 |        2372.88 |     27 |
|   23 |                         vm_mod_fused_nn_conv2d_add_nn_relu_43 |        0.009 |         687.63 |     27 |
|   24 |                         vm_mod_fused_nn_conv2d_add_nn_relu_18 |        0.016 |        5915.29 |     27 |
|   25 |                         vm_mod_fused_nn_conv2d_add_nn_relu_50 |        0.012 |         746.94 |     27 |
|   26 |                                  vm_mod_fused_nn_avg_pool2d_1 |        0.005 |          45.85 |     27 |
|   27 |                         vm_mod_fused_nn_conv2d_add_nn_relu_25 |        0.010 |        2172.84 |     27 |
|   28 |                         vm_mod_fused_nn_conv2d_add_nn_relu_32 |        0.020 |        1677.95 |     27 |
|   29 | vm_mod_fused_nn_contrib_conv2d_winograd_without_weight_transform_1 |        0.017 |        2666.41 |     27 |
|   30 |                                      vm_mod_fused_nn_conv2d_1 |        0.018 |       11405.71 |     27 |
|   31 |                         vm_mod_fused_nn_conv2d_add_nn_relu_14 |        0.010 |        6794.55 |     27 |
|   32 |                         vm_mod_fused_nn_conv2d_add_nn_relu_21 |        0.012 |        1398.45 |     27 |
|   33 |                            vm_mod_fused_nn_conv2d_add_nn_relu |        0.020 |       11897.77 |     27 |
|   34 |                         vm_mod_fused_nn_conv2d_add_nn_relu_10 |        0.006 |        7315.83 |     27 |
|   35 |                          vm_mod_fused_nn_conv2d_add_nn_relu_7 |        0.005 |        5611.59 |     27 |
|   36 | vm_mod_fused_nn_contrib_conv2d_winograd_without_weight_transform |        0.020 |        8275.47 |     27 |
|   37 |                         vm_mod_fused_nn_conv2d_add_nn_relu_48 |        0.009 |         932.19 |     27 |
|   38 |                         vm_mod_fused_nn_conv2d_add_nn_relu_55 |        0.020 |         561.28 |     27 |
|   39 |                         vm_mod_fused_nn_conv2d_add_nn_relu_37 |        0.015 |        2744.49 |     27 |
|   40 |                         vm_mod_fused_nn_conv2d_add_nn_relu_44 |        0.010 |         693.06 |     27 |
|   41 |                         vm_mod_fused_nn_conv2d_add_nn_relu_19 |        0.006 |        2016.57 |     27 |
|   42 |                          vm_mod_fused_nn_conv2d_add_nn_relu_3 |        0.008 |       12239.29 |     27 |
|   43 |                         vm_mod_fused_nn_conv2d_add_nn_relu_51 |        0.020 |         480.17 |     27 |
|   44 |                         vm_mod_fused_nn_conv2d_add_nn_relu_26 |        0.008 |        3018.36 |     27 |
|   45 | vm_mod_fused_nn_contrib_conv2d_winograd_without_weight_transform_2 |        0.014 |         852.09 |     27 |
|   46 |                         vm_mod_fused_nn_conv2d_add_nn_relu_33 |        0.016 |        2225.79 |     27 |
|   47 |                         vm_mod_fused_nn_conv2d_add_nn_relu_40 |        0.029 |        1621.43 |     27 |
|   48 |                           vm_mod_fused_nn_adaptive_avg_pool2d |        0.004 |          -0.00 |     27 |
|   49 |                         vm_mod_fused_nn_conv2d_add_nn_relu_15 |        0.020 |        3925.78 |     27 |
|   50 |                         vm_mod_fused_nn_conv2d_add_nn_relu_22 |        0.011 |        1641.09 |     27 |
|   51 |                                    vm_mod_fused_nn_avg_pool2d |        0.004 |         112.09 |     27 |
|   52 |                         vm_mod_fused_nn_conv2d_add_nn_relu_11 |        0.007 |        7004.13 |     27 |
|   53 |                                      vm_mod_fused_nn_conv2d_2 |            - |              - |      0 |
|   54 |                          vm_mod_fused_nn_conv2d_add_nn_relu_6 |            - |              - |      0 |
|   55 |                         vm_mod_fused_nn_conv2d_add_nn_relu_49 |            - |              - |      0 |
|   56 |                         vm_mod_fused_nn_conv2d_add_nn_relu_56 |            - |              - |      0 |
|   57 |                         vm_mod_fused_nn_conv2d_add_nn_relu_38 |            - |              - |      0 |
|   58 |                         vm_mod_fused_nn_conv2d_add_nn_relu_45 |            - |              - |      0 |
|   59 |                         vm_mod_fused_nn_conv2d_add_nn_relu_52 |            - |              - |      0 |
|   60 | vm_mod_fused_nn_contrib_conv2d_winograd_without_weight_transform_3 |            - |              - |      0 |
|   61 |                         vm_mod_fused_nn_conv2d_add_nn_relu_27 |            - |              - |      0 |
|   62 |                          vm_mod_fused_nn_conv2d_add_nn_relu_2 |            - |              - |      0 |
|   63 |                         vm_mod_fused_nn_conv2d_add_nn_relu_34 |            - |              - |      0 |
|   64 |                         vm_mod_fused_nn_conv2d_add_nn_relu_41 |            - |              - |      0 |
|   65 |                                    vm_mod_fused_nn_max_pool2d |            - |              - |      0 |
|   66 |                         vm_mod_fused_nn_conv2d_add_nn_relu_16 |            - |              - |      0 |
|   67 |                         vm_mod_fused_nn_conv2d_add_nn_relu_23 |            - |              - |      0 |
|   68 |                         vm_mod_fused_nn_conv2d_add_nn_relu_30 |            - |              - |      0 |
----------------------------------------------------------------------
------------------------------  [ Search ]
----------------------------------------------------------------------
Generate Sketches		#s: 1
Sample Initial Population	#s: 68	fail_ct: 1980	Time elapsed: 6.25
GA Iter: 0	Max score: 0.9945	Min score: 0.1963	#Pop: 54	#M+: 0	#M-: 0
GA Iter: 4	Max score: 0.9998	Min score: 0.9915	#Pop: 54	#M+: 1384	#M-: 0
EvolutionarySearch		#s: 54	Time elapsed: 76.74
----------------------------------------------------------------------
------------------------------  [ Measure ]
----------------------------------------------------------------------
Get 27 programs to measure:
...........................***************************|   69 |                          vm_mod_fused_nn_conv2d_add_nn_relu_9 |            - |              - |      0 |
|   70 |                         vm_mod_fused_nn_conv2d_add_nn_relu_12 |            - |              - |      0 |
|   71 |                         vm_mod_fused_nn_conv2d_add_nn_relu_57 |            - |              - |      0 |
-----------------------------------------------------------------------------------------------------------------
Estimated total latency: - ms	Trials: 1431	Used time : 5295 s	Next ID: 53	

Time elapsed for measurement: 12.31 s
----------------------------------------------------------------------
------------------------------  [ Train cost model ]
----------------------------------------------------------------------
Time elapsed for training: 0.00 s
----------------------------------------------------------------------
------------------------------  [ Task Scheduler ]
----------------------------------------------------------------------
|  ID  |                       Task Description                        | Latency (ms) | Speed (GFLOPS) | Trials |
-----------------------------------------------------------------------------------------------------------------
|    0 |                          vm_mod_fused_nn_conv2d_add_nn_relu_5 |        0.015 |       10334.05 |     27 |
|    1 |                         vm_mod_fused_nn_conv2d_add_nn_relu_39 |        0.015 |        3095.64 |     27 |
|    2 |                         vm_mod_fused_nn_conv2d_add_nn_relu_46 |        0.014 |         528.26 |     27 |
|    3 |                                        vm_mod_fused_nn_conv2d |        0.015 |       13468.53 |     27 |
|    4 |                         vm_mod_fused_nn_conv2d_add_nn_relu_53 |        0.014 |         728.20 |     27 |
|    5 |                         vm_mod_fused_nn_conv2d_add_nn_relu_28 |        0.009 |        3215.30 |     27 |
|    6 |                                  vm_mod_fused_nn_avg_pool2d_2 |        0.004 |          28.91 |     27 |
|    7 |                         vm_mod_fused_nn_conv2d_add_nn_relu_35 |        0.020 |        1901.59 |     27 |
|    8 |                         vm_mod_fused_nn_conv2d_add_nn_relu_42 |        0.026 |        1935.67 |     27 |
|    9 |                         vm_mod_fused_nn_conv2d_add_nn_relu_17 |        0.012 |        7548.90 |     27 |
|   10 |                          vm_mod_fused_nn_conv2d_add_nn_relu_1 |        0.005 |        9731.76 |     27 |
|   11 |                         vm_mod_fused_nn_conv2d_add_nn_relu_24 |        0.011 |        1904.04 |     27 |
|   12 |                                     vm_mod_fused_nn_dense_add |        0.008 |         245.77 |     27 |
|   13 |                         vm_mod_fused_nn_conv2d_add_nn_relu_31 |        0.016 |        2073.86 |     27 |
|   14 |                         vm_mod_fused_nn_conv2d_add_nn_relu_13 |        0.012 |        5442.85 |     27 |
|   15 |                         vm_mod_fused_nn_conv2d_add_nn_relu_20 |        0.006 |        2322.88 |     27 |
|   16 |                          vm_mod_fused_nn_conv2d_add_nn_relu_8 |        0.007 |        4756.00 |     27 |
|   17 |                         vm_mod_fused_nn_conv2d_add_nn_relu_58 |        0.014 |         915.17 |     27 |
|   18 |                         vm_mod_fused_nn_conv2d_add_nn_relu_47 |        0.016 |         499.77 |     27 |
|   19 |                          vm_mod_fused_nn_conv2d_add_nn_relu_4 |        0.013 |       10032.87 |     27 |
|   20 |                         vm_mod_fused_nn_conv2d_add_nn_relu_29 |        0.008 |        3577.85 |     27 |
|   21 |                         vm_mod_fused_nn_conv2d_add_nn_relu_54 |        0.019 |         570.87 |     27 |
|   22 |                         vm_mod_fused_nn_conv2d_add_nn_relu_36 |        0.017 |        2372.88 |     27 |
|   23 |                         vm_mod_fused_nn_conv2d_add_nn_relu_43 |        0.009 |         687.63 |     27 |
|   24 |                         vm_mod_fused_nn_conv2d_add_nn_relu_18 |        0.016 |        5915.29 |     27 |
|   25 |                         vm_mod_fused_nn_conv2d_add_nn_relu_50 |        0.012 |         746.94 |     27 |
|   26 |                                  vm_mod_fused_nn_avg_pool2d_1 |        0.005 |          45.85 |     27 |
|   27 |                         vm_mod_fused_nn_conv2d_add_nn_relu_25 |        0.010 |        2172.84 |     27 |
|   28 |                         vm_mod_fused_nn_conv2d_add_nn_relu_32 |        0.020 |        1677.95 |     27 |
|   29 | vm_mod_fused_nn_contrib_conv2d_winograd_without_weight_transform_1 |        0.017 |        2666.41 |     27 |
|   30 |                                      vm_mod_fused_nn_conv2d_1 |        0.018 |       11405.71 |     27 |
|   31 |                         vm_mod_fused_nn_conv2d_add_nn_relu_14 |        0.010 |        6794.55 |     27 |
|   32 |                         vm_mod_fused_nn_conv2d_add_nn_relu_21 |        0.012 |        1398.45 |     27 |
|   33 |                            vm_mod_fused_nn_conv2d_add_nn_relu |        0.020 |       11897.77 |     27 |
|   34 |                         vm_mod_fused_nn_conv2d_add_nn_relu_10 |        0.006 |        7315.83 |     27 |
|   35 |                          vm_mod_fused_nn_conv2d_add_nn_relu_7 |        0.005 |        5611.59 |     27 |
|   36 | vm_mod_fused_nn_contrib_conv2d_winograd_without_weight_transform |        0.020 |        8275.47 |     27 |
|   37 |                         vm_mod_fused_nn_conv2d_add_nn_relu_48 |        0.009 |         932.19 |     27 |
|   38 |                         vm_mod_fused_nn_conv2d_add_nn_relu_55 |        0.020 |         561.28 |     27 |
|   39 |                         vm_mod_fused_nn_conv2d_add_nn_relu_37 |        0.015 |        2744.49 |     27 |
|   40 |                         vm_mod_fused_nn_conv2d_add_nn_relu_44 |        0.010 |         693.06 |     27 |
|   41 |                         vm_mod_fused_nn_conv2d_add_nn_relu_19 |        0.006 |        2016.57 |     27 |
|   42 |                          vm_mod_fused_nn_conv2d_add_nn_relu_3 |        0.008 |       12239.29 |     27 |
|   43 |                         vm_mod_fused_nn_conv2d_add_nn_relu_51 |        0.020 |         480.17 |     27 |
|   44 |                         vm_mod_fused_nn_conv2d_add_nn_relu_26 |        0.008 |        3018.36 |     27 |
|   45 | vm_mod_fused_nn_contrib_conv2d_winograd_without_weight_transform_2 |        0.014 |         852.09 |     27 |
|   46 |                         vm_mod_fused_nn_conv2d_add_nn_relu_33 |        0.016 |        2225.79 |     27 |
|   47 |                         vm_mod_fused_nn_conv2d_add_nn_relu_40 |        0.029 |        1621.43 |     27 |
|   48 |                           vm_mod_fused_nn_adaptive_avg_pool2d |        0.004 |          -0.00 |     27 |
|   49 |                         vm_mod_fused_nn_conv2d_add_nn_relu_15 |        0.020 |        3925.78 |     27 |
|   50 |                         vm_mod_fused_nn_conv2d_add_nn_relu_22 |        0.011 |        1641.09 |     27 |
|   51 |                                    vm_mod_fused_nn_avg_pool2d |        0.004 |         112.09 |     27 |
|   52 |                         vm_mod_fused_nn_conv2d_add_nn_relu_11 |        0.007 |        7004.13 |     27 |
|   53 |                                      vm_mod_fused_nn_conv2d_2 |        0.026 |        7948.12 |     27 |
|   54 |                          vm_mod_fused_nn_conv2d_add_nn_relu_6 |            - |              - |      0 |
|   55 |                         vm_mod_fused_nn_conv2d_add_nn_relu_49 |            - |              - |      0 |
|   56 |                         vm_mod_fused_nn_conv2d_add_nn_relu_56 |            - |              - |      0 |
|   57 |                         vm_mod_fused_nn_conv2d_add_nn_relu_38 |            - |              - |      0 |
|   58 |                         vm_mod_fused_nn_conv2d_add_nn_relu_45 |            - |              - |      0 |
|   59 |                         vm_mod_fused_nn_conv2d_add_nn_relu_52 |            - |              - |      0 |
|   60 | vm_mod_fused_nn_contrib_conv2d_winograd_without_weight_transform_3 |            - |              - |      0 |
|   61 |                         vm_mod_fused_nn_conv2d_add_nn_relu_27 |            - |              - |      0 |
|   62 |                          vm_mod_fused_nn_conv2d_add_nn_relu_2 |            - |              - |      0 |
|   63 |                         vm_mod_fused_nn_conv2d_add_nn_relu_34 |            - |              - |      0 |
|   64 |                         vm_mod_fused_nn_conv2d_add_nn_relu_41 |            - |              - |      0 |
|   65 |                                    vm_mod_fused_nn_max_pool2d |            - |              - |      0 |
|   66 |                         vm_mod_fused_nn_conv2d_add_nn_relu_16 |            - |              - |      0 |
|   67 |                         vm_mod_fused_nn_conv2d_add_nn_relu_23 |            - |              - |      0 |
|   68 |                         vm_mod_fused_nn_conv2d_add_nn_relu_30 |            - |              - |      0 |
----------------------------------------------------------------------
------------------------------  [ Search ]
----------------------------------------------------------------------
Generate Sketches		#s: 1
Sample Initial Population	#s: 52	fail_ct: 1996	Time elapsed: 6.64
GA Iter: 0	Max score: 0.9857	Min score: 0.0037	#Pop: 52	#M+: 0	#M-: 0
GA Iter: 4	Max score: 0.9996	Min score: 0.9905	#Pop: 54	#M+: 1387	#M-: 0
EvolutionarySearch		#s: 54	Time elapsed: 78.51
----------------------------------------------------------------------
------------------------------  [ Measure ]
----------------------------------------------------------------------
Get 27 programs to measure:
...........................***************************|   69 |                          vm_mod_fused_nn_conv2d_add_nn_relu_9 |            - |              - |      0 |
|   70 |                         vm_mod_fused_nn_conv2d_add_nn_relu_12 |            - |              - |      0 |
|   71 |                         vm_mod_fused_nn_conv2d_add_nn_relu_57 |            - |              - |      0 |
-----------------------------------------------------------------------------------------------------------------
Estimated total latency: - ms	Trials: 1458	Used time : 5391 s	Next ID: 54	

Time elapsed for measurement: 17.42 s
----------------------------------------------------------------------
------------------------------  [ Train cost model ]
----------------------------------------------------------------------
Time elapsed for training: 0.00 s
----------------------------------------------------------------------
------------------------------  [ Task Scheduler ]
----------------------------------------------------------------------
|  ID  |                       Task Description                        | Latency (ms) | Speed (GFLOPS) | Trials |
-----------------------------------------------------------------------------------------------------------------
|    0 |                          vm_mod_fused_nn_conv2d_add_nn_relu_5 |        0.015 |       10334.05 |     27 |
|    1 |                         vm_mod_fused_nn_conv2d_add_nn_relu_39 |        0.015 |        3095.64 |     27 |
|    2 |                         vm_mod_fused_nn_conv2d_add_nn_relu_46 |        0.014 |         528.26 |     27 |
|    3 |                                        vm_mod_fused_nn_conv2d |        0.015 |       13468.53 |     27 |
|    4 |                         vm_mod_fused_nn_conv2d_add_nn_relu_53 |        0.014 |         728.20 |     27 |
|    5 |                         vm_mod_fused_nn_conv2d_add_nn_relu_28 |        0.009 |        3215.30 |     27 |
|    6 |                                  vm_mod_fused_nn_avg_pool2d_2 |        0.004 |          28.91 |     27 |
|    7 |                         vm_mod_fused_nn_conv2d_add_nn_relu_35 |        0.020 |        1901.59 |     27 |
|    8 |                         vm_mod_fused_nn_conv2d_add_nn_relu_42 |        0.026 |        1935.67 |     27 |
|    9 |                         vm_mod_fused_nn_conv2d_add_nn_relu_17 |        0.012 |        7548.90 |     27 |
|   10 |                          vm_mod_fused_nn_conv2d_add_nn_relu_1 |        0.005 |        9731.76 |     27 |
|   11 |                         vm_mod_fused_nn_conv2d_add_nn_relu_24 |        0.011 |        1904.04 |     27 |
|   12 |                                     vm_mod_fused_nn_dense_add |        0.008 |         245.77 |     27 |
|   13 |                         vm_mod_fused_nn_conv2d_add_nn_relu_31 |        0.016 |        2073.86 |     27 |
|   14 |                         vm_mod_fused_nn_conv2d_add_nn_relu_13 |        0.012 |        5442.85 |     27 |
|   15 |                         vm_mod_fused_nn_conv2d_add_nn_relu_20 |        0.006 |        2322.88 |     27 |
|   16 |                          vm_mod_fused_nn_conv2d_add_nn_relu_8 |        0.007 |        4756.00 |     27 |
|   17 |                         vm_mod_fused_nn_conv2d_add_nn_relu_58 |        0.014 |         915.17 |     27 |
|   18 |                         vm_mod_fused_nn_conv2d_add_nn_relu_47 |        0.016 |         499.77 |     27 |
|   19 |                          vm_mod_fused_nn_conv2d_add_nn_relu_4 |        0.013 |       10032.87 |     27 |
|   20 |                         vm_mod_fused_nn_conv2d_add_nn_relu_29 |        0.008 |        3577.85 |     27 |
|   21 |                         vm_mod_fused_nn_conv2d_add_nn_relu_54 |        0.019 |         570.87 |     27 |
|   22 |                         vm_mod_fused_nn_conv2d_add_nn_relu_36 |        0.017 |        2372.88 |     27 |
|   23 |                         vm_mod_fused_nn_conv2d_add_nn_relu_43 |        0.009 |         687.63 |     27 |
|   24 |                         vm_mod_fused_nn_conv2d_add_nn_relu_18 |        0.016 |        5915.29 |     27 |
|   25 |                         vm_mod_fused_nn_conv2d_add_nn_relu_50 |        0.012 |         746.94 |     27 |
|   26 |                                  vm_mod_fused_nn_avg_pool2d_1 |        0.005 |          45.85 |     27 |
|   27 |                         vm_mod_fused_nn_conv2d_add_nn_relu_25 |        0.010 |        2172.84 |     27 |
|   28 |                         vm_mod_fused_nn_conv2d_add_nn_relu_32 |        0.020 |        1677.95 |     27 |
|   29 | vm_mod_fused_nn_contrib_conv2d_winograd_without_weight_transform_1 |        0.017 |        2666.41 |     27 |
|   30 |                                      vm_mod_fused_nn_conv2d_1 |        0.018 |       11405.71 |     27 |
|   31 |                         vm_mod_fused_nn_conv2d_add_nn_relu_14 |        0.010 |        6794.55 |     27 |
|   32 |                         vm_mod_fused_nn_conv2d_add_nn_relu_21 |        0.012 |        1398.45 |     27 |
|   33 |                            vm_mod_fused_nn_conv2d_add_nn_relu |        0.020 |       11897.77 |     27 |
|   34 |                         vm_mod_fused_nn_conv2d_add_nn_relu_10 |        0.006 |        7315.83 |     27 |
|   35 |                          vm_mod_fused_nn_conv2d_add_nn_relu_7 |        0.005 |        5611.59 |     27 |
|   36 | vm_mod_fused_nn_contrib_conv2d_winograd_without_weight_transform |        0.020 |        8275.47 |     27 |
|   37 |                         vm_mod_fused_nn_conv2d_add_nn_relu_48 |        0.009 |         932.19 |     27 |
|   38 |                         vm_mod_fused_nn_conv2d_add_nn_relu_55 |        0.020 |         561.28 |     27 |
|   39 |                         vm_mod_fused_nn_conv2d_add_nn_relu_37 |        0.015 |        2744.49 |     27 |
|   40 |                         vm_mod_fused_nn_conv2d_add_nn_relu_44 |        0.010 |         693.06 |     27 |
|   41 |                         vm_mod_fused_nn_conv2d_add_nn_relu_19 |        0.006 |        2016.57 |     27 |
|   42 |                          vm_mod_fused_nn_conv2d_add_nn_relu_3 |        0.008 |       12239.29 |     27 |
|   43 |                         vm_mod_fused_nn_conv2d_add_nn_relu_51 |        0.020 |         480.17 |     27 |
|   44 |                         vm_mod_fused_nn_conv2d_add_nn_relu_26 |        0.008 |        3018.36 |     27 |
|   45 | vm_mod_fused_nn_contrib_conv2d_winograd_without_weight_transform_2 |        0.014 |         852.09 |     27 |
|   46 |                         vm_mod_fused_nn_conv2d_add_nn_relu_33 |        0.016 |        2225.79 |     27 |
|   47 |                         vm_mod_fused_nn_conv2d_add_nn_relu_40 |        0.029 |        1621.43 |     27 |
|   48 |                           vm_mod_fused_nn_adaptive_avg_pool2d |        0.004 |          -0.00 |     27 |
|   49 |                         vm_mod_fused_nn_conv2d_add_nn_relu_15 |        0.020 |        3925.78 |     27 |
|   50 |                         vm_mod_fused_nn_conv2d_add_nn_relu_22 |        0.011 |        1641.09 |     27 |
|   51 |                                    vm_mod_fused_nn_avg_pool2d |        0.004 |         112.09 |     27 |
|   52 |                         vm_mod_fused_nn_conv2d_add_nn_relu_11 |        0.007 |        7004.13 |     27 |
|   53 |                                      vm_mod_fused_nn_conv2d_2 |        0.026 |        7948.12 |     27 |
|   54 |                          vm_mod_fused_nn_conv2d_add_nn_relu_6 |        0.020 |        9261.28 |     27 |
|   55 |                         vm_mod_fused_nn_conv2d_add_nn_relu_49 |            - |              - |      0 |
|   56 |                         vm_mod_fused_nn_conv2d_add_nn_relu_56 |            - |              - |      0 |
|   57 |                         vm_mod_fused_nn_conv2d_add_nn_relu_38 |            - |              - |      0 |
|   58 |                         vm_mod_fused_nn_conv2d_add_nn_relu_45 |            - |              - |      0 |
|   59 |                         vm_mod_fused_nn_conv2d_add_nn_relu_52 |            - |              - |      0 |
|   60 | vm_mod_fused_nn_contrib_conv2d_winograd_without_weight_transform_3 |            - |              - |      0 |
|   61 |                         vm_mod_fused_nn_conv2d_add_nn_relu_27 |            - |              - |      0 |
|   62 |                          vm_mod_fused_nn_conv2d_add_nn_relu_2 |            - |              - |      0 |
|   63 |                         vm_mod_fused_nn_conv2d_add_nn_relu_34 |            - |              - |      0 |
|   64 |                         vm_mod_fused_nn_conv2d_add_nn_relu_41 |            - |              - |      0 |
|   65 |                                    vm_mod_fused_nn_max_pool2d |            - |              - |      0 |
|   66 |                         vm_mod_fused_nn_conv2d_add_nn_relu_16 |            - |              - |      0 |
|   67 |                         vm_mod_fused_nn_conv2d_add_nn_relu_23 |            - |              - |      0 |
|   68 |                         vm_mod_fused_nn_conv2d_add_nn_relu_30 |            - |              - |      0 |
----------------------------------------------------------------------
------------------------------  [ Search ]
----------------------------------------------------------------------
Generate Sketches		#s: 1
Sample Initial Population	#s: 94	fail_ct: 1954	Time elapsed: 4.77
GA Iter: 0	Max score: 0.9884	Min score: 0.4532	#Pop: 54	#M+: 0	#M-: 0
GA Iter: 4	Max score: 0.9998	Min score: 0.9928	#Pop: 54	#M+: 1400	#M-: 0
EvolutionarySearch		#s: 54	Time elapsed: 67.67
----------------------------------------------------------------------
------------------------------  [ Measure ]
----------------------------------------------------------------------
Get 27 programs to measure:
...........................********Eterminate called after throwing an instance of 'tvm::runtime::InternalError'
  what():  [13:16:16] /data3/qsy/complier/tlm/src/runtime/cuda/cuda_module.cc:61: CUDAError: cuModuleUnload(module_[i]) failed with error: CUDA_ERROR_MISALIGNED_ADDRESS
Stack trace:
  0: tvm::runtime::SimpleObjAllocator::Handler<tvm::runtime::CUDAModuleNode>::Deleter_(tvm::runtime::Object*)
  1: tvm::runtime::SimpleObjAllocator::Handler<tvm::runtime::LibraryModuleNode>::Deleter_(tvm::runtime::Object*)
  2: _ZN3tvm7runtime18SimpleObjAllocator7HandlerINS0_16PackedFuncS
  3: _ZN3tvm7runtime18SimpleObjAllocator7HandlerINS0_16PackedFuncSubObjIZNS0_9profiling17WrapTimeE
  4: TVMObjectFree
  5: __pyx_tp_dealloc_3tvm_4_ffi_4_cy3_4core_PackedFuncBase(_object*)
  6: subtype_dealloc
        at /usr/local/src/conda/python-3.10.18/Objects/typeobject.c:1460
  7: _Py_DECREF
        at /usr/local/src/conda/python-3.10.18/Include/object.h:500
  8: _Py_XDECREF
        at /usr/local/src/conda/python-3.10.18/Include/object.h:567
  9: cell_dealloc
        at /usr/local/src/conda/python-3.10.18/Objects/cellobject.c:82
  10: _Py_Dealloc
        at /usr/local/src/conda/python-3.10.18/Objects/object.c:2301
  11: _Py_DECREF
        at /usr/local/src/conda/python-3.10.18/Include/object.h:500
  12: _Py_XDECREF
        at /usr/local/src/conda/python-3.10.18/Include/object.h:567
  13: tupledealloc
        at /usr/local/src/conda/python-3.10.18/Objects/tupleobject.c:276
  14: _Py_Dealloc
        at /usr/local/src/conda/python-3.10.18/Objects/object.c:2301
  15: _Py_DECREF
        at /usr/local/src/conda/python-3.10.18/Include/object.h:500
  16: func_clear
        at /usr/local/src/conda/python-3.10.18/Objects/funcobject.c:636
  17: func_dealloc
        at /usr/local/src/conda/python-3.10.18/Objects/funcobject.c:648
  18: _Py_Dealloc
        at /usr/local/src/conda/python-3.10.18/Objects/object.c:2301
  19: _Py_DECREF
        at /usr/local/src/conda/python-3.10.18/Include/object.h:500
  20: frame_dealloc
        at /usr/local/src/conda/python-3.10.18/Objects/frameobject.c:591
  21: _Py_Dealloc
        at /usr/local/src/conda/python-3.10.18/Objects/object.c:2301
  22: _Py_DECREF
        at /usr/local/src/conda/python-3.10.18/Include/object.h:500
  23: _PyEval_Vector
        at /usr/local/src/conda/python-3.10.18/Python/ceval.c:5080
  24: _PyFunction_Vectorcall
        at /usr/local/src/conda/python-3.10.18/Objects/call.c:342
  25: do_call_core
        at /usr/local/src/conda/python-3.10.18/Python/ceval.c:5945
  26: _PyEval_EvalFrameDefault
        at /usr/local/src/conda/python-3.10.18/Python/ceval.c:4277
  27: _PyEval_EvalFrame
        at /usr/local/src/conda/python-3.10.18/Include/internal/pycore_ceval.h:46
  28: _PyEval_Vector
        at /usr/local/src/conda/python-3.10.18/Python/ceval.c:5067
  29: _PyFunction_Vectorcall
        at /usr/local/src/conda/python-3.10.18/Objects/call.c:342
  30: _PyObject_VectorcallTstate
        at /usr/local/src/conda/python-3.10.18/Include/cpython/abstract.h:114
  31: PyObject_Vectorcall
        at /usr/local/src/conda/python-3.10.18/Include/cpython/abstract.h:123
  32: call_function
        at /usr/local/src/conda/python-3.10.18/Python/ceval.c:5893
  33: _PyEval_EvalFrameDefault
        at /usr/local/src/conda/python-3.10.18/Python/ceval.c:4213
  34: _PyEval_EvalFrame
        at /usr/local/src/conda/python-3.10.18/Include/internal/pycore_ceval.h:46
  35: _PyEval_Vector
        at /usr/local/src/conda/python-3.10.18/Python/ceval.c:5067
  36: PyEval_EvalCode
        at /usr/local/src/conda/python-3.10.18/Python/ceval.c:1134
  37: builtin_exec_impl
        at /usr/local/src/conda/python-3.10.18/Python/bltinmodule.c:1058
  38: builtin_exec
        at /usr/local/src/conda/python-3.10.18/Python/clinic/bltinmodule.c.h:371
  39: cfunction_vectorcall_FASTCALL
        at /usr/local/src/conda/python-3.10.18/Objects/methodobject.c:430
  40: _PyObject_VectorcallTstate
        at /usr/local/src/conda/python-3.10.18/Include/cpython/abstract.h:114
  41: PyObject_Vectorcall
        at /usr/local/src/conda/python-3.10.18/Include/cpython/abstract.h:123
  42: call_function
        at /usr/local/src/conda/python-3.10.18/Python/ceval.c:5893
  43: _PyEval_EvalFrameDefault
        at /usr/local/src/conda/python-3.10.18/Python/ceval.c:4213
  44: _PyEval_EvalFrame
        at /usr/local/src/conda/python-3.10.18/Include/internal/pycore_ceval.h:46
  45: _PyEval_Vector
        at /usr/local/src/conda/python-3.10.18/Python/ceval.c:5067
  46: _PyFunction_Vectorcall
        at /usr/local/src/conda/python-3.10.18/Objects/call.c:342
  47: _PyObject_VectorcallTstate
        at /usr/local/src/conda/python-3.10.18/Include/cpython/abstract.h:114
  48: PyObject_Vectorcall
        at /usr/local/src/conda/python-3.10.18/Include/cpython/abstract.h:123
  49: call_function
        at /usr/local/src/conda/python-3.10.18/Python/ceval.c:5893
  50: _PyEval_EvalFrameDefault
        at /usr/local/src/conda/python-3.10.18/Python/ceval.c:4213
  51: _PyEval_EvalFrame
        at /usr/local/src/conda/python-3.10.18/Include/internal/pycore_ceval.h:46
  52: _PyEval_Vector
        at /usr/local/src/conda/python-3.10.18/Python/ceval.c:5067
  53: _PyFunction_Vectorcall
        at /usr/local/src/conda/python-3.10.18/Objects/call.c:342
  54: pymain_run_module
        at /usr/local/src/conda/python-3.10.18/Modules/main.c:297
  55: pymain_run_python
        at /usr/local/src/conda/python-3.10.18/Modules/main.c:589
  56: Py_RunMain
        at /usr/local/src/conda/python-3.10.18/Modules/main.c:674
  57: Py_BytesMain
        at /usr/local/src/conda/python-3.10.18/Modules/main.c:1094
  58: __libc_start_main
        at ../csu/libc-start.c:308
  59: 0x000000000058728d
  60: 0xffffffffffffffff


|   69 |                          vm_mod_fused_nn_conv2d_add_nn_relu_9 |            - |              - |      0 |
|   70 |                         vm_mod_fused_nn_conv2d_add_nn_relu_12 |            - |              - |      0 |
|   71 |                         vm_mod_fused_nn_conv2d_add_nn_relu_57 |            - |              - |      0 |
-----------------------------------------------------------------------------------------------------------------
Estimated total latency: - ms	Trials: 1485	Used time : 5494 s	Next ID: 55	
*E****************Eterminate called after throwing an instance of 'tvm::runtime::InternalError'
  what():  [13:16:22] /data3/qsy/complier/tlm/src/runtime/cuda/cuda_module.cc:61: CUDAError: cuModuleUnload(module_[i]) failed with error: CUDA_ERROR_MISALIGNED_ADDRESS
Stack trace:
  0: tvm::runtime::SimpleObjAllocator::Handler<tvm::runtime::CUDAModuleNode>::Deleter_(tvm::runtime::Object*)
  1: tvm::runtime::SimpleObjAllocator::Handler<tvm::runtime::LibraryModuleNode>::Deleter_(tvm::runtime::Object*)
  2: _ZN3tvm7runtime18SimpleObjAllocator7HandlerINS0_16PackedFuncS
  3: _ZN3tvm7runtime18SimpleObjAllocator7HandlerINS0_16PackedFuncSubObjIZNS0_9profiling17WrapTimeE
  4: TVMObjectFree
  5: __pyx_tp_dealloc_3tvm_4_ffi_4_cy3_4core_PackedFuncBase(_object*)
  6: subtype_dealloc
        at /usr/local/src/conda/python-3.10.18/Objects/typeobject.c:1460
  7: _Py_DECREF
        at /usr/local/src/conda/python-3.10.18/Include/object.h:500
  8: _Py_XDECREF
        at /usr/local/src/conda/python-3.10.18/Include/object.h:567
  9: cell_dealloc
        at /usr/local/src/conda/python-3.10.18/Objects/cellobject.c:82
  10: _Py_Dealloc
        at /usr/local/src/conda/python-3.10.18/Objects/object.c:2301
  11: _Py_DECREF
        at /usr/local/src/conda/python-3.10.18/Include/object.h:500
  12: _Py_XDECREF
        at /usr/local/src/conda/python-3.10.18/Include/object.h:567
  13: tupledealloc
        at /usr/local/src/conda/python-3.10.18/Objects/tupleobject.c:276
  14: _Py_Dealloc
        at /usr/local/src/conda/python-3.10.18/Objects/object.c:2301
  15: _Py_DECREF
        at /usr/local/src/conda/python-3.10.18/Include/object.h:500
  16: func_clear
        at /usr/local/src/conda/python-3.10.18/Objects/funcobject.c:636
  17: func_dealloc
        at /usr/local/src/conda/python-3.10.18/Objects/funcobject.c:648
  18: _Py_Dealloc
        at /usr/local/src/conda/python-3.10.18/Objects/object.c:2301
  19: _Py_DECREF
        at /usr/local/src/conda/python-3.10.18/Include/object.h:500
  20: frame_dealloc
        at /usr/local/src/conda/python-3.10.18/Objects/frameobject.c:591
  21: _Py_Dealloc
        at /usr/local/src/conda/python-3.10.18/Objects/object.c:2301
  22: _Py_DECREF
        at /usr/local/src/conda/python-3.10.18/Include/object.h:500
  23: _PyEval_Vector
        at /usr/local/src/conda/python-3.10.18/Python/ceval.c:5080
  24: _PyFunction_Vectorcall
        at /usr/local/src/conda/python-3.10.18/Objects/call.c:342
  25: do_call_core
        at /usr/local/src/conda/python-3.10.18/Python/ceval.c:5945
  26: _PyEval_EvalFrameDefault
        at /usr/local/src/conda/python-3.10.18/Python/ceval.c:4277
  27: _PyEval_EvalFrame
        at /usr/local/src/conda/python-3.10.18/Include/internal/pycore_ceval.h:46
  28: _PyEval_Vector
        at /usr/local/src/conda/python-3.10.18/Python/ceval.c:5067
  29: _PyFunction_Vectorcall
        at /usr/local/src/conda/python-3.10.18/Objects/call.c:342
  30: _PyObject_VectorcallTstate
        at /usr/local/src/conda/python-3.10.18/Include/cpython/abstract.h:114
  31: PyObject_Vectorcall
        at /usr/local/src/conda/python-3.10.18/Include/cpython/abstract.h:123
  32: call_function
        at /usr/local/src/conda/python-3.10.18/Python/ceval.c:5893
  33: _PyEval_EvalFrameDefault
        at /usr/local/src/conda/python-3.10.18/Python/ceval.c:4213
  34: _PyEval_EvalFrame
        at /usr/local/src/conda/python-3.10.18/Include/internal/pycore_ceval.h:46
  35: _PyEval_Vector
        at /usr/local/src/conda/python-3.10.18/Python/ceval.c:5067
  36: PyEval_EvalCode
        at /usr/local/src/conda/python-3.10.18/Python/ceval.c:1134
  37: builtin_exec_impl
        at /usr/local/src/conda/python-3.10.18/Python/bltinmodule.c:1058
  38: builtin_exec
        at /usr/local/src/conda/python-3.10.18/Python/clinic/bltinmodule.c.h:371
  39: cfunction_vectorcall_FASTCALL
        at /usr/local/src/conda/python-3.10.18/Objects/methodobject.c:430
  40: _PyObject_VectorcallTstate
        at /usr/local/src/conda/python-3.10.18/Include/cpython/abstract.h:114
  41: PyObject_Vectorcall
        at /usr/local/src/conda/python-3.10.18/Include/cpython/abstract.h:123
  42: call_function
        at /usr/local/src/conda/python-3.10.18/Python/ceval.c:5893
  43: _PyEval_EvalFrameDefault
        at /usr/local/src/conda/python-3.10.18/Python/ceval.c:4213
  44: _PyEval_EvalFrame
        at /usr/local/src/conda/python-3.10.18/Include/internal/pycore_ceval.h:46
  45: _PyEval_Vector
        at /usr/local/src/conda/python-3.10.18/Python/ceval.c:5067
  46: _PyFunction_Vectorcall
        at /usr/local/src/conda/python-3.10.18/Objects/call.c:342
  47: _PyObject_VectorcallTstate
        at /usr/local/src/conda/python-3.10.18/Include/cpython/abstract.h:114
  48: PyObject_Vectorcall
        at /usr/local/src/conda/python-3.10.18/Include/cpython/abstract.h:123
  49: call_function
        at /usr/local/src/conda/python-3.10.18/Python/ceval.c:5893
  50: _PyEval_EvalFrameDefault
        at /usr/local/src/conda/python-3.10.18/Python/ceval.c:4213
  51: _PyEval_EvalFrame
        at /usr/local/src/conda/python-3.10.18/Include/internal/pycore_ceval.h:46
  52: _PyEval_Vector
        at /usr/local/src/conda/python-3.10.18/Python/ceval.c:5067
  53: _PyFunction_Vectorcall
        at /usr/local/src/conda/python-3.10.18/Objects/call.c:342
  54: pymain_run_module
        at /usr/local/src/conda/python-3.10.18/Modules/main.c:297
  55: pymain_run_python
        at /usr/local/src/conda/python-3.10.18/Modules/main.c:589
  56: Py_RunMain
        at /usr/local/src/conda/python-3.10.18/Modules/main.c:674
  57: Py_BytesMain
        at /usr/local/src/conda/python-3.10.18/Modules/main.c:1094
  58: __libc_start_main
        at ../csu/libc-start.c:308
  59: 0x000000000058728d
  60: 0xffffffffffffffff


*E***
Time elapsed for measurement: 22.90 s
----------------------------------------------------------------------
------------------------------  [ Train cost model ]
----------------------------------------------------------------------
Time elapsed for training: 0.00 s
----------------------------------------------------------------------
------------------------------  [ Task Scheduler ]
----------------------------------------------------------------------
|  ID  |                       Task Description                        | Latency (ms) | Speed (GFLOPS) | Trials |
-----------------------------------------------------------------------------------------------------------------
|    0 |                          vm_mod_fused_nn_conv2d_add_nn_relu_5 |        0.015 |       10334.05 |     27 |
|    1 |                         vm_mod_fused_nn_conv2d_add_nn_relu_39 |        0.015 |        3095.64 |     27 |
|    2 |                         vm_mod_fused_nn_conv2d_add_nn_relu_46 |        0.014 |         528.26 |     27 |
|    3 |                                        vm_mod_fused_nn_conv2d |        0.015 |       13468.53 |     27 |
|    4 |                         vm_mod_fused_nn_conv2d_add_nn_relu_53 |        0.014 |         728.20 |     27 |
|    5 |                         vm_mod_fused_nn_conv2d_add_nn_relu_28 |        0.009 |        3215.30 |     27 |
|    6 |                                  vm_mod_fused_nn_avg_pool2d_2 |        0.004 |          28.91 |     27 |
|    7 |                         vm_mod_fused_nn_conv2d_add_nn_relu_35 |        0.020 |        1901.59 |     27 |
|    8 |                         vm_mod_fused_nn_conv2d_add_nn_relu_42 |        0.026 |        1935.67 |     27 |
|    9 |                         vm_mod_fused_nn_conv2d_add_nn_relu_17 |        0.012 |        7548.90 |     27 |
|   10 |                          vm_mod_fused_nn_conv2d_add_nn_relu_1 |        0.005 |        9731.76 |     27 |
|   11 |                         vm_mod_fused_nn_conv2d_add_nn_relu_24 |        0.011 |        1904.04 |     27 |
|   12 |                                     vm_mod_fused_nn_dense_add |        0.008 |         245.77 |     27 |
|   13 |                         vm_mod_fused_nn_conv2d_add_nn_relu_31 |        0.016 |        2073.86 |     27 |
|   14 |                         vm_mod_fused_nn_conv2d_add_nn_relu_13 |        0.012 |        5442.85 |     27 |
|   15 |                         vm_mod_fused_nn_conv2d_add_nn_relu_20 |        0.006 |        2322.88 |     27 |
|   16 |                          vm_mod_fused_nn_conv2d_add_nn_relu_8 |        0.007 |        4756.00 |     27 |
|   17 |                         vm_mod_fused_nn_conv2d_add_nn_relu_58 |        0.014 |         915.17 |     27 |
|   18 |                         vm_mod_fused_nn_conv2d_add_nn_relu_47 |        0.016 |         499.77 |     27 |
|   19 |                          vm_mod_fused_nn_conv2d_add_nn_relu_4 |        0.013 |       10032.87 |     27 |
|   20 |                         vm_mod_fused_nn_conv2d_add_nn_relu_29 |        0.008 |        3577.85 |     27 |
|   21 |                         vm_mod_fused_nn_conv2d_add_nn_relu_54 |        0.019 |         570.87 |     27 |
|   22 |                         vm_mod_fused_nn_conv2d_add_nn_relu_36 |        0.017 |        2372.88 |     27 |
|   23 |                         vm_mod_fused_nn_conv2d_add_nn_relu_43 |        0.009 |         687.63 |     27 |
|   24 |                         vm_mod_fused_nn_conv2d_add_nn_relu_18 |        0.016 |        5915.29 |     27 |
|   25 |                         vm_mod_fused_nn_conv2d_add_nn_relu_50 |        0.012 |         746.94 |     27 |
|   26 |                                  vm_mod_fused_nn_avg_pool2d_1 |        0.005 |          45.85 |     27 |
|   27 |                         vm_mod_fused_nn_conv2d_add_nn_relu_25 |        0.010 |        2172.84 |     27 |
|   28 |                         vm_mod_fused_nn_conv2d_add_nn_relu_32 |        0.020 |        1677.95 |     27 |
|   29 | vm_mod_fused_nn_contrib_conv2d_winograd_without_weight_transform_1 |        0.017 |        2666.41 |     27 |
|   30 |                                      vm_mod_fused_nn_conv2d_1 |        0.018 |       11405.71 |     27 |
|   31 |                         vm_mod_fused_nn_conv2d_add_nn_relu_14 |        0.010 |        6794.55 |     27 |
|   32 |                         vm_mod_fused_nn_conv2d_add_nn_relu_21 |        0.012 |        1398.45 |     27 |
|   33 |                            vm_mod_fused_nn_conv2d_add_nn_relu |        0.020 |       11897.77 |     27 |
|   34 |                         vm_mod_fused_nn_conv2d_add_nn_relu_10 |        0.006 |        7315.83 |     27 |
|   35 |                          vm_mod_fused_nn_conv2d_add_nn_relu_7 |        0.005 |        5611.59 |     27 |
|   36 | vm_mod_fused_nn_contrib_conv2d_winograd_without_weight_transform |        0.020 |        8275.47 |     27 |
|   37 |                         vm_mod_fused_nn_conv2d_add_nn_relu_48 |        0.009 |         932.19 |     27 |
|   38 |                         vm_mod_fused_nn_conv2d_add_nn_relu_55 |        0.020 |         561.28 |     27 |
|   39 |                         vm_mod_fused_nn_conv2d_add_nn_relu_37 |        0.015 |        2744.49 |     27 |
|   40 |                         vm_mod_fused_nn_conv2d_add_nn_relu_44 |        0.010 |         693.06 |     27 |
|   41 |                         vm_mod_fused_nn_conv2d_add_nn_relu_19 |        0.006 |        2016.57 |     27 |
|   42 |                          vm_mod_fused_nn_conv2d_add_nn_relu_3 |        0.008 |       12239.29 |     27 |
|   43 |                         vm_mod_fused_nn_conv2d_add_nn_relu_51 |        0.020 |         480.17 |     27 |
|   44 |                         vm_mod_fused_nn_conv2d_add_nn_relu_26 |        0.008 |        3018.36 |     27 |
|   45 | vm_mod_fused_nn_contrib_conv2d_winograd_without_weight_transform_2 |        0.014 |         852.09 |     27 |
|   46 |                         vm_mod_fused_nn_conv2d_add_nn_relu_33 |        0.016 |        2225.79 |     27 |
|   47 |                         vm_mod_fused_nn_conv2d_add_nn_relu_40 |        0.029 |        1621.43 |     27 |
|   48 |                           vm_mod_fused_nn_adaptive_avg_pool2d |        0.004 |          -0.00 |     27 |
|   49 |                         vm_mod_fused_nn_conv2d_add_nn_relu_15 |        0.020 |        3925.78 |     27 |
|   50 |                         vm_mod_fused_nn_conv2d_add_nn_relu_22 |        0.011 |        1641.09 |     27 |
|   51 |                                    vm_mod_fused_nn_avg_pool2d |        0.004 |         112.09 |     27 |
|   52 |                         vm_mod_fused_nn_conv2d_add_nn_relu_11 |        0.007 |        7004.13 |     27 |
|   53 |                                      vm_mod_fused_nn_conv2d_2 |        0.026 |        7948.12 |     27 |
|   54 |                          vm_mod_fused_nn_conv2d_add_nn_relu_6 |        0.020 |        9261.28 |     27 |
|   55 |                         vm_mod_fused_nn_conv2d_add_nn_relu_49 |        0.009 |        1034.51 |     27 |
|   56 |                         vm_mod_fused_nn_conv2d_add_nn_relu_56 |            - |              - |      0 |
|   57 |                         vm_mod_fused_nn_conv2d_add_nn_relu_38 |            - |              - |      0 |
|   58 |                         vm_mod_fused_nn_conv2d_add_nn_relu_45 |            - |              - |      0 |
|   59 |                         vm_mod_fused_nn_conv2d_add_nn_relu_52 |            - |              - |      0 |
|   60 | vm_mod_fused_nn_contrib_conv2d_winograd_without_weight_transform_3 |            - |              - |      0 |
|   61 |                         vm_mod_fused_nn_conv2d_add_nn_relu_27 |            - |              - |      0 |
|   62 |                          vm_mod_fused_nn_conv2d_add_nn_relu_2 |            - |              - |      0 |
|   63 |                         vm_mod_fused_nn_conv2d_add_nn_relu_34 |            - |              - |      0 |
|   64 |                         vm_mod_fused_nn_conv2d_add_nn_relu_41 |            - |              - |      0 |
|   65 |                                    vm_mod_fused_nn_max_pool2d |            - |              - |      0 |
|   66 |                         vm_mod_fused_nn_conv2d_add_nn_relu_16 |            - |              - |      0 |
|   67 |                         vm_mod_fused_nn_conv2d_add_nn_relu_23 |            - |              - |      0 |
|   68 |                         vm_mod_fused_nn_conv2d_add_nn_relu_30 |            - |              - |      0 |
----------------------------------------------------------------------
------------------------------  [ Search ]
----------------------------------------------------------------------
Generate Sketches		#s: 1
Sample Initial Population	#s: 91	fail_ct: 1957	Time elapsed: 4.77
GA Iter: 0	Max score: 0.9963	Min score: 0.3884	#Pop: 54	#M+: 0	#M-: 0
GA Iter: 4	Max score: 0.9998	Min score: 0.9919	#Pop: 54	#M+: 1406	#M-: 0
EvolutionarySearch		#s: 54	Time elapsed: 67.12
----------------------------------------------------------------------
------------------------------  [ Measure ]
----------------------------------------------------------------------
Get 27 programs to measure:
...........................***************************|   69 |                          vm_mod_fused_nn_conv2d_add_nn_relu_9 |            - |              - |      0 |
|   70 |                         vm_mod_fused_nn_conv2d_add_nn_relu_12 |            - |              - |      0 |
|   71 |                         vm_mod_fused_nn_conv2d_add_nn_relu_57 |            - |              - |      0 |
-----------------------------------------------------------------------------------------------------------------
Estimated total latency: - ms	Trials: 1512	Used time : 5589 s	Next ID: 56	

Time elapsed for measurement: 14.34 s
----------------------------------------------------------------------
------------------------------  [ Train cost model ]
----------------------------------------------------------------------
Time elapsed for training: 0.00 s
----------------------------------------------------------------------
------------------------------  [ Task Scheduler ]
----------------------------------------------------------------------
|  ID  |                       Task Description                        | Latency (ms) | Speed (GFLOPS) | Trials |
-----------------------------------------------------------------------------------------------------------------
|    0 |                          vm_mod_fused_nn_conv2d_add_nn_relu_5 |        0.015 |       10334.05 |     27 |
|    1 |                         vm_mod_fused_nn_conv2d_add_nn_relu_39 |        0.015 |        3095.64 |     27 |
|    2 |                         vm_mod_fused_nn_conv2d_add_nn_relu_46 |        0.014 |         528.26 |     27 |
|    3 |                                        vm_mod_fused_nn_conv2d |        0.015 |       13468.53 |     27 |
|    4 |                         vm_mod_fused_nn_conv2d_add_nn_relu_53 |        0.014 |         728.20 |     27 |
|    5 |                         vm_mod_fused_nn_conv2d_add_nn_relu_28 |        0.009 |        3215.30 |     27 |
|    6 |                                  vm_mod_fused_nn_avg_pool2d_2 |        0.004 |          28.91 |     27 |
|    7 |                         vm_mod_fused_nn_conv2d_add_nn_relu_35 |        0.020 |        1901.59 |     27 |
|    8 |                         vm_mod_fused_nn_conv2d_add_nn_relu_42 |        0.026 |        1935.67 |     27 |
|    9 |                         vm_mod_fused_nn_conv2d_add_nn_relu_17 |        0.012 |        7548.90 |     27 |
|   10 |                          vm_mod_fused_nn_conv2d_add_nn_relu_1 |        0.005 |        9731.76 |     27 |
|   11 |                         vm_mod_fused_nn_conv2d_add_nn_relu_24 |        0.011 |        1904.04 |     27 |
|   12 |                                     vm_mod_fused_nn_dense_add |        0.008 |         245.77 |     27 |
|   13 |                         vm_mod_fused_nn_conv2d_add_nn_relu_31 |        0.016 |        2073.86 |     27 |
|   14 |                         vm_mod_fused_nn_conv2d_add_nn_relu_13 |        0.012 |        5442.85 |     27 |
|   15 |                         vm_mod_fused_nn_conv2d_add_nn_relu_20 |        0.006 |        2322.88 |     27 |
|   16 |                          vm_mod_fused_nn_conv2d_add_nn_relu_8 |        0.007 |        4756.00 |     27 |
|   17 |                         vm_mod_fused_nn_conv2d_add_nn_relu_58 |        0.014 |         915.17 |     27 |
|   18 |                         vm_mod_fused_nn_conv2d_add_nn_relu_47 |        0.016 |         499.77 |     27 |
|   19 |                          vm_mod_fused_nn_conv2d_add_nn_relu_4 |        0.013 |       10032.87 |     27 |
|   20 |                         vm_mod_fused_nn_conv2d_add_nn_relu_29 |        0.008 |        3577.85 |     27 |
|   21 |                         vm_mod_fused_nn_conv2d_add_nn_relu_54 |        0.019 |         570.87 |     27 |
|   22 |                         vm_mod_fused_nn_conv2d_add_nn_relu_36 |        0.017 |        2372.88 |     27 |
|   23 |                         vm_mod_fused_nn_conv2d_add_nn_relu_43 |        0.009 |         687.63 |     27 |
|   24 |                         vm_mod_fused_nn_conv2d_add_nn_relu_18 |        0.016 |        5915.29 |     27 |
|   25 |                         vm_mod_fused_nn_conv2d_add_nn_relu_50 |        0.012 |         746.94 |     27 |
|   26 |                                  vm_mod_fused_nn_avg_pool2d_1 |        0.005 |          45.85 |     27 |
|   27 |                         vm_mod_fused_nn_conv2d_add_nn_relu_25 |        0.010 |        2172.84 |     27 |
|   28 |                         vm_mod_fused_nn_conv2d_add_nn_relu_32 |        0.020 |        1677.95 |     27 |
|   29 | vm_mod_fused_nn_contrib_conv2d_winograd_without_weight_transform_1 |        0.017 |        2666.41 |     27 |
|   30 |                                      vm_mod_fused_nn_conv2d_1 |        0.018 |       11405.71 |     27 |
|   31 |                         vm_mod_fused_nn_conv2d_add_nn_relu_14 |        0.010 |        6794.55 |     27 |
|   32 |                         vm_mod_fused_nn_conv2d_add_nn_relu_21 |        0.012 |        1398.45 |     27 |
|   33 |                            vm_mod_fused_nn_conv2d_add_nn_relu |        0.020 |       11897.77 |     27 |
|   34 |                         vm_mod_fused_nn_conv2d_add_nn_relu_10 |        0.006 |        7315.83 |     27 |
|   35 |                          vm_mod_fused_nn_conv2d_add_nn_relu_7 |        0.005 |        5611.59 |     27 |
|   36 | vm_mod_fused_nn_contrib_conv2d_winograd_without_weight_transform |        0.020 |        8275.47 |     27 |
|   37 |                         vm_mod_fused_nn_conv2d_add_nn_relu_48 |        0.009 |         932.19 |     27 |
|   38 |                         vm_mod_fused_nn_conv2d_add_nn_relu_55 |        0.020 |         561.28 |     27 |
|   39 |                         vm_mod_fused_nn_conv2d_add_nn_relu_37 |        0.015 |        2744.49 |     27 |
|   40 |                         vm_mod_fused_nn_conv2d_add_nn_relu_44 |        0.010 |         693.06 |     27 |
|   41 |                         vm_mod_fused_nn_conv2d_add_nn_relu_19 |        0.006 |        2016.57 |     27 |
|   42 |                          vm_mod_fused_nn_conv2d_add_nn_relu_3 |        0.008 |       12239.29 |     27 |
|   43 |                         vm_mod_fused_nn_conv2d_add_nn_relu_51 |        0.020 |         480.17 |     27 |
|   44 |                         vm_mod_fused_nn_conv2d_add_nn_relu_26 |        0.008 |        3018.36 |     27 |
|   45 | vm_mod_fused_nn_contrib_conv2d_winograd_without_weight_transform_2 |        0.014 |         852.09 |     27 |
|   46 |                         vm_mod_fused_nn_conv2d_add_nn_relu_33 |        0.016 |        2225.79 |     27 |
|   47 |                         vm_mod_fused_nn_conv2d_add_nn_relu_40 |        0.029 |        1621.43 |     27 |
|   48 |                           vm_mod_fused_nn_adaptive_avg_pool2d |        0.004 |          -0.00 |     27 |
|   49 |                         vm_mod_fused_nn_conv2d_add_nn_relu_15 |        0.020 |        3925.78 |     27 |
|   50 |                         vm_mod_fused_nn_conv2d_add_nn_relu_22 |        0.011 |        1641.09 |     27 |
|   51 |                                    vm_mod_fused_nn_avg_pool2d |        0.004 |         112.09 |     27 |
|   52 |                         vm_mod_fused_nn_conv2d_add_nn_relu_11 |        0.007 |        7004.13 |     27 |
|   53 |                                      vm_mod_fused_nn_conv2d_2 |        0.026 |        7948.12 |     27 |
|   54 |                          vm_mod_fused_nn_conv2d_add_nn_relu_6 |        0.020 |        9261.28 |     27 |
|   55 |                         vm_mod_fused_nn_conv2d_add_nn_relu_49 |        0.009 |        1034.51 |     27 |
|   56 |                         vm_mod_fused_nn_conv2d_add_nn_relu_56 |        0.025 |         467.80 |     27 |
|   57 |                         vm_mod_fused_nn_conv2d_add_nn_relu_38 |            - |              - |      0 |
|   58 |                         vm_mod_fused_nn_conv2d_add_nn_relu_45 |            - |              - |      0 |
|   59 |                         vm_mod_fused_nn_conv2d_add_nn_relu_52 |            - |              - |      0 |
|   60 | vm_mod_fused_nn_contrib_conv2d_winograd_without_weight_transform_3 |            - |              - |      0 |
|   61 |                         vm_mod_fused_nn_conv2d_add_nn_relu_27 |            - |              - |      0 |
|   62 |                          vm_mod_fused_nn_conv2d_add_nn_relu_2 |            - |              - |      0 |
|   63 |                         vm_mod_fused_nn_conv2d_add_nn_relu_34 |            - |              - |      0 |
|   64 |                         vm_mod_fused_nn_conv2d_add_nn_relu_41 |            - |              - |      0 |
|   65 |                                    vm_mod_fused_nn_max_pool2d |            - |              - |      0 |
|   66 |                         vm_mod_fused_nn_conv2d_add_nn_relu_16 |            - |              - |      0 |
|   67 |                         vm_mod_fused_nn_conv2d_add_nn_relu_23 |            - |              - |      0 |
|   68 |                         vm_mod_fused_nn_conv2d_add_nn_relu_30 |            - |              - |      0 |
----------------------------------------------------------------------
------------------------------  [ Search ]
----------------------------------------------------------------------
Generate Sketches		#s: 1
Sample Initial Population	#s: 77	fail_ct: 1971	Time elapsed: 5.77
GA Iter: 0	Max score: 0.9968	Min score: 0.3467	#Pop: 54	#M+: 0	#M-: 0
GA Iter: 4	Max score: 0.9998	Min score: 0.9932	#Pop: 54	#M+: 1403	#M-: 0
EvolutionarySearch		#s: 54	Time elapsed: 76.70
----------------------------------------------------------------------
------------------------------  [ Measure ]
----------------------------------------------------------------------
Get 27 programs to measure:
...........................***************************|   69 |                          vm_mod_fused_nn_conv2d_add_nn_relu_9 |            - |              - |      0 |
|   70 |                         vm_mod_fused_nn_conv2d_add_nn_relu_12 |            - |              - |      0 |
|   71 |                         vm_mod_fused_nn_conv2d_add_nn_relu_57 |            - |              - |      0 |
-----------------------------------------------------------------------------------------------------------------
Estimated total latency: - ms	Trials: 1539	Used time : 5675 s	Next ID: 57	

Time elapsed for measurement: 13.42 s
----------------------------------------------------------------------
------------------------------  [ Train cost model ]
----------------------------------------------------------------------
Time elapsed for training: 2.16 s
----------------------------------------------------------------------
------------------------------  [ Task Scheduler ]
----------------------------------------------------------------------
|  ID  |                       Task Description                        | Latency (ms) | Speed (GFLOPS) | Trials |
-----------------------------------------------------------------------------------------------------------------
|    0 |                          vm_mod_fused_nn_conv2d_add_nn_relu_5 |        0.015 |       10334.05 |     27 |
|    1 |                         vm_mod_fused_nn_conv2d_add_nn_relu_39 |        0.015 |        3095.64 |     27 |
|    2 |                         vm_mod_fused_nn_conv2d_add_nn_relu_46 |        0.014 |         528.26 |     27 |
|    3 |                                        vm_mod_fused_nn_conv2d |        0.015 |       13468.53 |     27 |
|    4 |                         vm_mod_fused_nn_conv2d_add_nn_relu_53 |        0.014 |         728.20 |     27 |
|    5 |                         vm_mod_fused_nn_conv2d_add_nn_relu_28 |        0.009 |        3215.30 |     27 |
|    6 |                                  vm_mod_fused_nn_avg_pool2d_2 |        0.004 |          28.91 |     27 |
|    7 |                         vm_mod_fused_nn_conv2d_add_nn_relu_35 |        0.020 |        1901.59 |     27 |
|    8 |                         vm_mod_fused_nn_conv2d_add_nn_relu_42 |        0.026 |        1935.67 |     27 |
|    9 |                         vm_mod_fused_nn_conv2d_add_nn_relu_17 |        0.012 |        7548.90 |     27 |
|   10 |                          vm_mod_fused_nn_conv2d_add_nn_relu_1 |        0.005 |        9731.76 |     27 |
|   11 |                         vm_mod_fused_nn_conv2d_add_nn_relu_24 |        0.011 |        1904.04 |     27 |
|   12 |                                     vm_mod_fused_nn_dense_add |        0.008 |         245.77 |     27 |
|   13 |                         vm_mod_fused_nn_conv2d_add_nn_relu_31 |        0.016 |        2073.86 |     27 |
|   14 |                         vm_mod_fused_nn_conv2d_add_nn_relu_13 |        0.012 |        5442.85 |     27 |
|   15 |                         vm_mod_fused_nn_conv2d_add_nn_relu_20 |        0.006 |        2322.88 |     27 |
|   16 |                          vm_mod_fused_nn_conv2d_add_nn_relu_8 |        0.007 |        4756.00 |     27 |
|   17 |                         vm_mod_fused_nn_conv2d_add_nn_relu_58 |        0.014 |         915.17 |     27 |
|   18 |                         vm_mod_fused_nn_conv2d_add_nn_relu_47 |        0.016 |         499.77 |     27 |
|   19 |                          vm_mod_fused_nn_conv2d_add_nn_relu_4 |        0.013 |       10032.87 |     27 |
|   20 |                         vm_mod_fused_nn_conv2d_add_nn_relu_29 |        0.008 |        3577.85 |     27 |
|   21 |                         vm_mod_fused_nn_conv2d_add_nn_relu_54 |        0.019 |         570.87 |     27 |
|   22 |                         vm_mod_fused_nn_conv2d_add_nn_relu_36 |        0.017 |        2372.88 |     27 |
|   23 |                         vm_mod_fused_nn_conv2d_add_nn_relu_43 |        0.009 |         687.63 |     27 |
|   24 |                         vm_mod_fused_nn_conv2d_add_nn_relu_18 |        0.016 |        5915.29 |     27 |
|   25 |                         vm_mod_fused_nn_conv2d_add_nn_relu_50 |        0.012 |         746.94 |     27 |
|   26 |                                  vm_mod_fused_nn_avg_pool2d_1 |        0.005 |          45.85 |     27 |
|   27 |                         vm_mod_fused_nn_conv2d_add_nn_relu_25 |        0.010 |        2172.84 |     27 |
|   28 |                         vm_mod_fused_nn_conv2d_add_nn_relu_32 |        0.020 |        1677.95 |     27 |
|   29 | vm_mod_fused_nn_contrib_conv2d_winograd_without_weight_transform_1 |        0.017 |        2666.41 |     27 |
|   30 |                                      vm_mod_fused_nn_conv2d_1 |        0.018 |       11405.71 |     27 |
|   31 |                         vm_mod_fused_nn_conv2d_add_nn_relu_14 |        0.010 |        6794.55 |     27 |
|   32 |                         vm_mod_fused_nn_conv2d_add_nn_relu_21 |        0.012 |        1398.45 |     27 |
|   33 |                            vm_mod_fused_nn_conv2d_add_nn_relu |        0.020 |       11897.77 |     27 |
|   34 |                         vm_mod_fused_nn_conv2d_add_nn_relu_10 |        0.006 |        7315.83 |     27 |
|   35 |                          vm_mod_fused_nn_conv2d_add_nn_relu_7 |        0.005 |        5611.59 |     27 |
|   36 | vm_mod_fused_nn_contrib_conv2d_winograd_without_weight_transform |        0.020 |        8275.47 |     27 |
|   37 |                         vm_mod_fused_nn_conv2d_add_nn_relu_48 |        0.009 |         932.19 |     27 |
|   38 |                         vm_mod_fused_nn_conv2d_add_nn_relu_55 |        0.020 |         561.28 |     27 |
|   39 |                         vm_mod_fused_nn_conv2d_add_nn_relu_37 |        0.015 |        2744.49 |     27 |
|   40 |                         vm_mod_fused_nn_conv2d_add_nn_relu_44 |        0.010 |         693.06 |     27 |
|   41 |                         vm_mod_fused_nn_conv2d_add_nn_relu_19 |        0.006 |        2016.57 |     27 |
|   42 |                          vm_mod_fused_nn_conv2d_add_nn_relu_3 |        0.008 |       12239.29 |     27 |
|   43 |                         vm_mod_fused_nn_conv2d_add_nn_relu_51 |        0.020 |         480.17 |     27 |
|   44 |                         vm_mod_fused_nn_conv2d_add_nn_relu_26 |        0.008 |        3018.36 |     27 |
|   45 | vm_mod_fused_nn_contrib_conv2d_winograd_without_weight_transform_2 |        0.014 |         852.09 |     27 |
|   46 |                         vm_mod_fused_nn_conv2d_add_nn_relu_33 |        0.016 |        2225.79 |     27 |
|   47 |                         vm_mod_fused_nn_conv2d_add_nn_relu_40 |        0.029 |        1621.43 |     27 |
|   48 |                           vm_mod_fused_nn_adaptive_avg_pool2d |        0.004 |          -0.00 |     27 |
|   49 |                         vm_mod_fused_nn_conv2d_add_nn_relu_15 |        0.020 |        3925.78 |     27 |
|   50 |                         vm_mod_fused_nn_conv2d_add_nn_relu_22 |        0.011 |        1641.09 |     27 |
|   51 |                                    vm_mod_fused_nn_avg_pool2d |        0.004 |         112.09 |     27 |
|   52 |                         vm_mod_fused_nn_conv2d_add_nn_relu_11 |        0.007 |        7004.13 |     27 |
|   53 |                                      vm_mod_fused_nn_conv2d_2 |        0.026 |        7948.12 |     27 |
|   54 |                          vm_mod_fused_nn_conv2d_add_nn_relu_6 |        0.020 |        9261.28 |     27 |
|   55 |                         vm_mod_fused_nn_conv2d_add_nn_relu_49 |        0.009 |        1034.51 |     27 |
|   56 |                         vm_mod_fused_nn_conv2d_add_nn_relu_56 |        0.025 |         467.80 |     27 |
|   57 |                         vm_mod_fused_nn_conv2d_add_nn_relu_38 |        0.016 |        2774.26 |     27 |
|   58 |                         vm_mod_fused_nn_conv2d_add_nn_relu_45 |            - |              - |      0 |
|   59 |                         vm_mod_fused_nn_conv2d_add_nn_relu_52 |            - |              - |      0 |
|   60 | vm_mod_fused_nn_contrib_conv2d_winograd_without_weight_transform_3 |            - |              - |      0 |
|   61 |                         vm_mod_fused_nn_conv2d_add_nn_relu_27 |            - |              - |      0 |
|   62 |                          vm_mod_fused_nn_conv2d_add_nn_relu_2 |            - |              - |      0 |
|   63 |                         vm_mod_fused_nn_conv2d_add_nn_relu_34 |            - |              - |      0 |
|   64 |                         vm_mod_fused_nn_conv2d_add_nn_relu_41 |            - |              - |      0 |
|   65 |                                    vm_mod_fused_nn_max_pool2d |            - |              - |      0 |
|   66 |                         vm_mod_fused_nn_conv2d_add_nn_relu_16 |            - |              - |      0 |
|   67 |                         vm_mod_fused_nn_conv2d_add_nn_relu_23 |            - |              - |      0 |
|   68 |                         vm_mod_fused_nn_conv2d_add_nn_relu_30 |            - |              - |      0 |
----------------------------------------------------------------------
------------------------------  [ Search ]
----------------------------------------------------------------------
Generate Sketches		#s: 1
Sample Initial Population	#s: 111	fail_ct: 1937	Time elapsed: 4.87
GA Iter: 0	Max score: 0.9993	Min score: 0.5163	#Pop: 54	#M+: 0	#M-: 0
GA Iter: 4	Max score: 1.0000	Min score: 0.9913	#Pop: 54	#M+: 1385	#M-: 0
EvolutionarySearch		#s: 54	Time elapsed: 71.09
----------------------------------------------------------------------
------------------------------  [ Measure ]
----------------------------------------------------------------------
Get 27 programs to measure:
...........................***************************|   69 |                          vm_mod_fused_nn_conv2d_add_nn_relu_9 |            - |              - |      0 |
|   70 |                         vm_mod_fused_nn_conv2d_add_nn_relu_12 |            - |              - |      0 |
|   71 |                         vm_mod_fused_nn_conv2d_add_nn_relu_57 |            - |              - |      0 |
-----------------------------------------------------------------------------------------------------------------
Estimated total latency: - ms	Trials: 1566	Used time : 5774 s	Next ID: 58	

Time elapsed for measurement: 13.69 s
----------------------------------------------------------------------
------------------------------  [ Train cost model ]
----------------------------------------------------------------------
Time elapsed for training: 0.00 s
----------------------------------------------------------------------
------------------------------  [ Task Scheduler ]
----------------------------------------------------------------------
|  ID  |                       Task Description                        | Latency (ms) | Speed (GFLOPS) | Trials |
-----------------------------------------------------------------------------------------------------------------
|    0 |                          vm_mod_fused_nn_conv2d_add_nn_relu_5 |        0.015 |       10334.05 |     27 |
|    1 |                         vm_mod_fused_nn_conv2d_add_nn_relu_39 |        0.015 |        3095.64 |     27 |
|    2 |                         vm_mod_fused_nn_conv2d_add_nn_relu_46 |        0.014 |         528.26 |     27 |
|    3 |                                        vm_mod_fused_nn_conv2d |        0.015 |       13468.53 |     27 |
|    4 |                         vm_mod_fused_nn_conv2d_add_nn_relu_53 |        0.014 |         728.20 |     27 |
|    5 |                         vm_mod_fused_nn_conv2d_add_nn_relu_28 |        0.009 |        3215.30 |     27 |
|    6 |                                  vm_mod_fused_nn_avg_pool2d_2 |        0.004 |          28.91 |     27 |
|    7 |                         vm_mod_fused_nn_conv2d_add_nn_relu_35 |        0.020 |        1901.59 |     27 |
|    8 |                         vm_mod_fused_nn_conv2d_add_nn_relu_42 |        0.026 |        1935.67 |     27 |
|    9 |                         vm_mod_fused_nn_conv2d_add_nn_relu_17 |        0.012 |        7548.90 |     27 |
|   10 |                          vm_mod_fused_nn_conv2d_add_nn_relu_1 |        0.005 |        9731.76 |     27 |
|   11 |                         vm_mod_fused_nn_conv2d_add_nn_relu_24 |        0.011 |        1904.04 |     27 |
|   12 |                                     vm_mod_fused_nn_dense_add |        0.008 |         245.77 |     27 |
|   13 |                         vm_mod_fused_nn_conv2d_add_nn_relu_31 |        0.016 |        2073.86 |     27 |
|   14 |                         vm_mod_fused_nn_conv2d_add_nn_relu_13 |        0.012 |        5442.85 |     27 |
|   15 |                         vm_mod_fused_nn_conv2d_add_nn_relu_20 |        0.006 |        2322.88 |     27 |
|   16 |                          vm_mod_fused_nn_conv2d_add_nn_relu_8 |        0.007 |        4756.00 |     27 |
|   17 |                         vm_mod_fused_nn_conv2d_add_nn_relu_58 |        0.014 |         915.17 |     27 |
|   18 |                         vm_mod_fused_nn_conv2d_add_nn_relu_47 |        0.016 |         499.77 |     27 |
|   19 |                          vm_mod_fused_nn_conv2d_add_nn_relu_4 |        0.013 |       10032.87 |     27 |
|   20 |                         vm_mod_fused_nn_conv2d_add_nn_relu_29 |        0.008 |        3577.85 |     27 |
|   21 |                         vm_mod_fused_nn_conv2d_add_nn_relu_54 |        0.019 |         570.87 |     27 |
|   22 |                         vm_mod_fused_nn_conv2d_add_nn_relu_36 |        0.017 |        2372.88 |     27 |
|   23 |                         vm_mod_fused_nn_conv2d_add_nn_relu_43 |        0.009 |         687.63 |     27 |
|   24 |                         vm_mod_fused_nn_conv2d_add_nn_relu_18 |        0.016 |        5915.29 |     27 |
|   25 |                         vm_mod_fused_nn_conv2d_add_nn_relu_50 |        0.012 |         746.94 |     27 |
|   26 |                                  vm_mod_fused_nn_avg_pool2d_1 |        0.005 |          45.85 |     27 |
|   27 |                         vm_mod_fused_nn_conv2d_add_nn_relu_25 |        0.010 |        2172.84 |     27 |
|   28 |                         vm_mod_fused_nn_conv2d_add_nn_relu_32 |        0.020 |        1677.95 |     27 |
|   29 | vm_mod_fused_nn_contrib_conv2d_winograd_without_weight_transform_1 |        0.017 |        2666.41 |     27 |
|   30 |                                      vm_mod_fused_nn_conv2d_1 |        0.018 |       11405.71 |     27 |
|   31 |                         vm_mod_fused_nn_conv2d_add_nn_relu_14 |        0.010 |        6794.55 |     27 |
|   32 |                         vm_mod_fused_nn_conv2d_add_nn_relu_21 |        0.012 |        1398.45 |     27 |
|   33 |                            vm_mod_fused_nn_conv2d_add_nn_relu |        0.020 |       11897.77 |     27 |
|   34 |                         vm_mod_fused_nn_conv2d_add_nn_relu_10 |        0.006 |        7315.83 |     27 |
|   35 |                          vm_mod_fused_nn_conv2d_add_nn_relu_7 |        0.005 |        5611.59 |     27 |
|   36 | vm_mod_fused_nn_contrib_conv2d_winograd_without_weight_transform |        0.020 |        8275.47 |     27 |
|   37 |                         vm_mod_fused_nn_conv2d_add_nn_relu_48 |        0.009 |         932.19 |     27 |
|   38 |                         vm_mod_fused_nn_conv2d_add_nn_relu_55 |        0.020 |         561.28 |     27 |
|   39 |                         vm_mod_fused_nn_conv2d_add_nn_relu_37 |        0.015 |        2744.49 |     27 |
|   40 |                         vm_mod_fused_nn_conv2d_add_nn_relu_44 |        0.010 |         693.06 |     27 |
|   41 |                         vm_mod_fused_nn_conv2d_add_nn_relu_19 |        0.006 |        2016.57 |     27 |
|   42 |                          vm_mod_fused_nn_conv2d_add_nn_relu_3 |        0.008 |       12239.29 |     27 |
|   43 |                         vm_mod_fused_nn_conv2d_add_nn_relu_51 |        0.020 |         480.17 |     27 |
|   44 |                         vm_mod_fused_nn_conv2d_add_nn_relu_26 |        0.008 |        3018.36 |     27 |
|   45 | vm_mod_fused_nn_contrib_conv2d_winograd_without_weight_transform_2 |        0.014 |         852.09 |     27 |
|   46 |                         vm_mod_fused_nn_conv2d_add_nn_relu_33 |        0.016 |        2225.79 |     27 |
|   47 |                         vm_mod_fused_nn_conv2d_add_nn_relu_40 |        0.029 |        1621.43 |     27 |
|   48 |                           vm_mod_fused_nn_adaptive_avg_pool2d |        0.004 |          -0.00 |     27 |
|   49 |                         vm_mod_fused_nn_conv2d_add_nn_relu_15 |        0.020 |        3925.78 |     27 |
|   50 |                         vm_mod_fused_nn_conv2d_add_nn_relu_22 |        0.011 |        1641.09 |     27 |
|   51 |                                    vm_mod_fused_nn_avg_pool2d |        0.004 |         112.09 |     27 |
|   52 |                         vm_mod_fused_nn_conv2d_add_nn_relu_11 |        0.007 |        7004.13 |     27 |
|   53 |                                      vm_mod_fused_nn_conv2d_2 |        0.026 |        7948.12 |     27 |
|   54 |                          vm_mod_fused_nn_conv2d_add_nn_relu_6 |        0.020 |        9261.28 |     27 |
|   55 |                         vm_mod_fused_nn_conv2d_add_nn_relu_49 |        0.009 |        1034.51 |     27 |
|   56 |                         vm_mod_fused_nn_conv2d_add_nn_relu_56 |        0.025 |         467.80 |     27 |
|   57 |                         vm_mod_fused_nn_conv2d_add_nn_relu_38 |        0.016 |        2774.26 |     27 |
|   58 |                         vm_mod_fused_nn_conv2d_add_nn_relu_45 |        0.008 |         920.03 |     27 |
|   59 |                         vm_mod_fused_nn_conv2d_add_nn_relu_52 |            - |              - |      0 |
|   60 | vm_mod_fused_nn_contrib_conv2d_winograd_without_weight_transform_3 |            - |              - |      0 |
|   61 |                         vm_mod_fused_nn_conv2d_add_nn_relu_27 |            - |              - |      0 |
|   62 |                          vm_mod_fused_nn_conv2d_add_nn_relu_2 |            - |              - |      0 |
|   63 |                         vm_mod_fused_nn_conv2d_add_nn_relu_34 |            - |              - |      0 |
|   64 |                         vm_mod_fused_nn_conv2d_add_nn_relu_41 |            - |              - |      0 |
|   65 |                                    vm_mod_fused_nn_max_pool2d |            - |              - |      0 |
|   66 |                         vm_mod_fused_nn_conv2d_add_nn_relu_16 |            - |              - |      0 |
|   67 |                         vm_mod_fused_nn_conv2d_add_nn_relu_23 |            - |              - |      0 |
|   68 |                         vm_mod_fused_nn_conv2d_add_nn_relu_30 |            - |              - |      0 |
----------------------------------------------------------------------
------------------------------  [ Search ]
----------------------------------------------------------------------
Generate Sketches		#s: 1
Sample Initial Population	#s: 83	fail_ct: 1965	Time elapsed: 5.07
GA Iter: 0	Max score: 0.9808	Min score: 0.2956	#Pop: 54	#M+: 0	#M-: 0
GA Iter: 4	Max score: 0.9999	Min score: 0.9933	#Pop: 54	#M+: 1378	#M-: 0
EvolutionarySearch		#s: 54	Time elapsed: 71.03
----------------------------------------------------------------------
------------------------------  [ Measure ]
----------------------------------------------------------------------
Get 27 programs to measure:
...........................*Eterminate called after throwing an instance of 'tvm::runtime::InternalError'
  what():  [13:22:22] /data3/qsy/complier/tlm/src/runtime/cuda/cuda_module.cc:61: CUDAError: cuModuleUnload(module_[i]) failed with error: CUDA_ERROR_MISALIGNED_ADDRESS
Stack trace:
  0: tvm::runtime::SimpleObjAllocator::Handler<tvm::runtime::CUDAModuleNode>::Deleter_(tvm::runtime::Object*)
  1: tvm::runtime::SimpleObjAllocator::Handler<tvm::runtime::LibraryModuleNode>::Deleter_(tvm::runtime::Object*)
  2: _ZN3tvm7runtime18SimpleObjAllocator7HandlerINS0_16PackedFuncS
  3: _ZN3tvm7runtime18SimpleObjAllocator7HandlerINS0_16PackedFuncSubObjIZNS0_9profiling17WrapTimeE
  4: TVMObjectFree
  5: __pyx_tp_dealloc_3tvm_4_ffi_4_cy3_4core_PackedFuncBase(_object*)
  6: subtype_dealloc
        at /usr/local/src/conda/python-3.10.18/Objects/typeobject.c:1460
  7: _Py_DECREF
        at /usr/local/src/conda/python-3.10.18/Include/object.h:500
  8: _Py_XDECREF
        at /usr/local/src/conda/python-3.10.18/Include/object.h:567
  9: cell_dealloc
        at /usr/local/src/conda/python-3.10.18/Objects/cellobject.c:82
  10: _Py_Dealloc
        at /usr/local/src/conda/python-3.10.18/Objects/object.c:2301
  11: _Py_DECREF
        at /usr/local/src/conda/python-3.10.18/Include/object.h:500
  12: _Py_XDECREF
        at /usr/local/src/conda/python-3.10.18/Include/object.h:567
  13: tupledealloc
        at /usr/local/src/conda/python-3.10.18/Objects/tupleobject.c:276
  14: _Py_Dealloc
        at /usr/local/src/conda/python-3.10.18/Objects/object.c:2301
  15: _Py_DECREF
        at /usr/local/src/conda/python-3.10.18/Include/object.h:500
  16: func_clear
        at /usr/local/src/conda/python-3.10.18/Objects/funcobject.c:636
  17: func_dealloc
        at /usr/local/src/conda/python-3.10.18/Objects/funcobject.c:648
  18: _Py_Dealloc
        at /usr/local/src/conda/python-3.10.18/Objects/object.c:2301
  19: _Py_DECREF
        at /usr/local/src/conda/python-3.10.18/Include/object.h:500
  20: frame_dealloc
        at /usr/local/src/conda/python-3.10.18/Objects/frameobject.c:591
  21: _Py_Dealloc
        at /usr/local/src/conda/python-3.10.18/Objects/object.c:2301
  22: _Py_DECREF
        at /usr/local/src/conda/python-3.10.18/Include/object.h:500
  23: _PyEval_Vector
        at /usr/local/src/conda/python-3.10.18/Python/ceval.c:5080
  24: _PyFunction_Vectorcall
        at /usr/local/src/conda/python-3.10.18/Objects/call.c:342
  25: do_call_core
        at /usr/local/src/conda/python-3.10.18/Python/ceval.c:5945
  26: _PyEval_EvalFrameDefault
        at /usr/local/src/conda/python-3.10.18/Python/ceval.c:4277
  27: _PyEval_EvalFrame
        at /usr/local/src/conda/python-3.10.18/Include/internal/pycore_ceval.h:46
  28: _PyEval_Vector
        at /usr/local/src/conda/python-3.10.18/Python/ceval.c:5067
  29: _PyFunction_Vectorcall
        at /usr/local/src/conda/python-3.10.18/Objects/call.c:342
  30: _PyObject_VectorcallTstate
        at /usr/local/src/conda/python-3.10.18/Include/cpython/abstract.h:114
  31: PyObject_Vectorcall
        at /usr/local/src/conda/python-3.10.18/Include/cpython/abstract.h:123
  32: call_function
        at /usr/local/src/conda/python-3.10.18/Python/ceval.c:5893
  33: _PyEval_EvalFrameDefault
        at /usr/local/src/conda/python-3.10.18/Python/ceval.c:4213
  34: _PyEval_EvalFrame
        at /usr/local/src/conda/python-3.10.18/Include/internal/pycore_ceval.h:46
  35: _PyEval_Vector
        at /usr/local/src/conda/python-3.10.18/Python/ceval.c:5067
  36: PyEval_EvalCode
        at /usr/local/src/conda/python-3.10.18/Python/ceval.c:1134
  37: builtin_exec_impl
        at /usr/local/src/conda/python-3.10.18/Python/bltinmodule.c:1058
  38: builtin_exec
        at /usr/local/src/conda/python-3.10.18/Python/clinic/bltinmodule.c.h:371
  39: cfunction_vectorcall_FASTCALL
        at /usr/local/src/conda/python-3.10.18/Objects/methodobject.c:430
  40: _PyObject_VectorcallTstate
        at /usr/local/src/conda/python-3.10.18/Include/cpython/abstract.h:114
  41: PyObject_Vectorcall
        at /usr/local/src/conda/python-3.10.18/Include/cpython/abstract.h:123
  42: call_function
        at /usr/local/src/conda/python-3.10.18/Python/ceval.c:5893
  43: _PyEval_EvalFrameDefault
        at /usr/local/src/conda/python-3.10.18/Python/ceval.c:4213
  44: _PyEval_EvalFrame
        at /usr/local/src/conda/python-3.10.18/Include/internal/pycore_ceval.h:46
  45: _PyEval_Vector
        at /usr/local/src/conda/python-3.10.18/Python/ceval.c:5067
  46: _PyFunction_Vectorcall
        at /usr/local/src/conda/python-3.10.18/Objects/call.c:342
  47: _PyObject_VectorcallTstate
        at /usr/local/src/conda/python-3.10.18/Include/cpython/abstract.h:114
  48: PyObject_Vectorcall
        at /usr/local/src/conda/python-3.10.18/Include/cpython/abstract.h:123
  49: call_function
        at /usr/local/src/conda/python-3.10.18/Python/ceval.c:5893
  50: _PyEval_EvalFrameDefault
        at /usr/local/src/conda/python-3.10.18/Python/ceval.c:4213
  51: _PyEval_EvalFrame
        at /usr/local/src/conda/python-3.10.18/Include/internal/pycore_ceval.h:46
  52: _PyEval_Vector
        at /usr/local/src/conda/python-3.10.18/Python/ceval.c:5067
  53: _PyFunction_Vectorcall
        at /usr/local/src/conda/python-3.10.18/Objects/call.c:342
  54: pymain_run_module
        at /usr/local/src/conda/python-3.10.18/Modules/main.c:297
  55: pymain_run_python
        at /usr/local/src/conda/python-3.10.18/Modules/main.c:589
  56: Py_RunMain
        at /usr/local/src/conda/python-3.10.18/Modules/main.c:674
  57: Py_BytesMain
        at /usr/local/src/conda/python-3.10.18/Modules/main.c:1094
  58: __libc_start_main
        at ../csu/libc-start.c:308
  59: 0x000000000058728d
  60: 0xffffffffffffffff


|   69 |                          vm_mod_fused_nn_conv2d_add_nn_relu_9 |            - |              - |      0 |
|   70 |                         vm_mod_fused_nn_conv2d_add_nn_relu_12 |            - |              - |      0 |
|   71 |                         vm_mod_fused_nn_conv2d_add_nn_relu_57 |            - |              - |      0 |
-----------------------------------------------------------------------------------------------------------------
Estimated total latency: - ms	Trials: 1593	Used time : 5863 s	Next ID: 59	
*E**************************
Time elapsed for measurement: 16.33 s
----------------------------------------------------------------------
------------------------------  [ Train cost model ]
----------------------------------------------------------------------
Time elapsed for training: 0.00 s
----------------------------------------------------------------------
------------------------------  [ Task Scheduler ]
----------------------------------------------------------------------
|  ID  |                       Task Description                        | Latency (ms) | Speed (GFLOPS) | Trials |
-----------------------------------------------------------------------------------------------------------------
|    0 |                          vm_mod_fused_nn_conv2d_add_nn_relu_5 |        0.015 |       10334.05 |     27 |
|    1 |                         vm_mod_fused_nn_conv2d_add_nn_relu_39 |        0.015 |        3095.64 |     27 |
|    2 |                         vm_mod_fused_nn_conv2d_add_nn_relu_46 |        0.014 |         528.26 |     27 |
|    3 |                                        vm_mod_fused_nn_conv2d |        0.015 |       13468.53 |     27 |
|    4 |                         vm_mod_fused_nn_conv2d_add_nn_relu_53 |        0.014 |         728.20 |     27 |
|    5 |                         vm_mod_fused_nn_conv2d_add_nn_relu_28 |        0.009 |        3215.30 |     27 |
|    6 |                                  vm_mod_fused_nn_avg_pool2d_2 |        0.004 |          28.91 |     27 |
|    7 |                         vm_mod_fused_nn_conv2d_add_nn_relu_35 |        0.020 |        1901.59 |     27 |
|    8 |                         vm_mod_fused_nn_conv2d_add_nn_relu_42 |        0.026 |        1935.67 |     27 |
|    9 |                         vm_mod_fused_nn_conv2d_add_nn_relu_17 |        0.012 |        7548.90 |     27 |
|   10 |                          vm_mod_fused_nn_conv2d_add_nn_relu_1 |        0.005 |        9731.76 |     27 |
|   11 |                         vm_mod_fused_nn_conv2d_add_nn_relu_24 |        0.011 |        1904.04 |     27 |
|   12 |                                     vm_mod_fused_nn_dense_add |        0.008 |         245.77 |     27 |
|   13 |                         vm_mod_fused_nn_conv2d_add_nn_relu_31 |        0.016 |        2073.86 |     27 |
|   14 |                         vm_mod_fused_nn_conv2d_add_nn_relu_13 |        0.012 |        5442.85 |     27 |
|   15 |                         vm_mod_fused_nn_conv2d_add_nn_relu_20 |        0.006 |        2322.88 |     27 |
|   16 |                          vm_mod_fused_nn_conv2d_add_nn_relu_8 |        0.007 |        4756.00 |     27 |
|   17 |                         vm_mod_fused_nn_conv2d_add_nn_relu_58 |        0.014 |         915.17 |     27 |
|   18 |                         vm_mod_fused_nn_conv2d_add_nn_relu_47 |        0.016 |         499.77 |     27 |
|   19 |                          vm_mod_fused_nn_conv2d_add_nn_relu_4 |        0.013 |       10032.87 |     27 |
|   20 |                         vm_mod_fused_nn_conv2d_add_nn_relu_29 |        0.008 |        3577.85 |     27 |
|   21 |                         vm_mod_fused_nn_conv2d_add_nn_relu_54 |        0.019 |         570.87 |     27 |
|   22 |                         vm_mod_fused_nn_conv2d_add_nn_relu_36 |        0.017 |        2372.88 |     27 |
|   23 |                         vm_mod_fused_nn_conv2d_add_nn_relu_43 |        0.009 |         687.63 |     27 |
|   24 |                         vm_mod_fused_nn_conv2d_add_nn_relu_18 |        0.016 |        5915.29 |     27 |
|   25 |                         vm_mod_fused_nn_conv2d_add_nn_relu_50 |        0.012 |         746.94 |     27 |
|   26 |                                  vm_mod_fused_nn_avg_pool2d_1 |        0.005 |          45.85 |     27 |
|   27 |                         vm_mod_fused_nn_conv2d_add_nn_relu_25 |        0.010 |        2172.84 |     27 |
|   28 |                         vm_mod_fused_nn_conv2d_add_nn_relu_32 |        0.020 |        1677.95 |     27 |
|   29 | vm_mod_fused_nn_contrib_conv2d_winograd_without_weight_transform_1 |        0.017 |        2666.41 |     27 |
|   30 |                                      vm_mod_fused_nn_conv2d_1 |        0.018 |       11405.71 |     27 |
|   31 |                         vm_mod_fused_nn_conv2d_add_nn_relu_14 |        0.010 |        6794.55 |     27 |
|   32 |                         vm_mod_fused_nn_conv2d_add_nn_relu_21 |        0.012 |        1398.45 |     27 |
|   33 |                            vm_mod_fused_nn_conv2d_add_nn_relu |        0.020 |       11897.77 |     27 |
|   34 |                         vm_mod_fused_nn_conv2d_add_nn_relu_10 |        0.006 |        7315.83 |     27 |
|   35 |                          vm_mod_fused_nn_conv2d_add_nn_relu_7 |        0.005 |        5611.59 |     27 |
|   36 | vm_mod_fused_nn_contrib_conv2d_winograd_without_weight_transform |        0.020 |        8275.47 |     27 |
|   37 |                         vm_mod_fused_nn_conv2d_add_nn_relu_48 |        0.009 |         932.19 |     27 |
|   38 |                         vm_mod_fused_nn_conv2d_add_nn_relu_55 |        0.020 |         561.28 |     27 |
|   39 |                         vm_mod_fused_nn_conv2d_add_nn_relu_37 |        0.015 |        2744.49 |     27 |
|   40 |                         vm_mod_fused_nn_conv2d_add_nn_relu_44 |        0.010 |         693.06 |     27 |
|   41 |                         vm_mod_fused_nn_conv2d_add_nn_relu_19 |        0.006 |        2016.57 |     27 |
|   42 |                          vm_mod_fused_nn_conv2d_add_nn_relu_3 |        0.008 |       12239.29 |     27 |
|   43 |                         vm_mod_fused_nn_conv2d_add_nn_relu_51 |        0.020 |         480.17 |     27 |
|   44 |                         vm_mod_fused_nn_conv2d_add_nn_relu_26 |        0.008 |        3018.36 |     27 |
|   45 | vm_mod_fused_nn_contrib_conv2d_winograd_without_weight_transform_2 |        0.014 |         852.09 |     27 |
|   46 |                         vm_mod_fused_nn_conv2d_add_nn_relu_33 |        0.016 |        2225.79 |     27 |
|   47 |                         vm_mod_fused_nn_conv2d_add_nn_relu_40 |        0.029 |        1621.43 |     27 |
|   48 |                           vm_mod_fused_nn_adaptive_avg_pool2d |        0.004 |          -0.00 |     27 |
|   49 |                         vm_mod_fused_nn_conv2d_add_nn_relu_15 |        0.020 |        3925.78 |     27 |
|   50 |                         vm_mod_fused_nn_conv2d_add_nn_relu_22 |        0.011 |        1641.09 |     27 |
|   51 |                                    vm_mod_fused_nn_avg_pool2d |        0.004 |         112.09 |     27 |
|   52 |                         vm_mod_fused_nn_conv2d_add_nn_relu_11 |        0.007 |        7004.13 |     27 |
|   53 |                                      vm_mod_fused_nn_conv2d_2 |        0.026 |        7948.12 |     27 |
|   54 |                          vm_mod_fused_nn_conv2d_add_nn_relu_6 |        0.020 |        9261.28 |     27 |
|   55 |                         vm_mod_fused_nn_conv2d_add_nn_relu_49 |        0.009 |        1034.51 |     27 |
|   56 |                         vm_mod_fused_nn_conv2d_add_nn_relu_56 |        0.025 |         467.80 |     27 |
|   57 |                         vm_mod_fused_nn_conv2d_add_nn_relu_38 |        0.016 |        2774.26 |     27 |
|   58 |                         vm_mod_fused_nn_conv2d_add_nn_relu_45 |        0.008 |         920.03 |     27 |
|   59 |                         vm_mod_fused_nn_conv2d_add_nn_relu_52 |        0.010 |        1050.83 |     27 |
|   60 | vm_mod_fused_nn_contrib_conv2d_winograd_without_weight_transform_3 |            - |              - |      0 |
|   61 |                         vm_mod_fused_nn_conv2d_add_nn_relu_27 |            - |              - |      0 |
|   62 |                          vm_mod_fused_nn_conv2d_add_nn_relu_2 |            - |              - |      0 |
|   63 |                         vm_mod_fused_nn_conv2d_add_nn_relu_34 |            - |              - |      0 |
|   64 |                         vm_mod_fused_nn_conv2d_add_nn_relu_41 |            - |              - |      0 |
|   65 |                                    vm_mod_fused_nn_max_pool2d |            - |              - |      0 |
|   66 |                         vm_mod_fused_nn_conv2d_add_nn_relu_16 |            - |              - |      0 |
|   67 |                         vm_mod_fused_nn_conv2d_add_nn_relu_23 |            - |              - |      0 |
|   68 |                         vm_mod_fused_nn_conv2d_add_nn_relu_30 |            - |              - |      0 |
----------------------------------------------------------------------
------------------------------  [ Search ]
----------------------------------------------------------------------
Generate Sketches		#s: 1
Sample Initial Population	#s: 82	fail_ct: 1966	Time elapsed: 12.09
GA Iter: 0	Max score: 0.9971	Min score: 0.2874	#Pop: 54	#M+: 0	#M-: 0
GA Iter: 4	Max score: 0.9999	Min score: 0.9910	#Pop: 54	#M+: 1392	#M-: 0
EvolutionarySearch		#s: 54	Time elapsed: 197.23
----------------------------------------------------------------------
------------------------------  [ Measure ]
----------------------------------------------------------------------
Get 27 programs to measure:
...........................***************************|   69 |                          vm_mod_fused_nn_conv2d_add_nn_relu_9 |            - |              - |      0 |
|   70 |                         vm_mod_fused_nn_conv2d_add_nn_relu_12 |            - |              - |      0 |
|   71 |                         vm_mod_fused_nn_conv2d_add_nn_relu_57 |            - |              - |      0 |
-----------------------------------------------------------------------------------------------------------------
Estimated total latency: - ms	Trials: 1620	Used time : 5956 s	Next ID: 60	

Time elapsed for measurement: 14.58 s
----------------------------------------------------------------------
------------------------------  [ Train cost model ]
----------------------------------------------------------------------
Time elapsed for training: 0.00 s
----------------------------------------------------------------------
------------------------------  [ Task Scheduler ]
----------------------------------------------------------------------
|  ID  |                       Task Description                        | Latency (ms) | Speed (GFLOPS) | Trials |
-----------------------------------------------------------------------------------------------------------------
|    0 |                          vm_mod_fused_nn_conv2d_add_nn_relu_5 |        0.015 |       10334.05 |     27 |
|    1 |                         vm_mod_fused_nn_conv2d_add_nn_relu_39 |        0.015 |        3095.64 |     27 |
|    2 |                         vm_mod_fused_nn_conv2d_add_nn_relu_46 |        0.014 |         528.26 |     27 |
|    3 |                                        vm_mod_fused_nn_conv2d |        0.015 |       13468.53 |     27 |
|    4 |                         vm_mod_fused_nn_conv2d_add_nn_relu_53 |        0.014 |         728.20 |     27 |
|    5 |                         vm_mod_fused_nn_conv2d_add_nn_relu_28 |        0.009 |        3215.30 |     27 |
|    6 |                                  vm_mod_fused_nn_avg_pool2d_2 |        0.004 |          28.91 |     27 |
|    7 |                         vm_mod_fused_nn_conv2d_add_nn_relu_35 |        0.020 |        1901.59 |     27 |
|    8 |                         vm_mod_fused_nn_conv2d_add_nn_relu_42 |        0.026 |        1935.67 |     27 |
|    9 |                         vm_mod_fused_nn_conv2d_add_nn_relu_17 |        0.012 |        7548.90 |     27 |
|   10 |                          vm_mod_fused_nn_conv2d_add_nn_relu_1 |        0.005 |        9731.76 |     27 |
|   11 |                         vm_mod_fused_nn_conv2d_add_nn_relu_24 |        0.011 |        1904.04 |     27 |
|   12 |                                     vm_mod_fused_nn_dense_add |        0.008 |         245.77 |     27 |
|   13 |                         vm_mod_fused_nn_conv2d_add_nn_relu_31 |        0.016 |        2073.86 |     27 |
|   14 |                         vm_mod_fused_nn_conv2d_add_nn_relu_13 |        0.012 |        5442.85 |     27 |
|   15 |                         vm_mod_fused_nn_conv2d_add_nn_relu_20 |        0.006 |        2322.88 |     27 |
|   16 |                          vm_mod_fused_nn_conv2d_add_nn_relu_8 |        0.007 |        4756.00 |     27 |
|   17 |                         vm_mod_fused_nn_conv2d_add_nn_relu_58 |        0.014 |         915.17 |     27 |
|   18 |                         vm_mod_fused_nn_conv2d_add_nn_relu_47 |        0.016 |         499.77 |     27 |
|   19 |                          vm_mod_fused_nn_conv2d_add_nn_relu_4 |        0.013 |       10032.87 |     27 |
|   20 |                         vm_mod_fused_nn_conv2d_add_nn_relu_29 |        0.008 |        3577.85 |     27 |
|   21 |                         vm_mod_fused_nn_conv2d_add_nn_relu_54 |        0.019 |         570.87 |     27 |
|   22 |                         vm_mod_fused_nn_conv2d_add_nn_relu_36 |        0.017 |        2372.88 |     27 |
|   23 |                         vm_mod_fused_nn_conv2d_add_nn_relu_43 |        0.009 |         687.63 |     27 |
|   24 |                         vm_mod_fused_nn_conv2d_add_nn_relu_18 |        0.016 |        5915.29 |     27 |
|   25 |                         vm_mod_fused_nn_conv2d_add_nn_relu_50 |        0.012 |         746.94 |     27 |
|   26 |                                  vm_mod_fused_nn_avg_pool2d_1 |        0.005 |          45.85 |     27 |
|   27 |                         vm_mod_fused_nn_conv2d_add_nn_relu_25 |        0.010 |        2172.84 |     27 |
|   28 |                         vm_mod_fused_nn_conv2d_add_nn_relu_32 |        0.020 |        1677.95 |     27 |
|   29 | vm_mod_fused_nn_contrib_conv2d_winograd_without_weight_transform_1 |        0.017 |        2666.41 |     27 |
|   30 |                                      vm_mod_fused_nn_conv2d_1 |        0.018 |       11405.71 |     27 |
|   31 |                         vm_mod_fused_nn_conv2d_add_nn_relu_14 |        0.010 |        6794.55 |     27 |
|   32 |                         vm_mod_fused_nn_conv2d_add_nn_relu_21 |        0.012 |        1398.45 |     27 |
|   33 |                            vm_mod_fused_nn_conv2d_add_nn_relu |        0.020 |       11897.77 |     27 |
|   34 |                         vm_mod_fused_nn_conv2d_add_nn_relu_10 |        0.006 |        7315.83 |     27 |
|   35 |                          vm_mod_fused_nn_conv2d_add_nn_relu_7 |        0.005 |        5611.59 |     27 |
|   36 | vm_mod_fused_nn_contrib_conv2d_winograd_without_weight_transform |        0.020 |        8275.47 |     27 |
|   37 |                         vm_mod_fused_nn_conv2d_add_nn_relu_48 |        0.009 |         932.19 |     27 |
|   38 |                         vm_mod_fused_nn_conv2d_add_nn_relu_55 |        0.020 |         561.28 |     27 |
|   39 |                         vm_mod_fused_nn_conv2d_add_nn_relu_37 |        0.015 |        2744.49 |     27 |
|   40 |                         vm_mod_fused_nn_conv2d_add_nn_relu_44 |        0.010 |         693.06 |     27 |
|   41 |                         vm_mod_fused_nn_conv2d_add_nn_relu_19 |        0.006 |        2016.57 |     27 |
|   42 |                          vm_mod_fused_nn_conv2d_add_nn_relu_3 |        0.008 |       12239.29 |     27 |
|   43 |                         vm_mod_fused_nn_conv2d_add_nn_relu_51 |        0.020 |         480.17 |     27 |
|   44 |                         vm_mod_fused_nn_conv2d_add_nn_relu_26 |        0.008 |        3018.36 |     27 |
|   45 | vm_mod_fused_nn_contrib_conv2d_winograd_without_weight_transform_2 |        0.014 |         852.09 |     27 |
|   46 |                         vm_mod_fused_nn_conv2d_add_nn_relu_33 |        0.016 |        2225.79 |     27 |
|   47 |                         vm_mod_fused_nn_conv2d_add_nn_relu_40 |        0.029 |        1621.43 |     27 |
|   48 |                           vm_mod_fused_nn_adaptive_avg_pool2d |        0.004 |          -0.00 |     27 |
|   49 |                         vm_mod_fused_nn_conv2d_add_nn_relu_15 |        0.020 |        3925.78 |     27 |
|   50 |                         vm_mod_fused_nn_conv2d_add_nn_relu_22 |        0.011 |        1641.09 |     27 |
|   51 |                                    vm_mod_fused_nn_avg_pool2d |        0.004 |         112.09 |     27 |
|   52 |                         vm_mod_fused_nn_conv2d_add_nn_relu_11 |        0.007 |        7004.13 |     27 |
|   53 |                                      vm_mod_fused_nn_conv2d_2 |        0.026 |        7948.12 |     27 |
|   54 |                          vm_mod_fused_nn_conv2d_add_nn_relu_6 |        0.020 |        9261.28 |     27 |
|   55 |                         vm_mod_fused_nn_conv2d_add_nn_relu_49 |        0.009 |        1034.51 |     27 |
|   56 |                         vm_mod_fused_nn_conv2d_add_nn_relu_56 |        0.025 |         467.80 |     27 |
|   57 |                         vm_mod_fused_nn_conv2d_add_nn_relu_38 |        0.016 |        2774.26 |     27 |
|   58 |                         vm_mod_fused_nn_conv2d_add_nn_relu_45 |        0.008 |         920.03 |     27 |
|   59 |                         vm_mod_fused_nn_conv2d_add_nn_relu_52 |        0.010 |        1050.83 |     27 |
|   60 | vm_mod_fused_nn_contrib_conv2d_winograd_without_weight_transform_3 |        0.011 |         348.82 |     27 |
|   61 |                         vm_mod_fused_nn_conv2d_add_nn_relu_27 |            - |              - |      0 |
|   62 |                          vm_mod_fused_nn_conv2d_add_nn_relu_2 |            - |              - |      0 |
|   63 |                         vm_mod_fused_nn_conv2d_add_nn_relu_34 |            - |              - |      0 |
|   64 |                         vm_mod_fused_nn_conv2d_add_nn_relu_41 |            - |              - |      0 |
|   65 |                                    vm_mod_fused_nn_max_pool2d |            - |              - |      0 |
|   66 |                         vm_mod_fused_nn_conv2d_add_nn_relu_16 |            - |              - |      0 |
|   67 |                         vm_mod_fused_nn_conv2d_add_nn_relu_23 |            - |              - |      0 |
|   68 |                         vm_mod_fused_nn_conv2d_add_nn_relu_30 |            - |              - |      0 |
----------------------------------------------------------------------
------------------------------  [ Search ]
----------------------------------------------------------------------
Generate Sketches		#s: 1
Sample Initial Population	#s: 69	fail_ct: 1979	Time elapsed: 5.32
GA Iter: 0	Max score: 0.9798	Min score: 0.2611	#Pop: 54	#M+: 0	#M-: 0
GA Iter: 4	Max score: 0.9999	Min score: 0.9908	#Pop: 54	#M+: 1388	#M-: 0
EvolutionarySearch		#s: 54	Time elapsed: 72.29
----------------------------------------------------------------------
------------------------------  [ Measure ]
----------------------------------------------------------------------
Get 27 programs to measure:
...........................***************************|   69 |                          vm_mod_fused_nn_conv2d_add_nn_relu_9 |            - |              - |      0 |
|   70 |                         vm_mod_fused_nn_conv2d_add_nn_relu_12 |            - |              - |      0 |
|   71 |                         vm_mod_fused_nn_conv2d_add_nn_relu_57 |            - |              - |      0 |
-----------------------------------------------------------------------------------------------------------------
Estimated total latency: - ms	Trials: 1647	Used time : 6180 s	Next ID: 61	

Time elapsed for measurement: 13.94 s
----------------------------------------------------------------------
------------------------------  [ Train cost model ]
----------------------------------------------------------------------
Time elapsed for training: 0.00 s
----------------------------------------------------------------------
------------------------------  [ Task Scheduler ]
----------------------------------------------------------------------
|  ID  |                       Task Description                        | Latency (ms) | Speed (GFLOPS) | Trials |
-----------------------------------------------------------------------------------------------------------------
|    0 |                          vm_mod_fused_nn_conv2d_add_nn_relu_5 |        0.015 |       10334.05 |     27 |
|    1 |                         vm_mod_fused_nn_conv2d_add_nn_relu_39 |        0.015 |        3095.64 |     27 |
|    2 |                         vm_mod_fused_nn_conv2d_add_nn_relu_46 |        0.014 |         528.26 |     27 |
|    3 |                                        vm_mod_fused_nn_conv2d |        0.015 |       13468.53 |     27 |
|    4 |                         vm_mod_fused_nn_conv2d_add_nn_relu_53 |        0.014 |         728.20 |     27 |
|    5 |                         vm_mod_fused_nn_conv2d_add_nn_relu_28 |        0.009 |        3215.30 |     27 |
|    6 |                                  vm_mod_fused_nn_avg_pool2d_2 |        0.004 |          28.91 |     27 |
|    7 |                         vm_mod_fused_nn_conv2d_add_nn_relu_35 |        0.020 |        1901.59 |     27 |
|    8 |                         vm_mod_fused_nn_conv2d_add_nn_relu_42 |        0.026 |        1935.67 |     27 |
|    9 |                         vm_mod_fused_nn_conv2d_add_nn_relu_17 |        0.012 |        7548.90 |     27 |
|   10 |                          vm_mod_fused_nn_conv2d_add_nn_relu_1 |        0.005 |        9731.76 |     27 |
|   11 |                         vm_mod_fused_nn_conv2d_add_nn_relu_24 |        0.011 |        1904.04 |     27 |
|   12 |                                     vm_mod_fused_nn_dense_add |        0.008 |         245.77 |     27 |
|   13 |                         vm_mod_fused_nn_conv2d_add_nn_relu_31 |        0.016 |        2073.86 |     27 |
|   14 |                         vm_mod_fused_nn_conv2d_add_nn_relu_13 |        0.012 |        5442.85 |     27 |
|   15 |                         vm_mod_fused_nn_conv2d_add_nn_relu_20 |        0.006 |        2322.88 |     27 |
|   16 |                          vm_mod_fused_nn_conv2d_add_nn_relu_8 |        0.007 |        4756.00 |     27 |
|   17 |                         vm_mod_fused_nn_conv2d_add_nn_relu_58 |        0.014 |         915.17 |     27 |
|   18 |                         vm_mod_fused_nn_conv2d_add_nn_relu_47 |        0.016 |         499.77 |     27 |
|   19 |                          vm_mod_fused_nn_conv2d_add_nn_relu_4 |        0.013 |       10032.87 |     27 |
|   20 |                         vm_mod_fused_nn_conv2d_add_nn_relu_29 |        0.008 |        3577.85 |     27 |
|   21 |                         vm_mod_fused_nn_conv2d_add_nn_relu_54 |        0.019 |         570.87 |     27 |
|   22 |                         vm_mod_fused_nn_conv2d_add_nn_relu_36 |        0.017 |        2372.88 |     27 |
|   23 |                         vm_mod_fused_nn_conv2d_add_nn_relu_43 |        0.009 |         687.63 |     27 |
|   24 |                         vm_mod_fused_nn_conv2d_add_nn_relu_18 |        0.016 |        5915.29 |     27 |
|   25 |                         vm_mod_fused_nn_conv2d_add_nn_relu_50 |        0.012 |         746.94 |     27 |
|   26 |                                  vm_mod_fused_nn_avg_pool2d_1 |        0.005 |          45.85 |     27 |
|   27 |                         vm_mod_fused_nn_conv2d_add_nn_relu_25 |        0.010 |        2172.84 |     27 |
|   28 |                         vm_mod_fused_nn_conv2d_add_nn_relu_32 |        0.020 |        1677.95 |     27 |
|   29 | vm_mod_fused_nn_contrib_conv2d_winograd_without_weight_transform_1 |        0.017 |        2666.41 |     27 |
|   30 |                                      vm_mod_fused_nn_conv2d_1 |        0.018 |       11405.71 |     27 |
|   31 |                         vm_mod_fused_nn_conv2d_add_nn_relu_14 |        0.010 |        6794.55 |     27 |
|   32 |                         vm_mod_fused_nn_conv2d_add_nn_relu_21 |        0.012 |        1398.45 |     27 |
|   33 |                            vm_mod_fused_nn_conv2d_add_nn_relu |        0.020 |       11897.77 |     27 |
|   34 |                         vm_mod_fused_nn_conv2d_add_nn_relu_10 |        0.006 |        7315.83 |     27 |
|   35 |                          vm_mod_fused_nn_conv2d_add_nn_relu_7 |        0.005 |        5611.59 |     27 |
|   36 | vm_mod_fused_nn_contrib_conv2d_winograd_without_weight_transform |        0.020 |        8275.47 |     27 |
|   37 |                         vm_mod_fused_nn_conv2d_add_nn_relu_48 |        0.009 |         932.19 |     27 |
|   38 |                         vm_mod_fused_nn_conv2d_add_nn_relu_55 |        0.020 |         561.28 |     27 |
|   39 |                         vm_mod_fused_nn_conv2d_add_nn_relu_37 |        0.015 |        2744.49 |     27 |
|   40 |                         vm_mod_fused_nn_conv2d_add_nn_relu_44 |        0.010 |         693.06 |     27 |
|   41 |                         vm_mod_fused_nn_conv2d_add_nn_relu_19 |        0.006 |        2016.57 |     27 |
|   42 |                          vm_mod_fused_nn_conv2d_add_nn_relu_3 |        0.008 |       12239.29 |     27 |
|   43 |                         vm_mod_fused_nn_conv2d_add_nn_relu_51 |        0.020 |         480.17 |     27 |
|   44 |                         vm_mod_fused_nn_conv2d_add_nn_relu_26 |        0.008 |        3018.36 |     27 |
|   45 | vm_mod_fused_nn_contrib_conv2d_winograd_without_weight_transform_2 |        0.014 |         852.09 |     27 |
|   46 |                         vm_mod_fused_nn_conv2d_add_nn_relu_33 |        0.016 |        2225.79 |     27 |
|   47 |                         vm_mod_fused_nn_conv2d_add_nn_relu_40 |        0.029 |        1621.43 |     27 |
|   48 |                           vm_mod_fused_nn_adaptive_avg_pool2d |        0.004 |          -0.00 |     27 |
|   49 |                         vm_mod_fused_nn_conv2d_add_nn_relu_15 |        0.020 |        3925.78 |     27 |
|   50 |                         vm_mod_fused_nn_conv2d_add_nn_relu_22 |        0.011 |        1641.09 |     27 |
|   51 |                                    vm_mod_fused_nn_avg_pool2d |        0.004 |         112.09 |     27 |
|   52 |                         vm_mod_fused_nn_conv2d_add_nn_relu_11 |        0.007 |        7004.13 |     27 |
|   53 |                                      vm_mod_fused_nn_conv2d_2 |        0.026 |        7948.12 |     27 |
|   54 |                          vm_mod_fused_nn_conv2d_add_nn_relu_6 |        0.020 |        9261.28 |     27 |
|   55 |                         vm_mod_fused_nn_conv2d_add_nn_relu_49 |        0.009 |        1034.51 |     27 |
|   56 |                         vm_mod_fused_nn_conv2d_add_nn_relu_56 |        0.025 |         467.80 |     27 |
|   57 |                         vm_mod_fused_nn_conv2d_add_nn_relu_38 |        0.016 |        2774.26 |     27 |
|   58 |                         vm_mod_fused_nn_conv2d_add_nn_relu_45 |        0.008 |         920.03 |     27 |
|   59 |                         vm_mod_fused_nn_conv2d_add_nn_relu_52 |        0.010 |        1050.83 |     27 |
|   60 | vm_mod_fused_nn_contrib_conv2d_winograd_without_weight_transform_3 |        0.011 |         348.82 |     27 |
|   61 |                         vm_mod_fused_nn_conv2d_add_nn_relu_27 |        0.007 |        3818.78 |     27 |
|   62 |                          vm_mod_fused_nn_conv2d_add_nn_relu_2 |            - |              - |      0 |
|   63 |                         vm_mod_fused_nn_conv2d_add_nn_relu_34 |            - |              - |      0 |
|   64 |                         vm_mod_fused_nn_conv2d_add_nn_relu_41 |            - |              - |      0 |
|   65 |                                    vm_mod_fused_nn_max_pool2d |            - |              - |      0 |
|   66 |                         vm_mod_fused_nn_conv2d_add_nn_relu_16 |            - |              - |      0 |
|   67 |                         vm_mod_fused_nn_conv2d_add_nn_relu_23 |            - |              - |      0 |
|   68 |                         vm_mod_fused_nn_conv2d_add_nn_relu_30 |            - |              - |      0 |
----------------------------------------------------------------------
------------------------------  [ Search ]
----------------------------------------------------------------------
Generate Sketches		#s: 1
Sample Initial Population	#s: 84	fail_ct: 1964	Time elapsed: 6.85
GA Iter: 0	Max score: 0.9692	Min score: 0.4020	#Pop: 54	#M+: 0	#M-: 0
GA Iter: 4	Max score: 1.0000	Min score: 0.9916	#Pop: 54	#M+: 1384	#M-: 0
EvolutionarySearch		#s: 54	Time elapsed: 79.19
----------------------------------------------------------------------
------------------------------  [ Measure ]
----------------------------------------------------------------------
Get 27 programs to measure:
...........................***************************|   69 |                          vm_mod_fused_nn_conv2d_add_nn_relu_9 |            - |              - |      0 |
|   70 |                         vm_mod_fused_nn_conv2d_add_nn_relu_12 |            - |              - |      0 |
|   71 |                         vm_mod_fused_nn_conv2d_add_nn_relu_57 |            - |              - |      0 |
-----------------------------------------------------------------------------------------------------------------
Estimated total latency: - ms	Trials: 1674	Used time : 6272 s	Next ID: 62	

Time elapsed for measurement: 13.34 s
----------------------------------------------------------------------
------------------------------  [ Train cost model ]
----------------------------------------------------------------------
Time elapsed for training: 0.00 s
----------------------------------------------------------------------
------------------------------  [ Task Scheduler ]
----------------------------------------------------------------------
|  ID  |                       Task Description                        | Latency (ms) | Speed (GFLOPS) | Trials |
-----------------------------------------------------------------------------------------------------------------
|    0 |                          vm_mod_fused_nn_conv2d_add_nn_relu_5 |        0.015 |       10334.05 |     27 |
|    1 |                         vm_mod_fused_nn_conv2d_add_nn_relu_39 |        0.015 |        3095.64 |     27 |
|    2 |                         vm_mod_fused_nn_conv2d_add_nn_relu_46 |        0.014 |         528.26 |     27 |
|    3 |                                        vm_mod_fused_nn_conv2d |        0.015 |       13468.53 |     27 |
|    4 |                         vm_mod_fused_nn_conv2d_add_nn_relu_53 |        0.014 |         728.20 |     27 |
|    5 |                         vm_mod_fused_nn_conv2d_add_nn_relu_28 |        0.009 |        3215.30 |     27 |
|    6 |                                  vm_mod_fused_nn_avg_pool2d_2 |        0.004 |          28.91 |     27 |
|    7 |                         vm_mod_fused_nn_conv2d_add_nn_relu_35 |        0.020 |        1901.59 |     27 |
|    8 |                         vm_mod_fused_nn_conv2d_add_nn_relu_42 |        0.026 |        1935.67 |     27 |
|    9 |                         vm_mod_fused_nn_conv2d_add_nn_relu_17 |        0.012 |        7548.90 |     27 |
|   10 |                          vm_mod_fused_nn_conv2d_add_nn_relu_1 |        0.005 |        9731.76 |     27 |
|   11 |                         vm_mod_fused_nn_conv2d_add_nn_relu_24 |        0.011 |        1904.04 |     27 |
|   12 |                                     vm_mod_fused_nn_dense_add |        0.008 |         245.77 |     27 |
|   13 |                         vm_mod_fused_nn_conv2d_add_nn_relu_31 |        0.016 |        2073.86 |     27 |
|   14 |                         vm_mod_fused_nn_conv2d_add_nn_relu_13 |        0.012 |        5442.85 |     27 |
|   15 |                         vm_mod_fused_nn_conv2d_add_nn_relu_20 |        0.006 |        2322.88 |     27 |
|   16 |                          vm_mod_fused_nn_conv2d_add_nn_relu_8 |        0.007 |        4756.00 |     27 |
|   17 |                         vm_mod_fused_nn_conv2d_add_nn_relu_58 |        0.014 |         915.17 |     27 |
|   18 |                         vm_mod_fused_nn_conv2d_add_nn_relu_47 |        0.016 |         499.77 |     27 |
|   19 |                          vm_mod_fused_nn_conv2d_add_nn_relu_4 |        0.013 |       10032.87 |     27 |
|   20 |                         vm_mod_fused_nn_conv2d_add_nn_relu_29 |        0.008 |        3577.85 |     27 |
|   21 |                         vm_mod_fused_nn_conv2d_add_nn_relu_54 |        0.019 |         570.87 |     27 |
|   22 |                         vm_mod_fused_nn_conv2d_add_nn_relu_36 |        0.017 |        2372.88 |     27 |
|   23 |                         vm_mod_fused_nn_conv2d_add_nn_relu_43 |        0.009 |         687.63 |     27 |
|   24 |                         vm_mod_fused_nn_conv2d_add_nn_relu_18 |        0.016 |        5915.29 |     27 |
|   25 |                         vm_mod_fused_nn_conv2d_add_nn_relu_50 |        0.012 |         746.94 |     27 |
|   26 |                                  vm_mod_fused_nn_avg_pool2d_1 |        0.005 |          45.85 |     27 |
|   27 |                         vm_mod_fused_nn_conv2d_add_nn_relu_25 |        0.010 |        2172.84 |     27 |
|   28 |                         vm_mod_fused_nn_conv2d_add_nn_relu_32 |        0.020 |        1677.95 |     27 |
|   29 | vm_mod_fused_nn_contrib_conv2d_winograd_without_weight_transform_1 |        0.017 |        2666.41 |     27 |
|   30 |                                      vm_mod_fused_nn_conv2d_1 |        0.018 |       11405.71 |     27 |
|   31 |                         vm_mod_fused_nn_conv2d_add_nn_relu_14 |        0.010 |        6794.55 |     27 |
|   32 |                         vm_mod_fused_nn_conv2d_add_nn_relu_21 |        0.012 |        1398.45 |     27 |
|   33 |                            vm_mod_fused_nn_conv2d_add_nn_relu |        0.020 |       11897.77 |     27 |
|   34 |                         vm_mod_fused_nn_conv2d_add_nn_relu_10 |        0.006 |        7315.83 |     27 |
|   35 |                          vm_mod_fused_nn_conv2d_add_nn_relu_7 |        0.005 |        5611.59 |     27 |
|   36 | vm_mod_fused_nn_contrib_conv2d_winograd_without_weight_transform |        0.020 |        8275.47 |     27 |
|   37 |                         vm_mod_fused_nn_conv2d_add_nn_relu_48 |        0.009 |         932.19 |     27 |
|   38 |                         vm_mod_fused_nn_conv2d_add_nn_relu_55 |        0.020 |         561.28 |     27 |
|   39 |                         vm_mod_fused_nn_conv2d_add_nn_relu_37 |        0.015 |        2744.49 |     27 |
|   40 |                         vm_mod_fused_nn_conv2d_add_nn_relu_44 |        0.010 |         693.06 |     27 |
|   41 |                         vm_mod_fused_nn_conv2d_add_nn_relu_19 |        0.006 |        2016.57 |     27 |
|   42 |                          vm_mod_fused_nn_conv2d_add_nn_relu_3 |        0.008 |       12239.29 |     27 |
|   43 |                         vm_mod_fused_nn_conv2d_add_nn_relu_51 |        0.020 |         480.17 |     27 |
|   44 |                         vm_mod_fused_nn_conv2d_add_nn_relu_26 |        0.008 |        3018.36 |     27 |
|   45 | vm_mod_fused_nn_contrib_conv2d_winograd_without_weight_transform_2 |        0.014 |         852.09 |     27 |
|   46 |                         vm_mod_fused_nn_conv2d_add_nn_relu_33 |        0.016 |        2225.79 |     27 |
|   47 |                         vm_mod_fused_nn_conv2d_add_nn_relu_40 |        0.029 |        1621.43 |     27 |
|   48 |                           vm_mod_fused_nn_adaptive_avg_pool2d |        0.004 |          -0.00 |     27 |
|   49 |                         vm_mod_fused_nn_conv2d_add_nn_relu_15 |        0.020 |        3925.78 |     27 |
|   50 |                         vm_mod_fused_nn_conv2d_add_nn_relu_22 |        0.011 |        1641.09 |     27 |
|   51 |                                    vm_mod_fused_nn_avg_pool2d |        0.004 |         112.09 |     27 |
|   52 |                         vm_mod_fused_nn_conv2d_add_nn_relu_11 |        0.007 |        7004.13 |     27 |
|   53 |                                      vm_mod_fused_nn_conv2d_2 |        0.026 |        7948.12 |     27 |
|   54 |                          vm_mod_fused_nn_conv2d_add_nn_relu_6 |        0.020 |        9261.28 |     27 |
|   55 |                         vm_mod_fused_nn_conv2d_add_nn_relu_49 |        0.009 |        1034.51 |     27 |
|   56 |                         vm_mod_fused_nn_conv2d_add_nn_relu_56 |        0.025 |         467.80 |     27 |
|   57 |                         vm_mod_fused_nn_conv2d_add_nn_relu_38 |        0.016 |        2774.26 |     27 |
|   58 |                         vm_mod_fused_nn_conv2d_add_nn_relu_45 |        0.008 |         920.03 |     27 |
|   59 |                         vm_mod_fused_nn_conv2d_add_nn_relu_52 |        0.010 |        1050.83 |     27 |
|   60 | vm_mod_fused_nn_contrib_conv2d_winograd_without_weight_transform_3 |        0.011 |         348.82 |     27 |
|   61 |                         vm_mod_fused_nn_conv2d_add_nn_relu_27 |        0.007 |        3818.78 |     27 |
|   62 |                          vm_mod_fused_nn_conv2d_add_nn_relu_2 |        0.007 |       11742.92 |     27 |
|   63 |                         vm_mod_fused_nn_conv2d_add_nn_relu_34 |            - |              - |      0 |
|   64 |                         vm_mod_fused_nn_conv2d_add_nn_relu_41 |            - |              - |      0 |
|   65 |                                    vm_mod_fused_nn_max_pool2d |            - |              - |      0 |
|   66 |                         vm_mod_fused_nn_conv2d_add_nn_relu_16 |            - |              - |      0 |
|   67 |                         vm_mod_fused_nn_conv2d_add_nn_relu_23 |            - |              - |      0 |
|   68 |                         vm_mod_fused_nn_conv2d_add_nn_relu_30 |            - |              - |      0 |
----------------------------------------------------------------------
------------------------------  [ Search ]
----------------------------------------------------------------------
Generate Sketches		#s: 1
Sample Initial Population	#s: 95	fail_ct: 1953	Time elapsed: 5.39
GA Iter: 0	Max score: 0.9918	Min score: 0.3993	#Pop: 54	#M+: 0	#M-: 0
GA Iter: 4	Max score: 0.9998	Min score: 0.9932	#Pop: 54	#M+: 1390	#M-: 0
EvolutionarySearch		#s: 54	Time elapsed: 72.97
----------------------------------------------------------------------
------------------------------  [ Measure ]
----------------------------------------------------------------------
Get 27 programs to measure:
...........................***************************|   69 |                          vm_mod_fused_nn_conv2d_add_nn_relu_9 |            - |              - |      0 |
|   70 |                         vm_mod_fused_nn_conv2d_add_nn_relu_12 |            - |              - |      0 |
|   71 |                         vm_mod_fused_nn_conv2d_add_nn_relu_57 |            - |              - |      0 |
-----------------------------------------------------------------------------------------------------------------
Estimated total latency: - ms	Trials: 1701	Used time : 6371 s	Next ID: 63	

Time elapsed for measurement: 16.84 s
----------------------------------------------------------------------
------------------------------  [ Train cost model ]
----------------------------------------------------------------------
Time elapsed for training: 0.00 s
----------------------------------------------------------------------
------------------------------  [ Task Scheduler ]
----------------------------------------------------------------------
|  ID  |                       Task Description                        | Latency (ms) | Speed (GFLOPS) | Trials |
-----------------------------------------------------------------------------------------------------------------
|    0 |                          vm_mod_fused_nn_conv2d_add_nn_relu_5 |        0.015 |       10334.05 |     27 |
|    1 |                         vm_mod_fused_nn_conv2d_add_nn_relu_39 |        0.015 |        3095.64 |     27 |
|    2 |                         vm_mod_fused_nn_conv2d_add_nn_relu_46 |        0.014 |         528.26 |     27 |
|    3 |                                        vm_mod_fused_nn_conv2d |        0.015 |       13468.53 |     27 |
|    4 |                         vm_mod_fused_nn_conv2d_add_nn_relu_53 |        0.014 |         728.20 |     27 |
|    5 |                         vm_mod_fused_nn_conv2d_add_nn_relu_28 |        0.009 |        3215.30 |     27 |
|    6 |                                  vm_mod_fused_nn_avg_pool2d_2 |        0.004 |          28.91 |     27 |
|    7 |                         vm_mod_fused_nn_conv2d_add_nn_relu_35 |        0.020 |        1901.59 |     27 |
|    8 |                         vm_mod_fused_nn_conv2d_add_nn_relu_42 |        0.026 |        1935.67 |     27 |
|    9 |                         vm_mod_fused_nn_conv2d_add_nn_relu_17 |        0.012 |        7548.90 |     27 |
|   10 |                          vm_mod_fused_nn_conv2d_add_nn_relu_1 |        0.005 |        9731.76 |     27 |
|   11 |                         vm_mod_fused_nn_conv2d_add_nn_relu_24 |        0.011 |        1904.04 |     27 |
|   12 |                                     vm_mod_fused_nn_dense_add |        0.008 |         245.77 |     27 |
|   13 |                         vm_mod_fused_nn_conv2d_add_nn_relu_31 |        0.016 |        2073.86 |     27 |
|   14 |                         vm_mod_fused_nn_conv2d_add_nn_relu_13 |        0.012 |        5442.85 |     27 |
|   15 |                         vm_mod_fused_nn_conv2d_add_nn_relu_20 |        0.006 |        2322.88 |     27 |
|   16 |                          vm_mod_fused_nn_conv2d_add_nn_relu_8 |        0.007 |        4756.00 |     27 |
|   17 |                         vm_mod_fused_nn_conv2d_add_nn_relu_58 |        0.014 |         915.17 |     27 |
|   18 |                         vm_mod_fused_nn_conv2d_add_nn_relu_47 |        0.016 |         499.77 |     27 |
|   19 |                          vm_mod_fused_nn_conv2d_add_nn_relu_4 |        0.013 |       10032.87 |     27 |
|   20 |                         vm_mod_fused_nn_conv2d_add_nn_relu_29 |        0.008 |        3577.85 |     27 |
|   21 |                         vm_mod_fused_nn_conv2d_add_nn_relu_54 |        0.019 |         570.87 |     27 |
|   22 |                         vm_mod_fused_nn_conv2d_add_nn_relu_36 |        0.017 |        2372.88 |     27 |
|   23 |                         vm_mod_fused_nn_conv2d_add_nn_relu_43 |        0.009 |         687.63 |     27 |
|   24 |                         vm_mod_fused_nn_conv2d_add_nn_relu_18 |        0.016 |        5915.29 |     27 |
|   25 |                         vm_mod_fused_nn_conv2d_add_nn_relu_50 |        0.012 |         746.94 |     27 |
|   26 |                                  vm_mod_fused_nn_avg_pool2d_1 |        0.005 |          45.85 |     27 |
|   27 |                         vm_mod_fused_nn_conv2d_add_nn_relu_25 |        0.010 |        2172.84 |     27 |
|   28 |                         vm_mod_fused_nn_conv2d_add_nn_relu_32 |        0.020 |        1677.95 |     27 |
|   29 | vm_mod_fused_nn_contrib_conv2d_winograd_without_weight_transform_1 |        0.017 |        2666.41 |     27 |
|   30 |                                      vm_mod_fused_nn_conv2d_1 |        0.018 |       11405.71 |     27 |
|   31 |                         vm_mod_fused_nn_conv2d_add_nn_relu_14 |        0.010 |        6794.55 |     27 |
|   32 |                         vm_mod_fused_nn_conv2d_add_nn_relu_21 |        0.012 |        1398.45 |     27 |
|   33 |                            vm_mod_fused_nn_conv2d_add_nn_relu |        0.020 |       11897.77 |     27 |
|   34 |                         vm_mod_fused_nn_conv2d_add_nn_relu_10 |        0.006 |        7315.83 |     27 |
|   35 |                          vm_mod_fused_nn_conv2d_add_nn_relu_7 |        0.005 |        5611.59 |     27 |
|   36 | vm_mod_fused_nn_contrib_conv2d_winograd_without_weight_transform |        0.020 |        8275.47 |     27 |
|   37 |                         vm_mod_fused_nn_conv2d_add_nn_relu_48 |        0.009 |         932.19 |     27 |
|   38 |                         vm_mod_fused_nn_conv2d_add_nn_relu_55 |        0.020 |         561.28 |     27 |
|   39 |                         vm_mod_fused_nn_conv2d_add_nn_relu_37 |        0.015 |        2744.49 |     27 |
|   40 |                         vm_mod_fused_nn_conv2d_add_nn_relu_44 |        0.010 |         693.06 |     27 |
|   41 |                         vm_mod_fused_nn_conv2d_add_nn_relu_19 |        0.006 |        2016.57 |     27 |
|   42 |                          vm_mod_fused_nn_conv2d_add_nn_relu_3 |        0.008 |       12239.29 |     27 |
|   43 |                         vm_mod_fused_nn_conv2d_add_nn_relu_51 |        0.020 |         480.17 |     27 |
|   44 |                         vm_mod_fused_nn_conv2d_add_nn_relu_26 |        0.008 |        3018.36 |     27 |
|   45 | vm_mod_fused_nn_contrib_conv2d_winograd_without_weight_transform_2 |        0.014 |         852.09 |     27 |
|   46 |                         vm_mod_fused_nn_conv2d_add_nn_relu_33 |        0.016 |        2225.79 |     27 |
|   47 |                         vm_mod_fused_nn_conv2d_add_nn_relu_40 |        0.029 |        1621.43 |     27 |
|   48 |                           vm_mod_fused_nn_adaptive_avg_pool2d |        0.004 |          -0.00 |     27 |
|   49 |                         vm_mod_fused_nn_conv2d_add_nn_relu_15 |        0.020 |        3925.78 |     27 |
|   50 |                         vm_mod_fused_nn_conv2d_add_nn_relu_22 |        0.011 |        1641.09 |     27 |
|   51 |                                    vm_mod_fused_nn_avg_pool2d |        0.004 |         112.09 |     27 |
|   52 |                         vm_mod_fused_nn_conv2d_add_nn_relu_11 |        0.007 |        7004.13 |     27 |
|   53 |                                      vm_mod_fused_nn_conv2d_2 |        0.026 |        7948.12 |     27 |
|   54 |                          vm_mod_fused_nn_conv2d_add_nn_relu_6 |        0.020 |        9261.28 |     27 |
|   55 |                         vm_mod_fused_nn_conv2d_add_nn_relu_49 |        0.009 |        1034.51 |     27 |
|   56 |                         vm_mod_fused_nn_conv2d_add_nn_relu_56 |        0.025 |         467.80 |     27 |
|   57 |                         vm_mod_fused_nn_conv2d_add_nn_relu_38 |        0.016 |        2774.26 |     27 |
|   58 |                         vm_mod_fused_nn_conv2d_add_nn_relu_45 |        0.008 |         920.03 |     27 |
|   59 |                         vm_mod_fused_nn_conv2d_add_nn_relu_52 |        0.010 |        1050.83 |     27 |
|   60 | vm_mod_fused_nn_contrib_conv2d_winograd_without_weight_transform_3 |        0.011 |         348.82 |     27 |
|   61 |                         vm_mod_fused_nn_conv2d_add_nn_relu_27 |        0.007 |        3818.78 |     27 |
|   62 |                          vm_mod_fused_nn_conv2d_add_nn_relu_2 |        0.007 |       11742.92 |     27 |
|   63 |                         vm_mod_fused_nn_conv2d_add_nn_relu_34 |        0.017 |        2150.90 |     27 |
|   64 |                         vm_mod_fused_nn_conv2d_add_nn_relu_41 |            - |              - |      0 |
|   65 |                                    vm_mod_fused_nn_max_pool2d |            - |              - |      0 |
|   66 |                         vm_mod_fused_nn_conv2d_add_nn_relu_16 |            - |              - |      0 |
|   67 |                         vm_mod_fused_nn_conv2d_add_nn_relu_23 |            - |              - |      0 |
|   68 |                         vm_mod_fused_nn_conv2d_add_nn_relu_30 |            - |              - |      0 |
----------------------------------------------------------------------
------------------------------  [ Search ]
----------------------------------------------------------------------
Generate Sketches		#s: 1
Sample Initial Population	#s: 73	fail_ct: 1975	Time elapsed: 5.88
GA Iter: 0	Max score: 0.9934	Min score: 0.2870	#Pop: 54	#M+: 0	#M-: 0
GA Iter: 4	Max score: 0.9999	Min score: 0.9914	#Pop: 54	#M+: 1398	#M-: 0
EvolutionarySearch		#s: 54	Time elapsed: 75.65
----------------------------------------------------------------------
------------------------------  [ Measure ]
----------------------------------------------------------------------
Get 27 programs to measure:
...........................***************************|   69 |                          vm_mod_fused_nn_conv2d_add_nn_relu_9 |            - |              - |      0 |
|   70 |                         vm_mod_fused_nn_conv2d_add_nn_relu_12 |            - |              - |      0 |
|   71 |                         vm_mod_fused_nn_conv2d_add_nn_relu_57 |            - |              - |      0 |
-----------------------------------------------------------------------------------------------------------------
Estimated total latency: - ms	Trials: 1728	Used time : 6467 s	Next ID: 64	

Time elapsed for measurement: 12.96 s
----------------------------------------------------------------------
------------------------------  [ Train cost model ]
----------------------------------------------------------------------
Time elapsed for training: 0.00 s
----------------------------------------------------------------------
------------------------------  [ Task Scheduler ]
----------------------------------------------------------------------
|  ID  |                       Task Description                        | Latency (ms) | Speed (GFLOPS) | Trials |
-----------------------------------------------------------------------------------------------------------------
|    0 |                          vm_mod_fused_nn_conv2d_add_nn_relu_5 |        0.015 |       10334.05 |     27 |
|    1 |                         vm_mod_fused_nn_conv2d_add_nn_relu_39 |        0.015 |        3095.64 |     27 |
|    2 |                         vm_mod_fused_nn_conv2d_add_nn_relu_46 |        0.014 |         528.26 |     27 |
|    3 |                                        vm_mod_fused_nn_conv2d |        0.015 |       13468.53 |     27 |
|    4 |                         vm_mod_fused_nn_conv2d_add_nn_relu_53 |        0.014 |         728.20 |     27 |
|    5 |                         vm_mod_fused_nn_conv2d_add_nn_relu_28 |        0.009 |        3215.30 |     27 |
|    6 |                                  vm_mod_fused_nn_avg_pool2d_2 |        0.004 |          28.91 |     27 |
|    7 |                         vm_mod_fused_nn_conv2d_add_nn_relu_35 |        0.020 |        1901.59 |     27 |
|    8 |                         vm_mod_fused_nn_conv2d_add_nn_relu_42 |        0.026 |        1935.67 |     27 |
|    9 |                         vm_mod_fused_nn_conv2d_add_nn_relu_17 |        0.012 |        7548.90 |     27 |
|   10 |                          vm_mod_fused_nn_conv2d_add_nn_relu_1 |        0.005 |        9731.76 |     27 |
|   11 |                         vm_mod_fused_nn_conv2d_add_nn_relu_24 |        0.011 |        1904.04 |     27 |
|   12 |                                     vm_mod_fused_nn_dense_add |        0.008 |         245.77 |     27 |
|   13 |                         vm_mod_fused_nn_conv2d_add_nn_relu_31 |        0.016 |        2073.86 |     27 |
|   14 |                         vm_mod_fused_nn_conv2d_add_nn_relu_13 |        0.012 |        5442.85 |     27 |
|   15 |                         vm_mod_fused_nn_conv2d_add_nn_relu_20 |        0.006 |        2322.88 |     27 |
|   16 |                          vm_mod_fused_nn_conv2d_add_nn_relu_8 |        0.007 |        4756.00 |     27 |
|   17 |                         vm_mod_fused_nn_conv2d_add_nn_relu_58 |        0.014 |         915.17 |     27 |
|   18 |                         vm_mod_fused_nn_conv2d_add_nn_relu_47 |        0.016 |         499.77 |     27 |
|   19 |                          vm_mod_fused_nn_conv2d_add_nn_relu_4 |        0.013 |       10032.87 |     27 |
|   20 |                         vm_mod_fused_nn_conv2d_add_nn_relu_29 |        0.008 |        3577.85 |     27 |
|   21 |                         vm_mod_fused_nn_conv2d_add_nn_relu_54 |        0.019 |         570.87 |     27 |
|   22 |                         vm_mod_fused_nn_conv2d_add_nn_relu_36 |        0.017 |        2372.88 |     27 |
|   23 |                         vm_mod_fused_nn_conv2d_add_nn_relu_43 |        0.009 |         687.63 |     27 |
|   24 |                         vm_mod_fused_nn_conv2d_add_nn_relu_18 |        0.016 |        5915.29 |     27 |
|   25 |                         vm_mod_fused_nn_conv2d_add_nn_relu_50 |        0.012 |         746.94 |     27 |
|   26 |                                  vm_mod_fused_nn_avg_pool2d_1 |        0.005 |          45.85 |     27 |
|   27 |                         vm_mod_fused_nn_conv2d_add_nn_relu_25 |        0.010 |        2172.84 |     27 |
|   28 |                         vm_mod_fused_nn_conv2d_add_nn_relu_32 |        0.020 |        1677.95 |     27 |
|   29 | vm_mod_fused_nn_contrib_conv2d_winograd_without_weight_transform_1 |        0.017 |        2666.41 |     27 |
|   30 |                                      vm_mod_fused_nn_conv2d_1 |        0.018 |       11405.71 |     27 |
|   31 |                         vm_mod_fused_nn_conv2d_add_nn_relu_14 |        0.010 |        6794.55 |     27 |
|   32 |                         vm_mod_fused_nn_conv2d_add_nn_relu_21 |        0.012 |        1398.45 |     27 |
|   33 |                            vm_mod_fused_nn_conv2d_add_nn_relu |        0.020 |       11897.77 |     27 |
|   34 |                         vm_mod_fused_nn_conv2d_add_nn_relu_10 |        0.006 |        7315.83 |     27 |
|   35 |                          vm_mod_fused_nn_conv2d_add_nn_relu_7 |        0.005 |        5611.59 |     27 |
|   36 | vm_mod_fused_nn_contrib_conv2d_winograd_without_weight_transform |        0.020 |        8275.47 |     27 |
|   37 |                         vm_mod_fused_nn_conv2d_add_nn_relu_48 |        0.009 |         932.19 |     27 |
|   38 |                         vm_mod_fused_nn_conv2d_add_nn_relu_55 |        0.020 |         561.28 |     27 |
|   39 |                         vm_mod_fused_nn_conv2d_add_nn_relu_37 |        0.015 |        2744.49 |     27 |
|   40 |                         vm_mod_fused_nn_conv2d_add_nn_relu_44 |        0.010 |         693.06 |     27 |
|   41 |                         vm_mod_fused_nn_conv2d_add_nn_relu_19 |        0.006 |        2016.57 |     27 |
|   42 |                          vm_mod_fused_nn_conv2d_add_nn_relu_3 |        0.008 |       12239.29 |     27 |
|   43 |                         vm_mod_fused_nn_conv2d_add_nn_relu_51 |        0.020 |         480.17 |     27 |
|   44 |                         vm_mod_fused_nn_conv2d_add_nn_relu_26 |        0.008 |        3018.36 |     27 |
|   45 | vm_mod_fused_nn_contrib_conv2d_winograd_without_weight_transform_2 |        0.014 |         852.09 |     27 |
|   46 |                         vm_mod_fused_nn_conv2d_add_nn_relu_33 |        0.016 |        2225.79 |     27 |
|   47 |                         vm_mod_fused_nn_conv2d_add_nn_relu_40 |        0.029 |        1621.43 |     27 |
|   48 |                           vm_mod_fused_nn_adaptive_avg_pool2d |        0.004 |          -0.00 |     27 |
|   49 |                         vm_mod_fused_nn_conv2d_add_nn_relu_15 |        0.020 |        3925.78 |     27 |
|   50 |                         vm_mod_fused_nn_conv2d_add_nn_relu_22 |        0.011 |        1641.09 |     27 |
|   51 |                                    vm_mod_fused_nn_avg_pool2d |        0.004 |         112.09 |     27 |
|   52 |                         vm_mod_fused_nn_conv2d_add_nn_relu_11 |        0.007 |        7004.13 |     27 |
|   53 |                                      vm_mod_fused_nn_conv2d_2 |        0.026 |        7948.12 |     27 |
|   54 |                          vm_mod_fused_nn_conv2d_add_nn_relu_6 |        0.020 |        9261.28 |     27 |
|   55 |                         vm_mod_fused_nn_conv2d_add_nn_relu_49 |        0.009 |        1034.51 |     27 |
|   56 |                         vm_mod_fused_nn_conv2d_add_nn_relu_56 |        0.025 |         467.80 |     27 |
|   57 |                         vm_mod_fused_nn_conv2d_add_nn_relu_38 |        0.016 |        2774.26 |     27 |
|   58 |                         vm_mod_fused_nn_conv2d_add_nn_relu_45 |        0.008 |         920.03 |     27 |
|   59 |                         vm_mod_fused_nn_conv2d_add_nn_relu_52 |        0.010 |        1050.83 |     27 |
|   60 | vm_mod_fused_nn_contrib_conv2d_winograd_without_weight_transform_3 |        0.011 |         348.82 |     27 |
|   61 |                         vm_mod_fused_nn_conv2d_add_nn_relu_27 |        0.007 |        3818.78 |     27 |
|   62 |                          vm_mod_fused_nn_conv2d_add_nn_relu_2 |        0.007 |       11742.92 |     27 |
|   63 |                         vm_mod_fused_nn_conv2d_add_nn_relu_34 |        0.017 |        2150.90 |     27 |
|   64 |                         vm_mod_fused_nn_conv2d_add_nn_relu_41 |        0.017 |        2839.85 |     27 |
|   65 |                                    vm_mod_fused_nn_max_pool2d |            - |              - |      0 |
|   66 |                         vm_mod_fused_nn_conv2d_add_nn_relu_16 |            - |              - |      0 |
|   67 |                         vm_mod_fused_nn_conv2d_add_nn_relu_23 |            - |              - |      0 |
|   68 |                         vm_mod_fused_nn_conv2d_add_nn_relu_30 |            - |              - |      0 |
----------------------------------------------------------------------
------------------------------  [ Search ]
----------------------------------------------------------------------
Generate Sketches		#s: 1
Sample Initial Population	#s: 58	fail_ct: 1990	Time elapsed: 6.03
GA Iter: 0	Max score: 0.9956	Min score: 0.0883	#Pop: 54	#M+: 0	#M-: 0
GA Iter: 4	Max score: 0.9997	Min score: 0.9346	#Pop: 54	#M+: 1390	#M-: 0
EvolutionarySearch		#s: 54	Time elapsed: 24.12
----------------------------------------------------------------------
------------------------------  [ Measure ]
----------------------------------------------------------------------
Get 27 programs to measure:
...........................***************************|   69 |                          vm_mod_fused_nn_conv2d_add_nn_relu_9 |            - |              - |      0 |
|   70 |                         vm_mod_fused_nn_conv2d_add_nn_relu_12 |            - |              - |      0 |
|   71 |                         vm_mod_fused_nn_conv2d_add_nn_relu_57 |            - |              - |      0 |
-----------------------------------------------------------------------------------------------------------------
Estimated total latency: - ms	Trials: 1755	Used time : 6561 s	Next ID: 65	

Time elapsed for measurement: 11.25 s
----------------------------------------------------------------------
------------------------------  [ Train cost model ]
----------------------------------------------------------------------
Time elapsed for training: 0.00 s
----------------------------------------------------------------------
------------------------------  [ Task Scheduler ]
----------------------------------------------------------------------
|  ID  |                       Task Description                        | Latency (ms) | Speed (GFLOPS) | Trials |
-----------------------------------------------------------------------------------------------------------------
|    0 |                          vm_mod_fused_nn_conv2d_add_nn_relu_5 |        0.015 |       10334.05 |     27 |
|    1 |                         vm_mod_fused_nn_conv2d_add_nn_relu_39 |        0.015 |        3095.64 |     27 |
|    2 |                         vm_mod_fused_nn_conv2d_add_nn_relu_46 |        0.014 |         528.26 |     27 |
|    3 |                                        vm_mod_fused_nn_conv2d |        0.015 |       13468.53 |     27 |
|    4 |                         vm_mod_fused_nn_conv2d_add_nn_relu_53 |        0.014 |         728.20 |     27 |
|    5 |                         vm_mod_fused_nn_conv2d_add_nn_relu_28 |        0.009 |        3215.30 |     27 |
|    6 |                                  vm_mod_fused_nn_avg_pool2d_2 |        0.004 |          28.91 |     27 |
|    7 |                         vm_mod_fused_nn_conv2d_add_nn_relu_35 |        0.020 |        1901.59 |     27 |
|    8 |                         vm_mod_fused_nn_conv2d_add_nn_relu_42 |        0.026 |        1935.67 |     27 |
|    9 |                         vm_mod_fused_nn_conv2d_add_nn_relu_17 |        0.012 |        7548.90 |     27 |
|   10 |                          vm_mod_fused_nn_conv2d_add_nn_relu_1 |        0.005 |        9731.76 |     27 |
|   11 |                         vm_mod_fused_nn_conv2d_add_nn_relu_24 |        0.011 |        1904.04 |     27 |
|   12 |                                     vm_mod_fused_nn_dense_add |        0.008 |         245.77 |     27 |
|   13 |                         vm_mod_fused_nn_conv2d_add_nn_relu_31 |        0.016 |        2073.86 |     27 |
|   14 |                         vm_mod_fused_nn_conv2d_add_nn_relu_13 |        0.012 |        5442.85 |     27 |
|   15 |                         vm_mod_fused_nn_conv2d_add_nn_relu_20 |        0.006 |        2322.88 |     27 |
|   16 |                          vm_mod_fused_nn_conv2d_add_nn_relu_8 |        0.007 |        4756.00 |     27 |
|   17 |                         vm_mod_fused_nn_conv2d_add_nn_relu_58 |        0.014 |         915.17 |     27 |
|   18 |                         vm_mod_fused_nn_conv2d_add_nn_relu_47 |        0.016 |         499.77 |     27 |
|   19 |                          vm_mod_fused_nn_conv2d_add_nn_relu_4 |        0.013 |       10032.87 |     27 |
|   20 |                         vm_mod_fused_nn_conv2d_add_nn_relu_29 |        0.008 |        3577.85 |     27 |
|   21 |                         vm_mod_fused_nn_conv2d_add_nn_relu_54 |        0.019 |         570.87 |     27 |
|   22 |                         vm_mod_fused_nn_conv2d_add_nn_relu_36 |        0.017 |        2372.88 |     27 |
|   23 |                         vm_mod_fused_nn_conv2d_add_nn_relu_43 |        0.009 |         687.63 |     27 |
|   24 |                         vm_mod_fused_nn_conv2d_add_nn_relu_18 |        0.016 |        5915.29 |     27 |
|   25 |                         vm_mod_fused_nn_conv2d_add_nn_relu_50 |        0.012 |         746.94 |     27 |
|   26 |                                  vm_mod_fused_nn_avg_pool2d_1 |        0.005 |          45.85 |     27 |
|   27 |                         vm_mod_fused_nn_conv2d_add_nn_relu_25 |        0.010 |        2172.84 |     27 |
|   28 |                         vm_mod_fused_nn_conv2d_add_nn_relu_32 |        0.020 |        1677.95 |     27 |
|   29 | vm_mod_fused_nn_contrib_conv2d_winograd_without_weight_transform_1 |        0.017 |        2666.41 |     27 |
|   30 |                                      vm_mod_fused_nn_conv2d_1 |        0.018 |       11405.71 |     27 |
|   31 |                         vm_mod_fused_nn_conv2d_add_nn_relu_14 |        0.010 |        6794.55 |     27 |
|   32 |                         vm_mod_fused_nn_conv2d_add_nn_relu_21 |        0.012 |        1398.45 |     27 |
|   33 |                            vm_mod_fused_nn_conv2d_add_nn_relu |        0.020 |       11897.77 |     27 |
|   34 |                         vm_mod_fused_nn_conv2d_add_nn_relu_10 |        0.006 |        7315.83 |     27 |
|   35 |                          vm_mod_fused_nn_conv2d_add_nn_relu_7 |        0.005 |        5611.59 |     27 |
|   36 | vm_mod_fused_nn_contrib_conv2d_winograd_without_weight_transform |        0.020 |        8275.47 |     27 |
|   37 |                         vm_mod_fused_nn_conv2d_add_nn_relu_48 |        0.009 |         932.19 |     27 |
|   38 |                         vm_mod_fused_nn_conv2d_add_nn_relu_55 |        0.020 |         561.28 |     27 |
|   39 |                         vm_mod_fused_nn_conv2d_add_nn_relu_37 |        0.015 |        2744.49 |     27 |
|   40 |                         vm_mod_fused_nn_conv2d_add_nn_relu_44 |        0.010 |         693.06 |     27 |
|   41 |                         vm_mod_fused_nn_conv2d_add_nn_relu_19 |        0.006 |        2016.57 |     27 |
|   42 |                          vm_mod_fused_nn_conv2d_add_nn_relu_3 |        0.008 |       12239.29 |     27 |
|   43 |                         vm_mod_fused_nn_conv2d_add_nn_relu_51 |        0.020 |         480.17 |     27 |
|   44 |                         vm_mod_fused_nn_conv2d_add_nn_relu_26 |        0.008 |        3018.36 |     27 |
|   45 | vm_mod_fused_nn_contrib_conv2d_winograd_without_weight_transform_2 |        0.014 |         852.09 |     27 |
|   46 |                         vm_mod_fused_nn_conv2d_add_nn_relu_33 |        0.016 |        2225.79 |     27 |
|   47 |                         vm_mod_fused_nn_conv2d_add_nn_relu_40 |        0.029 |        1621.43 |     27 |
|   48 |                           vm_mod_fused_nn_adaptive_avg_pool2d |        0.004 |          -0.00 |     27 |
|   49 |                         vm_mod_fused_nn_conv2d_add_nn_relu_15 |        0.020 |        3925.78 |     27 |
|   50 |                         vm_mod_fused_nn_conv2d_add_nn_relu_22 |        0.011 |        1641.09 |     27 |
|   51 |                                    vm_mod_fused_nn_avg_pool2d |        0.004 |         112.09 |     27 |
|   52 |                         vm_mod_fused_nn_conv2d_add_nn_relu_11 |        0.007 |        7004.13 |     27 |
|   53 |                                      vm_mod_fused_nn_conv2d_2 |        0.026 |        7948.12 |     27 |
|   54 |                          vm_mod_fused_nn_conv2d_add_nn_relu_6 |        0.020 |        9261.28 |     27 |
|   55 |                         vm_mod_fused_nn_conv2d_add_nn_relu_49 |        0.009 |        1034.51 |     27 |
|   56 |                         vm_mod_fused_nn_conv2d_add_nn_relu_56 |        0.025 |         467.80 |     27 |
|   57 |                         vm_mod_fused_nn_conv2d_add_nn_relu_38 |        0.016 |        2774.26 |     27 |
|   58 |                         vm_mod_fused_nn_conv2d_add_nn_relu_45 |        0.008 |         920.03 |     27 |
|   59 |                         vm_mod_fused_nn_conv2d_add_nn_relu_52 |        0.010 |        1050.83 |     27 |
|   60 | vm_mod_fused_nn_contrib_conv2d_winograd_without_weight_transform_3 |        0.011 |         348.82 |     27 |
|   61 |                         vm_mod_fused_nn_conv2d_add_nn_relu_27 |        0.007 |        3818.78 |     27 |
|   62 |                          vm_mod_fused_nn_conv2d_add_nn_relu_2 |        0.007 |       11742.92 |     27 |
|   63 |                         vm_mod_fused_nn_conv2d_add_nn_relu_34 |        0.017 |        2150.90 |     27 |
|   64 |                         vm_mod_fused_nn_conv2d_add_nn_relu_41 |        0.017 |        2839.85 |     27 |
|   65 |                                    vm_mod_fused_nn_max_pool2d |        0.003 |         555.89 |     27 |
|   66 |                         vm_mod_fused_nn_conv2d_add_nn_relu_16 |            - |              - |      0 |
|   67 |                         vm_mod_fused_nn_conv2d_add_nn_relu_23 |            - |              - |      0 |
|   68 |                         vm_mod_fused_nn_conv2d_add_nn_relu_30 |            - |              - |      0 |
----------------------------------------------------------------------
------------------------------  [ Search ]
----------------------------------------------------------------------
Generate Sketches		#s: 1
Sample Initial Population	#s: 65	fail_ct: 1983	Time elapsed: 6.36
GA Iter: 0	Max score: 0.9510	Min score: 0.1850	#Pop: 54	#M+: 0	#M-: 0
GA Iter: 4	Max score: 0.9999	Min score: 0.9920	#Pop: 54	#M+: 1404	#M-: 0
EvolutionarySearch		#s: 54	Time elapsed: 76.24
----------------------------------------------------------------------
------------------------------  [ Measure ]
----------------------------------------------------------------------
Get 27 programs to measure:
..........................|   69 |                          vm_mod_fused_nn_conv2d_add_nn_relu_9 |            - |              - |      0 |
|   70 |                         vm_mod_fused_nn_conv2d_add_nn_relu_12 |            - |              - |      0 |
|   71 |                         vm_mod_fused_nn_conv2d_add_nn_relu_57 |            - |              - |      0 |
-----------------------------------------------------------------------------------------------------------------
Estimated total latency: - ms	Trials: 1782	Used time : 6603 s	Next ID: 66	
.T**************************
Time elapsed for measurement: 24.64 s
----------------------------------------------------------------------
------------------------------  [ Train cost model ]
----------------------------------------------------------------------
Time elapsed for training: 0.00 s
----------------------------------------------------------------------
------------------------------  [ Task Scheduler ]
----------------------------------------------------------------------
|  ID  |                       Task Description                        | Latency (ms) | Speed (GFLOPS) | Trials |
-----------------------------------------------------------------------------------------------------------------
|    0 |                          vm_mod_fused_nn_conv2d_add_nn_relu_5 |        0.015 |       10334.05 |     27 |
|    1 |                         vm_mod_fused_nn_conv2d_add_nn_relu_39 |        0.015 |        3095.64 |     27 |
|    2 |                         vm_mod_fused_nn_conv2d_add_nn_relu_46 |        0.014 |         528.26 |     27 |
|    3 |                                        vm_mod_fused_nn_conv2d |        0.015 |       13468.53 |     27 |
|    4 |                         vm_mod_fused_nn_conv2d_add_nn_relu_53 |        0.014 |         728.20 |     27 |
|    5 |                         vm_mod_fused_nn_conv2d_add_nn_relu_28 |        0.009 |        3215.30 |     27 |
|    6 |                                  vm_mod_fused_nn_avg_pool2d_2 |        0.004 |          28.91 |     27 |
|    7 |                         vm_mod_fused_nn_conv2d_add_nn_relu_35 |        0.020 |        1901.59 |     27 |
|    8 |                         vm_mod_fused_nn_conv2d_add_nn_relu_42 |        0.026 |        1935.67 |     27 |
|    9 |                         vm_mod_fused_nn_conv2d_add_nn_relu_17 |        0.012 |        7548.90 |     27 |
|   10 |                          vm_mod_fused_nn_conv2d_add_nn_relu_1 |        0.005 |        9731.76 |     27 |
|   11 |                         vm_mod_fused_nn_conv2d_add_nn_relu_24 |        0.011 |        1904.04 |     27 |
|   12 |                                     vm_mod_fused_nn_dense_add |        0.008 |         245.77 |     27 |
|   13 |                         vm_mod_fused_nn_conv2d_add_nn_relu_31 |        0.016 |        2073.86 |     27 |
|   14 |                         vm_mod_fused_nn_conv2d_add_nn_relu_13 |        0.012 |        5442.85 |     27 |
|   15 |                         vm_mod_fused_nn_conv2d_add_nn_relu_20 |        0.006 |        2322.88 |     27 |
|   16 |                          vm_mod_fused_nn_conv2d_add_nn_relu_8 |        0.007 |        4756.00 |     27 |
|   17 |                         vm_mod_fused_nn_conv2d_add_nn_relu_58 |        0.014 |         915.17 |     27 |
|   18 |                         vm_mod_fused_nn_conv2d_add_nn_relu_47 |        0.016 |         499.77 |     27 |
|   19 |                          vm_mod_fused_nn_conv2d_add_nn_relu_4 |        0.013 |       10032.87 |     27 |
|   20 |                         vm_mod_fused_nn_conv2d_add_nn_relu_29 |        0.008 |        3577.85 |     27 |
|   21 |                         vm_mod_fused_nn_conv2d_add_nn_relu_54 |        0.019 |         570.87 |     27 |
|   22 |                         vm_mod_fused_nn_conv2d_add_nn_relu_36 |        0.017 |        2372.88 |     27 |
|   23 |                         vm_mod_fused_nn_conv2d_add_nn_relu_43 |        0.009 |         687.63 |     27 |
|   24 |                         vm_mod_fused_nn_conv2d_add_nn_relu_18 |        0.016 |        5915.29 |     27 |
|   25 |                         vm_mod_fused_nn_conv2d_add_nn_relu_50 |        0.012 |         746.94 |     27 |
|   26 |                                  vm_mod_fused_nn_avg_pool2d_1 |        0.005 |          45.85 |     27 |
|   27 |                         vm_mod_fused_nn_conv2d_add_nn_relu_25 |        0.010 |        2172.84 |     27 |
|   28 |                         vm_mod_fused_nn_conv2d_add_nn_relu_32 |        0.020 |        1677.95 |     27 |
|   29 | vm_mod_fused_nn_contrib_conv2d_winograd_without_weight_transform_1 |        0.017 |        2666.41 |     27 |
|   30 |                                      vm_mod_fused_nn_conv2d_1 |        0.018 |       11405.71 |     27 |
|   31 |                         vm_mod_fused_nn_conv2d_add_nn_relu_14 |        0.010 |        6794.55 |     27 |
|   32 |                         vm_mod_fused_nn_conv2d_add_nn_relu_21 |        0.012 |        1398.45 |     27 |
|   33 |                            vm_mod_fused_nn_conv2d_add_nn_relu |        0.020 |       11897.77 |     27 |
|   34 |                         vm_mod_fused_nn_conv2d_add_nn_relu_10 |        0.006 |        7315.83 |     27 |
|   35 |                          vm_mod_fused_nn_conv2d_add_nn_relu_7 |        0.005 |        5611.59 |     27 |
|   36 | vm_mod_fused_nn_contrib_conv2d_winograd_without_weight_transform |        0.020 |        8275.47 |     27 |
|   37 |                         vm_mod_fused_nn_conv2d_add_nn_relu_48 |        0.009 |         932.19 |     27 |
|   38 |                         vm_mod_fused_nn_conv2d_add_nn_relu_55 |        0.020 |         561.28 |     27 |
|   39 |                         vm_mod_fused_nn_conv2d_add_nn_relu_37 |        0.015 |        2744.49 |     27 |
|   40 |                         vm_mod_fused_nn_conv2d_add_nn_relu_44 |        0.010 |         693.06 |     27 |
|   41 |                         vm_mod_fused_nn_conv2d_add_nn_relu_19 |        0.006 |        2016.57 |     27 |
|   42 |                          vm_mod_fused_nn_conv2d_add_nn_relu_3 |        0.008 |       12239.29 |     27 |
|   43 |                         vm_mod_fused_nn_conv2d_add_nn_relu_51 |        0.020 |         480.17 |     27 |
|   44 |                         vm_mod_fused_nn_conv2d_add_nn_relu_26 |        0.008 |        3018.36 |     27 |
|   45 | vm_mod_fused_nn_contrib_conv2d_winograd_without_weight_transform_2 |        0.014 |         852.09 |     27 |
|   46 |                         vm_mod_fused_nn_conv2d_add_nn_relu_33 |        0.016 |        2225.79 |     27 |
|   47 |                         vm_mod_fused_nn_conv2d_add_nn_relu_40 |        0.029 |        1621.43 |     27 |
|   48 |                           vm_mod_fused_nn_adaptive_avg_pool2d |        0.004 |          -0.00 |     27 |
|   49 |                         vm_mod_fused_nn_conv2d_add_nn_relu_15 |        0.020 |        3925.78 |     27 |
|   50 |                         vm_mod_fused_nn_conv2d_add_nn_relu_22 |        0.011 |        1641.09 |     27 |
|   51 |                                    vm_mod_fused_nn_avg_pool2d |        0.004 |         112.09 |     27 |
|   52 |                         vm_mod_fused_nn_conv2d_add_nn_relu_11 |        0.007 |        7004.13 |     27 |
|   53 |                                      vm_mod_fused_nn_conv2d_2 |        0.026 |        7948.12 |     27 |
|   54 |                          vm_mod_fused_nn_conv2d_add_nn_relu_6 |        0.020 |        9261.28 |     27 |
|   55 |                         vm_mod_fused_nn_conv2d_add_nn_relu_49 |        0.009 |        1034.51 |     27 |
|   56 |                         vm_mod_fused_nn_conv2d_add_nn_relu_56 |        0.025 |         467.80 |     27 |
|   57 |                         vm_mod_fused_nn_conv2d_add_nn_relu_38 |        0.016 |        2774.26 |     27 |
|   58 |                         vm_mod_fused_nn_conv2d_add_nn_relu_45 |        0.008 |         920.03 |     27 |
|   59 |                         vm_mod_fused_nn_conv2d_add_nn_relu_52 |        0.010 |        1050.83 |     27 |
|   60 | vm_mod_fused_nn_contrib_conv2d_winograd_without_weight_transform_3 |        0.011 |         348.82 |     27 |
|   61 |                         vm_mod_fused_nn_conv2d_add_nn_relu_27 |        0.007 |        3818.78 |     27 |
|   62 |                          vm_mod_fused_nn_conv2d_add_nn_relu_2 |        0.007 |       11742.92 |     27 |
|   63 |                         vm_mod_fused_nn_conv2d_add_nn_relu_34 |        0.017 |        2150.90 |     27 |
|   64 |                         vm_mod_fused_nn_conv2d_add_nn_relu_41 |        0.017 |        2839.85 |     27 |
|   65 |                                    vm_mod_fused_nn_max_pool2d |        0.003 |         555.89 |     27 |
|   66 |                         vm_mod_fused_nn_conv2d_add_nn_relu_16 |        0.013 |        6257.19 |     27 |
|   67 |                         vm_mod_fused_nn_conv2d_add_nn_relu_23 |            - |              - |      0 |
|   68 |                         vm_mod_fused_nn_conv2d_add_nn_relu_30 |            - |              - |      0 |
----------------------------------------------------------------------
------------------------------  [ Search ]
----------------------------------------------------------------------
Generate Sketches		#s: 1
Sample Initial Population	#s: 80	fail_ct: 1968	Time elapsed: 5.51
GA Iter: 0	Max score: 0.9963	Min score: 0.2740	#Pop: 54	#M+: 0	#M-: 0
GA Iter: 4	Max score: 0.9999	Min score: 0.9894	#Pop: 54	#M+: 1387	#M-: 0
EvolutionarySearch		#s: 54	Time elapsed: 73.91
----------------------------------------------------------------------
------------------------------  [ Measure ]
----------------------------------------------------------------------
Get 27 programs to measure:
...........................***************************|   69 |                          vm_mod_fused_nn_conv2d_add_nn_relu_9 |            - |              - |      0 |
|   70 |                         vm_mod_fused_nn_conv2d_add_nn_relu_12 |            - |              - |      0 |
|   71 |                         vm_mod_fused_nn_conv2d_add_nn_relu_57 |            - |              - |      0 |
-----------------------------------------------------------------------------------------------------------------
Estimated total latency: - ms	Trials: 1809	Used time : 6710 s	Next ID: 67	

Time elapsed for measurement: 13.62 s
----------------------------------------------------------------------
------------------------------  [ Train cost model ]
----------------------------------------------------------------------
Time elapsed for training: 0.00 s
----------------------------------------------------------------------
------------------------------  [ Task Scheduler ]
----------------------------------------------------------------------
|  ID  |                       Task Description                        | Latency (ms) | Speed (GFLOPS) | Trials |
-----------------------------------------------------------------------------------------------------------------
|    0 |                          vm_mod_fused_nn_conv2d_add_nn_relu_5 |        0.015 |       10334.05 |     27 |
|    1 |                         vm_mod_fused_nn_conv2d_add_nn_relu_39 |        0.015 |        3095.64 |     27 |
|    2 |                         vm_mod_fused_nn_conv2d_add_nn_relu_46 |        0.014 |         528.26 |     27 |
|    3 |                                        vm_mod_fused_nn_conv2d |        0.015 |       13468.53 |     27 |
|    4 |                         vm_mod_fused_nn_conv2d_add_nn_relu_53 |        0.014 |         728.20 |     27 |
|    5 |                         vm_mod_fused_nn_conv2d_add_nn_relu_28 |        0.009 |        3215.30 |     27 |
|    6 |                                  vm_mod_fused_nn_avg_pool2d_2 |        0.004 |          28.91 |     27 |
|    7 |                         vm_mod_fused_nn_conv2d_add_nn_relu_35 |        0.020 |        1901.59 |     27 |
|    8 |                         vm_mod_fused_nn_conv2d_add_nn_relu_42 |        0.026 |        1935.67 |     27 |
|    9 |                         vm_mod_fused_nn_conv2d_add_nn_relu_17 |        0.012 |        7548.90 |     27 |
|   10 |                          vm_mod_fused_nn_conv2d_add_nn_relu_1 |        0.005 |        9731.76 |     27 |
|   11 |                         vm_mod_fused_nn_conv2d_add_nn_relu_24 |        0.011 |        1904.04 |     27 |
|   12 |                                     vm_mod_fused_nn_dense_add |        0.008 |         245.77 |     27 |
|   13 |                         vm_mod_fused_nn_conv2d_add_nn_relu_31 |        0.016 |        2073.86 |     27 |
|   14 |                         vm_mod_fused_nn_conv2d_add_nn_relu_13 |        0.012 |        5442.85 |     27 |
|   15 |                         vm_mod_fused_nn_conv2d_add_nn_relu_20 |        0.006 |        2322.88 |     27 |
|   16 |                          vm_mod_fused_nn_conv2d_add_nn_relu_8 |        0.007 |        4756.00 |     27 |
|   17 |                         vm_mod_fused_nn_conv2d_add_nn_relu_58 |        0.014 |         915.17 |     27 |
|   18 |                         vm_mod_fused_nn_conv2d_add_nn_relu_47 |        0.016 |         499.77 |     27 |
|   19 |                          vm_mod_fused_nn_conv2d_add_nn_relu_4 |        0.013 |       10032.87 |     27 |
|   20 |                         vm_mod_fused_nn_conv2d_add_nn_relu_29 |        0.008 |        3577.85 |     27 |
|   21 |                         vm_mod_fused_nn_conv2d_add_nn_relu_54 |        0.019 |         570.87 |     27 |
|   22 |                         vm_mod_fused_nn_conv2d_add_nn_relu_36 |        0.017 |        2372.88 |     27 |
|   23 |                         vm_mod_fused_nn_conv2d_add_nn_relu_43 |        0.009 |         687.63 |     27 |
|   24 |                         vm_mod_fused_nn_conv2d_add_nn_relu_18 |        0.016 |        5915.29 |     27 |
|   25 |                         vm_mod_fused_nn_conv2d_add_nn_relu_50 |        0.012 |         746.94 |     27 |
|   26 |                                  vm_mod_fused_nn_avg_pool2d_1 |        0.005 |          45.85 |     27 |
|   27 |                         vm_mod_fused_nn_conv2d_add_nn_relu_25 |        0.010 |        2172.84 |     27 |
|   28 |                         vm_mod_fused_nn_conv2d_add_nn_relu_32 |        0.020 |        1677.95 |     27 |
|   29 | vm_mod_fused_nn_contrib_conv2d_winograd_without_weight_transform_1 |        0.017 |        2666.41 |     27 |
|   30 |                                      vm_mod_fused_nn_conv2d_1 |        0.018 |       11405.71 |     27 |
|   31 |                         vm_mod_fused_nn_conv2d_add_nn_relu_14 |        0.010 |        6794.55 |     27 |
|   32 |                         vm_mod_fused_nn_conv2d_add_nn_relu_21 |        0.012 |        1398.45 |     27 |
|   33 |                            vm_mod_fused_nn_conv2d_add_nn_relu |        0.020 |       11897.77 |     27 |
|   34 |                         vm_mod_fused_nn_conv2d_add_nn_relu_10 |        0.006 |        7315.83 |     27 |
|   35 |                          vm_mod_fused_nn_conv2d_add_nn_relu_7 |        0.005 |        5611.59 |     27 |
|   36 | vm_mod_fused_nn_contrib_conv2d_winograd_without_weight_transform |        0.020 |        8275.47 |     27 |
|   37 |                         vm_mod_fused_nn_conv2d_add_nn_relu_48 |        0.009 |         932.19 |     27 |
|   38 |                         vm_mod_fused_nn_conv2d_add_nn_relu_55 |        0.020 |         561.28 |     27 |
|   39 |                         vm_mod_fused_nn_conv2d_add_nn_relu_37 |        0.015 |        2744.49 |     27 |
|   40 |                         vm_mod_fused_nn_conv2d_add_nn_relu_44 |        0.010 |         693.06 |     27 |
|   41 |                         vm_mod_fused_nn_conv2d_add_nn_relu_19 |        0.006 |        2016.57 |     27 |
|   42 |                          vm_mod_fused_nn_conv2d_add_nn_relu_3 |        0.008 |       12239.29 |     27 |
|   43 |                         vm_mod_fused_nn_conv2d_add_nn_relu_51 |        0.020 |         480.17 |     27 |
|   44 |                         vm_mod_fused_nn_conv2d_add_nn_relu_26 |        0.008 |        3018.36 |     27 |
|   45 | vm_mod_fused_nn_contrib_conv2d_winograd_without_weight_transform_2 |        0.014 |         852.09 |     27 |
|   46 |                         vm_mod_fused_nn_conv2d_add_nn_relu_33 |        0.016 |        2225.79 |     27 |
|   47 |                         vm_mod_fused_nn_conv2d_add_nn_relu_40 |        0.029 |        1621.43 |     27 |
|   48 |                           vm_mod_fused_nn_adaptive_avg_pool2d |        0.004 |          -0.00 |     27 |
|   49 |                         vm_mod_fused_nn_conv2d_add_nn_relu_15 |        0.020 |        3925.78 |     27 |
|   50 |                         vm_mod_fused_nn_conv2d_add_nn_relu_22 |        0.011 |        1641.09 |     27 |
|   51 |                                    vm_mod_fused_nn_avg_pool2d |        0.004 |         112.09 |     27 |
|   52 |                         vm_mod_fused_nn_conv2d_add_nn_relu_11 |        0.007 |        7004.13 |     27 |
|   53 |                                      vm_mod_fused_nn_conv2d_2 |        0.026 |        7948.12 |     27 |
|   54 |                          vm_mod_fused_nn_conv2d_add_nn_relu_6 |        0.020 |        9261.28 |     27 |
|   55 |                         vm_mod_fused_nn_conv2d_add_nn_relu_49 |        0.009 |        1034.51 |     27 |
|   56 |                         vm_mod_fused_nn_conv2d_add_nn_relu_56 |        0.025 |         467.80 |     27 |
|   57 |                         vm_mod_fused_nn_conv2d_add_nn_relu_38 |        0.016 |        2774.26 |     27 |
|   58 |                         vm_mod_fused_nn_conv2d_add_nn_relu_45 |        0.008 |         920.03 |     27 |
|   59 |                         vm_mod_fused_nn_conv2d_add_nn_relu_52 |        0.010 |        1050.83 |     27 |
|   60 | vm_mod_fused_nn_contrib_conv2d_winograd_without_weight_transform_3 |        0.011 |         348.82 |     27 |
|   61 |                         vm_mod_fused_nn_conv2d_add_nn_relu_27 |        0.007 |        3818.78 |     27 |
|   62 |                          vm_mod_fused_nn_conv2d_add_nn_relu_2 |        0.007 |       11742.92 |     27 |
|   63 |                         vm_mod_fused_nn_conv2d_add_nn_relu_34 |        0.017 |        2150.90 |     27 |
|   64 |                         vm_mod_fused_nn_conv2d_add_nn_relu_41 |        0.017 |        2839.85 |     27 |
|   65 |                                    vm_mod_fused_nn_max_pool2d |        0.003 |         555.89 |     27 |
|   66 |                         vm_mod_fused_nn_conv2d_add_nn_relu_16 |        0.013 |        6257.19 |     27 |
|   67 |                         vm_mod_fused_nn_conv2d_add_nn_relu_23 |        0.014 |        1422.67 |     27 |
|   68 |                         vm_mod_fused_nn_conv2d_add_nn_relu_30 |            - |              - |      0 |
----------------------------------------------------------------------
------------------------------  [ Search ]
----------------------------------------------------------------------
Generate Sketches		#s: 1
Sample Initial Population	#s: 89	fail_ct: 1959	Time elapsed: 5.53
GA Iter: 0	Max score: 0.9931	Min score: 0.3366	#Pop: 54	#M+: 0	#M-: 0
GA Iter: 4	Max score: 0.9998	Min score: 0.9922	#Pop: 54	#M+: 1385	#M-: 0
EvolutionarySearch		#s: 54	Time elapsed: 75.99
----------------------------------------------------------------------
------------------------------  [ Measure ]
----------------------------------------------------------------------
Get 27 programs to measure:
...........................***************************|   69 |                          vm_mod_fused_nn_conv2d_add_nn_relu_9 |            - |              - |      0 |
|   70 |                         vm_mod_fused_nn_conv2d_add_nn_relu_12 |            - |              - |      0 |
|   71 |                         vm_mod_fused_nn_conv2d_add_nn_relu_57 |            - |              - |      0 |
-----------------------------------------------------------------------------------------------------------------
Estimated total latency: - ms	Trials: 1836	Used time : 6803 s	Next ID: 68	

Time elapsed for measurement: 13.44 s
----------------------------------------------------------------------
------------------------------  [ Train cost model ]
----------------------------------------------------------------------
Time elapsed for training: 0.00 s
----------------------------------------------------------------------
------------------------------  [ Task Scheduler ]
----------------------------------------------------------------------
|  ID  |                       Task Description                        | Latency (ms) | Speed (GFLOPS) | Trials |
-----------------------------------------------------------------------------------------------------------------
|    0 |                          vm_mod_fused_nn_conv2d_add_nn_relu_5 |        0.015 |       10334.05 |     27 |
|    1 |                         vm_mod_fused_nn_conv2d_add_nn_relu_39 |        0.015 |        3095.64 |     27 |
|    2 |                         vm_mod_fused_nn_conv2d_add_nn_relu_46 |        0.014 |         528.26 |     27 |
|    3 |                                        vm_mod_fused_nn_conv2d |        0.015 |       13468.53 |     27 |
|    4 |                         vm_mod_fused_nn_conv2d_add_nn_relu_53 |        0.014 |         728.20 |     27 |
|    5 |                         vm_mod_fused_nn_conv2d_add_nn_relu_28 |        0.009 |        3215.30 |     27 |
|    6 |                                  vm_mod_fused_nn_avg_pool2d_2 |        0.004 |          28.91 |     27 |
|    7 |                         vm_mod_fused_nn_conv2d_add_nn_relu_35 |        0.020 |        1901.59 |     27 |
|    8 |                         vm_mod_fused_nn_conv2d_add_nn_relu_42 |        0.026 |        1935.67 |     27 |
|    9 |                         vm_mod_fused_nn_conv2d_add_nn_relu_17 |        0.012 |        7548.90 |     27 |
|   10 |                          vm_mod_fused_nn_conv2d_add_nn_relu_1 |        0.005 |        9731.76 |     27 |
|   11 |                         vm_mod_fused_nn_conv2d_add_nn_relu_24 |        0.011 |        1904.04 |     27 |
|   12 |                                     vm_mod_fused_nn_dense_add |        0.008 |         245.77 |     27 |
|   13 |                         vm_mod_fused_nn_conv2d_add_nn_relu_31 |        0.016 |        2073.86 |     27 |
|   14 |                         vm_mod_fused_nn_conv2d_add_nn_relu_13 |        0.012 |        5442.85 |     27 |
|   15 |                         vm_mod_fused_nn_conv2d_add_nn_relu_20 |        0.006 |        2322.88 |     27 |
|   16 |                          vm_mod_fused_nn_conv2d_add_nn_relu_8 |        0.007 |        4756.00 |     27 |
|   17 |                         vm_mod_fused_nn_conv2d_add_nn_relu_58 |        0.014 |         915.17 |     27 |
|   18 |                         vm_mod_fused_nn_conv2d_add_nn_relu_47 |        0.016 |         499.77 |     27 |
|   19 |                          vm_mod_fused_nn_conv2d_add_nn_relu_4 |        0.013 |       10032.87 |     27 |
|   20 |                         vm_mod_fused_nn_conv2d_add_nn_relu_29 |        0.008 |        3577.85 |     27 |
|   21 |                         vm_mod_fused_nn_conv2d_add_nn_relu_54 |        0.019 |         570.87 |     27 |
|   22 |                         vm_mod_fused_nn_conv2d_add_nn_relu_36 |        0.017 |        2372.88 |     27 |
|   23 |                         vm_mod_fused_nn_conv2d_add_nn_relu_43 |        0.009 |         687.63 |     27 |
|   24 |                         vm_mod_fused_nn_conv2d_add_nn_relu_18 |        0.016 |        5915.29 |     27 |
|   25 |                         vm_mod_fused_nn_conv2d_add_nn_relu_50 |        0.012 |         746.94 |     27 |
|   26 |                                  vm_mod_fused_nn_avg_pool2d_1 |        0.005 |          45.85 |     27 |
|   27 |                         vm_mod_fused_nn_conv2d_add_nn_relu_25 |        0.010 |        2172.84 |     27 |
|   28 |                         vm_mod_fused_nn_conv2d_add_nn_relu_32 |        0.020 |        1677.95 |     27 |
|   29 | vm_mod_fused_nn_contrib_conv2d_winograd_without_weight_transform_1 |        0.017 |        2666.41 |     27 |
|   30 |                                      vm_mod_fused_nn_conv2d_1 |        0.018 |       11405.71 |     27 |
|   31 |                         vm_mod_fused_nn_conv2d_add_nn_relu_14 |        0.010 |        6794.55 |     27 |
|   32 |                         vm_mod_fused_nn_conv2d_add_nn_relu_21 |        0.012 |        1398.45 |     27 |
|   33 |                            vm_mod_fused_nn_conv2d_add_nn_relu |        0.020 |       11897.77 |     27 |
|   34 |                         vm_mod_fused_nn_conv2d_add_nn_relu_10 |        0.006 |        7315.83 |     27 |
|   35 |                          vm_mod_fused_nn_conv2d_add_nn_relu_7 |        0.005 |        5611.59 |     27 |
|   36 | vm_mod_fused_nn_contrib_conv2d_winograd_without_weight_transform |        0.020 |        8275.47 |     27 |
|   37 |                         vm_mod_fused_nn_conv2d_add_nn_relu_48 |        0.009 |         932.19 |     27 |
|   38 |                         vm_mod_fused_nn_conv2d_add_nn_relu_55 |        0.020 |         561.28 |     27 |
|   39 |                         vm_mod_fused_nn_conv2d_add_nn_relu_37 |        0.015 |        2744.49 |     27 |
|   40 |                         vm_mod_fused_nn_conv2d_add_nn_relu_44 |        0.010 |         693.06 |     27 |
|   41 |                         vm_mod_fused_nn_conv2d_add_nn_relu_19 |        0.006 |        2016.57 |     27 |
|   42 |                          vm_mod_fused_nn_conv2d_add_nn_relu_3 |        0.008 |       12239.29 |     27 |
|   43 |                         vm_mod_fused_nn_conv2d_add_nn_relu_51 |        0.020 |         480.17 |     27 |
|   44 |                         vm_mod_fused_nn_conv2d_add_nn_relu_26 |        0.008 |        3018.36 |     27 |
|   45 | vm_mod_fused_nn_contrib_conv2d_winograd_without_weight_transform_2 |        0.014 |         852.09 |     27 |
|   46 |                         vm_mod_fused_nn_conv2d_add_nn_relu_33 |        0.016 |        2225.79 |     27 |
|   47 |                         vm_mod_fused_nn_conv2d_add_nn_relu_40 |        0.029 |        1621.43 |     27 |
|   48 |                           vm_mod_fused_nn_adaptive_avg_pool2d |        0.004 |          -0.00 |     27 |
|   49 |                         vm_mod_fused_nn_conv2d_add_nn_relu_15 |        0.020 |        3925.78 |     27 |
|   50 |                         vm_mod_fused_nn_conv2d_add_nn_relu_22 |        0.011 |        1641.09 |     27 |
|   51 |                                    vm_mod_fused_nn_avg_pool2d |        0.004 |         112.09 |     27 |
|   52 |                         vm_mod_fused_nn_conv2d_add_nn_relu_11 |        0.007 |        7004.13 |     27 |
|   53 |                                      vm_mod_fused_nn_conv2d_2 |        0.026 |        7948.12 |     27 |
|   54 |                          vm_mod_fused_nn_conv2d_add_nn_relu_6 |        0.020 |        9261.28 |     27 |
|   55 |                         vm_mod_fused_nn_conv2d_add_nn_relu_49 |        0.009 |        1034.51 |     27 |
|   56 |                         vm_mod_fused_nn_conv2d_add_nn_relu_56 |        0.025 |         467.80 |     27 |
|   57 |                         vm_mod_fused_nn_conv2d_add_nn_relu_38 |        0.016 |        2774.26 |     27 |
|   58 |                         vm_mod_fused_nn_conv2d_add_nn_relu_45 |        0.008 |         920.03 |     27 |
|   59 |                         vm_mod_fused_nn_conv2d_add_nn_relu_52 |        0.010 |        1050.83 |     27 |
|   60 | vm_mod_fused_nn_contrib_conv2d_winograd_without_weight_transform_3 |        0.011 |         348.82 |     27 |
|   61 |                         vm_mod_fused_nn_conv2d_add_nn_relu_27 |        0.007 |        3818.78 |     27 |
|   62 |                          vm_mod_fused_nn_conv2d_add_nn_relu_2 |        0.007 |       11742.92 |     27 |
|   63 |                         vm_mod_fused_nn_conv2d_add_nn_relu_34 |        0.017 |        2150.90 |     27 |
|   64 |                         vm_mod_fused_nn_conv2d_add_nn_relu_41 |        0.017 |        2839.85 |     27 |
|   65 |                                    vm_mod_fused_nn_max_pool2d |        0.003 |         555.89 |     27 |
|   66 |                         vm_mod_fused_nn_conv2d_add_nn_relu_16 |        0.013 |        6257.19 |     27 |
|   67 |                         vm_mod_fused_nn_conv2d_add_nn_relu_23 |        0.014 |        1422.67 |     27 |
|   68 |                         vm_mod_fused_nn_conv2d_add_nn_relu_30 |        0.018 |        1701.10 |     27 |
----------------------------------------------------------------------
------------------------------  [ Search ]
----------------------------------------------------------------------
Generate Sketches		#s: 1
Sample Initial Population	#s: 89	fail_ct: 1959	Time elapsed: 6.04
GA Iter: 0	Max score: 0.9965	Min score: 0.4256	#Pop: 54	#M+: 0	#M-: 0
GA Iter: 4	Max score: 0.9995	Min score: 0.9916	#Pop: 54	#M+: 1400	#M-: 0
EvolutionarySearch		#s: 54	Time elapsed: 78.45
----------------------------------------------------------------------
------------------------------  [ Measure ]
----------------------------------------------------------------------
Get 27 programs to measure:
...........................***************************|   69 |                          vm_mod_fused_nn_conv2d_add_nn_relu_9 |            - |              - |      0 |
|   70 |                         vm_mod_fused_nn_conv2d_add_nn_relu_12 |            - |              - |      0 |
|   71 |                         vm_mod_fused_nn_conv2d_add_nn_relu_57 |            - |              - |      0 |
-----------------------------------------------------------------------------------------------------------------
Estimated total latency: - ms	Trials: 1863	Used time : 6898 s	Next ID: 69	

Time elapsed for measurement: 12.95 s
----------------------------------------------------------------------
------------------------------  [ Train cost model ]
----------------------------------------------------------------------
Time elapsed for training: 3.13 s
----------------------------------------------------------------------
------------------------------  [ Task Scheduler ]
----------------------------------------------------------------------
|  ID  |                       Task Description                        | Latency (ms) | Speed (GFLOPS) | Trials |
-----------------------------------------------------------------------------------------------------------------
|    0 |                          vm_mod_fused_nn_conv2d_add_nn_relu_5 |        0.015 |       10334.05 |     27 |
|    1 |                         vm_mod_fused_nn_conv2d_add_nn_relu_39 |        0.015 |        3095.64 |     27 |
|    2 |                         vm_mod_fused_nn_conv2d_add_nn_relu_46 |        0.014 |         528.26 |     27 |
|    3 |                                        vm_mod_fused_nn_conv2d |        0.015 |       13468.53 |     27 |
|    4 |                         vm_mod_fused_nn_conv2d_add_nn_relu_53 |        0.014 |         728.20 |     27 |
|    5 |                         vm_mod_fused_nn_conv2d_add_nn_relu_28 |        0.009 |        3215.30 |     27 |
|    6 |                                  vm_mod_fused_nn_avg_pool2d_2 |        0.004 |          28.91 |     27 |
|    7 |                         vm_mod_fused_nn_conv2d_add_nn_relu_35 |        0.020 |        1901.59 |     27 |
|    8 |                         vm_mod_fused_nn_conv2d_add_nn_relu_42 |        0.026 |        1935.67 |     27 |
|    9 |                         vm_mod_fused_nn_conv2d_add_nn_relu_17 |        0.012 |        7548.90 |     27 |
|   10 |                          vm_mod_fused_nn_conv2d_add_nn_relu_1 |        0.005 |        9731.76 |     27 |
|   11 |                         vm_mod_fused_nn_conv2d_add_nn_relu_24 |        0.011 |        1904.04 |     27 |
|   12 |                                     vm_mod_fused_nn_dense_add |        0.008 |         245.77 |     27 |
|   13 |                         vm_mod_fused_nn_conv2d_add_nn_relu_31 |        0.016 |        2073.86 |     27 |
|   14 |                         vm_mod_fused_nn_conv2d_add_nn_relu_13 |        0.012 |        5442.85 |     27 |
|   15 |                         vm_mod_fused_nn_conv2d_add_nn_relu_20 |        0.006 |        2322.88 |     27 |
|   16 |                          vm_mod_fused_nn_conv2d_add_nn_relu_8 |        0.007 |        4756.00 |     27 |
|   17 |                         vm_mod_fused_nn_conv2d_add_nn_relu_58 |        0.014 |         915.17 |     27 |
|   18 |                         vm_mod_fused_nn_conv2d_add_nn_relu_47 |        0.016 |         499.77 |     27 |
|   19 |                          vm_mod_fused_nn_conv2d_add_nn_relu_4 |        0.013 |       10032.87 |     27 |
|   20 |                         vm_mod_fused_nn_conv2d_add_nn_relu_29 |        0.008 |        3577.85 |     27 |
|   21 |                         vm_mod_fused_nn_conv2d_add_nn_relu_54 |        0.019 |         570.87 |     27 |
|   22 |                         vm_mod_fused_nn_conv2d_add_nn_relu_36 |        0.017 |        2372.88 |     27 |
|   23 |                         vm_mod_fused_nn_conv2d_add_nn_relu_43 |        0.009 |         687.63 |     27 |
|   24 |                         vm_mod_fused_nn_conv2d_add_nn_relu_18 |        0.016 |        5915.29 |     27 |
|   25 |                         vm_mod_fused_nn_conv2d_add_nn_relu_50 |        0.012 |         746.94 |     27 |
|   26 |                                  vm_mod_fused_nn_avg_pool2d_1 |        0.005 |          45.85 |     27 |
|   27 |                         vm_mod_fused_nn_conv2d_add_nn_relu_25 |        0.010 |        2172.84 |     27 |
|   28 |                         vm_mod_fused_nn_conv2d_add_nn_relu_32 |        0.020 |        1677.95 |     27 |
|   29 | vm_mod_fused_nn_contrib_conv2d_winograd_without_weight_transform_1 |        0.017 |        2666.41 |     27 |
|   30 |                                      vm_mod_fused_nn_conv2d_1 |        0.018 |       11405.71 |     27 |
|   31 |                         vm_mod_fused_nn_conv2d_add_nn_relu_14 |        0.010 |        6794.55 |     27 |
|   32 |                         vm_mod_fused_nn_conv2d_add_nn_relu_21 |        0.012 |        1398.45 |     27 |
|   33 |                            vm_mod_fused_nn_conv2d_add_nn_relu |        0.020 |       11897.77 |     27 |
|   34 |                         vm_mod_fused_nn_conv2d_add_nn_relu_10 |        0.006 |        7315.83 |     27 |
|   35 |                          vm_mod_fused_nn_conv2d_add_nn_relu_7 |        0.005 |        5611.59 |     27 |
|   36 | vm_mod_fused_nn_contrib_conv2d_winograd_without_weight_transform |        0.020 |        8275.47 |     27 |
|   37 |                         vm_mod_fused_nn_conv2d_add_nn_relu_48 |        0.009 |         932.19 |     27 |
|   38 |                         vm_mod_fused_nn_conv2d_add_nn_relu_55 |        0.020 |         561.28 |     27 |
|   39 |                         vm_mod_fused_nn_conv2d_add_nn_relu_37 |        0.015 |        2744.49 |     27 |
|   40 |                         vm_mod_fused_nn_conv2d_add_nn_relu_44 |        0.010 |         693.06 |     27 |
|   41 |                         vm_mod_fused_nn_conv2d_add_nn_relu_19 |        0.006 |        2016.57 |     27 |
|   42 |                          vm_mod_fused_nn_conv2d_add_nn_relu_3 |        0.008 |       12239.29 |     27 |
|   43 |                         vm_mod_fused_nn_conv2d_add_nn_relu_51 |        0.020 |         480.17 |     27 |
|   44 |                         vm_mod_fused_nn_conv2d_add_nn_relu_26 |        0.008 |        3018.36 |     27 |
|   45 | vm_mod_fused_nn_contrib_conv2d_winograd_without_weight_transform_2 |        0.014 |         852.09 |     27 |
|   46 |                         vm_mod_fused_nn_conv2d_add_nn_relu_33 |        0.016 |        2225.79 |     27 |
|   47 |                         vm_mod_fused_nn_conv2d_add_nn_relu_40 |        0.029 |        1621.43 |     27 |
|   48 |                           vm_mod_fused_nn_adaptive_avg_pool2d |        0.004 |          -0.00 |     27 |
|   49 |                         vm_mod_fused_nn_conv2d_add_nn_relu_15 |        0.020 |        3925.78 |     27 |
|   50 |                         vm_mod_fused_nn_conv2d_add_nn_relu_22 |        0.011 |        1641.09 |     27 |
|   51 |                                    vm_mod_fused_nn_avg_pool2d |        0.004 |         112.09 |     27 |
|   52 |                         vm_mod_fused_nn_conv2d_add_nn_relu_11 |        0.007 |        7004.13 |     27 |
|   53 |                                      vm_mod_fused_nn_conv2d_2 |        0.026 |        7948.12 |     27 |
|   54 |                          vm_mod_fused_nn_conv2d_add_nn_relu_6 |        0.020 |        9261.28 |     27 |
|   55 |                         vm_mod_fused_nn_conv2d_add_nn_relu_49 |        0.009 |        1034.51 |     27 |
|   56 |                         vm_mod_fused_nn_conv2d_add_nn_relu_56 |        0.025 |         467.80 |     27 |
|   57 |                         vm_mod_fused_nn_conv2d_add_nn_relu_38 |        0.016 |        2774.26 |     27 |
|   58 |                         vm_mod_fused_nn_conv2d_add_nn_relu_45 |        0.008 |         920.03 |     27 |
|   59 |                         vm_mod_fused_nn_conv2d_add_nn_relu_52 |        0.010 |        1050.83 |     27 |
|   60 | vm_mod_fused_nn_contrib_conv2d_winograd_without_weight_transform_3 |        0.011 |         348.82 |     27 |
|   61 |                         vm_mod_fused_nn_conv2d_add_nn_relu_27 |        0.007 |        3818.78 |     27 |
|   62 |                          vm_mod_fused_nn_conv2d_add_nn_relu_2 |        0.007 |       11742.92 |     27 |
|   63 |                         vm_mod_fused_nn_conv2d_add_nn_relu_34 |        0.017 |        2150.90 |     27 |
|   64 |                         vm_mod_fused_nn_conv2d_add_nn_relu_41 |        0.017 |        2839.85 |     27 |
|   65 |                                    vm_mod_fused_nn_max_pool2d |        0.003 |         555.89 |     27 |
|   66 |                         vm_mod_fused_nn_conv2d_add_nn_relu_16 |        0.013 |        6257.19 |     27 |
|   67 |                         vm_mod_fused_nn_conv2d_add_nn_relu_23 |        0.014 |        1422.67 |     27 |
|   68 |                         vm_mod_fused_nn_conv2d_add_nn_relu_30 |        0.018 |        1701.10 |     27 |
----------------------------------------------------------------------
------------------------------  [ Search ]
----------------------------------------------------------------------
Generate Sketches		#s: 1
Sample Initial Population	#s: 95	fail_ct: 1953	Time elapsed: 6.30
GA Iter: 0	Max score: 0.9941	Min score: 0.5129	#Pop: 54	#M+: 0	#M-: 0
GA Iter: 4	Max score: 0.9998	Min score: 0.9908	#Pop: 54	#M+: 1389	#M-: 0
EvolutionarySearch		#s: 54	Time elapsed: 80.47
----------------------------------------------------------------------
------------------------------  [ Measure ]
----------------------------------------------------------------------
Get 27 programs to measure:
...........................***************************|   69 |                          vm_mod_fused_nn_conv2d_add_nn_relu_9 |        0.008 |        4935.52 |     27 |
|   70 |                         vm_mod_fused_nn_conv2d_add_nn_relu_12 |            - |              - |      0 |
|   71 |                         vm_mod_fused_nn_conv2d_add_nn_relu_57 |            - |              - |      0 |
-----------------------------------------------------------------------------------------------------------------
Estimated total latency: - ms	Trials: 1890	Used time : 6999 s	Next ID: 70	

Time elapsed for measurement: 22.92 s
----------------------------------------------------------------------
------------------------------  [ Train cost model ]
----------------------------------------------------------------------
Time elapsed for training: 0.00 s
----------------------------------------------------------------------
------------------------------  [ Task Scheduler ]
----------------------------------------------------------------------
|  ID  |                       Task Description                        | Latency (ms) | Speed (GFLOPS) | Trials |
-----------------------------------------------------------------------------------------------------------------
|    0 |                          vm_mod_fused_nn_conv2d_add_nn_relu_5 |        0.015 |       10334.05 |     27 |
|    1 |                         vm_mod_fused_nn_conv2d_add_nn_relu_39 |        0.015 |        3095.64 |     27 |
|    2 |                         vm_mod_fused_nn_conv2d_add_nn_relu_46 |        0.014 |         528.26 |     27 |
|    3 |                                        vm_mod_fused_nn_conv2d |        0.015 |       13468.53 |     27 |
|    4 |                         vm_mod_fused_nn_conv2d_add_nn_relu_53 |        0.014 |         728.20 |     27 |
|    5 |                         vm_mod_fused_nn_conv2d_add_nn_relu_28 |        0.009 |        3215.30 |     27 |
|    6 |                                  vm_mod_fused_nn_avg_pool2d_2 |        0.004 |          28.91 |     27 |
|    7 |                         vm_mod_fused_nn_conv2d_add_nn_relu_35 |        0.020 |        1901.59 |     27 |
|    8 |                         vm_mod_fused_nn_conv2d_add_nn_relu_42 |        0.026 |        1935.67 |     27 |
|    9 |                         vm_mod_fused_nn_conv2d_add_nn_relu_17 |        0.012 |        7548.90 |     27 |
|   10 |                          vm_mod_fused_nn_conv2d_add_nn_relu_1 |        0.005 |        9731.76 |     27 |
|   11 |                         vm_mod_fused_nn_conv2d_add_nn_relu_24 |        0.011 |        1904.04 |     27 |
|   12 |                                     vm_mod_fused_nn_dense_add |        0.008 |         245.77 |     27 |
|   13 |                         vm_mod_fused_nn_conv2d_add_nn_relu_31 |        0.016 |        2073.86 |     27 |
|   14 |                         vm_mod_fused_nn_conv2d_add_nn_relu_13 |        0.012 |        5442.85 |     27 |
|   15 |                         vm_mod_fused_nn_conv2d_add_nn_relu_20 |        0.006 |        2322.88 |     27 |
|   16 |                          vm_mod_fused_nn_conv2d_add_nn_relu_8 |        0.007 |        4756.00 |     27 |
|   17 |                         vm_mod_fused_nn_conv2d_add_nn_relu_58 |        0.014 |         915.17 |     27 |
|   18 |                         vm_mod_fused_nn_conv2d_add_nn_relu_47 |        0.016 |         499.77 |     27 |
|   19 |                          vm_mod_fused_nn_conv2d_add_nn_relu_4 |        0.013 |       10032.87 |     27 |
|   20 |                         vm_mod_fused_nn_conv2d_add_nn_relu_29 |        0.008 |        3577.85 |     27 |
|   21 |                         vm_mod_fused_nn_conv2d_add_nn_relu_54 |        0.019 |         570.87 |     27 |
|   22 |                         vm_mod_fused_nn_conv2d_add_nn_relu_36 |        0.017 |        2372.88 |     27 |
|   23 |                         vm_mod_fused_nn_conv2d_add_nn_relu_43 |        0.009 |         687.63 |     27 |
|   24 |                         vm_mod_fused_nn_conv2d_add_nn_relu_18 |        0.016 |        5915.29 |     27 |
|   25 |                         vm_mod_fused_nn_conv2d_add_nn_relu_50 |        0.012 |         746.94 |     27 |
|   26 |                                  vm_mod_fused_nn_avg_pool2d_1 |        0.005 |          45.85 |     27 |
|   27 |                         vm_mod_fused_nn_conv2d_add_nn_relu_25 |        0.010 |        2172.84 |     27 |
|   28 |                         vm_mod_fused_nn_conv2d_add_nn_relu_32 |        0.020 |        1677.95 |     27 |
|   29 | vm_mod_fused_nn_contrib_conv2d_winograd_without_weight_transform_1 |        0.017 |        2666.41 |     27 |
|   30 |                                      vm_mod_fused_nn_conv2d_1 |        0.018 |       11405.71 |     27 |
|   31 |                         vm_mod_fused_nn_conv2d_add_nn_relu_14 |        0.010 |        6794.55 |     27 |
|   32 |                         vm_mod_fused_nn_conv2d_add_nn_relu_21 |        0.012 |        1398.45 |     27 |
|   33 |                            vm_mod_fused_nn_conv2d_add_nn_relu |        0.020 |       11897.77 |     27 |
|   34 |                         vm_mod_fused_nn_conv2d_add_nn_relu_10 |        0.006 |        7315.83 |     27 |
|   35 |                          vm_mod_fused_nn_conv2d_add_nn_relu_7 |        0.005 |        5611.59 |     27 |
|   36 | vm_mod_fused_nn_contrib_conv2d_winograd_without_weight_transform |        0.020 |        8275.47 |     27 |
|   37 |                         vm_mod_fused_nn_conv2d_add_nn_relu_48 |        0.009 |         932.19 |     27 |
|   38 |                         vm_mod_fused_nn_conv2d_add_nn_relu_55 |        0.020 |         561.28 |     27 |
|   39 |                         vm_mod_fused_nn_conv2d_add_nn_relu_37 |        0.015 |        2744.49 |     27 |
|   40 |                         vm_mod_fused_nn_conv2d_add_nn_relu_44 |        0.010 |         693.06 |     27 |
|   41 |                         vm_mod_fused_nn_conv2d_add_nn_relu_19 |        0.006 |        2016.57 |     27 |
|   42 |                          vm_mod_fused_nn_conv2d_add_nn_relu_3 |        0.008 |       12239.29 |     27 |
|   43 |                         vm_mod_fused_nn_conv2d_add_nn_relu_51 |        0.020 |         480.17 |     27 |
|   44 |                         vm_mod_fused_nn_conv2d_add_nn_relu_26 |        0.008 |        3018.36 |     27 |
|   45 | vm_mod_fused_nn_contrib_conv2d_winograd_without_weight_transform_2 |        0.014 |         852.09 |     27 |
|   46 |                         vm_mod_fused_nn_conv2d_add_nn_relu_33 |        0.016 |        2225.79 |     27 |
|   47 |                         vm_mod_fused_nn_conv2d_add_nn_relu_40 |        0.029 |        1621.43 |     27 |
|   48 |                           vm_mod_fused_nn_adaptive_avg_pool2d |        0.004 |          -0.00 |     27 |
|   49 |                         vm_mod_fused_nn_conv2d_add_nn_relu_15 |        0.020 |        3925.78 |     27 |
|   50 |                         vm_mod_fused_nn_conv2d_add_nn_relu_22 |        0.011 |        1641.09 |     27 |
|   51 |                                    vm_mod_fused_nn_avg_pool2d |        0.004 |         112.09 |     27 |
|   52 |                         vm_mod_fused_nn_conv2d_add_nn_relu_11 |        0.007 |        7004.13 |     27 |
|   53 |                                      vm_mod_fused_nn_conv2d_2 |        0.026 |        7948.12 |     27 |
|   54 |                          vm_mod_fused_nn_conv2d_add_nn_relu_6 |        0.020 |        9261.28 |     27 |
|   55 |                         vm_mod_fused_nn_conv2d_add_nn_relu_49 |        0.009 |        1034.51 |     27 |
|   56 |                         vm_mod_fused_nn_conv2d_add_nn_relu_56 |        0.025 |         467.80 |     27 |
|   57 |                         vm_mod_fused_nn_conv2d_add_nn_relu_38 |        0.016 |        2774.26 |     27 |
|   58 |                         vm_mod_fused_nn_conv2d_add_nn_relu_45 |        0.008 |         920.03 |     27 |
|   59 |                         vm_mod_fused_nn_conv2d_add_nn_relu_52 |        0.010 |        1050.83 |     27 |
|   60 | vm_mod_fused_nn_contrib_conv2d_winograd_without_weight_transform_3 |        0.011 |         348.82 |     27 |
|   61 |                         vm_mod_fused_nn_conv2d_add_nn_relu_27 |        0.007 |        3818.78 |     27 |
|   62 |                          vm_mod_fused_nn_conv2d_add_nn_relu_2 |        0.007 |       11742.92 |     27 |
|   63 |                         vm_mod_fused_nn_conv2d_add_nn_relu_34 |        0.017 |        2150.90 |     27 |
|   64 |                         vm_mod_fused_nn_conv2d_add_nn_relu_41 |        0.017 |        2839.85 |     27 |
|   65 |                                    vm_mod_fused_nn_max_pool2d |        0.003 |         555.89 |     27 |
|   66 |                         vm_mod_fused_nn_conv2d_add_nn_relu_16 |        0.013 |        6257.19 |     27 |
|   67 |                         vm_mod_fused_nn_conv2d_add_nn_relu_23 |        0.014 |        1422.67 |     27 |
|   68 |                         vm_mod_fused_nn_conv2d_add_nn_relu_30 |        0.018 |        1701.10 |     27 |
----------------------------------------------------------------------
------------------------------  [ Search ]
----------------------------------------------------------------------
Generate Sketches		#s: 1
Sample Initial Population	#s: 74	fail_ct: 1974	Time elapsed: 4.97
GA Iter: 0	Max score: 0.9929	Min score: 0.2699	#Pop: 54	#M+: 0	#M-: 0
GA Iter: 4	Max score: 0.9996	Min score: 0.9918	#Pop: 54	#M+: 1386	#M-: 0
EvolutionarySearch		#s: 54	Time elapsed: 68.17
----------------------------------------------------------------------
------------------------------  [ Measure ]
----------------------------------------------------------------------
Get 27 programs to measure:
...........................***Eterminate called after throwing an instance of 'tvm::runtime::InternalError'
  what():  [13:43:04] /data3/qsy/complier/tlm/src/runtime/cuda/cuda_module.cc:61: CUDAError: cuModuleUnload(module_[i]) failed with error: CUDA_ERROR_MISALIGNED_ADDRESS
Stack trace:
  0: tvm::runtime::SimpleObjAllocator::Handler<tvm::runtime::CUDAModuleNode>::Deleter_(tvm::runtime::Object*)
  1: tvm::runtime::SimpleObjAllocator::Handler<tvm::runtime::LibraryModuleNode>::Deleter_(tvm::runtime::Object*)
  2: _ZN3tvm7runtime18SimpleObjAllocator7HandlerINS0_16PackedFuncS
  3: _ZN3tvm7runtime18SimpleObjAllocator7HandlerINS0_16PackedFuncSubObjIZNS0_9profiling17WrapTimeE
  4: TVMObjectFree
  5: __pyx_tp_dealloc_3tvm_4_ffi_4_cy3_4core_PackedFuncBase(_object*)
  6: subtype_dealloc
        at /usr/local/src/conda/python-3.10.18/Objects/typeobject.c:1460
  7: _Py_DECREF
        at /usr/local/src/conda/python-3.10.18/Include/object.h:500
  8: _Py_XDECREF
        at /usr/local/src/conda/python-3.10.18/Include/object.h:567
  9: cell_dealloc
        at /usr/local/src/conda/python-3.10.18/Objects/cellobject.c:82
  10: _Py_Dealloc
        at /usr/local/src/conda/python-3.10.18/Objects/object.c:2301
  11: _Py_DECREF
        at /usr/local/src/conda/python-3.10.18/Include/object.h:500
  12: _Py_XDECREF
        at /usr/local/src/conda/python-3.10.18/Include/object.h:567
  13: tupledealloc
        at /usr/local/src/conda/python-3.10.18/Objects/tupleobject.c:276
  14: _Py_Dealloc
        at /usr/local/src/conda/python-3.10.18/Objects/object.c:2301
  15: _Py_DECREF
        at /usr/local/src/conda/python-3.10.18/Include/object.h:500
  16: func_clear
        at /usr/local/src/conda/python-3.10.18/Objects/funcobject.c:636
  17: func_dealloc
        at /usr/local/src/conda/python-3.10.18/Objects/funcobject.c:648
  18: _Py_Dealloc
        at /usr/local/src/conda/python-3.10.18/Objects/object.c:2301
  19: _Py_DECREF
        at /usr/local/src/conda/python-3.10.18/Include/object.h:500
  20: frame_dealloc
        at /usr/local/src/conda/python-3.10.18/Objects/frameobject.c:591
  21: _Py_Dealloc
        at /usr/local/src/conda/python-3.10.18/Objects/object.c:2301
  22: _Py_DECREF
        at /usr/local/src/conda/python-3.10.18/Include/object.h:500
  23: _PyEval_Vector
        at /usr/local/src/conda/python-3.10.18/Python/ceval.c:5080
  24: _PyFunction_Vectorcall
        at /usr/local/src/conda/python-3.10.18/Objects/call.c:342
  25: do_call_core
        at /usr/local/src/conda/python-3.10.18/Python/ceval.c:5945
  26: _PyEval_EvalFrameDefault
        at /usr/local/src/conda/python-3.10.18/Python/ceval.c:4277
  27: _PyEval_EvalFrame
        at /usr/local/src/conda/python-3.10.18/Include/internal/pycore_ceval.h:46
  28: _PyEval_Vector
        at /usr/local/src/conda/python-3.10.18/Python/ceval.c:5067
  29: _PyFunction_Vectorcall
        at /usr/local/src/conda/python-3.10.18/Objects/call.c:342
  30: _PyObject_VectorcallTstate
        at /usr/local/src/conda/python-3.10.18/Include/cpython/abstract.h:114
  31: PyObject_Vectorcall
        at /usr/local/src/conda/python-3.10.18/Include/cpython/abstract.h:123
  32: call_function
        at /usr/local/src/conda/python-3.10.18/Python/ceval.c:5893
  33: _PyEval_EvalFrameDefault
        at /usr/local/src/conda/python-3.10.18/Python/ceval.c:4213
  34: _PyEval_EvalFrame
        at /usr/local/src/conda/python-3.10.18/Include/internal/pycore_ceval.h:46
  35: _PyEval_Vector
        at /usr/local/src/conda/python-3.10.18/Python/ceval.c:5067
  36: PyEval_EvalCode
        at /usr/local/src/conda/python-3.10.18/Python/ceval.c:1134
  37: builtin_exec_impl
        at /usr/local/src/conda/python-3.10.18/Python/bltinmodule.c:1058
  38: builtin_exec
        at /usr/local/src/conda/python-3.10.18/Python/clinic/bltinmodule.c.h:371
  39: cfunction_vectorcall_FASTCALL
        at /usr/local/src/conda/python-3.10.18/Objects/methodobject.c:430
  40: _PyObject_VectorcallTstate
        at /usr/local/src/conda/python-3.10.18/Include/cpython/abstract.h:114
  41: PyObject_Vectorcall
        at /usr/local/src/conda/python-3.10.18/Include/cpython/abstract.h:123
  42: call_function
        at /usr/local/src/conda/python-3.10.18/Python/ceval.c:5893
  43: _PyEval_EvalFrameDefault
        at /usr/local/src/conda/python-3.10.18/Python/ceval.c:4213
  44: _PyEval_EvalFrame
        at /usr/local/src/conda/python-3.10.18/Include/internal/pycore_ceval.h:46
  45: _PyEval_Vector
        at /usr/local/src/conda/python-3.10.18/Python/ceval.c:5067
  46: _PyFunction_Vectorcall
        at /usr/local/src/conda/python-3.10.18/Objects/call.c:342
  47: _PyObject_VectorcallTstate
        at /usr/local/src/conda/python-3.10.18/Include/cpython/abstract.h:114
  48: PyObject_Vectorcall
        at /usr/local/src/conda/python-3.10.18/Include/cpython/abstract.h:123
  49: call_function
        at /usr/local/src/conda/python-3.10.18/Python/ceval.c:5893
  50: _PyEval_EvalFrameDefault
        at /usr/local/src/conda/python-3.10.18/Python/ceval.c:4213
  51: _PyEval_EvalFrame
        at /usr/local/src/conda/python-3.10.18/Include/internal/pycore_ceval.h:46
  52: _PyEval_Vector
        at /usr/local/src/conda/python-3.10.18/Python/ceval.c:5067
  53: _PyFunction_Vectorcall
        at /usr/local/src/conda/python-3.10.18/Objects/call.c:342
  54: pymain_run_module
        at /usr/local/src/conda/python-3.10.18/Modules/main.c:297
  55: pymain_run_python
        at /usr/local/src/conda/python-3.10.18/Modules/main.c:589
  56: Py_RunMain
        at /usr/local/src/conda/python-3.10.18/Modules/main.c:674
  57: Py_BytesMain
        at /usr/local/src/conda/python-3.10.18/Modules/main.c:1094
  58: __libc_start_main
        at ../csu/libc-start.c:308
  59: 0x000000000058728d
  60: 0xffffffffffffffff


|   69 |                          vm_mod_fused_nn_conv2d_add_nn_relu_9 |        0.008 |        4935.52 |     27 |
|   70 |                         vm_mod_fused_nn_conv2d_add_nn_relu_12 |        0.012 |        4777.44 |     27 |
|   71 |                         vm_mod_fused_nn_conv2d_add_nn_relu_57 |            - |              - |      0 |
-----------------------------------------------------------------------------------------------------------------
Estimated total latency: - ms	Trials: 1917	Used time : 7109 s	Next ID: 71	
*E************************
Time elapsed for measurement: 15.26 s
----------------------------------------------------------------------
------------------------------  [ Train cost model ]
----------------------------------------------------------------------
Time elapsed for training: 0.00 s
----------------------------------------------------------------------
------------------------------  [ Task Scheduler ]
----------------------------------------------------------------------
|  ID  |                       Task Description                        | Latency (ms) | Speed (GFLOPS) | Trials |
-----------------------------------------------------------------------------------------------------------------
|    0 |                          vm_mod_fused_nn_conv2d_add_nn_relu_5 |        0.015 |       10334.05 |     27 |
|    1 |                         vm_mod_fused_nn_conv2d_add_nn_relu_39 |        0.015 |        3095.64 |     27 |
|    2 |                         vm_mod_fused_nn_conv2d_add_nn_relu_46 |        0.014 |         528.26 |     27 |
|    3 |                                        vm_mod_fused_nn_conv2d |        0.015 |       13468.53 |     27 |
|    4 |                         vm_mod_fused_nn_conv2d_add_nn_relu_53 |        0.014 |         728.20 |     27 |
|    5 |                         vm_mod_fused_nn_conv2d_add_nn_relu_28 |        0.009 |        3215.30 |     27 |
|    6 |                                  vm_mod_fused_nn_avg_pool2d_2 |        0.004 |          28.91 |     27 |
|    7 |                         vm_mod_fused_nn_conv2d_add_nn_relu_35 |        0.020 |        1901.59 |     27 |
|    8 |                         vm_mod_fused_nn_conv2d_add_nn_relu_42 |        0.026 |        1935.67 |     27 |
|    9 |                         vm_mod_fused_nn_conv2d_add_nn_relu_17 |        0.012 |        7548.90 |     27 |
|   10 |                          vm_mod_fused_nn_conv2d_add_nn_relu_1 |        0.005 |        9731.76 |     27 |
|   11 |                         vm_mod_fused_nn_conv2d_add_nn_relu_24 |        0.011 |        1904.04 |     27 |
|   12 |                                     vm_mod_fused_nn_dense_add |        0.008 |         245.77 |     27 |
|   13 |                         vm_mod_fused_nn_conv2d_add_nn_relu_31 |        0.016 |        2073.86 |     27 |
|   14 |                         vm_mod_fused_nn_conv2d_add_nn_relu_13 |        0.012 |        5442.85 |     27 |
|   15 |                         vm_mod_fused_nn_conv2d_add_nn_relu_20 |        0.006 |        2322.88 |     27 |
|   16 |                          vm_mod_fused_nn_conv2d_add_nn_relu_8 |        0.007 |        4756.00 |     27 |
|   17 |                         vm_mod_fused_nn_conv2d_add_nn_relu_58 |        0.014 |         915.17 |     27 |
|   18 |                         vm_mod_fused_nn_conv2d_add_nn_relu_47 |        0.016 |         499.77 |     27 |
|   19 |                          vm_mod_fused_nn_conv2d_add_nn_relu_4 |        0.013 |       10032.87 |     27 |
|   20 |                         vm_mod_fused_nn_conv2d_add_nn_relu_29 |        0.008 |        3577.85 |     27 |
|   21 |                         vm_mod_fused_nn_conv2d_add_nn_relu_54 |        0.019 |         570.87 |     27 |
|   22 |                         vm_mod_fused_nn_conv2d_add_nn_relu_36 |        0.017 |        2372.88 |     27 |
|   23 |                         vm_mod_fused_nn_conv2d_add_nn_relu_43 |        0.009 |         687.63 |     27 |
|   24 |                         vm_mod_fused_nn_conv2d_add_nn_relu_18 |        0.016 |        5915.29 |     27 |
|   25 |                         vm_mod_fused_nn_conv2d_add_nn_relu_50 |        0.012 |         746.94 |     27 |
|   26 |                                  vm_mod_fused_nn_avg_pool2d_1 |        0.005 |          45.85 |     27 |
|   27 |                         vm_mod_fused_nn_conv2d_add_nn_relu_25 |        0.010 |        2172.84 |     27 |
|   28 |                         vm_mod_fused_nn_conv2d_add_nn_relu_32 |        0.020 |        1677.95 |     27 |
|   29 | vm_mod_fused_nn_contrib_conv2d_winograd_without_weight_transform_1 |        0.017 |        2666.41 |     27 |
|   30 |                                      vm_mod_fused_nn_conv2d_1 |        0.018 |       11405.71 |     27 |
|   31 |                         vm_mod_fused_nn_conv2d_add_nn_relu_14 |        0.010 |        6794.55 |     27 |
|   32 |                         vm_mod_fused_nn_conv2d_add_nn_relu_21 |        0.012 |        1398.45 |     27 |
|   33 |                            vm_mod_fused_nn_conv2d_add_nn_relu |        0.020 |       11897.77 |     27 |
|   34 |                         vm_mod_fused_nn_conv2d_add_nn_relu_10 |        0.006 |        7315.83 |     27 |
|   35 |                          vm_mod_fused_nn_conv2d_add_nn_relu_7 |        0.005 |        5611.59 |     27 |
|   36 | vm_mod_fused_nn_contrib_conv2d_winograd_without_weight_transform |        0.020 |        8275.47 |     27 |
|   37 |                         vm_mod_fused_nn_conv2d_add_nn_relu_48 |        0.009 |         932.19 |     27 |
|   38 |                         vm_mod_fused_nn_conv2d_add_nn_relu_55 |        0.020 |         561.28 |     27 |
|   39 |                         vm_mod_fused_nn_conv2d_add_nn_relu_37 |        0.015 |        2744.49 |     27 |
|   40 |                         vm_mod_fused_nn_conv2d_add_nn_relu_44 |        0.010 |         693.06 |     27 |
|   41 |                         vm_mod_fused_nn_conv2d_add_nn_relu_19 |        0.006 |        2016.57 |     27 |
|   42 |                          vm_mod_fused_nn_conv2d_add_nn_relu_3 |        0.008 |       12239.29 |     27 |
|   43 |                         vm_mod_fused_nn_conv2d_add_nn_relu_51 |        0.020 |         480.17 |     27 |
|   44 |                         vm_mod_fused_nn_conv2d_add_nn_relu_26 |        0.008 |        3018.36 |     27 |
|   45 | vm_mod_fused_nn_contrib_conv2d_winograd_without_weight_transform_2 |        0.014 |         852.09 |     27 |
|   46 |                         vm_mod_fused_nn_conv2d_add_nn_relu_33 |        0.016 |        2225.79 |     27 |
|   47 |                         vm_mod_fused_nn_conv2d_add_nn_relu_40 |        0.029 |        1621.43 |     27 |
|   48 |                           vm_mod_fused_nn_adaptive_avg_pool2d |        0.004 |          -0.00 |     27 |
|   49 |                         vm_mod_fused_nn_conv2d_add_nn_relu_15 |        0.020 |        3925.78 |     27 |
|   50 |                         vm_mod_fused_nn_conv2d_add_nn_relu_22 |        0.011 |        1641.09 |     27 |
|   51 |                                    vm_mod_fused_nn_avg_pool2d |        0.004 |         112.09 |     27 |
|   52 |                         vm_mod_fused_nn_conv2d_add_nn_relu_11 |        0.007 |        7004.13 |     27 |
|   53 |                                      vm_mod_fused_nn_conv2d_2 |        0.026 |        7948.12 |     27 |
|   54 |                          vm_mod_fused_nn_conv2d_add_nn_relu_6 |        0.020 |        9261.28 |     27 |
|   55 |                         vm_mod_fused_nn_conv2d_add_nn_relu_49 |        0.009 |        1034.51 |     27 |
|   56 |                         vm_mod_fused_nn_conv2d_add_nn_relu_56 |        0.025 |         467.80 |     27 |
|   57 |                         vm_mod_fused_nn_conv2d_add_nn_relu_38 |        0.016 |        2774.26 |     27 |
|   58 |                         vm_mod_fused_nn_conv2d_add_nn_relu_45 |        0.008 |         920.03 |     27 |
|   59 |                         vm_mod_fused_nn_conv2d_add_nn_relu_52 |        0.010 |        1050.83 |     27 |
|   60 | vm_mod_fused_nn_contrib_conv2d_winograd_without_weight_transform_3 |        0.011 |         348.82 |     27 |
|   61 |                         vm_mod_fused_nn_conv2d_add_nn_relu_27 |        0.007 |        3818.78 |     27 |
|   62 |                          vm_mod_fused_nn_conv2d_add_nn_relu_2 |        0.007 |       11742.92 |     27 |
|   63 |                         vm_mod_fused_nn_conv2d_add_nn_relu_34 |        0.017 |        2150.90 |     27 |
|   64 |                         vm_mod_fused_nn_conv2d_add_nn_relu_41 |        0.017 |        2839.85 |     27 |
|   65 |                                    vm_mod_fused_nn_max_pool2d |        0.003 |         555.89 |     27 |
|   66 |                         vm_mod_fused_nn_conv2d_add_nn_relu_16 |        0.013 |        6257.19 |     27 |
|   67 |                         vm_mod_fused_nn_conv2d_add_nn_relu_23 |        0.014 |        1422.67 |     27 |
|   68 |                         vm_mod_fused_nn_conv2d_add_nn_relu_30 |        0.018 |        1701.10 |     27 |
----------------------------------------------------------------------
------------------------------  [ Search ]
----------------------------------------------------------------------
Sample Initial Population	#s: 88	fail_ct: 1960	Time elapsed: 12.98
GA Iter: 0	Max score: 0.9884	Min score: 0.3331	#Pop: 54	#M+: 0	#M-: 0
GA Iter: 4	Max score: 0.9999	Min score: 0.9908	#Pop: 54	#M+: 1401	#M-: 0
EvolutionarySearch		#s: 54	Time elapsed: 198.65
----------------------------------------------------------------------
------------------------------  [ Measure ]
----------------------------------------------------------------------
Get 27 programs to measure:
...........................***************************|   69 |                          vm_mod_fused_nn_conv2d_add_nn_relu_9 |        0.008 |        4935.52 |     27 |
|   70 |                         vm_mod_fused_nn_conv2d_add_nn_relu_12 |        0.012 |        4777.44 |     27 |
|   71 |                         vm_mod_fused_nn_conv2d_add_nn_relu_57 |        0.031 |         394.07 |     27 |
-----------------------------------------------------------------------------------------------------------------
Estimated total latency: 1.713 ms	Trials: 1944	Used time : 7198 s	Next ID: 45	

Time elapsed for measurement: 15.99 s
----------------------------------------------------------------------
------------------------------  [ Train cost model ]
----------------------------------------------------------------------
Time elapsed for training: 0.00 s
----------------------------------------------------------------------
------------------------------  [ Task Scheduler ]
----------------------------------------------------------------------
|  ID  |                       Task Description                        | Latency (ms) | Speed (GFLOPS) | Trials |
-----------------------------------------------------------------------------------------------------------------
|    0 |                          vm_mod_fused_nn_conv2d_add_nn_relu_5 |        0.015 |       10334.05 |     27 |
|    1 |                         vm_mod_fused_nn_conv2d_add_nn_relu_39 |        0.015 |        3095.64 |     27 |
|    2 |                         vm_mod_fused_nn_conv2d_add_nn_relu_46 |        0.014 |         528.26 |     27 |
|    3 |                                        vm_mod_fused_nn_conv2d |        0.015 |       13468.53 |     27 |
|    4 |                         vm_mod_fused_nn_conv2d_add_nn_relu_53 |        0.014 |         728.20 |     27 |
|    5 |                         vm_mod_fused_nn_conv2d_add_nn_relu_28 |        0.009 |        3215.30 |     27 |
|    6 |                                  vm_mod_fused_nn_avg_pool2d_2 |        0.004 |          28.91 |     27 |
|    7 |                         vm_mod_fused_nn_conv2d_add_nn_relu_35 |        0.020 |        1901.59 |     27 |
|    8 |                         vm_mod_fused_nn_conv2d_add_nn_relu_42 |        0.026 |        1935.67 |     27 |
|    9 |                         vm_mod_fused_nn_conv2d_add_nn_relu_17 |        0.012 |        7548.90 |     27 |
|   10 |                          vm_mod_fused_nn_conv2d_add_nn_relu_1 |        0.005 |        9731.76 |     27 |
|   11 |                         vm_mod_fused_nn_conv2d_add_nn_relu_24 |        0.011 |        1904.04 |     27 |
|   12 |                                     vm_mod_fused_nn_dense_add |        0.008 |         245.77 |     27 |
|   13 |                         vm_mod_fused_nn_conv2d_add_nn_relu_31 |        0.016 |        2073.86 |     27 |
|   14 |                         vm_mod_fused_nn_conv2d_add_nn_relu_13 |        0.012 |        5442.85 |     27 |
|   15 |                         vm_mod_fused_nn_conv2d_add_nn_relu_20 |        0.006 |        2322.88 |     27 |
|   16 |                          vm_mod_fused_nn_conv2d_add_nn_relu_8 |        0.007 |        4756.00 |     27 |
|   17 |                         vm_mod_fused_nn_conv2d_add_nn_relu_58 |        0.014 |         915.17 |     27 |
|   18 |                         vm_mod_fused_nn_conv2d_add_nn_relu_47 |        0.016 |         499.77 |     27 |
|   19 |                          vm_mod_fused_nn_conv2d_add_nn_relu_4 |        0.013 |       10032.87 |     27 |
|   20 |                         vm_mod_fused_nn_conv2d_add_nn_relu_29 |        0.008 |        3577.85 |     27 |
|   21 |                         vm_mod_fused_nn_conv2d_add_nn_relu_54 |        0.019 |         570.87 |     27 |
|   22 |                         vm_mod_fused_nn_conv2d_add_nn_relu_36 |        0.017 |        2372.88 |     27 |
|   23 |                         vm_mod_fused_nn_conv2d_add_nn_relu_43 |        0.009 |         687.63 |     27 |
|   24 |                         vm_mod_fused_nn_conv2d_add_nn_relu_18 |        0.016 |        5915.29 |     27 |
|   25 |                         vm_mod_fused_nn_conv2d_add_nn_relu_50 |        0.012 |         746.94 |     27 |
|   26 |                                  vm_mod_fused_nn_avg_pool2d_1 |        0.005 |          45.85 |     27 |
|   27 |                         vm_mod_fused_nn_conv2d_add_nn_relu_25 |        0.010 |        2172.84 |     27 |
|   28 |                         vm_mod_fused_nn_conv2d_add_nn_relu_32 |        0.020 |        1677.95 |     27 |
|   29 | vm_mod_fused_nn_contrib_conv2d_winograd_without_weight_transform_1 |        0.017 |        2666.41 |     27 |
|   30 |                                      vm_mod_fused_nn_conv2d_1 |        0.018 |       11405.71 |     27 |
|   31 |                         vm_mod_fused_nn_conv2d_add_nn_relu_14 |        0.010 |        6794.55 |     27 |
|   32 |                         vm_mod_fused_nn_conv2d_add_nn_relu_21 |        0.012 |        1398.45 |     27 |
|   33 |                            vm_mod_fused_nn_conv2d_add_nn_relu |        0.020 |       11897.77 |     27 |
|   34 |                         vm_mod_fused_nn_conv2d_add_nn_relu_10 |        0.006 |        7315.83 |     27 |
|   35 |                          vm_mod_fused_nn_conv2d_add_nn_relu_7 |        0.005 |        5611.59 |     27 |
|   36 | vm_mod_fused_nn_contrib_conv2d_winograd_without_weight_transform |        0.020 |        8275.47 |     27 |
|   37 |                         vm_mod_fused_nn_conv2d_add_nn_relu_48 |        0.009 |         932.19 |     27 |
|   38 |                         vm_mod_fused_nn_conv2d_add_nn_relu_55 |        0.020 |         561.28 |     27 |
|   39 |                         vm_mod_fused_nn_conv2d_add_nn_relu_37 |        0.015 |        2744.49 |     27 |
|   40 |                         vm_mod_fused_nn_conv2d_add_nn_relu_44 |        0.010 |         693.06 |     27 |
|   41 |                         vm_mod_fused_nn_conv2d_add_nn_relu_19 |        0.006 |        2016.57 |     27 |
|   42 |                          vm_mod_fused_nn_conv2d_add_nn_relu_3 |        0.008 |       12239.29 |     27 |
|   43 |                         vm_mod_fused_nn_conv2d_add_nn_relu_51 |        0.020 |         480.17 |     27 |
|   44 |                         vm_mod_fused_nn_conv2d_add_nn_relu_26 |        0.008 |        3018.36 |     27 |
|   45 | vm_mod_fused_nn_contrib_conv2d_winograd_without_weight_transform_2 |        0.014 |         852.09 |     54 |
|   46 |                         vm_mod_fused_nn_conv2d_add_nn_relu_33 |        0.016 |        2225.79 |     27 |
|   47 |                         vm_mod_fused_nn_conv2d_add_nn_relu_40 |        0.029 |        1621.43 |     27 |
|   48 |                           vm_mod_fused_nn_adaptive_avg_pool2d |        0.004 |          -0.00 |     27 |
|   49 |                         vm_mod_fused_nn_conv2d_add_nn_relu_15 |        0.020 |        3925.78 |     27 |
|   50 |                         vm_mod_fused_nn_conv2d_add_nn_relu_22 |        0.011 |        1641.09 |     27 |
|   51 |                                    vm_mod_fused_nn_avg_pool2d |        0.004 |         112.09 |     27 |
|   52 |                         vm_mod_fused_nn_conv2d_add_nn_relu_11 |        0.007 |        7004.13 |     27 |
|   53 |                                      vm_mod_fused_nn_conv2d_2 |        0.026 |        7948.12 |     27 |
|   54 |                          vm_mod_fused_nn_conv2d_add_nn_relu_6 |        0.020 |        9261.28 |     27 |
|   55 |                         vm_mod_fused_nn_conv2d_add_nn_relu_49 |        0.009 |        1034.51 |     27 |
|   56 |                         vm_mod_fused_nn_conv2d_add_nn_relu_56 |        0.025 |         467.80 |     27 |
|   57 |                         vm_mod_fused_nn_conv2d_add_nn_relu_38 |        0.016 |        2774.26 |     27 |
|   58 |                         vm_mod_fused_nn_conv2d_add_nn_relu_45 |        0.008 |         920.03 |     27 |
|   59 |                         vm_mod_fused_nn_conv2d_add_nn_relu_52 |        0.010 |        1050.83 |     27 |
|   60 | vm_mod_fused_nn_contrib_conv2d_winograd_without_weight_transform_3 |        0.011 |         348.82 |     27 |
|   61 |                         vm_mod_fused_nn_conv2d_add_nn_relu_27 |        0.007 |        3818.78 |     27 |
|   62 |                          vm_mod_fused_nn_conv2d_add_nn_relu_2 |        0.007 |       11742.92 |     27 |
|   63 |                         vm_mod_fused_nn_conv2d_add_nn_relu_34 |        0.017 |        2150.90 |     27 |
|   64 |                         vm_mod_fused_nn_conv2d_add_nn_relu_41 |        0.017 |        2839.85 |     27 |
|   65 |                                    vm_mod_fused_nn_max_pool2d |        0.003 |         555.89 |     27 |
|   66 |                         vm_mod_fused_nn_conv2d_add_nn_relu_16 |        0.013 |        6257.19 |     27 |
|   67 |                         vm_mod_fused_nn_conv2d_add_nn_relu_23 |        0.014 |        1422.67 |     27 |
|   68 |                         vm_mod_fused_nn_conv2d_add_nn_relu_30 |        0.018 |        1701.10 |     27 |
----------------------------------------------------------------------
------------------------------  [ Search ]
----------------------------------------------------------------------
Sample Initial Population	#s: 51	fail_ct: 1997	Time elapsed: 14.36
GA Iter: 0	Max score: 1.4011	Min score: -0.1958	#Pop: 51	#M+: 0	#M-: 0
GA Iter: 4	Max score: 1.9620	Min score: 1.7083	#Pop: 54	#M+: 1390	#M-: 0
EvolutionarySearch		#s: 54	Time elapsed: 214.39
----------------------------------------------------------------------
------------------------------  [ Measure ]
----------------------------------------------------------------------
Get 27 programs to measure:
...........................***************************|   69 |                          vm_mod_fused_nn_conv2d_add_nn_relu_9 |        0.008 |        4935.52 |     27 |
|   70 |                         vm_mod_fused_nn_conv2d_add_nn_relu_12 |        0.012 |        4777.44 |     27 |
|   71 |                         vm_mod_fused_nn_conv2d_add_nn_relu_57 |        0.031 |         394.07 |     27 |
-----------------------------------------------------------------------------------------------------------------
Estimated total latency: 1.713 ms	Trials: 1971	Used time : 7425 s	Next ID: 29	

Time elapsed for measurement: 13.11 s
----------------------------------------------------------------------
------------------------------  [ Train cost model ]
----------------------------------------------------------------------
Time elapsed for training: 0.00 s
----------------------------------------------------------------------
------------------------------  [ Task Scheduler ]
----------------------------------------------------------------------
|  ID  |                       Task Description                        | Latency (ms) | Speed (GFLOPS) | Trials |
-----------------------------------------------------------------------------------------------------------------
|    0 |                          vm_mod_fused_nn_conv2d_add_nn_relu_5 |        0.015 |       10334.05 |     27 |
|    1 |                         vm_mod_fused_nn_conv2d_add_nn_relu_39 |        0.015 |        3095.64 |     27 |
|    2 |                         vm_mod_fused_nn_conv2d_add_nn_relu_46 |        0.014 |         528.26 |     27 |
|    3 |                                        vm_mod_fused_nn_conv2d |        0.015 |       13468.53 |     27 |
|    4 |                         vm_mod_fused_nn_conv2d_add_nn_relu_53 |        0.014 |         728.20 |     27 |
|    5 |                         vm_mod_fused_nn_conv2d_add_nn_relu_28 |        0.009 |        3215.30 |     27 |
|    6 |                                  vm_mod_fused_nn_avg_pool2d_2 |        0.004 |          28.91 |     27 |
|    7 |                         vm_mod_fused_nn_conv2d_add_nn_relu_35 |        0.020 |        1901.59 |     27 |
|    8 |                         vm_mod_fused_nn_conv2d_add_nn_relu_42 |        0.026 |        1935.67 |     27 |
|    9 |                         vm_mod_fused_nn_conv2d_add_nn_relu_17 |        0.012 |        7548.90 |     27 |
|   10 |                          vm_mod_fused_nn_conv2d_add_nn_relu_1 |        0.005 |        9731.76 |     27 |
|   11 |                         vm_mod_fused_nn_conv2d_add_nn_relu_24 |        0.011 |        1904.04 |     27 |
|   12 |                                     vm_mod_fused_nn_dense_add |        0.008 |         245.77 |     27 |
|   13 |                         vm_mod_fused_nn_conv2d_add_nn_relu_31 |        0.016 |        2073.86 |     27 |
|   14 |                         vm_mod_fused_nn_conv2d_add_nn_relu_13 |        0.012 |        5442.85 |     27 |
|   15 |                         vm_mod_fused_nn_conv2d_add_nn_relu_20 |        0.006 |        2322.88 |     27 |
|   16 |                          vm_mod_fused_nn_conv2d_add_nn_relu_8 |        0.007 |        4756.00 |     27 |
|   17 |                         vm_mod_fused_nn_conv2d_add_nn_relu_58 |        0.014 |         915.17 |     27 |
|   18 |                         vm_mod_fused_nn_conv2d_add_nn_relu_47 |        0.016 |         499.77 |     27 |
|   19 |                          vm_mod_fused_nn_conv2d_add_nn_relu_4 |        0.013 |       10032.87 |     27 |
|   20 |                         vm_mod_fused_nn_conv2d_add_nn_relu_29 |        0.008 |        3577.85 |     27 |
|   21 |                         vm_mod_fused_nn_conv2d_add_nn_relu_54 |        0.019 |         570.87 |     27 |
|   22 |                         vm_mod_fused_nn_conv2d_add_nn_relu_36 |        0.017 |        2372.88 |     27 |
|   23 |                         vm_mod_fused_nn_conv2d_add_nn_relu_43 |        0.009 |         687.63 |     27 |
|   24 |                         vm_mod_fused_nn_conv2d_add_nn_relu_18 |        0.016 |        5915.29 |     27 |
|   25 |                         vm_mod_fused_nn_conv2d_add_nn_relu_50 |        0.012 |         746.94 |     27 |
|   26 |                                  vm_mod_fused_nn_avg_pool2d_1 |        0.005 |          45.85 |     27 |
|   27 |                         vm_mod_fused_nn_conv2d_add_nn_relu_25 |        0.010 |        2172.84 |     27 |
|   28 |                         vm_mod_fused_nn_conv2d_add_nn_relu_32 |        0.020 |        1677.95 |     27 |
|   29 | vm_mod_fused_nn_contrib_conv2d_winograd_without_weight_transform_1 |        0.013 |        3495.67 |     54 |
|   30 |                                      vm_mod_fused_nn_conv2d_1 |        0.018 |       11405.71 |     27 |
|   31 |                         vm_mod_fused_nn_conv2d_add_nn_relu_14 |        0.010 |        6794.55 |     27 |
|   32 |                         vm_mod_fused_nn_conv2d_add_nn_relu_21 |        0.012 |        1398.45 |     27 |
|   33 |                            vm_mod_fused_nn_conv2d_add_nn_relu |        0.020 |       11897.77 |     27 |
|   34 |                         vm_mod_fused_nn_conv2d_add_nn_relu_10 |        0.006 |        7315.83 |     27 |
|   35 |                          vm_mod_fused_nn_conv2d_add_nn_relu_7 |        0.005 |        5611.59 |     27 |
|   36 | vm_mod_fused_nn_contrib_conv2d_winograd_without_weight_transform |        0.020 |        8275.47 |     27 |
|   37 |                         vm_mod_fused_nn_conv2d_add_nn_relu_48 |        0.009 |         932.19 |     27 |
|   38 |                         vm_mod_fused_nn_conv2d_add_nn_relu_55 |        0.020 |         561.28 |     27 |
|   39 |                         vm_mod_fused_nn_conv2d_add_nn_relu_37 |        0.015 |        2744.49 |     27 |
|   40 |                         vm_mod_fused_nn_conv2d_add_nn_relu_44 |        0.010 |         693.06 |     27 |
|   41 |                         vm_mod_fused_nn_conv2d_add_nn_relu_19 |        0.006 |        2016.57 |     27 |
|   42 |                          vm_mod_fused_nn_conv2d_add_nn_relu_3 |        0.008 |       12239.29 |     27 |
|   43 |                         vm_mod_fused_nn_conv2d_add_nn_relu_51 |        0.020 |         480.17 |     27 |
|   44 |                         vm_mod_fused_nn_conv2d_add_nn_relu_26 |        0.008 |        3018.36 |     27 |
|   45 | vm_mod_fused_nn_contrib_conv2d_winograd_without_weight_transform_2 |        0.014 |         852.09 |     54 |
|   46 |                         vm_mod_fused_nn_conv2d_add_nn_relu_33 |        0.016 |        2225.79 |     27 |
|   47 |                         vm_mod_fused_nn_conv2d_add_nn_relu_40 |        0.029 |        1621.43 |     27 |
|   48 |                           vm_mod_fused_nn_adaptive_avg_pool2d |        0.004 |          -0.00 |     27 |
|   49 |                         vm_mod_fused_nn_conv2d_add_nn_relu_15 |        0.020 |        3925.78 |     27 |
|   50 |                         vm_mod_fused_nn_conv2d_add_nn_relu_22 |        0.011 |        1641.09 |     27 |
|   51 |                                    vm_mod_fused_nn_avg_pool2d |        0.004 |         112.09 |     27 |
|   52 |                         vm_mod_fused_nn_conv2d_add_nn_relu_11 |        0.007 |        7004.13 |     27 |
|   53 |                                      vm_mod_fused_nn_conv2d_2 |        0.026 |        7948.12 |     27 |
|   54 |                          vm_mod_fused_nn_conv2d_add_nn_relu_6 |        0.020 |        9261.28 |     27 |
|   55 |                         vm_mod_fused_nn_conv2d_add_nn_relu_49 |        0.009 |        1034.51 |     27 |
|   56 |                         vm_mod_fused_nn_conv2d_add_nn_relu_56 |        0.025 |         467.80 |     27 |
|   57 |                         vm_mod_fused_nn_conv2d_add_nn_relu_38 |        0.016 |        2774.26 |     27 |
|   58 |                         vm_mod_fused_nn_conv2d_add_nn_relu_45 |        0.008 |         920.03 |     27 |
|   59 |                         vm_mod_fused_nn_conv2d_add_nn_relu_52 |        0.010 |        1050.83 |     27 |
|   60 | vm_mod_fused_nn_contrib_conv2d_winograd_without_weight_transform_3 |        0.011 |         348.82 |     27 |
|   61 |                         vm_mod_fused_nn_conv2d_add_nn_relu_27 |        0.007 |        3818.78 |     27 |
|   62 |                          vm_mod_fused_nn_conv2d_add_nn_relu_2 |        0.007 |       11742.92 |     27 |
|   63 |                         vm_mod_fused_nn_conv2d_add_nn_relu_34 |        0.017 |        2150.90 |     27 |
|   64 |                         vm_mod_fused_nn_conv2d_add_nn_relu_41 |        0.017 |        2839.85 |     27 |
|   65 |                                    vm_mod_fused_nn_max_pool2d |        0.003 |         555.89 |     27 |
|   66 |                         vm_mod_fused_nn_conv2d_add_nn_relu_16 |        0.013 |        6257.19 |     27 |
|   67 |                         vm_mod_fused_nn_conv2d_add_nn_relu_23 |        0.014 |        1422.67 |     27 |
|   68 |                         vm_mod_fused_nn_conv2d_add_nn_relu_30 |        0.018 |        1701.10 |     27 |
----------------------------------------------------------------------
------------------------------  [ Search ]
----------------------------------------------------------------------
Sample Initial Population	#s: 80	fail_ct: 1968	Time elapsed: 12.61
GA Iter: 0	Max score: 1.5150	Min score: 0.1996	#Pop: 54	#M+: 0	#M-: 0
GA Iter: 4	Max score: 2.0386	Min score: 1.5281	#Pop: 54	#M+: 1383	#M-: 0
EvolutionarySearch		#s: 54	Time elapsed: 196.31
----------------------------------------------------------------------
------------------------------  [ Measure ]
----------------------------------------------------------------------
Get 27 programs to measure:
...........................***************************|   69 |                          vm_mod_fused_nn_conv2d_add_nn_relu_9 |        0.008 |        4935.52 |     27 |
|   70 |                         vm_mod_fused_nn_conv2d_add_nn_relu_12 |        0.012 |        4777.44 |     27 |
|   71 |                         vm_mod_fused_nn_conv2d_add_nn_relu_57 |        0.031 |         394.07 |     27 |
-----------------------------------------------------------------------------------------------------------------
Estimated total latency: 1.664 ms	Trials: 1998	Used time : 7668 s	Next ID: 60	

Time elapsed for measurement: 13.79 s
----------------------------------------------------------------------
------------------------------  [ Train cost model ]
----------------------------------------------------------------------
Time elapsed for training: 0.00 s
Tuning Time:
 ID |                  Name | Time (min) | Percentage 
------------------------------------------------------
    |                 Total |   134.8250 |   100.0000 
  1 |                Tuning |   131.5102 |    97.5414 
  2 | PostTuningCompilation |     1.8868 |     1.3994 
  3 |        TaskExtraction |     1.4281 |     1.0592 
------------------------------------------------------
Evaluate inference time cost...
Execution time summary:
 mean (ms)   median (ms)    max (ms)     min (ms)     std (ms)  
   1.8579       1.8579       1.8581       1.8577       0.0002   
               
