nohup: ignoring input
Workload: mobilenet_v2
AutoScheduler log: /home/qsy/workspace/complier/llm_compiler/result/mobilenet_v2_1x3x224x224_4090.json
==== Task 0: vm_mod_fused_nn_conv2d_add_clip_2 (weight 1 key: ["ac2d2744e58c986aec9685252d1222d2", [1, 112, 112, 16], [1, 1, 16, 96], [1, 1, 1, 96], [1, 112, 112, 96]]) =====
p0 = PLACEHOLDER [1, 112, 112, 16]
pad_temp(i0, i1, i2, i3) = p0[i0, i1, i2, i3]
p1 = PLACEHOLDER [1, 1, 16, 96]
conv2d_nhwc(nn, yy, xx, ff) += (pad_temp[nn, (yy + ry), (xx + rx), rc]*p1[ry, rx, rc, ff])
p2 = PLACEHOLDER [1, 1, 1, 96]
T_add(ax0, ax1, ax2, ax3) = (conv2d_nhwc[ax0, ax1, ax2, ax3] + p2[ax0, 0, 0, ax3])
compute(i0, i1, i2, i3) = max(min(T_add[i0, i1, i2, i3], 6f), 0f)

==== Task 1: vm_mod_fused_nn_conv2d_add (weight 1 key: ["cb7a0e9e733d26ffc00e7f6c9cc0f879", [1, 112, 112, 32], [1, 1, 32, 16], [1, 1, 1, 16], [1, 112, 112, 16]]) =====
p0 = PLACEHOLDER [1, 112, 112, 32]
pad_temp(i0, i1, i2, i3) = p0[i0, i1, i2, i3]
p1 = PLACEHOLDER [1, 1, 32, 16]
conv2d_nhwc(nn, yy, xx, ff) += (pad_temp[nn, (yy + ry), (xx + rx), rc]*p1[ry, rx, rc, ff])
p2 = PLACEHOLDER [1, 1, 1, 16]
T_add(ax0, ax1, ax2, ax3) = (conv2d_nhwc[ax0, ax1, ax2, ax3] + p2[ax0, 0, 0, ax3])

==== Task 2: vm_mod_fused_nn_conv2d_add_clip_11 (weight 4 key: ["e7c984cba151d5c7c1e081f0b1910087", [1, 14, 14, 384], [3, 3, 384, 1], [1, 1, 1, 384], [1, 14, 14, 384]]) =====
p0 = PLACEHOLDER [1, 14, 14, 384]
PaddedInput(i0, i1, i2, i3) = tir.if_then_else(((((i1 >= 1) && (i1 < 15)) && (i2 >= 1)) && (i2 < 15)), p0[i0, (i1 - 1), (i2 - 1), i3], 0f)
p1 = PLACEHOLDER [3, 3, 384, 1]
DepthwiseConv2d(b, i, j, c) += (PaddedInput[b, (i + di), (j + dj), c]*p1[di, dj, c, 0])
p2 = PLACEHOLDER [1, 1, 1, 384]
T_add(ax0, ax1, ax2, ax3) = (DepthwiseConv2d[ax0, ax1, ax2, ax3] + p2[ax0, 0, 0, ax3])
compute(i0, i1, i2, i3) = max(min(T_add[i0, i1, i2, i3], 6f), 0f)

==== Task 3: vm_mod_fused_nn_conv2d_add_add_3 (weight 2 key: ["b04f9e9adb8b039f3e5b3b278b8cb818", [1, 14, 14, 96], [1, 14, 14, 576], [1, 1, 576, 96], [1, 1, 1, 96], [1, 14, 14, 96]]) =====
p3 = PLACEHOLDER [1, 14, 14, 96]
p0 = PLACEHOLDER [1, 14, 14, 576]
pad_temp(i0, i1, i2, i3) = p0[i0, i1, i2, i3]
p1 = PLACEHOLDER [1, 1, 576, 96]
conv2d_nhwc(nn, yy, xx, ff) += (pad_temp[nn, (yy + ry), (xx + rx), rc]*p1[ry, rx, rc, ff])
p2 = PLACEHOLDER [1, 1, 1, 96]
T_add(ax0, ax1, ax2, ax3) = (conv2d_nhwc[ax0, ax1, ax2, ax3] + p2[ax0, 0, 0, ax3])
T_add(ax0, ax1, ax2, ax3) = (p3[ax0, ax1, ax2, ax3] + T_add[ax0, ax1, ax2, ax3])

==== Task 4: vm_mod_fused_nn_conv2d_add_clip_7 (weight 3 key: ["ac2d2744e58c986aec9685252d1222d2", [1, 28, 28, 32], [1, 1, 32, 192], [1, 1, 1, 192], [1, 28, 28, 192]]) =====
p0 = PLACEHOLDER [1, 28, 28, 32]
pad_temp(i0, i1, i2, i3) = p0[i0, i1, i2, i3]
p1 = PLACEHOLDER [1, 1, 32, 192]
conv2d_nhwc(nn, yy, xx, ff) += (pad_temp[nn, (yy + ry), (xx + rx), rc]*p1[ry, rx, rc, ff])
p2 = PLACEHOLDER [1, 1, 1, 192]
T_add(ax0, ax1, ax2, ax3) = (conv2d_nhwc[ax0, ax1, ax2, ax3] + p2[ax0, 0, 0, ax3])
compute(i0, i1, i2, i3) = max(min(T_add[i0, i1, i2, i3], 6f), 0f)

==== Task 5: vm_mod_fused_nn_conv2d_add_clip_16 (weight 3 key: ["e7c984cba151d5c7c1e081f0b1910087", [1, 7, 7, 960], [3, 3, 960, 1], [1, 1, 1, 960], [1, 7, 7, 960]]) =====
p0 = PLACEHOLDER [1, 7, 7, 960]
PaddedInput(i0, i1, i2, i3) = tir.if_then_else(((((i1 >= 1) && (i1 < 8)) && (i2 >= 1)) && (i2 < 8)), p0[i0, (i1 - 1), (i2 - 1), i3], 0f)
p1 = PLACEHOLDER [3, 3, 960, 1]
DepthwiseConv2d(b, i, j, c) += (PaddedInput[b, (i + di), (j + dj), c]*p1[di, dj, c, 0])
p2 = PLACEHOLDER [1, 1, 1, 960]
T_add(ax0, ax1, ax2, ax3) = (DepthwiseConv2d[ax0, ax1, ax2, ax3] + p2[ax0, 0, 0, ax3])
compute(i0, i1, i2, i3) = max(min(T_add[i0, i1, i2, i3], 6f), 0f)

==== Task 6: vm_mod_fused_nn_dense_add (weight 1 key: ["00a059b856ac30ac172b6252254479a6", [1, 1280], [1000, 1280], [1, 1000], [1, 1000]]) =====
p0 = PLACEHOLDER [1, 1280]
p1 = PLACEHOLDER [1000, 1280]
T_matmul_NT(i, j) += (p0[i, k]*p1[j, k])
p2 = PLACEHOLDER [1, 1000]
T_add(ax0, ax1) = (T_matmul_NT[ax0, ax1] + p2[ax0, ax1])

==== Task 7: vm_mod_fused_nn_conv2d_add_3 (weight 1 key: ["cb7a0e9e733d26ffc00e7f6c9cc0f879", [1, 14, 14, 192], [1, 1, 192, 64], [1, 1, 1, 64], [1, 14, 14, 64]]) =====
p0 = PLACEHOLDER [1, 14, 14, 192]
pad_temp(i0, i1, i2, i3) = p0[i0, i1, i2, i3]
p1 = PLACEHOLDER [1, 1, 192, 64]
conv2d_nhwc(nn, yy, xx, ff) += (pad_temp[nn, (yy + ry), (xx + rx), rc]*p1[ry, rx, rc, ff])
p2 = PLACEHOLDER [1, 1, 1, 64]
T_add(ax0, ax1, ax2, ax3) = (conv2d_nhwc[ax0, ax1, ax2, ax3] + p2[ax0, 0, 0, ax3])

==== Task 8: vm_mod_fused_nn_conv2d_add_add_1 (weight 2 key: ["b04f9e9adb8b039f3e5b3b278b8cb818", [1, 28, 28, 32], [1, 28, 28, 192], [1, 1, 192, 32], [1, 1, 1, 32], [1, 28, 28, 32]]) =====
p3 = PLACEHOLDER [1, 28, 28, 32]
p0 = PLACEHOLDER [1, 28, 28, 192]
pad_temp(i0, i1, i2, i3) = p0[i0, i1, i2, i3]
p1 = PLACEHOLDER [1, 1, 192, 32]
conv2d_nhwc(nn, yy, xx, ff) += (pad_temp[nn, (yy + ry), (xx + rx), rc]*p1[ry, rx, rc, ff])
p2 = PLACEHOLDER [1, 1, 1, 32]
T_add(ax0, ax1, ax2, ax3) = (conv2d_nhwc[ax0, ax1, ax2, ax3] + p2[ax0, 0, 0, ax3])
T_add(ax0, ax1, ax2, ax3) = (p3[ax0, ax1, ax2, ax3] + T_add[ax0, ax1, ax2, ax3])

==== Task 9: vm_mod_fused_nn_conv2d_add_clip_12 (weight 3 key: ["ac2d2744e58c986aec9685252d1222d2", [1, 14, 14, 96], [1, 1, 96, 576], [1, 1, 1, 576], [1, 14, 14, 576]]) =====
p0 = PLACEHOLDER [1, 14, 14, 96]
pad_temp(i0, i1, i2, i3) = p0[i0, i1, i2, i3]
p1 = PLACEHOLDER [1, 1, 96, 576]
conv2d_nhwc(nn, yy, xx, ff) += (pad_temp[nn, (yy + ry), (xx + rx), rc]*p1[ry, rx, rc, ff])
p2 = PLACEHOLDER [1, 1, 1, 576]
T_add(ax0, ax1, ax2, ax3) = (conv2d_nhwc[ax0, ax1, ax2, ax3] + p2[ax0, 0, 0, ax3])
compute(i0, i1, i2, i3) = max(min(T_add[i0, i1, i2, i3], 6f), 0f)

==== Task 10: vm_mod_fused_nn_conv2d_add_clip_4 (weight 2 key: ["ac2d2744e58c986aec9685252d1222d2", [1, 56, 56, 24], [1, 1, 24, 144], [1, 1, 1, 144], [1, 56, 56, 144]]) =====
p0 = PLACEHOLDER [1, 56, 56, 24]
pad_temp(i0, i1, i2, i3) = p0[i0, i1, i2, i3]
p1 = PLACEHOLDER [1, 1, 24, 144]
conv2d_nhwc(nn, yy, xx, ff) += (pad_temp[nn, (yy + ry), (xx + rx), rc]*p1[ry, rx, rc, ff])
p2 = PLACEHOLDER [1, 1, 1, 144]
T_add(ax0, ax1, ax2, ax3) = (conv2d_nhwc[ax0, ax1, ax2, ax3] + p2[ax0, 0, 0, ax3])
compute(i0, i1, i2, i3) = max(min(T_add[i0, i1, i2, i3], 6f), 0f)

==== Task 11: vm_mod_fused_nn_conv2d_add_clip_17 (weight 1 key: ["ac2d2744e58c986aec9685252d1222d2", [1, 7, 7, 320], [1, 1, 320, 1280], [1, 1, 1, 1280], [1, 7, 7, 1280]]) =====
p0 = PLACEHOLDER [1, 7, 7, 320]
pad_temp(i0, i1, i2, i3) = p0[i0, i1, i2, i3]
p1 = PLACEHOLDER [1, 1, 320, 1280]
conv2d_nhwc(nn, yy, xx, ff) += (pad_temp[nn, (yy + ry), (xx + rx), rc]*p1[ry, rx, rc, ff])
p2 = PLACEHOLDER [1, 1, 1, 1280]
T_add(ax0, ax1, ax2, ax3) = (conv2d_nhwc[ax0, ax1, ax2, ax3] + p2[ax0, 0, 0, ax3])
compute(i0, i1, i2, i3) = max(min(T_add[i0, i1, i2, i3], 6f), 0f)

==== Task 12: vm_mod_fused_nn_conv2d_add_6 (weight 1 key: ["cb7a0e9e733d26ffc00e7f6c9cc0f879", [1, 7, 7, 960], [1, 1, 960, 320], [1, 1, 1, 320], [1, 7, 7, 320]]) =====
p0 = PLACEHOLDER [1, 7, 7, 960]
pad_temp(i0, i1, i2, i3) = p0[i0, i1, i2, i3]
p1 = PLACEHOLDER [1, 1, 960, 320]
conv2d_nhwc(nn, yy, xx, ff) += (pad_temp[nn, (yy + ry), (xx + rx), rc]*p1[ry, rx, rc, ff])
p2 = PLACEHOLDER [1, 1, 1, 320]
T_add(ax0, ax1, ax2, ax3) = (conv2d_nhwc[ax0, ax1, ax2, ax3] + p2[ax0, 0, 0, ax3])

==== Task 13: vm_mod_fused_nn_conv2d_add_clip_9 (weight 1 key: ["123edb386c890a1aa2e47b244a57dd01", [1, 28, 28, 192], [3, 3, 192, 1], [1, 1, 1, 192], [1, 14, 14, 192]]) =====
p0 = PLACEHOLDER [1, 28, 28, 192]
PaddedInput(i0, i1, i2, i3) = tir.if_then_else(((((i1 >= 1) && (i1 < 29)) && (i2 >= 1)) && (i2 < 29)), p0[i0, (i1 - 1), (i2 - 1), i3], 0f)
p1 = PLACEHOLDER [3, 3, 192, 1]
DepthwiseConv2d(b, i, j, c) += (PaddedInput[b, ((i*2) + di), ((j*2) + dj), c]*p1[di, dj, c, 0])
p2 = PLACEHOLDER [1, 1, 1, 192]
T_add(ax0, ax1, ax2, ax3) = (DepthwiseConv2d[ax0, ax1, ax2, ax3] + p2[ax0, 0, 0, ax3])
compute(i0, i1, i2, i3) = max(min(T_add[i0, i1, i2, i3], 6f), 0f)

==== Task 14: vm_mod_fused_nn_conv2d_add_clip_1 (weight 1 key: ["e7c984cba151d5c7c1e081f0b1910087", [1, 112, 112, 32], [3, 3, 32, 1], [1, 1, 1, 32], [1, 112, 112, 32]]) =====
p0 = PLACEHOLDER [1, 112, 112, 32]
PaddedInput(i0, i1, i2, i3) = tir.if_then_else(((((i1 >= 1) && (i1 < 113)) && (i2 >= 1)) && (i2 < 113)), p0[i0, (i1 - 1), (i2 - 1), i3], 0f)
p1 = PLACEHOLDER [3, 3, 32, 1]
DepthwiseConv2d(b, i, j, c) += (PaddedInput[b, (i + di), (j + dj), c]*p1[di, dj, c, 0])
p2 = PLACEHOLDER [1, 1, 1, 32]
T_add(ax0, ax1, ax2, ax3) = (DepthwiseConv2d[ax0, ax1, ax2, ax3] + p2[ax0, 0, 0, ax3])
compute(i0, i1, i2, i3) = max(min(T_add[i0, i1, i2, i3], 6f), 0f)

==== Task 15: vm_mod_fused_nn_conv2d_add_2 (weight 1 key: ["cb7a0e9e733d26ffc00e7f6c9cc0f879", [1, 28, 28, 144], [1, 1, 144, 32], [1, 1, 1, 32], [1, 28, 28, 32]]) =====
p0 = PLACEHOLDER [1, 28, 28, 144]
pad_temp(i0, i1, i2, i3) = p0[i0, i1, i2, i3]
p1 = PLACEHOLDER [1, 1, 144, 32]
conv2d_nhwc(nn, yy, xx, ff) += (pad_temp[nn, (yy + ry), (xx + rx), rc]*p1[ry, rx, rc, ff])
p2 = PLACEHOLDER [1, 1, 1, 32]
T_add(ax0, ax1, ax2, ax3) = (conv2d_nhwc[ax0, ax1, ax2, ax3] + p2[ax0, 0, 0, ax3])

==== Task 16: vm_mod_fused_nn_conv2d_add_clip_13 (weight 2 key: ["e7c984cba151d5c7c1e081f0b1910087", [1, 14, 14, 576], [3, 3, 576, 1], [1, 1, 1, 576], [1, 14, 14, 576]]) =====
p0 = PLACEHOLDER [1, 14, 14, 576]
PaddedInput(i0, i1, i2, i3) = tir.if_then_else(((((i1 >= 1) && (i1 < 15)) && (i2 >= 1)) && (i2 < 15)), p0[i0, (i1 - 1), (i2 - 1), i3], 0f)
p1 = PLACEHOLDER [3, 3, 576, 1]
DepthwiseConv2d(b, i, j, c) += (PaddedInput[b, (i + di), (j + dj), c]*p1[di, dj, c, 0])
p2 = PLACEHOLDER [1, 1, 1, 576]
T_add(ax0, ax1, ax2, ax3) = (DepthwiseConv2d[ax0, ax1, ax2, ax3] + p2[ax0, 0, 0, ax3])
compute(i0, i1, i2, i3) = max(min(T_add[i0, i1, i2, i3], 6f), 0f)

==== Task 17: vm_mod_fused_nn_conv2d_add_add (weight 1 key: ["b04f9e9adb8b039f3e5b3b278b8cb818", [1, 56, 56, 24], [1, 56, 56, 144], [1, 1, 144, 24], [1, 1, 1, 24], [1, 56, 56, 24]]) =====
p3 = PLACEHOLDER [1, 56, 56, 24]
p0 = PLACEHOLDER [1, 56, 56, 144]
pad_temp(i0, i1, i2, i3) = p0[i0, i1, i2, i3]
p1 = PLACEHOLDER [1, 1, 144, 24]
conv2d_nhwc(nn, yy, xx, ff) += (pad_temp[nn, (yy + ry), (xx + rx), rc]*p1[ry, rx, rc, ff])
p2 = PLACEHOLDER [1, 1, 1, 24]
T_add(ax0, ax1, ax2, ax3) = (conv2d_nhwc[ax0, ax1, ax2, ax3] + p2[ax0, 0, 0, ax3])
T_add(ax0, ax1, ax2, ax3) = (p3[ax0, ax1, ax2, ax3] + T_add[ax0, ax1, ax2, ax3])

==== Task 18: vm_mod_fused_nn_conv2d_add_clip_6 (weight 1 key: ["123edb386c890a1aa2e47b244a57dd01", [1, 56, 56, 144], [3, 3, 144, 1], [1, 1, 1, 144], [1, 28, 28, 144]]) =====
p0 = PLACEHOLDER [1, 56, 56, 144]
PaddedInput(i0, i1, i2, i3) = tir.if_then_else(((((i1 >= 1) && (i1 < 57)) && (i2 >= 1)) && (i2 < 57)), p0[i0, (i1 - 1), (i2 - 1), i3], 0f)
p1 = PLACEHOLDER [3, 3, 144, 1]
DepthwiseConv2d(b, i, j, c) += (PaddedInput[b, ((i*2) + di), ((j*2) + dj), c]*p1[di, dj, c, 0])
p2 = PLACEHOLDER [1, 1, 1, 144]
T_add(ax0, ax1, ax2, ax3) = (DepthwiseConv2d[ax0, ax1, ax2, ax3] + p2[ax0, 0, 0, ax3])
compute(i0, i1, i2, i3) = max(min(T_add[i0, i1, i2, i3], 6f), 0f)

==== Task 19: vm_mod_fused_nn_conv2d_add_clip (weight 1 key: ["fa181f391f61b842bf273ba527e4a060", [1, 224, 224, 3], [3, 3, 3, 32], [1, 1, 1, 32], [1, 112, 112, 32]]) =====
p0 = PLACEHOLDER [1, 224, 224, 3]
pad_temp(i0, i1, i2, i3) = tir.if_then_else(((((i1 >= 1) && (i1 < 225)) && (i2 >= 1)) && (i2 < 225)), p0[i0, (i1 - 1), (i2 - 1), i3], 0f)
p1 = PLACEHOLDER [3, 3, 3, 32]
conv2d_nhwc(nn, yy, xx, ff) += (pad_temp[nn, ((yy*2) + ry), ((xx*2) + rx), rc]*p1[ry, rx, rc, ff])
p2 = PLACEHOLDER [1, 1, 1, 32]
T_add(ax0, ax1, ax2, ax3) = (conv2d_nhwc[ax0, ax1, ax2, ax3] + p2[ax0, 0, 0, ax3])
compute(i0, i1, i2, i3) = max(min(T_add[i0, i1, i2, i3], 6f), 0f)

==== Task 20: vm_mod_fused_nn_conv2d_add_add_4 (weight 2 key: ["b04f9e9adb8b039f3e5b3b278b8cb818", [1, 7, 7, 160], [1, 7, 7, 960], [1, 1, 960, 160], [1, 1, 1, 160], [1, 7, 7, 160]]) =====
p3 = PLACEHOLDER [1, 7, 7, 160]
p0 = PLACEHOLDER [1, 7, 7, 960]
pad_temp(i0, i1, i2, i3) = p0[i0, i1, i2, i3]
p1 = PLACEHOLDER [1, 1, 960, 160]
conv2d_nhwc(nn, yy, xx, ff) += (pad_temp[nn, (yy + ry), (xx + rx), rc]*p1[ry, rx, rc, ff])
p2 = PLACEHOLDER [1, 1, 1, 160]
T_add(ax0, ax1, ax2, ax3) = (conv2d_nhwc[ax0, ax1, ax2, ax3] + p2[ax0, 0, 0, ax3])
T_add(ax0, ax1, ax2, ax3) = (p3[ax0, ax1, ax2, ax3] + T_add[ax0, ax1, ax2, ax3])

==== Task 21: vm_mod_fused_nn_conv2d_add_5 (weight 1 key: ["cb7a0e9e733d26ffc00e7f6c9cc0f879", [1, 7, 7, 576], [1, 1, 576, 160], [1, 1, 1, 160], [1, 7, 7, 160]]) =====
p0 = PLACEHOLDER [1, 7, 7, 576]
pad_temp(i0, i1, i2, i3) = p0[i0, i1, i2, i3]
p1 = PLACEHOLDER [1, 1, 576, 160]
conv2d_nhwc(nn, yy, xx, ff) += (pad_temp[nn, (yy + ry), (xx + rx), rc]*p1[ry, rx, rc, ff])
p2 = PLACEHOLDER [1, 1, 1, 160]
T_add(ax0, ax1, ax2, ax3) = (conv2d_nhwc[ax0, ax1, ax2, ax3] + p2[ax0, 0, 0, ax3])

==== Task 22: vm_mod_fused_nn_conv2d_add_clip_3 (weight 1 key: ["123edb386c890a1aa2e47b244a57dd01", [1, 112, 112, 96], [3, 3, 96, 1], [1, 1, 1, 96], [1, 56, 56, 96]]) =====
p0 = PLACEHOLDER [1, 112, 112, 96]
PaddedInput(i0, i1, i2, i3) = tir.if_then_else(((((i1 >= 1) && (i1 < 113)) && (i2 >= 1)) && (i2 < 113)), p0[i0, (i1 - 1), (i2 - 1), i3], 0f)
p1 = PLACEHOLDER [3, 3, 96, 1]
DepthwiseConv2d(b, i, j, c) += (PaddedInput[b, ((i*2) + di), ((j*2) + dj), c]*p1[di, dj, c, 0])
p2 = PLACEHOLDER [1, 1, 1, 96]
T_add(ax0, ax1, ax2, ax3) = (DepthwiseConv2d[ax0, ax1, ax2, ax3] + p2[ax0, 0, 0, ax3])
compute(i0, i1, i2, i3) = max(min(T_add[i0, i1, i2, i3], 6f), 0f)

==== Task 23: vm_mod_fused_nn_adaptive_avg_pool2d (weight 1 key: ["8c53ca2904398da2889aa7508082d7bb", [1, 7, 7, 1280], [1, 1, 1, 1280]]) =====
p0 = PLACEHOLDER [1, 7, 7, 1280]
adaptive_pool_sum(ax0, ax1, ax2, ax3) += p0[ax0, ((ax1*7) + rv0), ((ax2*7) + rv1), ax3]
adaptive_pool_avg(ax0, ax1, ax2, ax3) = (adaptive_pool_sum[ax0, ax1, ax2, ax3]/(float32((select((bool)1, ((ax1 + 1)*7), (((ax1 + 1)*7) + 1)) - (ax1*7)))*float32((select((bool)1, ((ax2 + 1)*7), (((ax2 + 1)*7) + 1)) - (ax2*7)))))

==== Task 24: vm_mod_fused_nn_conv2d_add_clip_14 (weight 1 key: ["123edb386c890a1aa2e47b244a57dd01", [1, 14, 14, 576], [3, 3, 576, 1], [1, 1, 1, 576], [1, 7, 7, 576]]) =====
p0 = PLACEHOLDER [1, 14, 14, 576]
PaddedInput(i0, i1, i2, i3) = tir.if_then_else(((((i1 >= 1) && (i1 < 15)) && (i2 >= 1)) && (i2 < 15)), p0[i0, (i1 - 1), (i2 - 1), i3], 0f)
p1 = PLACEHOLDER [3, 3, 576, 1]
DepthwiseConv2d(b, i, j, c) += (PaddedInput[b, ((i*2) + di), ((j*2) + dj), c]*p1[di, dj, c, 0])
p2 = PLACEHOLDER [1, 1, 1, 576]
T_add(ax0, ax1, ax2, ax3) = (DepthwiseConv2d[ax0, ax1, ax2, ax3] + p2[ax0, 0, 0, ax3])
compute(i0, i1, i2, i3) = max(min(T_add[i0, i1, i2, i3], 6f), 0f)

==== Task 25: vm_mod_fused_nn_conv2d_add_add_2 (weight 3 key: ["b04f9e9adb8b039f3e5b3b278b8cb818", [1, 14, 14, 64], [1, 14, 14, 384], [1, 1, 384, 64], [1, 1, 1, 64], [1, 14, 14, 64]]) =====
p3 = PLACEHOLDER [1, 14, 14, 64]
p0 = PLACEHOLDER [1, 14, 14, 384]
pad_temp(i0, i1, i2, i3) = p0[i0, i1, i2, i3]
p1 = PLACEHOLDER [1, 1, 384, 64]
conv2d_nhwc(nn, yy, xx, ff) += (pad_temp[nn, (yy + ry), (xx + rx), rc]*p1[ry, rx, rc, ff])
p2 = PLACEHOLDER [1, 1, 1, 64]
T_add(ax0, ax1, ax2, ax3) = (conv2d_nhwc[ax0, ax1, ax2, ax3] + p2[ax0, 0, 0, ax3])
T_add(ax0, ax1, ax2, ax3) = (p3[ax0, ax1, ax2, ax3] + T_add[ax0, ax1, ax2, ax3])

==== Task 26: vm_mod_fused_nn_conv2d_add_clip_8 (weight 2 key: ["e7c984cba151d5c7c1e081f0b1910087", [1, 28, 28, 192], [3, 3, 192, 1], [1, 1, 1, 192], [1, 28, 28, 192]]) =====
p0 = PLACEHOLDER [1, 28, 28, 192]
PaddedInput(i0, i1, i2, i3) = tir.if_then_else(((((i1 >= 1) && (i1 < 29)) && (i2 >= 1)) && (i2 < 29)), p0[i0, (i1 - 1), (i2 - 1), i3], 0f)
p1 = PLACEHOLDER [3, 3, 192, 1]
DepthwiseConv2d(b, i, j, c) += (PaddedInput[b, (i + di), (j + dj), c]*p1[di, dj, c, 0])
p2 = PLACEHOLDER [1, 1, 1, 192]
T_add(ax0, ax1, ax2, ax3) = (DepthwiseConv2d[ax0, ax1, ax2, ax3] + p2[ax0, 0, 0, ax3])
compute(i0, i1, i2, i3) = max(min(T_add[i0, i1, i2, i3], 6f), 0f)

==== Task 27: vm_mod_fused_nn_conv2d_add_1 (weight 1 key: ["cb7a0e9e733d26ffc00e7f6c9cc0f879", [1, 56, 56, 96], [1, 1, 96, 24], [1, 1, 1, 24], [1, 56, 56, 24]]) =====
----------------------------------------------------------------------
------------------------------  [ Task Scheduler ]
----------------------------------------------------------------------
----------------------------------------------------------------------
------------------------------  [ Search ]
----------------------------------------------------------------------
Generate Sketches		#s: 1
Sample Initial Population	#s: 76	fail_ct: 1972	Time elapsed: 6.83
GA Iter: 0	Max score: 0.9921	Min score: 0.0063	#Pop: 76	#M+: 0	#M-: 0
GA Iter: 4	Max score: 1.0000	Min score: 0.9817	#Pop: 124	#M+: 1395	#M-: 0
EvolutionarySearch		#s: 124	Time elapsed: 84.64
----------------------------------------------------------------------
------------------------------  [ Measure ]
----------------------------------------------------------------------
Get 62 programs to measure:
...........................................................p0 = PLACEHOLDER [1, 56, 56, 96]
pad_temp(i0, i1, i2, i3) = p0[i0, i1, i2, i3]
p1 = PLACEHOLDER [1, 1, 96, 24]
conv2d_nhwc(nn, yy, xx, ff) += (pad_temp[nn, (yy + ry), (xx + rx), rc]*p1[ry, rx, rc, ff])
p2 = PLACEHOLDER [1, 1, 1, 24]
T_add(ax0, ax1, ax2, ax3) = (conv2d_nhwc[ax0, ax1, ax2, ax3] + p2[ax0, 0, 0, ax3])

==== Task 28: vm_mod_fused_nn_conv2d_add_clip_10 (weight 4 key: ["ac2d2744e58c986aec9685252d1222d2", [1, 14, 14, 64], [1, 1, 64, 384], [1, 1, 1, 384], [1, 14, 14, 384]]) =====
p0 = PLACEHOLDER [1, 14, 14, 64]
pad_temp(i0, i1, i2, i3) = p0[i0, i1, i2, i3]
p1 = PLACEHOLDER [1, 1, 64, 384]
conv2d_nhwc(nn, yy, xx, ff) += (pad_temp[nn, (yy + ry), (xx + rx), rc]*p1[ry, rx, rc, ff])
p2 = PLACEHOLDER [1, 1, 1, 384]
T_add(ax0, ax1, ax2, ax3) = (conv2d_nhwc[ax0, ax1, ax2, ax3] + p2[ax0, 0, 0, ax3])
compute(i0, i1, i2, i3) = max(min(T_add[i0, i1, i2, i3], 6f), 0f)

==== Task 29: vm_mod_fused_nn_conv2d_add_clip_5 (weight 1 key: ["e7c984cba151d5c7c1e081f0b1910087", [1, 56, 56, 144], [3, 3, 144, 1], [1, 1, 1, 144], [1, 56, 56, 144]]) =====
p0 = PLACEHOLDER [1, 56, 56, 144]
PaddedInput(i0, i1, i2, i3) = tir.if_then_else(((((i1 >= 1) && (i1 < 57)) && (i2 >= 1)) && (i2 < 57)), p0[i0, (i1 - 1), (i2 - 1), i3], 0f)
p1 = PLACEHOLDER [3, 3, 144, 1]
DepthwiseConv2d(b, i, j, c) += (PaddedInput[b, (i + di), (j + dj), c]*p1[di, dj, c, 0])
p2 = PLACEHOLDER [1, 1, 1, 144]
T_add(ax0, ax1, ax2, ax3) = (DepthwiseConv2d[ax0, ax1, ax2, ax3] + p2[ax0, 0, 0, ax3])
compute(i0, i1, i2, i3) = max(min(T_add[i0, i1, i2, i3], 6f), 0f)

==== Task 30: vm_mod_fused_nn_conv2d_add_4 (weight 1 key: ["cb7a0e9e733d26ffc00e7f6c9cc0f879", [1, 14, 14, 384], [1, 1, 384, 96], [1, 1, 1, 96], [1, 14, 14, 96]]) =====
p0 = PLACEHOLDER [1, 14, 14, 384]
pad_temp(i0, i1, i2, i3) = p0[i0, i1, i2, i3]
p1 = PLACEHOLDER [1, 1, 384, 96]
conv2d_nhwc(nn, yy, xx, ff) += (pad_temp[nn, (yy + ry), (xx + rx), rc]*p1[ry, rx, rc, ff])
p2 = PLACEHOLDER [1, 1, 1, 96]
T_add(ax0, ax1, ax2, ax3) = (conv2d_nhwc[ax0, ax1, ax2, ax3] + p2[ax0, 0, 0, ax3])

==== Task 31: vm_mod_fused_nn_conv2d_add_clip_15 (weight 3 key: ["ac2d2744e58c986aec9685252d1222d2", [1, 7, 7, 160], [1, 1, 160, 960], [1, 1, 1, 960], [1, 7, 7, 960]]) =====
p0 = PLACEHOLDER [1, 7, 7, 160]
pad_temp(i0, i1, i2, i3) = p0[i0, i1, i2, i3]
p1 = PLACEHOLDER [1, 1, 160, 960]
conv2d_nhwc(nn, yy, xx, ff) += (pad_temp[nn, (yy + ry), (xx + rx), rc]*p1[ry, rx, rc, ff])
p2 = PLACEHOLDER [1, 1, 1, 960]
T_add(ax0, ax1, ax2, ax3) = (conv2d_nhwc[ax0, ax1, ax2, ax3] + p2[ax0, 0, 0, ax3])
compute(i0, i1, i2, i3) = max(min(T_add[i0, i1, i2, i3], 6f), 0f)

|  ID  |                       Task Description                        | Latency (ms) | Speed (GFLOPS) | Trials |
-----------------------------------------------------------------------------------------------------------------
|    0 |                             vm_mod_fused_nn_conv2d_add_clip_2 |            - |              - |      0 |
|    1 |                                    vm_mod_fused_nn_conv2d_add |            - |              - |      0 |
|    2 |                            vm_mod_fused_nn_conv2d_add_clip_11 |            - |              - |      0 |
|    3 |                              vm_mod_fused_nn_conv2d_add_add_3 |            - |              - |      0 |
|    4 |                             vm_mod_fused_nn_conv2d_add_clip_7 |            - |              - |      0 |
|    5 |                            vm_mod_fused_nn_conv2d_add_clip_16 |            - |              - |      0 |
|    6 |                                     vm_mod_fused_nn_dense_add |            - |              - |      0 |
|    7 |                                  vm_mod_fused_nn_conv2d_add_3 |            - |              - |      0 |
|    8 |                              vm_mod_fused_nn_conv2d_add_add_1 |            - |              - |      0 |
|    9 |                            vm_mod_fused_nn_conv2d_add_clip_12 |            - |              - |      0 |
|   10 |                             vm_mod_fused_nn_conv2d_add_clip_4 |            - |              - |      0 |
|   11 |                            vm_mod_fused_nn_conv2d_add_clip_17 |            - |              - |      0 |
|   12 |                                  vm_mod_fused_nn_conv2d_add_6 |            - |              - |      0 |
|   13 |                             vm_mod_fused_nn_conv2d_add_clip_9 |            - |              - |      0 |
|   14 |                             vm_mod_fused_nn_conv2d_add_clip_1 |            - |              - |      0 |
|   15 |                                  vm_mod_fused_nn_conv2d_add_2 |            - |              - |      0 |
|   16 |                            vm_mod_fused_nn_conv2d_add_clip_13 |            - |              - |      0 |
|   17 |                                vm_mod_fused_nn_conv2d_add_add |            - |              - |      0 |
|   18 |                             vm_mod_fused_nn_conv2d_add_clip_6 |            - |              - |      0 |
|   19 |                               vm_mod_fused_nn_conv2d_add_clip |            - |              - |      0 |
|   20 |                              vm_mod_fused_nn_conv2d_add_add_4 |            - |              - |      0 |
|   21 |                                  vm_mod_fused_nn_conv2d_add_5 |            - |              - |      0 |
|   22 |                             vm_mod_fused_nn_conv2d_add_clip_3 |            - |              - |      0 |
|   23 |                           vm_mod_fused_nn_adaptive_avg_pool2d |            - |              - |      0 |
|   24 |                            vm_mod_fused_nn_conv2d_add_clip_14 |            - |              - |      0 |
|   25 |                              vm_mod_fused_nn_conv2d_add_add_2 |            - |              - |      0 |
|   26 |                             vm_mod_fused_nn_conv2d_add_clip_8 |            - |              - |      0 |
|   27 |                                  vm_mod_fused_nn_conv2d_add_1 |            - |              - |      0 |
|   28 |                            vm_mod_fused_nn_conv2d_add_clip_10 |            - |              - |      0 |
|   29 |                             vm_mod_fused_nn_conv2d_add_clip_5 |            - |              - |      0 |
|   30 |                                  vm_mod_fused_nn_conv2d_add_4 |            - |              - |      0 |
|   31 |                            vm_mod_fused_nn_conv2d_add_clip_15 |            - |              - |      0 |
-----------------------------------------------------------------------------------------------------------------
Estimated total latency: - ms	Trials: 0	Used time : 0 s	Next ID: 0	
.T.T.T***********************************************************
Time elapsed for measurement: 37.82 s
----------------------------------------------------------------------
------------------------------  [ Train cost model ]
----------------------------------------------------------------------
Time elapsed for training: 3.00 s
----------------------------------------------------------------------
------------------------------  [ Task Scheduler ]
----------------------------------------------------------------------
----------------------------------------------------------------------
------------------------------  [ Search ]
----------------------------------------------------------------------
Generate Sketches		#s: 1
Sample Initial Population	#s: 70	fail_ct: 1978	Time elapsed: 7.29
GA Iter: 0	Max score: 0.9964	Min score: 0.0015	#Pop: 70	#M+: 0	#M-: 0
GA Iter: 4	Max score: 1.0000	Min score: 0.9784	#Pop: 124	#M+: 1398	#M-: 0
EvolutionarySearch		#s: 124	Time elapsed: 77.44
----------------------------------------------------------------------
------------------------------  [ Measure ]
----------------------------------------------------------------------
Get 62 programs to measure:
.............................................................|  ID  |                       Task Description                        | Latency (ms) | Speed (GFLOPS) | Trials |
-----------------------------------------------------------------------------------------------------------------
|    0 |                             vm_mod_fused_nn_conv2d_add_clip_2 |        0.013 |        3258.55 |     62 |
|    1 |                                    vm_mod_fused_nn_conv2d_add |            - |              - |      0 |
|    2 |                            vm_mod_fused_nn_conv2d_add_clip_11 |            - |              - |      0 |
|    3 |                              vm_mod_fused_nn_conv2d_add_add_3 |            - |              - |      0 |
|    4 |                             vm_mod_fused_nn_conv2d_add_clip_7 |            - |              - |      0 |
|    5 |                            vm_mod_fused_nn_conv2d_add_clip_16 |            - |              - |      0 |
|    6 |                                     vm_mod_fused_nn_dense_add |            - |              - |      0 |
|    7 |                                  vm_mod_fused_nn_conv2d_add_3 |            - |              - |      0 |
|    8 |                              vm_mod_fused_nn_conv2d_add_add_1 |            - |              - |      0 |
|    9 |                            vm_mod_fused_nn_conv2d_add_clip_12 |            - |              - |      0 |
|   10 |                             vm_mod_fused_nn_conv2d_add_clip_4 |            - |              - |      0 |
|   11 |                            vm_mod_fused_nn_conv2d_add_clip_17 |            - |              - |      0 |
|   12 |                                  vm_mod_fused_nn_conv2d_add_6 |            - |              - |      0 |
|   13 |                             vm_mod_fused_nn_conv2d_add_clip_9 |            - |              - |      0 |
|   14 |                             vm_mod_fused_nn_conv2d_add_clip_1 |            - |              - |      0 |
|   15 |                                  vm_mod_fused_nn_conv2d_add_2 |            - |              - |      0 |
|   16 |                            vm_mod_fused_nn_conv2d_add_clip_13 |            - |              - |      0 |
|   17 |                                vm_mod_fused_nn_conv2d_add_add |            - |              - |      0 |
|   18 |                             vm_mod_fused_nn_conv2d_add_clip_6 |            - |              - |      0 |
|   19 |                               vm_mod_fused_nn_conv2d_add_clip |            - |              - |      0 |
|   20 |                              vm_mod_fused_nn_conv2d_add_add_4 |            - |              - |      0 |
|   21 |                                  vm_mod_fused_nn_conv2d_add_5 |            - |              - |      0 |
|   22 |                             vm_mod_fused_nn_conv2d_add_clip_3 |            - |              - |      0 |
|   23 |                           vm_mod_fused_nn_adaptive_avg_pool2d |            - |              - |      0 |
|   24 |                            vm_mod_fused_nn_conv2d_add_clip_14 |            - |              - |      0 |
|   25 |                              vm_mod_fused_nn_conv2d_add_add_2 |            - |              - |      0 |
|   26 |                             vm_mod_fused_nn_conv2d_add_clip_8 |            - |              - |      0 |
|   27 |                                  vm_mod_fused_nn_conv2d_add_1 |            - |              - |      0 |
|   28 |                            vm_mod_fused_nn_conv2d_add_clip_10 |            - |              - |      0 |
|   29 |                             vm_mod_fused_nn_conv2d_add_clip_5 |            - |              - |      0 |
|   30 |                                  vm_mod_fused_nn_conv2d_add_4 |            - |              - |      0 |
|   31 |                            vm_mod_fused_nn_conv2d_add_clip_15 |            - |              - |      0 |
-----------------------------------------------------------------------------------------------------------------
Estimated total latency: - ms	Trials: 62	Used time : 133 s	Next ID: 1	
.T*************************************************************
Time elapsed for measurement: 38.75 s
----------------------------------------------------------------------
------------------------------  [ Train cost model ]
----------------------------------------------------------------------
Time elapsed for training: 0.86 s
----------------------------------------------------------------------
------------------------------  [ Task Scheduler ]
----------------------------------------------------------------------
----------------------------------------------------------------------
------------------------------  [ Search ]
----------------------------------------------------------------------
Generate Sketches		#s: 1
Sample Initial Population	#s: 91	fail_ct: 1957	Time elapsed: 7.62
GA Iter: 0	Max score: 0.9880	Min score: 0.0300	#Pop: 91	#M+: 0	#M-: 0
GA Iter: 4	Max score: 0.9999	Min score: 0.9825	#Pop: 124	#M+: 1388	#M-: 0
EvolutionarySearch		#s: 124	Time elapsed: 114.46
----------------------------------------------------------------------
------------------------------  [ Measure ]
----------------------------------------------------------------------
Get 62 programs to measure:
.............................................................|  ID  |                       Task Description                        | Latency (ms) | Speed (GFLOPS) | Trials |
-----------------------------------------------------------------------------------------------------------------
|    0 |                             vm_mod_fused_nn_conv2d_add_clip_2 |        0.013 |        3258.55 |     62 |
|    1 |                                    vm_mod_fused_nn_conv2d_add |        0.005 |        2508.52 |     62 |
|    2 |                            vm_mod_fused_nn_conv2d_add_clip_11 |            - |              - |      0 |
|    3 |                              vm_mod_fused_nn_conv2d_add_add_3 |            - |              - |      0 |
|    4 |                             vm_mod_fused_nn_conv2d_add_clip_7 |            - |              - |      0 |
|    5 |                            vm_mod_fused_nn_conv2d_add_clip_16 |            - |              - |      0 |
|    6 |                                     vm_mod_fused_nn_dense_add |            - |              - |      0 |
|    7 |                                  vm_mod_fused_nn_conv2d_add_3 |            - |              - |      0 |
|    8 |                              vm_mod_fused_nn_conv2d_add_add_1 |            - |              - |      0 |
|    9 |                            vm_mod_fused_nn_conv2d_add_clip_12 |            - |              - |      0 |
|   10 |                             vm_mod_fused_nn_conv2d_add_clip_4 |            - |              - |      0 |
|   11 |                            vm_mod_fused_nn_conv2d_add_clip_17 |            - |              - |      0 |
|   12 |                                  vm_mod_fused_nn_conv2d_add_6 |            - |              - |      0 |
|   13 |                             vm_mod_fused_nn_conv2d_add_clip_9 |            - |              - |      0 |
|   14 |                             vm_mod_fused_nn_conv2d_add_clip_1 |            - |              - |      0 |
|   15 |                                  vm_mod_fused_nn_conv2d_add_2 |            - |              - |      0 |
|   16 |                            vm_mod_fused_nn_conv2d_add_clip_13 |            - |              - |      0 |
|   17 |                                vm_mod_fused_nn_conv2d_add_add |            - |              - |      0 |
|   18 |                             vm_mod_fused_nn_conv2d_add_clip_6 |            - |              - |      0 |
|   19 |                               vm_mod_fused_nn_conv2d_add_clip |            - |              - |      0 |
|   20 |                              vm_mod_fused_nn_conv2d_add_add_4 |            - |              - |      0 |
|   21 |                                  vm_mod_fused_nn_conv2d_add_5 |            - |              - |      0 |
|   22 |                             vm_mod_fused_nn_conv2d_add_clip_3 |            - |              - |      0 |
|   23 |                           vm_mod_fused_nn_adaptive_avg_pool2d |            - |              - |      0 |
|   24 |                            vm_mod_fused_nn_conv2d_add_clip_14 |            - |              - |      0 |
|   25 |                              vm_mod_fused_nn_conv2d_add_add_2 |            - |              - |      0 |
|   26 |                             vm_mod_fused_nn_conv2d_add_clip_8 |            - |              - |      0 |
|   27 |                                  vm_mod_fused_nn_conv2d_add_1 |            - |              - |      0 |
|   28 |                            vm_mod_fused_nn_conv2d_add_clip_10 |            - |              - |      0 |
|   29 |                             vm_mod_fused_nn_conv2d_add_clip_5 |            - |              - |      0 |
|   30 |                                  vm_mod_fused_nn_conv2d_add_4 |            - |              - |      0 |
|   31 |                            vm_mod_fused_nn_conv2d_add_clip_15 |            - |              - |      0 |
-----------------------------------------------------------------------------------------------------------------
Estimated total latency: - ms	Trials: 124	Used time : 257 s	Next ID: 2	
.T*************************************************************
Time elapsed for measurement: 34.99 s
----------------------------------------------------------------------
------------------------------  [ Train cost model ]
----------------------------------------------------------------------
Time elapsed for training: 1.20 s
----------------------------------------------------------------------
------------------------------  [ Task Scheduler ]
----------------------------------------------------------------------
----------------------------------------------------------------------
------------------------------  [ Search ]
----------------------------------------------------------------------
Generate Sketches		#s: 1
Sample Initial Population	#s: 84	fail_ct: 1964	Time elapsed: 5.38
GA Iter: 0	Max score: 0.9998	Min score: 0.0031	#Pop: 84	#M+: 0	#M-: 0
GA Iter: 4	Max score: 0.9998	Min score: 0.9838	#Pop: 124	#M+: 1395	#M-: 0
EvolutionarySearch		#s: 124	Time elapsed: 77.95
----------------------------------------------------------------------
------------------------------  [ Measure ]
----------------------------------------------------------------------
Get 62 programs to measure:
..............................................................**************************************************************|  ID  |                       Task Description                        | Latency (ms) | Speed (GFLOPS) | Trials |
-----------------------------------------------------------------------------------------------------------------
|    0 |                             vm_mod_fused_nn_conv2d_add_clip_2 |        0.013 |        3258.55 |     62 |
|    1 |                                    vm_mod_fused_nn_conv2d_add |        0.005 |        2508.52 |     62 |
|    2 |                            vm_mod_fused_nn_conv2d_add_clip_11 |        0.004 |         384.03 |     62 |
|    3 |                              vm_mod_fused_nn_conv2d_add_add_3 |            - |              - |      0 |
|    4 |                             vm_mod_fused_nn_conv2d_add_clip_7 |            - |              - |      0 |
|    5 |                            vm_mod_fused_nn_conv2d_add_clip_16 |            - |              - |      0 |
|    6 |                                     vm_mod_fused_nn_dense_add |            - |              - |      0 |
|    7 |                                  vm_mod_fused_nn_conv2d_add_3 |            - |              - |      0 |
|    8 |                              vm_mod_fused_nn_conv2d_add_add_1 |            - |              - |      0 |
|    9 |                            vm_mod_fused_nn_conv2d_add_clip_12 |            - |              - |      0 |
|   10 |                             vm_mod_fused_nn_conv2d_add_clip_4 |            - |              - |      0 |
|   11 |                            vm_mod_fused_nn_conv2d_add_clip_17 |            - |              - |      0 |
|   12 |                                  vm_mod_fused_nn_conv2d_add_6 |            - |              - |      0 |
|   13 |                             vm_mod_fused_nn_conv2d_add_clip_9 |            - |              - |      0 |
|   14 |                             vm_mod_fused_nn_conv2d_add_clip_1 |            - |              - |      0 |
|   15 |                                  vm_mod_fused_nn_conv2d_add_2 |            - |              - |      0 |
|   16 |                            vm_mod_fused_nn_conv2d_add_clip_13 |            - |              - |      0 |
|   17 |                                vm_mod_fused_nn_conv2d_add_add |            - |              - |      0 |
|   18 |                             vm_mod_fused_nn_conv2d_add_clip_6 |            - |              - |      0 |
|   19 |                               vm_mod_fused_nn_conv2d_add_clip |            - |              - |      0 |
|   20 |                              vm_mod_fused_nn_conv2d_add_add_4 |            - |              - |      0 |
|   21 |                                  vm_mod_fused_nn_conv2d_add_5 |            - |              - |      0 |
|   22 |                             vm_mod_fused_nn_conv2d_add_clip_3 |            - |              - |      0 |
|   23 |                           vm_mod_fused_nn_adaptive_avg_pool2d |            - |              - |      0 |
|   24 |                            vm_mod_fused_nn_conv2d_add_clip_14 |            - |              - |      0 |
|   25 |                              vm_mod_fused_nn_conv2d_add_add_2 |            - |              - |      0 |
|   26 |                             vm_mod_fused_nn_conv2d_add_clip_8 |            - |              - |      0 |
|   27 |                                  vm_mod_fused_nn_conv2d_add_1 |            - |              - |      0 |
|   28 |                            vm_mod_fused_nn_conv2d_add_clip_10 |            - |              - |      0 |
|   29 |                             vm_mod_fused_nn_conv2d_add_clip_5 |            - |              - |      0 |
|   30 |                                  vm_mod_fused_nn_conv2d_add_4 |            - |              - |      0 |
|   31 |                            vm_mod_fused_nn_conv2d_add_clip_15 |            - |              - |      0 |
-----------------------------------------------------------------------------------------------------------------
Estimated total latency: - ms	Trials: 186	Used time : 416 s	Next ID: 3	

Time elapsed for measurement: 31.41 s
----------------------------------------------------------------------
------------------------------  [ Train cost model ]
----------------------------------------------------------------------
Time elapsed for training: 0.92 s
----------------------------------------------------------------------
------------------------------  [ Task Scheduler ]
----------------------------------------------------------------------
----------------------------------------------------------------------
------------------------------  [ Search ]
----------------------------------------------------------------------
Generate Sketches		#s: 1
Sample Initial Population	#s: 153	fail_ct: 1895	Time elapsed: 6.20
GA Iter: 0	Max score: 0.9978	Min score: 0.2411	#Pop: 124	#M+: 0	#M-: 0
GA Iter: 4	Max score: 0.9999	Min score: 0.9808	#Pop: 124	#M+: 1393	#M-: 0
EvolutionarySearch		#s: 124	Time elapsed: 78.79
----------------------------------------------------------------------
------------------------------  [ Measure ]
----------------------------------------------------------------------
Get 62 programs to measure:
..............................................................**************************************************************|  ID  |                       Task Description                        | Latency (ms) | Speed (GFLOPS) | Trials |
-----------------------------------------------------------------------------------------------------------------
|    0 |                             vm_mod_fused_nn_conv2d_add_clip_2 |        0.013 |        3258.55 |     62 |
|    1 |                                    vm_mod_fused_nn_conv2d_add |        0.005 |        2508.52 |     62 |
|    2 |                            vm_mod_fused_nn_conv2d_add_clip_11 |        0.004 |         384.03 |     62 |
|    3 |                              vm_mod_fused_nn_conv2d_add_add_3 |        0.010 |        2157.91 |     62 |
|    4 |                             vm_mod_fused_nn_conv2d_add_clip_7 |            - |              - |      0 |
|    5 |                            vm_mod_fused_nn_conv2d_add_clip_16 |            - |              - |      0 |
|    6 |                                     vm_mod_fused_nn_dense_add |            - |              - |      0 |
|    7 |                                  vm_mod_fused_nn_conv2d_add_3 |            - |              - |      0 |
|    8 |                              vm_mod_fused_nn_conv2d_add_add_1 |            - |              - |      0 |
|    9 |                            vm_mod_fused_nn_conv2d_add_clip_12 |            - |              - |      0 |
|   10 |                             vm_mod_fused_nn_conv2d_add_clip_4 |            - |              - |      0 |
|   11 |                            vm_mod_fused_nn_conv2d_add_clip_17 |            - |              - |      0 |
|   12 |                                  vm_mod_fused_nn_conv2d_add_6 |            - |              - |      0 |
|   13 |                             vm_mod_fused_nn_conv2d_add_clip_9 |            - |              - |      0 |
|   14 |                             vm_mod_fused_nn_conv2d_add_clip_1 |            - |              - |      0 |
|   15 |                                  vm_mod_fused_nn_conv2d_add_2 |            - |              - |      0 |
|   16 |                            vm_mod_fused_nn_conv2d_add_clip_13 |            - |              - |      0 |
|   17 |                                vm_mod_fused_nn_conv2d_add_add |            - |              - |      0 |
|   18 |                             vm_mod_fused_nn_conv2d_add_clip_6 |            - |              - |      0 |
|   19 |                               vm_mod_fused_nn_conv2d_add_clip |            - |              - |      0 |
|   20 |                              vm_mod_fused_nn_conv2d_add_add_4 |            - |              - |      0 |
|   21 |                                  vm_mod_fused_nn_conv2d_add_5 |            - |              - |      0 |
|   22 |                             vm_mod_fused_nn_conv2d_add_clip_3 |            - |              - |      0 |
|   23 |                           vm_mod_fused_nn_adaptive_avg_pool2d |            - |              - |      0 |
|   24 |                            vm_mod_fused_nn_conv2d_add_clip_14 |            - |              - |      0 |
|   25 |                              vm_mod_fused_nn_conv2d_add_add_2 |            - |              - |      0 |
|   26 |                             vm_mod_fused_nn_conv2d_add_clip_8 |            - |              - |      0 |
|   27 |                                  vm_mod_fused_nn_conv2d_add_1 |            - |              - |      0 |
|   28 |                            vm_mod_fused_nn_conv2d_add_clip_10 |            - |              - |      0 |
|   29 |                             vm_mod_fused_nn_conv2d_add_clip_5 |            - |              - |      0 |
|   30 |                                  vm_mod_fused_nn_conv2d_add_4 |            - |              - |      0 |
|   31 |                            vm_mod_fused_nn_conv2d_add_clip_15 |            - |              - |      0 |
-----------------------------------------------------------------------------------------------------------------
Estimated total latency: - ms	Trials: 248	Used time : 532 s	Next ID: 4	

Time elapsed for measurement: 28.18 s
----------------------------------------------------------------------
------------------------------  [ Train cost model ]
----------------------------------------------------------------------
Time elapsed for training: 0.99 s
----------------------------------------------------------------------
------------------------------  [ Task Scheduler ]
----------------------------------------------------------------------
----------------------------------------------------------------------
------------------------------  [ Search ]
----------------------------------------------------------------------
Generate Sketches		#s: 1
Sample Initial Population	#s: 108	fail_ct: 1940	Time elapsed: 7.13
GA Iter: 0	Max score: 0.9959	Min score: 0.0035	#Pop: 108	#M+: 0	#M-: 0
GA Iter: 4	Max score: 0.9998	Min score: 0.9806	#Pop: 124	#M+: 1390	#M-: 0
EvolutionarySearch		#s: 124	Time elapsed: 103.83
----------------------------------------------------------------------
------------------------------  [ Measure ]
----------------------------------------------------------------------
Get 62 programs to measure:
..............................................................**************************************************************|  ID  |                       Task Description                        | Latency (ms) | Speed (GFLOPS) | Trials |
-----------------------------------------------------------------------------------------------------------------
|    0 |                             vm_mod_fused_nn_conv2d_add_clip_2 |        0.013 |        3258.55 |     62 |
|    1 |                                    vm_mod_fused_nn_conv2d_add |        0.005 |        2508.52 |     62 |
|    2 |                            vm_mod_fused_nn_conv2d_add_clip_11 |        0.004 |         384.03 |     62 |
|    3 |                              vm_mod_fused_nn_conv2d_add_add_3 |        0.010 |        2157.91 |     62 |
|    4 |                             vm_mod_fused_nn_conv2d_add_clip_7 |        0.004 |        2824.26 |     62 |
|    5 |                            vm_mod_fused_nn_conv2d_add_clip_16 |            - |              - |      0 |
|    6 |                                     vm_mod_fused_nn_dense_add |            - |              - |      0 |
|    7 |                                  vm_mod_fused_nn_conv2d_add_3 |            - |              - |      0 |
|    8 |                              vm_mod_fused_nn_conv2d_add_add_1 |            - |              - |      0 |
|    9 |                            vm_mod_fused_nn_conv2d_add_clip_12 |            - |              - |      0 |
|   10 |                             vm_mod_fused_nn_conv2d_add_clip_4 |            - |              - |      0 |
|   11 |                            vm_mod_fused_nn_conv2d_add_clip_17 |            - |              - |      0 |
|   12 |                                  vm_mod_fused_nn_conv2d_add_6 |            - |              - |      0 |
|   13 |                             vm_mod_fused_nn_conv2d_add_clip_9 |            - |              - |      0 |
|   14 |                             vm_mod_fused_nn_conv2d_add_clip_1 |            - |              - |      0 |
|   15 |                                  vm_mod_fused_nn_conv2d_add_2 |            - |              - |      0 |
|   16 |                            vm_mod_fused_nn_conv2d_add_clip_13 |            - |              - |      0 |
|   17 |                                vm_mod_fused_nn_conv2d_add_add |            - |              - |      0 |
|   18 |                             vm_mod_fused_nn_conv2d_add_clip_6 |            - |              - |      0 |
|   19 |                               vm_mod_fused_nn_conv2d_add_clip |            - |              - |      0 |
|   20 |                              vm_mod_fused_nn_conv2d_add_add_4 |            - |              - |      0 |
|   21 |                                  vm_mod_fused_nn_conv2d_add_5 |            - |              - |      0 |
|   22 |                             vm_mod_fused_nn_conv2d_add_clip_3 |            - |              - |      0 |
|   23 |                           vm_mod_fused_nn_adaptive_avg_pool2d |            - |              - |      0 |
|   24 |                            vm_mod_fused_nn_conv2d_add_clip_14 |            - |              - |      0 |
|   25 |                              vm_mod_fused_nn_conv2d_add_add_2 |            - |              - |      0 |
|   26 |                             vm_mod_fused_nn_conv2d_add_clip_8 |            - |              - |      0 |
|   27 |                                  vm_mod_fused_nn_conv2d_add_1 |            - |              - |      0 |
|   28 |                            vm_mod_fused_nn_conv2d_add_clip_10 |            - |              - |      0 |
|   29 |                             vm_mod_fused_nn_conv2d_add_clip_5 |            - |              - |      0 |
|   30 |                                  vm_mod_fused_nn_conv2d_add_4 |            - |              - |      0 |
|   31 |                            vm_mod_fused_nn_conv2d_add_clip_15 |            - |              - |      0 |
-----------------------------------------------------------------------------------------------------------------
Estimated total latency: - ms	Trials: 310	Used time : 646 s	Next ID: 5	

Time elapsed for measurement: 30.96 s
----------------------------------------------------------------------
------------------------------  [ Train cost model ]
----------------------------------------------------------------------
Time elapsed for training: 1.14 s
----------------------------------------------------------------------
------------------------------  [ Task Scheduler ]
----------------------------------------------------------------------
----------------------------------------------------------------------
------------------------------  [ Search ]
----------------------------------------------------------------------
Generate Sketches		#s: 2
Sample Initial Population	#s: 71	fail_ct: 1977	Time elapsed: 2.65
GA Iter: 0	Max score: 0.9903	Min score: 0.0054	#Pop: 71	#M+: 0	#M-: 0
GA Iter: 4	Max score: 0.9992	Min score: 0.9348	#Pop: 124	#M+: 1388	#M-: 0
EvolutionarySearch		#s: 124	Time elapsed: 14.16
----------------------------------------------------------------------
------------------------------  [ Measure ]
----------------------------------------------------------------------
Get 62 programs to measure:
..............................................................******Eterminate called after throwing an instance of 'tvm::runtime::InternalError'
  what():  [14:37:36] /data3/qsy/complier/tlm/src/runtime/cuda/cuda_module.cc:61: CUDAError: cuModuleUnload(module_[i]) failed with error: CUDA_ERROR_MISALIGNED_ADDRESS
Stack trace:
  0: tvm::runtime::SimpleObjAllocator::Handler<tvm::runtime::CUDAModuleNode>::Deleter_(tvm::runtime::Object*)
  1: tvm::runtime::SimpleObjAllocator::Handler<tvm::runtime::LibraryModuleNode>::Deleter_(tvm::runtime::Object*)
  2: _ZN3tvm7runtime18SimpleObjAllocator7HandlerINS0_16PackedFuncS
  3: _ZN3tvm7runtime18SimpleObjAllocator7HandlerINS0_16PackedFuncSubObjIZNS0_9profiling17WrapTimeE
  4: TVMObjectFree
  5: __pyx_tp_dealloc_3tvm_4_ffi_4_cy3_4core_PackedFuncBase(_object*)
  6: subtype_dealloc
        at /usr/local/src/conda/python-3.10.18/Objects/typeobject.c:1460
  7: _Py_DECREF
        at /usr/local/src/conda/python-3.10.18/Include/object.h:500
  8: _Py_XDECREF
        at /usr/local/src/conda/python-3.10.18/Include/object.h:567
  9: cell_dealloc
        at /usr/local/src/conda/python-3.10.18/Objects/cellobject.c:82
  10: _Py_Dealloc
        at /usr/local/src/conda/python-3.10.18/Objects/object.c:2301
  11: _Py_DECREF
        at /usr/local/src/conda/python-3.10.18/Include/object.h:500
  12: _Py_XDECREF
        at /usr/local/src/conda/python-3.10.18/Include/object.h:567
  13: tupledealloc
        at /usr/local/src/conda/python-3.10.18/Objects/tupleobject.c:276
  14: _Py_Dealloc
        at /usr/local/src/conda/python-3.10.18/Objects/object.c:2301
  15: _Py_DECREF
        at /usr/local/src/conda/python-3.10.18/Include/object.h:500
  16: func_clear
        at /usr/local/src/conda/python-3.10.18/Objects/funcobject.c:636
  17: func_dealloc
        at /usr/local/src/conda/python-3.10.18/Objects/funcobject.c:648
  18: _Py_Dealloc
        at /usr/local/src/conda/python-3.10.18/Objects/object.c:2301
  19: _Py_DECREF
        at /usr/local/src/conda/python-3.10.18/Include/object.h:500
  20: frame_dealloc
        at /usr/local/src/conda/python-3.10.18/Objects/frameobject.c:591
  21: _Py_Dealloc
        at /usr/local/src/conda/python-3.10.18/Objects/object.c:2301
  22: _Py_DECREF
        at /usr/local/src/conda/python-3.10.18/Include/object.h:500
  23: _PyEval_Vector
        at /usr/local/src/conda/python-3.10.18/Python/ceval.c:5080
  24: _PyFunction_Vectorcall
        at /usr/local/src/conda/python-3.10.18/Objects/call.c:342
  25: do_call_core
        at /usr/local/src/conda/python-3.10.18/Python/ceval.c:5945
  26: _PyEval_EvalFrameDefault
        at /usr/local/src/conda/python-3.10.18/Python/ceval.c:4277
  27: _PyEval_EvalFrame
        at /usr/local/src/conda/python-3.10.18/Include/internal/pycore_ceval.h:46
  28: _PyEval_Vector
        at /usr/local/src/conda/python-3.10.18/Python/ceval.c:5067
  29: _PyFunction_Vectorcall
        at /usr/local/src/conda/python-3.10.18/Objects/call.c:342
  30: _PyObject_VectorcallTstate
        at /usr/local/src/conda/python-3.10.18/Include/cpython/abstract.h:114
  31: PyObject_Vectorcall
        at /usr/local/src/conda/python-3.10.18/Include/cpython/abstract.h:123
  32: call_function
        at /usr/local/src/conda/python-3.10.18/Python/ceval.c:5893
  33: _PyEval_EvalFrameDefault
        at /usr/local/src/conda/python-3.10.18/Python/ceval.c:4213
  34: _PyEval_EvalFrame
        at /usr/local/src/conda/python-3.10.18/Include/internal/pycore_ceval.h:46
  35: _PyEval_Vector
        at /usr/local/src/conda/python-3.10.18/Python/ceval.c:5067
  36: PyEval_EvalCode
        at /usr/local/src/conda/python-3.10.18/Python/ceval.c:1134
  37: builtin_exec_impl
        at /usr/local/src/conda/python-3.10.18/Python/bltinmodule.c:1058
  38: builtin_exec
        at /usr/local/src/conda/python-3.10.18/Python/clinic/bltinmodule.c.h:371
  39: cfunction_vectorcall_FASTCALL
        at /usr/local/src/conda/python-3.10.18/Objects/methodobject.c:430
  40: _PyObject_VectorcallTstate
        at /usr/local/src/conda/python-3.10.18/Include/cpython/abstract.h:114
  41: PyObject_Vectorcall
        at /usr/local/src/conda/python-3.10.18/Include/cpython/abstract.h:123
  42: call_function
        at /usr/local/src/conda/python-3.10.18/Python/ceval.c:5893
  43: _PyEval_EvalFrameDefault
        at /usr/local/src/conda/python-3.10.18/Python/ceval.c:4213
  44: _PyEval_EvalFrame
        at /usr/local/src/conda/python-3.10.18/Include/internal/pycore_ceval.h:46
  45: _PyEval_Vector
        at /usr/local/src/conda/python-3.10.18/Python/ceval.c:5067
  46: _PyFunction_Vectorcall
        at /usr/local/src/conda/python-3.10.18/Objects/call.c:342
  47: _PyObject_VectorcallTstate
        at /usr/local/src/conda/python-3.10.18/Include/cpython/abstract.h:114
  48: PyObject_Vectorcall
        at /usr/local/src/conda/python-3.10.18/Include/cpython/abstract.h:123
  49: call_function
        at /usr/local/src/conda/python-3.10.18/Python/ceval.c:5893
  50: _PyEval_EvalFrameDefault
        at /usr/local/src/conda/python-3.10.18/Python/ceval.c:4213
  51: _PyEval_EvalFrame
        at /usr/local/src/conda/python-3.10.18/Include/internal/pycore_ceval.h:46
  52: _PyEval_Vector
        at /usr/local/src/conda/python-3.10.18/Python/ceval.c:5067
  53: _PyFunction_Vectorcall
        at /usr/local/src/conda/python-3.10.18/Objects/call.c:342
  54: pymain_run_module
        at /usr/local/src/conda/python-3.10.18/Modules/main.c:297
  55: pymain_run_python
        at /usr/local/src/conda/python-3.10.18/Modules/main.c:589
  56: Py_RunMain
        at /usr/local/src/conda/python-3.10.18/Modules/main.c:674
  57: Py_BytesMain
        at /usr/local/src/conda/python-3.10.18/Modules/main.c:1094
  58: __libc_start_main
        at ../csu/libc-start.c:308
  59: 0x000000000058728d
  60: 0xffffffffffffffff


|  ID  |                       Task Description                        | Latency (ms) | Speed (GFLOPS) | Trials |
-----------------------------------------------------------------------------------------------------------------
|    0 |                             vm_mod_fused_nn_conv2d_add_clip_2 |        0.013 |        3258.55 |     62 |
|    1 |                                    vm_mod_fused_nn_conv2d_add |        0.005 |        2508.52 |     62 |
|    2 |                            vm_mod_fused_nn_conv2d_add_clip_11 |        0.004 |         384.03 |     62 |
|    3 |                              vm_mod_fused_nn_conv2d_add_add_3 |        0.010 |        2157.91 |     62 |
|    4 |                             vm_mod_fused_nn_conv2d_add_clip_7 |        0.004 |        2824.26 |     62 |
|    5 |                            vm_mod_fused_nn_conv2d_add_clip_16 |        0.003 |         285.69 |     62 |
|    6 |                                     vm_mod_fused_nn_dense_add |            - |              - |      0 |
|    7 |                                  vm_mod_fused_nn_conv2d_add_3 |            - |              - |      0 |
|    8 |                              vm_mod_fused_nn_conv2d_add_add_1 |            - |              - |      0 |
|    9 |                            vm_mod_fused_nn_conv2d_add_clip_12 |            - |              - |      0 |
|   10 |                             vm_mod_fused_nn_conv2d_add_clip_4 |            - |              - |      0 |
|   11 |                            vm_mod_fused_nn_conv2d_add_clip_17 |            - |              - |      0 |
|   12 |                                  vm_mod_fused_nn_conv2d_add_6 |            - |              - |      0 |
|   13 |                             vm_mod_fused_nn_conv2d_add_clip_9 |            - |              - |      0 |
|   14 |                             vm_mod_fused_nn_conv2d_add_clip_1 |            - |              - |      0 |
|   15 |                                  vm_mod_fused_nn_conv2d_add_2 |            - |              - |      0 |
|   16 |                            vm_mod_fused_nn_conv2d_add_clip_13 |            - |              - |      0 |
|   17 |                                vm_mod_fused_nn_conv2d_add_add |            - |              - |      0 |
|   18 |                             vm_mod_fused_nn_conv2d_add_clip_6 |            - |              - |      0 |
|   19 |                               vm_mod_fused_nn_conv2d_add_clip |            - |              - |      0 |
|   20 |                              vm_mod_fused_nn_conv2d_add_add_4 |            - |              - |      0 |
|   21 |                                  vm_mod_fused_nn_conv2d_add_5 |            - |              - |      0 |
|   22 |                             vm_mod_fused_nn_conv2d_add_clip_3 |            - |              - |      0 |
|   23 |                           vm_mod_fused_nn_adaptive_avg_pool2d |            - |              - |      0 |
|   24 |                            vm_mod_fused_nn_conv2d_add_clip_14 |            - |              - |      0 |
|   25 |                              vm_mod_fused_nn_conv2d_add_add_2 |            - |              - |      0 |
|   26 |                             vm_mod_fused_nn_conv2d_add_clip_8 |            - |              - |      0 |
|   27 |                                  vm_mod_fused_nn_conv2d_add_1 |            - |              - |      0 |
|   28 |                            vm_mod_fused_nn_conv2d_add_clip_10 |            - |              - |      0 |
|   29 |                             vm_mod_fused_nn_conv2d_add_clip_5 |            - |              - |      0 |
|   30 |                                  vm_mod_fused_nn_conv2d_add_4 |            - |              - |      0 |
|   31 |                            vm_mod_fused_nn_conv2d_add_clip_15 |            - |              - |      0 |
-----------------------------------------------------------------------------------------------------------------
Estimated total latency: - ms	Trials: 372	Used time : 790 s	Next ID: 6	
*E*************Eterminate called after throwing an instance of 'tvm::runtime::InternalError'
  what():  [14:37:41] /data3/qsy/complier/tlm/src/runtime/cuda/cuda_module.cc:61: CUDAError: cuModuleUnload(module_[i]) failed with error: CUDA_ERROR_MISALIGNED_ADDRESS
Stack trace:
  0: tvm::runtime::SimpleObjAllocator::Handler<tvm::runtime::CUDAModuleNode>::Deleter_(tvm::runtime::Object*)
  1: tvm::runtime::SimpleObjAllocator::Handler<tvm::runtime::LibraryModuleNode>::Deleter_(tvm::runtime::Object*)
  2: _ZN3tvm7runtime18SimpleObjAllocator7HandlerINS0_16PackedFuncS
  3: _ZN3tvm7runtime18SimpleObjAllocator7HandlerINS0_16PackedFuncSubObjIZNS0_9profiling17WrapTimeE
  4: TVMObjectFree
  5: __pyx_tp_dealloc_3tvm_4_ffi_4_cy3_4core_PackedFuncBase(_object*)
  6: subtype_dealloc
        at /usr/local/src/conda/python-3.10.18/Objects/typeobject.c:1460
  7: _Py_DECREF
        at /usr/local/src/conda/python-3.10.18/Include/object.h:500
  8: _Py_XDECREF
        at /usr/local/src/conda/python-3.10.18/Include/object.h:567
  9: cell_dealloc
        at /usr/local/src/conda/python-3.10.18/Objects/cellobject.c:82
  10: _Py_Dealloc
        at /usr/local/src/conda/python-3.10.18/Objects/object.c:2301
  11: _Py_DECREF
        at /usr/local/src/conda/python-3.10.18/Include/object.h:500
  12: _Py_XDECREF
        at /usr/local/src/conda/python-3.10.18/Include/object.h:567
  13: tupledealloc
        at /usr/local/src/conda/python-3.10.18/Objects/tupleobject.c:276
  14: _Py_Dealloc
        at /usr/local/src/conda/python-3.10.18/Objects/object.c:2301
  15: _Py_DECREF
        at /usr/local/src/conda/python-3.10.18/Include/object.h:500
  16: func_clear
        at /usr/local/src/conda/python-3.10.18/Objects/funcobject.c:636
  17: func_dealloc
        at /usr/local/src/conda/python-3.10.18/Objects/funcobject.c:648
  18: _Py_Dealloc
        at /usr/local/src/conda/python-3.10.18/Objects/object.c:2301
  19: _Py_DECREF
        at /usr/local/src/conda/python-3.10.18/Include/object.h:500
  20: frame_dealloc
        at /usr/local/src/conda/python-3.10.18/Objects/frameobject.c:591
  21: _Py_Dealloc
        at /usr/local/src/conda/python-3.10.18/Objects/object.c:2301
  22: _Py_DECREF
        at /usr/local/src/conda/python-3.10.18/Include/object.h:500
  23: _PyEval_Vector
        at /usr/local/src/conda/python-3.10.18/Python/ceval.c:5080
  24: _PyFunction_Vectorcall
        at /usr/local/src/conda/python-3.10.18/Objects/call.c:342
  25: do_call_core
        at /usr/local/src/conda/python-3.10.18/Python/ceval.c:5945
  26: _PyEval_EvalFrameDefault
        at /usr/local/src/conda/python-3.10.18/Python/ceval.c:4277
  27: _PyEval_EvalFrame
        at /usr/local/src/conda/python-3.10.18/Include/internal/pycore_ceval.h:46
  28: _PyEval_Vector
        at /usr/local/src/conda/python-3.10.18/Python/ceval.c:5067
  29: _PyFunction_Vectorcall
        at /usr/local/src/conda/python-3.10.18/Objects/call.c:342
  30: _PyObject_VectorcallTstate
        at /usr/local/src/conda/python-3.10.18/Include/cpython/abstract.h:114
  31: PyObject_Vectorcall
        at /usr/local/src/conda/python-3.10.18/Include/cpython/abstract.h:123
  32: call_function
        at /usr/local/src/conda/python-3.10.18/Python/ceval.c:5893
  33: _PyEval_EvalFrameDefault
        at /usr/local/src/conda/python-3.10.18/Python/ceval.c:4213
  34: _PyEval_EvalFrame
        at /usr/local/src/conda/python-3.10.18/Include/internal/pycore_ceval.h:46
  35: _PyEval_Vector
        at /usr/local/src/conda/python-3.10.18/Python/ceval.c:5067
  36: PyEval_EvalCode
        at /usr/local/src/conda/python-3.10.18/Python/ceval.c:1134
  37: builtin_exec_impl
        at /usr/local/src/conda/python-3.10.18/Python/bltinmodule.c:1058
  38: builtin_exec
        at /usr/local/src/conda/python-3.10.18/Python/clinic/bltinmodule.c.h:371
  39: cfunction_vectorcall_FASTCALL
        at /usr/local/src/conda/python-3.10.18/Objects/methodobject.c:430
  40: _PyObject_VectorcallTstate
        at /usr/local/src/conda/python-3.10.18/Include/cpython/abstract.h:114
  41: PyObject_Vectorcall
        at /usr/local/src/conda/python-3.10.18/Include/cpython/abstract.h:123
  42: call_function
        at /usr/local/src/conda/python-3.10.18/Python/ceval.c:5893
  43: _PyEval_EvalFrameDefault
        at /usr/local/src/conda/python-3.10.18/Python/ceval.c:4213
  44: _PyEval_EvalFrame
        at /usr/local/src/conda/python-3.10.18/Include/internal/pycore_ceval.h:46
  45: _PyEval_Vector
        at /usr/local/src/conda/python-3.10.18/Python/ceval.c:5067
  46: _PyFunction_Vectorcall
        at /usr/local/src/conda/python-3.10.18/Objects/call.c:342
  47: _PyObject_VectorcallTstate
        at /usr/local/src/conda/python-3.10.18/Include/cpython/abstract.h:114
  48: PyObject_Vectorcall
        at /usr/local/src/conda/python-3.10.18/Include/cpython/abstract.h:123
  49: call_function
        at /usr/local/src/conda/python-3.10.18/Python/ceval.c:5893
  50: _PyEval_EvalFrameDefault
        at /usr/local/src/conda/python-3.10.18/Python/ceval.c:4213
  51: _PyEval_EvalFrame
        at /usr/local/src/conda/python-3.10.18/Include/internal/pycore_ceval.h:46
  52: _PyEval_Vector
        at /usr/local/src/conda/python-3.10.18/Python/ceval.c:5067
  53: _PyFunction_Vectorcall
        at /usr/local/src/conda/python-3.10.18/Objects/call.c:342
  54: pymain_run_module
        at /usr/local/src/conda/python-3.10.18/Modules/main.c:297
  55: pymain_run_python
        at /usr/local/src/conda/python-3.10.18/Modules/main.c:589
  56: Py_RunMain
        at /usr/local/src/conda/python-3.10.18/Modules/main.c:674
  57: Py_BytesMain
        at /usr/local/src/conda/python-3.10.18/Modules/main.c:1094
  58: __libc_start_main
        at ../csu/libc-start.c:308
  59: 0x000000000058728d
  60: 0xffffffffffffffff


*E***Eterminate called after throwing an instance of 'tvm::runtime::InternalError'
  what():  [14:37:43] /data3/qsy/complier/tlm/src/runtime/cuda/cuda_module.cc:61: CUDAError: cuModuleUnload(module_[i]) failed with error: CUDA_ERROR_MISALIGNED_ADDRESS
Stack trace:
  0: tvm::runtime::SimpleObjAllocator::Handler<tvm::runtime::CUDAModuleNode>::Deleter_(tvm::runtime::Object*)
  1: tvm::runtime::SimpleObjAllocator::Handler<tvm::runtime::LibraryModuleNode>::Deleter_(tvm::runtime::Object*)
  2: _ZN3tvm7runtime18SimpleObjAllocator7HandlerINS0_16PackedFuncS
  3: _ZN3tvm7runtime18SimpleObjAllocator7HandlerINS0_16PackedFuncSubObjIZNS0_9profiling17WrapTimeE
  4: TVMObjectFree
  5: __pyx_tp_dealloc_3tvm_4_ffi_4_cy3_4core_PackedFuncBase(_object*)
  6: subtype_dealloc
        at /usr/local/src/conda/python-3.10.18/Objects/typeobject.c:1460
  7: _Py_DECREF
        at /usr/local/src/conda/python-3.10.18/Include/object.h:500
  8: _Py_XDECREF
        at /usr/local/src/conda/python-3.10.18/Include/object.h:567
  9: cell_dealloc
        at /usr/local/src/conda/python-3.10.18/Objects/cellobject.c:82
  10: _Py_Dealloc
        at /usr/local/src/conda/python-3.10.18/Objects/object.c:2301
  11: _Py_DECREF
        at /usr/local/src/conda/python-3.10.18/Include/object.h:500
  12: _Py_XDECREF
        at /usr/local/src/conda/python-3.10.18/Include/object.h:567
  13: tupledealloc
        at /usr/local/src/conda/python-3.10.18/Objects/tupleobject.c:276
  14: _Py_Dealloc
        at /usr/local/src/conda/python-3.10.18/Objects/object.c:2301
  15: _Py_DECREF
        at /usr/local/src/conda/python-3.10.18/Include/object.h:500
  16: func_clear
        at /usr/local/src/conda/python-3.10.18/Objects/funcobject.c:636
  17: func_dealloc
        at /usr/local/src/conda/python-3.10.18/Objects/funcobject.c:648
  18: _Py_Dealloc
        at /usr/local/src/conda/python-3.10.18/Objects/object.c:2301
  19: _Py_DECREF
        at /usr/local/src/conda/python-3.10.18/Include/object.h:500
  20: frame_dealloc
        at /usr/local/src/conda/python-3.10.18/Objects/frameobject.c:591
  21: _Py_Dealloc
        at /usr/local/src/conda/python-3.10.18/Objects/object.c:2301
  22: _Py_DECREF
        at /usr/local/src/conda/python-3.10.18/Include/object.h:500
  23: _PyEval_Vector
        at /usr/local/src/conda/python-3.10.18/Python/ceval.c:5080
  24: _PyFunction_Vectorcall
        at /usr/local/src/conda/python-3.10.18/Objects/call.c:342
  25: do_call_core
        at /usr/local/src/conda/python-3.10.18/Python/ceval.c:5945
  26: _PyEval_EvalFrameDefault
        at /usr/local/src/conda/python-3.10.18/Python/ceval.c:4277
  27: _PyEval_EvalFrame
        at /usr/local/src/conda/python-3.10.18/Include/internal/pycore_ceval.h:46
  28: _PyEval_Vector
        at /usr/local/src/conda/python-3.10.18/Python/ceval.c:5067
  29: _PyFunction_Vectorcall
        at /usr/local/src/conda/python-3.10.18/Objects/call.c:342
  30: _PyObject_VectorcallTstate
        at /usr/local/src/conda/python-3.10.18/Include/cpython/abstract.h:114
  31: PyObject_Vectorcall
        at /usr/local/src/conda/python-3.10.18/Include/cpython/abstract.h:123
  32: call_function
        at /usr/local/src/conda/python-3.10.18/Python/ceval.c:5893
  33: _PyEval_EvalFrameDefault
        at /usr/local/src/conda/python-3.10.18/Python/ceval.c:4213
  34: _PyEval_EvalFrame
        at /usr/local/src/conda/python-3.10.18/Include/internal/pycore_ceval.h:46
  35: _PyEval_Vector
        at /usr/local/src/conda/python-3.10.18/Python/ceval.c:5067
  36: PyEval_EvalCode
        at /usr/local/src/conda/python-3.10.18/Python/ceval.c:1134
  37: builtin_exec_impl
        at /usr/local/src/conda/python-3.10.18/Python/bltinmodule.c:1058
  38: builtin_exec
        at /usr/local/src/conda/python-3.10.18/Python/clinic/bltinmodule.c.h:371
  39: cfunction_vectorcall_FASTCALL
        at /usr/local/src/conda/python-3.10.18/Objects/methodobject.c:430
  40: _PyObject_VectorcallTstate
        at /usr/local/src/conda/python-3.10.18/Include/cpython/abstract.h:114
  41: PyObject_Vectorcall
        at /usr/local/src/conda/python-3.10.18/Include/cpython/abstract.h:123
  42: call_function
        at /usr/local/src/conda/python-3.10.18/Python/ceval.c:5893
  43: _PyEval_EvalFrameDefault
        at /usr/local/src/conda/python-3.10.18/Python/ceval.c:4213
  44: _PyEval_EvalFrame
        at /usr/local/src/conda/python-3.10.18/Include/internal/pycore_ceval.h:46
  45: _PyEval_Vector
        at /usr/local/src/conda/python-3.10.18/Python/ceval.c:5067
  46: _PyFunction_Vectorcall
        at /usr/local/src/conda/python-3.10.18/Objects/call.c:342
  47: _PyObject_VectorcallTstate
        at /usr/local/src/conda/python-3.10.18/Include/cpython/abstract.h:114
  48: PyObject_Vectorcall
        at /usr/local/src/conda/python-3.10.18/Include/cpython/abstract.h:123
  49: call_function
        at /usr/local/src/conda/python-3.10.18/Python/ceval.c:5893
  50: _PyEval_EvalFrameDefault
        at /usr/local/src/conda/python-3.10.18/Python/ceval.c:4213
  51: _PyEval_EvalFrame
        at /usr/local/src/conda/python-3.10.18/Include/internal/pycore_ceval.h:46
  52: _PyEval_Vector
        at /usr/local/src/conda/python-3.10.18/Python/ceval.c:5067
  53: _PyFunction_Vectorcall
        at /usr/local/src/conda/python-3.10.18/Objects/call.c:342
  54: pymain_run_module
        at /usr/local/src/conda/python-3.10.18/Modules/main.c:297
  55: pymain_run_python
        at /usr/local/src/conda/python-3.10.18/Modules/main.c:589
  56: Py_RunMain
        at /usr/local/src/conda/python-3.10.18/Modules/main.c:674
  57: Py_BytesMain
        at /usr/local/src/conda/python-3.10.18/Modules/main.c:1094
  58: __libc_start_main
        at ../csu/libc-start.c:308
  59: 0x000000000058728d
  60: 0xffffffffffffffff


*E**Eterminate called after throwing an instance of 'tvm::runtime::InternalError'
  what():  [14:37:45] /data3/qsy/complier/tlm/src/runtime/cuda/cuda_module.cc:61: CUDAError: cuModuleUnload(module_[i]) failed with error: CUDA_ERROR_MISALIGNED_ADDRESS
Stack trace:
  0: tvm::runtime::SimpleObjAllocator::Handler<tvm::runtime::CUDAModuleNode>::Deleter_(tvm::runtime::Object*)
  1: tvm::runtime::SimpleObjAllocator::Handler<tvm::runtime::LibraryModuleNode>::Deleter_(tvm::runtime::Object*)
  2: _ZN3tvm7runtime18SimpleObjAllocator7HandlerINS0_16PackedFuncS
  3: _ZN3tvm7runtime18SimpleObjAllocator7HandlerINS0_16PackedFuncSubObjIZNS0_9profiling17WrapTimeE
  4: TVMObjectFree
  5: __pyx_tp_dealloc_3tvm_4_ffi_4_cy3_4core_PackedFuncBase(_object*)
  6: subtype_dealloc
        at /usr/local/src/conda/python-3.10.18/Objects/typeobject.c:1460
  7: _Py_DECREF
        at /usr/local/src/conda/python-3.10.18/Include/object.h:500
  8: _Py_XDECREF
        at /usr/local/src/conda/python-3.10.18/Include/object.h:567
  9: cell_dealloc
        at /usr/local/src/conda/python-3.10.18/Objects/cellobject.c:82
  10: _Py_Dealloc
        at /usr/local/src/conda/python-3.10.18/Objects/object.c:2301
  11: _Py_DECREF
        at /usr/local/src/conda/python-3.10.18/Include/object.h:500
  12: _Py_XDECREF
        at /usr/local/src/conda/python-3.10.18/Include/object.h:567
  13: tupledealloc
        at /usr/local/src/conda/python-3.10.18/Objects/tupleobject.c:276
  14: _Py_Dealloc
        at /usr/local/src/conda/python-3.10.18/Objects/object.c:2301
  15: _Py_DECREF
        at /usr/local/src/conda/python-3.10.18/Include/object.h:500
  16: func_clear
        at /usr/local/src/conda/python-3.10.18/Objects/funcobject.c:636
  17: func_dealloc
        at /usr/local/src/conda/python-3.10.18/Objects/funcobject.c:648
  18: _Py_Dealloc
        at /usr/local/src/conda/python-3.10.18/Objects/object.c:2301
  19: _Py_DECREF
        at /usr/local/src/conda/python-3.10.18/Include/object.h:500
  20: frame_dealloc
        at /usr/local/src/conda/python-3.10.18/Objects/frameobject.c:591
  21: _Py_Dealloc
        at /usr/local/src/conda/python-3.10.18/Objects/object.c:2301
  22: _Py_DECREF
        at /usr/local/src/conda/python-3.10.18/Include/object.h:500
  23: _PyEval_Vector
        at /usr/local/src/conda/python-3.10.18/Python/ceval.c:5080
  24: _PyFunction_Vectorcall
        at /usr/local/src/conda/python-3.10.18/Objects/call.c:342
  25: do_call_core
        at /usr/local/src/conda/python-3.10.18/Python/ceval.c:5945
  26: _PyEval_EvalFrameDefault
        at /usr/local/src/conda/python-3.10.18/Python/ceval.c:4277
  27: _PyEval_EvalFrame
        at /usr/local/src/conda/python-3.10.18/Include/internal/pycore_ceval.h:46
  28: _PyEval_Vector
        at /usr/local/src/conda/python-3.10.18/Python/ceval.c:5067
  29: _PyFunction_Vectorcall
        at /usr/local/src/conda/python-3.10.18/Objects/call.c:342
  30: _PyObject_VectorcallTstate
        at /usr/local/src/conda/python-3.10.18/Include/cpython/abstract.h:114
  31: PyObject_Vectorcall
        at /usr/local/src/conda/python-3.10.18/Include/cpython/abstract.h:123
  32: call_function
        at /usr/local/src/conda/python-3.10.18/Python/ceval.c:5893
  33: _PyEval_EvalFrameDefault
        at /usr/local/src/conda/python-3.10.18/Python/ceval.c:4213
  34: _PyEval_EvalFrame
        at /usr/local/src/conda/python-3.10.18/Include/internal/pycore_ceval.h:46
  35: _PyEval_Vector
        at /usr/local/src/conda/python-3.10.18/Python/ceval.c:5067
  36: PyEval_EvalCode
        at /usr/local/src/conda/python-3.10.18/Python/ceval.c:1134
  37: builtin_exec_impl
        at /usr/local/src/conda/python-3.10.18/Python/bltinmodule.c:1058
  38: builtin_exec
        at /usr/local/src/conda/python-3.10.18/Python/clinic/bltinmodule.c.h:371
  39: cfunction_vectorcall_FASTCALL
        at /usr/local/src/conda/python-3.10.18/Objects/methodobject.c:430
  40: _PyObject_VectorcallTstate
        at /usr/local/src/conda/python-3.10.18/Include/cpython/abstract.h:114
  41: PyObject_Vectorcall
        at /usr/local/src/conda/python-3.10.18/Include/cpython/abstract.h:123
  42: call_function
        at /usr/local/src/conda/python-3.10.18/Python/ceval.c:5893
  43: _PyEval_EvalFrameDefault
        at /usr/local/src/conda/python-3.10.18/Python/ceval.c:4213
  44: _PyEval_EvalFrame
        at /usr/local/src/conda/python-3.10.18/Include/internal/pycore_ceval.h:46
  45: _PyEval_Vector
        at /usr/local/src/conda/python-3.10.18/Python/ceval.c:5067
  46: _PyFunction_Vectorcall
        at /usr/local/src/conda/python-3.10.18/Objects/call.c:342
  47: _PyObject_VectorcallTstate
        at /usr/local/src/conda/python-3.10.18/Include/cpython/abstract.h:114
  48: PyObject_Vectorcall
        at /usr/local/src/conda/python-3.10.18/Include/cpython/abstract.h:123
  49: call_function
        at /usr/local/src/conda/python-3.10.18/Python/ceval.c:5893
  50: _PyEval_EvalFrameDefault
        at /usr/local/src/conda/python-3.10.18/Python/ceval.c:4213
  51: _PyEval_EvalFrame
        at /usr/local/src/conda/python-3.10.18/Include/internal/pycore_ceval.h:46
  52: _PyEval_Vector
        at /usr/local/src/conda/python-3.10.18/Python/ceval.c:5067
  53: _PyFunction_Vectorcall
        at /usr/local/src/conda/python-3.10.18/Objects/call.c:342
  54: pymain_run_module
        at /usr/local/src/conda/python-3.10.18/Modules/main.c:297
  55: pymain_run_python
        at /usr/local/src/conda/python-3.10.18/Modules/main.c:589
  56: Py_RunMain
        at /usr/local/src/conda/python-3.10.18/Modules/main.c:674
  57: Py_BytesMain
        at /usr/local/src/conda/python-3.10.18/Modules/main.c:1094
  58: __libc_start_main
        at ../csu/libc-start.c:308
  59: 0x000000000058728d
  60: 0xffffffffffffffff


*E*******************Eterminate called after throwing an instance of 'tvm::runtime::InternalError'
  what():  [14:37:52] /data3/qsy/complier/tlm/src/runtime/cuda/cuda_module.cc:61: CUDAError: cuModuleUnload(module_[i]) failed with error: CUDA_ERROR_MISALIGNED_ADDRESS
Stack trace:
  0: tvm::runtime::SimpleObjAllocator::Handler<tvm::runtime::CUDAModuleNode>::Deleter_(tvm::runtime::Object*)
  1: tvm::runtime::SimpleObjAllocator::Handler<tvm::runtime::LibraryModuleNode>::Deleter_(tvm::runtime::Object*)
  2: _ZN3tvm7runtime18SimpleObjAllocator7HandlerINS0_16PackedFuncS
  3: _ZN3tvm7runtime18SimpleObjAllocator7HandlerINS0_16PackedFuncSubObjIZNS0_9profiling17WrapTimeE
  4: TVMObjectFree
  5: __pyx_tp_dealloc_3tvm_4_ffi_4_cy3_4core_PackedFuncBase(_object*)
  6: subtype_dealloc
        at /usr/local/src/conda/python-3.10.18/Objects/typeobject.c:1460
  7: _Py_DECREF
        at /usr/local/src/conda/python-3.10.18/Include/object.h:500
  8: _Py_XDECREF
        at /usr/local/src/conda/python-3.10.18/Include/object.h:567
  9: cell_dealloc
        at /usr/local/src/conda/python-3.10.18/Objects/cellobject.c:82
  10: _Py_Dealloc
        at /usr/local/src/conda/python-3.10.18/Objects/object.c:2301
  11: _Py_DECREF
        at /usr/local/src/conda/python-3.10.18/Include/object.h:500
  12: _Py_XDECREF
        at /usr/local/src/conda/python-3.10.18/Include/object.h:567
  13: tupledealloc
        at /usr/local/src/conda/python-3.10.18/Objects/tupleobject.c:276
  14: _Py_Dealloc
        at /usr/local/src/conda/python-3.10.18/Objects/object.c:2301
  15: _Py_DECREF
        at /usr/local/src/conda/python-3.10.18/Include/object.h:500
  16: func_clear
        at /usr/local/src/conda/python-3.10.18/Objects/funcobject.c:636
  17: func_dealloc
        at /usr/local/src/conda/python-3.10.18/Objects/funcobject.c:648
  18: _Py_Dealloc
        at /usr/local/src/conda/python-3.10.18/Objects/object.c:2301
  19: _Py_DECREF
        at /usr/local/src/conda/python-3.10.18/Include/object.h:500
  20: frame_dealloc
        at /usr/local/src/conda/python-3.10.18/Objects/frameobject.c:591
  21: _Py_Dealloc
        at /usr/local/src/conda/python-3.10.18/Objects/object.c:2301
  22: _Py_DECREF
        at /usr/local/src/conda/python-3.10.18/Include/object.h:500
  23: _PyEval_Vector
        at /usr/local/src/conda/python-3.10.18/Python/ceval.c:5080
  24: _PyFunction_Vectorcall
        at /usr/local/src/conda/python-3.10.18/Objects/call.c:342
  25: do_call_core
        at /usr/local/src/conda/python-3.10.18/Python/ceval.c:5945
  26: _PyEval_EvalFrameDefault
        at /usr/local/src/conda/python-3.10.18/Python/ceval.c:4277
  27: _PyEval_EvalFrame
        at /usr/local/src/conda/python-3.10.18/Include/internal/pycore_ceval.h:46
  28: _PyEval_Vector
        at /usr/local/src/conda/python-3.10.18/Python/ceval.c:5067
  29: _PyFunction_Vectorcall
        at /usr/local/src/conda/python-3.10.18/Objects/call.c:342
  30: _PyObject_VectorcallTstate
        at /usr/local/src/conda/python-3.10.18/Include/cpython/abstract.h:114
  31: PyObject_Vectorcall
        at /usr/local/src/conda/python-3.10.18/Include/cpython/abstract.h:123
  32: call_function
        at /usr/local/src/conda/python-3.10.18/Python/ceval.c:5893
  33: _PyEval_EvalFrameDefault
        at /usr/local/src/conda/python-3.10.18/Python/ceval.c:4213
  34: _PyEval_EvalFrame
        at /usr/local/src/conda/python-3.10.18/Include/internal/pycore_ceval.h:46
  35: _PyEval_Vector
        at /usr/local/src/conda/python-3.10.18/Python/ceval.c:5067
  36: PyEval_EvalCode
        at /usr/local/src/conda/python-3.10.18/Python/ceval.c:1134
  37: builtin_exec_impl
        at /usr/local/src/conda/python-3.10.18/Python/bltinmodule.c:1058
  38: builtin_exec
        at /usr/local/src/conda/python-3.10.18/Python/clinic/bltinmodule.c.h:371
  39: cfunction_vectorcall_FASTCALL
        at /usr/local/src/conda/python-3.10.18/Objects/methodobject.c:430
  40: _PyObject_VectorcallTstate
        at /usr/local/src/conda/python-3.10.18/Include/cpython/abstract.h:114
  41: PyObject_Vectorcall
        at /usr/local/src/conda/python-3.10.18/Include/cpython/abstract.h:123
  42: call_function
        at /usr/local/src/conda/python-3.10.18/Python/ceval.c:5893
  43: _PyEval_EvalFrameDefault
        at /usr/local/src/conda/python-3.10.18/Python/ceval.c:4213
  44: _PyEval_EvalFrame
        at /usr/local/src/conda/python-3.10.18/Include/internal/pycore_ceval.h:46
  45: _PyEval_Vector
        at /usr/local/src/conda/python-3.10.18/Python/ceval.c:5067
  46: _PyFunction_Vectorcall
        at /usr/local/src/conda/python-3.10.18/Objects/call.c:342
  47: _PyObject_VectorcallTstate
        at /usr/local/src/conda/python-3.10.18/Include/cpython/abstract.h:114
  48: PyObject_Vectorcall
        at /usr/local/src/conda/python-3.10.18/Include/cpython/abstract.h:123
  49: call_function
        at /usr/local/src/conda/python-3.10.18/Python/ceval.c:5893
  50: _PyEval_EvalFrameDefault
        at /usr/local/src/conda/python-3.10.18/Python/ceval.c:4213
  51: _PyEval_EvalFrame
        at /usr/local/src/conda/python-3.10.18/Include/internal/pycore_ceval.h:46
  52: _PyEval_Vector
        at /usr/local/src/conda/python-3.10.18/Python/ceval.c:5067
  53: _PyFunction_Vectorcall
        at /usr/local/src/conda/python-3.10.18/Objects/call.c:342
  54: pymain_run_module
        at /usr/local/src/conda/python-3.10.18/Modules/main.c:297
  55: pymain_run_python
        at /usr/local/src/conda/python-3.10.18/Modules/main.c:589
  56: Py_RunMain
        at /usr/local/src/conda/python-3.10.18/Modules/main.c:674
  57: Py_BytesMain
        at /usr/local/src/conda/python-3.10.18/Modules/main.c:1094
  58: __libc_start_main
        at ../csu/libc-start.c:308
  59: 0x000000000058728d
  60: 0xffffffffffffffff


*E****************Eterminate called after throwing an instance of 'tvm::runtime::InternalError'
  what():  [14:37:58] /data3/qsy/complier/tlm/src/runtime/cuda/cuda_module.cc:61: CUDAError: cuModuleUnload(module_[i]) failed with error: CUDA_ERROR_MISALIGNED_ADDRESS
Stack trace:
  0: tvm::runtime::SimpleObjAllocator::Handler<tvm::runtime::CUDAModuleNode>::Deleter_(tvm::runtime::Object*)
  1: tvm::runtime::SimpleObjAllocator::Handler<tvm::runtime::LibraryModuleNode>::Deleter_(tvm::runtime::Object*)
  2: _ZN3tvm7runtime18SimpleObjAllocator7HandlerINS0_16PackedFuncS
  3: _ZN3tvm7runtime18SimpleObjAllocator7HandlerINS0_16PackedFuncSubObjIZNS0_9profiling17WrapTimeE
  4: TVMObjectFree
  5: __pyx_tp_dealloc_3tvm_4_ffi_4_cy3_4core_PackedFuncBase(_object*)
  6: subtype_dealloc
        at /usr/local/src/conda/python-3.10.18/Objects/typeobject.c:1460
  7: _Py_DECREF
        at /usr/local/src/conda/python-3.10.18/Include/object.h:500
  8: _Py_XDECREF
        at /usr/local/src/conda/python-3.10.18/Include/object.h:567
  9: cell_dealloc
        at /usr/local/src/conda/python-3.10.18/Objects/cellobject.c:82
  10: _Py_Dealloc
        at /usr/local/src/conda/python-3.10.18/Objects/object.c:2301
  11: _Py_DECREF
        at /usr/local/src/conda/python-3.10.18/Include/object.h:500
  12: _Py_XDECREF
        at /usr/local/src/conda/python-3.10.18/Include/object.h:567
  13: tupledealloc
        at /usr/local/src/conda/python-3.10.18/Objects/tupleobject.c:276
  14: _Py_Dealloc
        at /usr/local/src/conda/python-3.10.18/Objects/object.c:2301
  15: _Py_DECREF
        at /usr/local/src/conda/python-3.10.18/Include/object.h:500
  16: func_clear
        at /usr/local/src/conda/python-3.10.18/Objects/funcobject.c:636
  17: func_dealloc
        at /usr/local/src/conda/python-3.10.18/Objects/funcobject.c:648
  18: _Py_Dealloc
        at /usr/local/src/conda/python-3.10.18/Objects/object.c:2301
  19: _Py_DECREF
        at /usr/local/src/conda/python-3.10.18/Include/object.h:500
  20: frame_dealloc
        at /usr/local/src/conda/python-3.10.18/Objects/frameobject.c:591
  21: _Py_Dealloc
        at /usr/local/src/conda/python-3.10.18/Objects/object.c:2301
  22: _Py_DECREF
        at /usr/local/src/conda/python-3.10.18/Include/object.h:500
  23: _PyEval_Vector
        at /usr/local/src/conda/python-3.10.18/Python/ceval.c:5080
  24: _PyFunction_Vectorcall
        at /usr/local/src/conda/python-3.10.18/Objects/call.c:342
  25: do_call_core
        at /usr/local/src/conda/python-3.10.18/Python/ceval.c:5945
  26: _PyEval_EvalFrameDefault
        at /usr/local/src/conda/python-3.10.18/Python/ceval.c:4277
  27: _PyEval_EvalFrame
        at /usr/local/src/conda/python-3.10.18/Include/internal/pycore_ceval.h:46
  28: _PyEval_Vector
        at /usr/local/src/conda/python-3.10.18/Python/ceval.c:5067
  29: _PyFunction_Vectorcall
        at /usr/local/src/conda/python-3.10.18/Objects/call.c:342
  30: _PyObject_VectorcallTstate
        at /usr/local/src/conda/python-3.10.18/Include/cpython/abstract.h:114
  31: PyObject_Vectorcall
        at /usr/local/src/conda/python-3.10.18/Include/cpython/abstract.h:123
  32: call_function
        at /usr/local/src/conda/python-3.10.18/Python/ceval.c:5893
  33: _PyEval_EvalFrameDefault
        at /usr/local/src/conda/python-3.10.18/Python/ceval.c:4213
  34: _PyEval_EvalFrame
        at /usr/local/src/conda/python-3.10.18/Include/internal/pycore_ceval.h:46
  35: _PyEval_Vector
        at /usr/local/src/conda/python-3.10.18/Python/ceval.c:5067
  36: PyEval_EvalCode
        at /usr/local/src/conda/python-3.10.18/Python/ceval.c:1134
  37: builtin_exec_impl
        at /usr/local/src/conda/python-3.10.18/Python/bltinmodule.c:1058
  38: builtin_exec
        at /usr/local/src/conda/python-3.10.18/Python/clinic/bltinmodule.c.h:371
  39: cfunction_vectorcall_FASTCALL
        at /usr/local/src/conda/python-3.10.18/Objects/methodobject.c:430
  40: _PyObject_VectorcallTstate
        at /usr/local/src/conda/python-3.10.18/Include/cpython/abstract.h:114
  41: PyObject_Vectorcall
        at /usr/local/src/conda/python-3.10.18/Include/cpython/abstract.h:123
  42: call_function
        at /usr/local/src/conda/python-3.10.18/Python/ceval.c:5893
  43: _PyEval_EvalFrameDefault
        at /usr/local/src/conda/python-3.10.18/Python/ceval.c:4213
  44: _PyEval_EvalFrame
        at /usr/local/src/conda/python-3.10.18/Include/internal/pycore_ceval.h:46
  45: _PyEval_Vector
        at /usr/local/src/conda/python-3.10.18/Python/ceval.c:5067
  46: _PyFunction_Vectorcall
        at /usr/local/src/conda/python-3.10.18/Objects/call.c:342
  47: _PyObject_VectorcallTstate
        at /usr/local/src/conda/python-3.10.18/Include/cpython/abstract.h:114
  48: PyObject_Vectorcall
        at /usr/local/src/conda/python-3.10.18/Include/cpython/abstract.h:123
  49: call_function
        at /usr/local/src/conda/python-3.10.18/Python/ceval.c:5893
  50: _PyEval_EvalFrameDefault
        at /usr/local/src/conda/python-3.10.18/Python/ceval.c:4213
  51: _PyEval_EvalFrame
        at /usr/local/src/conda/python-3.10.18/Include/internal/pycore_ceval.h:46
  52: _PyEval_Vector
        at /usr/local/src/conda/python-3.10.18/Python/ceval.c:5067
  53: _PyFunction_Vectorcall
        at /usr/local/src/conda/python-3.10.18/Objects/call.c:342
  54: pymain_run_module
        at /usr/local/src/conda/python-3.10.18/Modules/main.c:297
  55: pymain_run_python
        at /usr/local/src/conda/python-3.10.18/Modules/main.c:589
  56: Py_RunMain
        at /usr/local/src/conda/python-3.10.18/Modules/main.c:674
  57: Py_BytesMain
        at /usr/local/src/conda/python-3.10.18/Modules/main.c:1094
  58: __libc_start_main
        at ../csu/libc-start.c:308
  59: 0x000000000058728d
  60: 0xffffffffffffffff


*E***
Time elapsed for measurement: 33.15 s
----------------------------------------------------------------------
------------------------------  [ Train cost model ]
----------------------------------------------------------------------
Time elapsed for training: 0.00 s
----------------------------------------------------------------------
------------------------------  [ Task Scheduler ]
----------------------------------------------------------------------
----------------------------------------------------------------------
------------------------------  [ Search ]
----------------------------------------------------------------------
Generate Sketches		#s: 1
Sample Initial Population	#s: 99	fail_ct: 1949	Time elapsed: 4.89
GA Iter: 0	Max score: 0.9947	Min score: 0.0103	#Pop: 99	#M+: 0	#M-: 0
GA Iter: 4	Max score: 0.9998	Min score: 0.9812	#Pop: 124	#M+: 1398	#M-: 0
EvolutionarySearch		#s: 124	Time elapsed: 74.34
----------------------------------------------------------------------
------------------------------  [ Measure ]
----------------------------------------------------------------------
Get 62 programs to measure:
..............................................................**************************************************************|  ID  |                       Task Description                        | Latency (ms) | Speed (GFLOPS) | Trials |
-----------------------------------------------------------------------------------------------------------------
|    0 |                             vm_mod_fused_nn_conv2d_add_clip_2 |        0.013 |        3258.55 |     62 |
|    1 |                                    vm_mod_fused_nn_conv2d_add |        0.005 |        2508.52 |     62 |
|    2 |                            vm_mod_fused_nn_conv2d_add_clip_11 |        0.004 |         384.03 |     62 |
|    3 |                              vm_mod_fused_nn_conv2d_add_add_3 |        0.010 |        2157.91 |     62 |
|    4 |                             vm_mod_fused_nn_conv2d_add_clip_7 |        0.004 |        2824.26 |     62 |
|    5 |                            vm_mod_fused_nn_conv2d_add_clip_16 |        0.003 |         285.69 |     62 |
|    6 |                                     vm_mod_fused_nn_dense_add |        0.008 |         318.95 |     62 |
|    7 |                                  vm_mod_fused_nn_conv2d_add_3 |            - |              - |      0 |
|    8 |                              vm_mod_fused_nn_conv2d_add_add_1 |            - |              - |      0 |
|    9 |                            vm_mod_fused_nn_conv2d_add_clip_12 |            - |              - |      0 |
|   10 |                             vm_mod_fused_nn_conv2d_add_clip_4 |            - |              - |      0 |
|   11 |                            vm_mod_fused_nn_conv2d_add_clip_17 |            - |              - |      0 |
|   12 |                                  vm_mod_fused_nn_conv2d_add_6 |            - |              - |      0 |
|   13 |                             vm_mod_fused_nn_conv2d_add_clip_9 |            - |              - |      0 |
|   14 |                             vm_mod_fused_nn_conv2d_add_clip_1 |            - |              - |      0 |
|   15 |                                  vm_mod_fused_nn_conv2d_add_2 |            - |              - |      0 |
|   16 |                            vm_mod_fused_nn_conv2d_add_clip_13 |            - |              - |      0 |
|   17 |                                vm_mod_fused_nn_conv2d_add_add |            - |              - |      0 |
|   18 |                             vm_mod_fused_nn_conv2d_add_clip_6 |            - |              - |      0 |
|   19 |                               vm_mod_fused_nn_conv2d_add_clip |            - |              - |      0 |
|   20 |                              vm_mod_fused_nn_conv2d_add_add_4 |            - |              - |      0 |
|   21 |                                  vm_mod_fused_nn_conv2d_add_5 |            - |              - |      0 |
|   22 |                             vm_mod_fused_nn_conv2d_add_clip_3 |            - |              - |      0 |
|   23 |                           vm_mod_fused_nn_adaptive_avg_pool2d |            - |              - |      0 |
|   24 |                            vm_mod_fused_nn_conv2d_add_clip_14 |            - |              - |      0 |
|   25 |                              vm_mod_fused_nn_conv2d_add_add_2 |            - |              - |      0 |
|   26 |                             vm_mod_fused_nn_conv2d_add_clip_8 |            - |              - |      0 |
|   27 |                                  vm_mod_fused_nn_conv2d_add_1 |            - |              - |      0 |
|   28 |                            vm_mod_fused_nn_conv2d_add_clip_10 |            - |              - |      0 |
|   29 |                             vm_mod_fused_nn_conv2d_add_clip_5 |            - |              - |      0 |
|   30 |                                  vm_mod_fused_nn_conv2d_add_4 |            - |              - |      0 |
|   31 |                            vm_mod_fused_nn_conv2d_add_clip_15 |            - |              - |      0 |
-----------------------------------------------------------------------------------------------------------------
Estimated total latency: - ms	Trials: 434	Used time : 840 s	Next ID: 7	

Time elapsed for measurement: 38.94 s
----------------------------------------------------------------------
------------------------------  [ Train cost model ]
----------------------------------------------------------------------
Time elapsed for training: 1.13 s
----------------------------------------------------------------------
------------------------------  [ Task Scheduler ]
----------------------------------------------------------------------
----------------------------------------------------------------------
------------------------------  [ Search ]
----------------------------------------------------------------------
Generate Sketches		#s: 1
Sample Initial Population	#s: 80	fail_ct: 1968	Time elapsed: 5.83
GA Iter: 0	Max score: 0.9907	Min score: 0.0043	#Pop: 80	#M+: 0	#M-: 0
GA Iter: 4	Max score: 0.9999	Min score: 0.9810	#Pop: 124	#M+: 1388	#M-: 0
EvolutionarySearch		#s: 124	Time elapsed: 76.90
----------------------------------------------------------------------
------------------------------  [ Measure ]
----------------------------------------------------------------------
Get 62 programs to measure:
..............................................................**************************************************************|  ID  |                       Task Description                        | Latency (ms) | Speed (GFLOPS) | Trials |
-----------------------------------------------------------------------------------------------------------------
|    0 |                             vm_mod_fused_nn_conv2d_add_clip_2 |        0.013 |        3258.55 |     62 |
|    1 |                                    vm_mod_fused_nn_conv2d_add |        0.005 |        2508.52 |     62 |
|    2 |                            vm_mod_fused_nn_conv2d_add_clip_11 |        0.004 |         384.03 |     62 |
|    3 |                              vm_mod_fused_nn_conv2d_add_add_3 |        0.010 |        2157.91 |     62 |
|    4 |                             vm_mod_fused_nn_conv2d_add_clip_7 |        0.004 |        2824.26 |     62 |
|    5 |                            vm_mod_fused_nn_conv2d_add_clip_16 |        0.003 |         285.69 |     62 |
|    6 |                                     vm_mod_fused_nn_dense_add |        0.008 |         318.95 |     62 |
|    7 |                                  vm_mod_fused_nn_conv2d_add_3 |        0.005 |        1054.89 |     62 |
|    8 |                              vm_mod_fused_nn_conv2d_add_add_1 |            - |              - |      0 |
|    9 |                            vm_mod_fused_nn_conv2d_add_clip_12 |            - |              - |      0 |
|   10 |                             vm_mod_fused_nn_conv2d_add_clip_4 |            - |              - |      0 |
|   11 |                            vm_mod_fused_nn_conv2d_add_clip_17 |            - |              - |      0 |
|   12 |                                  vm_mod_fused_nn_conv2d_add_6 |            - |              - |      0 |
|   13 |                             vm_mod_fused_nn_conv2d_add_clip_9 |            - |              - |      0 |
|   14 |                             vm_mod_fused_nn_conv2d_add_clip_1 |            - |              - |      0 |
|   15 |                                  vm_mod_fused_nn_conv2d_add_2 |            - |              - |      0 |
|   16 |                            vm_mod_fused_nn_conv2d_add_clip_13 |            - |              - |      0 |
|   17 |                                vm_mod_fused_nn_conv2d_add_add |            - |              - |      0 |
|   18 |                             vm_mod_fused_nn_conv2d_add_clip_6 |            - |              - |      0 |
|   19 |                               vm_mod_fused_nn_conv2d_add_clip |            - |              - |      0 |
|   20 |                              vm_mod_fused_nn_conv2d_add_add_4 |            - |              - |      0 |
|   21 |                                  vm_mod_fused_nn_conv2d_add_5 |            - |              - |      0 |
|   22 |                             vm_mod_fused_nn_conv2d_add_clip_3 |            - |              - |      0 |
|   23 |                           vm_mod_fused_nn_adaptive_avg_pool2d |            - |              - |      0 |
|   24 |                            vm_mod_fused_nn_conv2d_add_clip_14 |            - |              - |      0 |
|   25 |                              vm_mod_fused_nn_conv2d_add_add_2 |            - |              - |      0 |
|   26 |                             vm_mod_fused_nn_conv2d_add_clip_8 |            - |              - |      0 |
|   27 |                                  vm_mod_fused_nn_conv2d_add_1 |            - |              - |      0 |
|   28 |                            vm_mod_fused_nn_conv2d_add_clip_10 |            - |              - |      0 |
|   29 |                             vm_mod_fused_nn_conv2d_add_clip_5 |            - |              - |      0 |
|   30 |                                  vm_mod_fused_nn_conv2d_add_4 |            - |              - |      0 |
|   31 |                            vm_mod_fused_nn_conv2d_add_clip_15 |            - |              - |      0 |
-----------------------------------------------------------------------------------------------------------------
Estimated total latency: - ms	Trials: 496	Used time : 959 s	Next ID: 8	

Time elapsed for measurement: 36.84 s
----------------------------------------------------------------------
------------------------------  [ Train cost model ]
----------------------------------------------------------------------
Time elapsed for training: 0.00 s
----------------------------------------------------------------------
------------------------------  [ Task Scheduler ]
----------------------------------------------------------------------
----------------------------------------------------------------------
------------------------------  [ Search ]
----------------------------------------------------------------------
Generate Sketches		#s: 1
Sample Initial Population	#s: 145	fail_ct: 1903	Time elapsed: 6.46
GA Iter: 0	Max score: 0.9931	Min score: 0.1213	#Pop: 124	#M+: 0	#M-: 0
GA Iter: 4	Max score: 1.0000	Min score: 0.9825	#Pop: 124	#M+: 1394	#M-: 0
EvolutionarySearch		#s: 124	Time elapsed: 79.19
----------------------------------------------------------------------
------------------------------  [ Measure ]
----------------------------------------------------------------------
Get 62 programs to measure:
.............................................................|  ID  |                       Task Description                        | Latency (ms) | Speed (GFLOPS) | Trials |
-----------------------------------------------------------------------------------------------------------------
|    0 |                             vm_mod_fused_nn_conv2d_add_clip_2 |        0.013 |        3258.55 |     62 |
|    1 |                                    vm_mod_fused_nn_conv2d_add |        0.005 |        2508.52 |     62 |
|    2 |                            vm_mod_fused_nn_conv2d_add_clip_11 |        0.004 |         384.03 |     62 |
|    3 |                              vm_mod_fused_nn_conv2d_add_add_3 |        0.010 |        2157.91 |     62 |
|    4 |                             vm_mod_fused_nn_conv2d_add_clip_7 |        0.004 |        2824.26 |     62 |
|    5 |                            vm_mod_fused_nn_conv2d_add_clip_16 |        0.003 |         285.69 |     62 |
|    6 |                                     vm_mod_fused_nn_dense_add |        0.008 |         318.95 |     62 |
|    7 |                                  vm_mod_fused_nn_conv2d_add_3 |        0.005 |        1054.89 |     62 |
|    8 |                              vm_mod_fused_nn_conv2d_add_add_1 |        0.005 |        2148.05 |     62 |
|    9 |                            vm_mod_fused_nn_conv2d_add_clip_12 |            - |              - |      0 |
|   10 |                             vm_mod_fused_nn_conv2d_add_clip_4 |            - |              - |      0 |
|   11 |                            vm_mod_fused_nn_conv2d_add_clip_17 |            - |              - |      0 |
|   12 |                                  vm_mod_fused_nn_conv2d_add_6 |            - |              - |      0 |
|   13 |                             vm_mod_fused_nn_conv2d_add_clip_9 |            - |              - |      0 |
|   14 |                             vm_mod_fused_nn_conv2d_add_clip_1 |            - |              - |      0 |
|   15 |                                  vm_mod_fused_nn_conv2d_add_2 |            - |              - |      0 |
|   16 |                            vm_mod_fused_nn_conv2d_add_clip_13 |            - |              - |      0 |
|   17 |                                vm_mod_fused_nn_conv2d_add_add |            - |              - |      0 |
|   18 |                             vm_mod_fused_nn_conv2d_add_clip_6 |            - |              - |      0 |
|   19 |                               vm_mod_fused_nn_conv2d_add_clip |            - |              - |      0 |
|   20 |                              vm_mod_fused_nn_conv2d_add_add_4 |            - |              - |      0 |
|   21 |                                  vm_mod_fused_nn_conv2d_add_5 |            - |              - |      0 |
|   22 |                             vm_mod_fused_nn_conv2d_add_clip_3 |            - |              - |      0 |
|   23 |                           vm_mod_fused_nn_adaptive_avg_pool2d |            - |              - |      0 |
|   24 |                            vm_mod_fused_nn_conv2d_add_clip_14 |            - |              - |      0 |
|   25 |                              vm_mod_fused_nn_conv2d_add_add_2 |            - |              - |      0 |
|   26 |                             vm_mod_fused_nn_conv2d_add_clip_8 |            - |              - |      0 |
|   27 |                                  vm_mod_fused_nn_conv2d_add_1 |            - |              - |      0 |
|   28 |                            vm_mod_fused_nn_conv2d_add_clip_10 |            - |              - |      0 |
|   29 |                             vm_mod_fused_nn_conv2d_add_clip_5 |            - |              - |      0 |
|   30 |                                  vm_mod_fused_nn_conv2d_add_4 |            - |              - |      0 |
|   31 |                            vm_mod_fused_nn_conv2d_add_clip_15 |            - |              - |      0 |
-----------------------------------------------------------------------------------------------------------------
Estimated total latency: - ms	Trials: 558	Used time : 1079 s	Next ID: 9	
.T*************************************************************
Time elapsed for measurement: 35.19 s
----------------------------------------------------------------------
------------------------------  [ Train cost model ]
----------------------------------------------------------------------
Time elapsed for training: 1.37 s
----------------------------------------------------------------------
------------------------------  [ Task Scheduler ]
----------------------------------------------------------------------
----------------------------------------------------------------------
------------------------------  [ Search ]
----------------------------------------------------------------------
Generate Sketches		#s: 1
Sample Initial Population	#s: 124	fail_ct: 1924	Time elapsed: 6.66
GA Iter: 0	Max score: 0.9859	Min score: 0.0077	#Pop: 124	#M+: 0	#M-: 0
GA Iter: 4	Max score: 1.0000	Min score: 0.9818	#Pop: 124	#M+: 1389	#M-: 0
EvolutionarySearch		#s: 124	Time elapsed: 81.29
----------------------------------------------------------------------
------------------------------  [ Measure ]
----------------------------------------------------------------------
Get 62 programs to measure:
..............................................................**************************************************************|  ID  |                       Task Description                        | Latency (ms) | Speed (GFLOPS) | Trials |
-----------------------------------------------------------------------------------------------------------------
|    0 |                             vm_mod_fused_nn_conv2d_add_clip_2 |        0.013 |        3258.55 |     62 |
|    1 |                                    vm_mod_fused_nn_conv2d_add |        0.005 |        2508.52 |     62 |
|    2 |                            vm_mod_fused_nn_conv2d_add_clip_11 |        0.004 |         384.03 |     62 |
|    3 |                              vm_mod_fused_nn_conv2d_add_add_3 |        0.010 |        2157.91 |     62 |
|    4 |                             vm_mod_fused_nn_conv2d_add_clip_7 |        0.004 |        2824.26 |     62 |
|    5 |                            vm_mod_fused_nn_conv2d_add_clip_16 |        0.003 |         285.69 |     62 |
|    6 |                                     vm_mod_fused_nn_dense_add |        0.008 |         318.95 |     62 |
|    7 |                                  vm_mod_fused_nn_conv2d_add_3 |        0.005 |        1054.89 |     62 |
|    8 |                              vm_mod_fused_nn_conv2d_add_add_1 |        0.005 |        2148.05 |     62 |
|    9 |                            vm_mod_fused_nn_conv2d_add_clip_12 |        0.006 |        3941.56 |     62 |
|   10 |                             vm_mod_fused_nn_conv2d_add_clip_4 |            - |              - |      0 |
|   11 |                            vm_mod_fused_nn_conv2d_add_clip_17 |            - |              - |      0 |
|   12 |                                  vm_mod_fused_nn_conv2d_add_6 |            - |              - |      0 |
|   13 |                             vm_mod_fused_nn_conv2d_add_clip_9 |            - |              - |      0 |
|   14 |                             vm_mod_fused_nn_conv2d_add_clip_1 |            - |              - |      0 |
|   15 |                                  vm_mod_fused_nn_conv2d_add_2 |            - |              - |      0 |
|   16 |                            vm_mod_fused_nn_conv2d_add_clip_13 |            - |              - |      0 |
|   17 |                                vm_mod_fused_nn_conv2d_add_add |            - |              - |      0 |
|   18 |                             vm_mod_fused_nn_conv2d_add_clip_6 |            - |              - |      0 |
|   19 |                               vm_mod_fused_nn_conv2d_add_clip |            - |              - |      0 |
|   20 |                              vm_mod_fused_nn_conv2d_add_add_4 |            - |              - |      0 |
|   21 |                                  vm_mod_fused_nn_conv2d_add_5 |            - |              - |      0 |
|   22 |                             vm_mod_fused_nn_conv2d_add_clip_3 |            - |              - |      0 |
|   23 |                           vm_mod_fused_nn_adaptive_avg_pool2d |            - |              - |      0 |
|   24 |                            vm_mod_fused_nn_conv2d_add_clip_14 |            - |              - |      0 |
|   25 |                              vm_mod_fused_nn_conv2d_add_add_2 |            - |              - |      0 |
|   26 |                             vm_mod_fused_nn_conv2d_add_clip_8 |            - |              - |      0 |
|   27 |                                  vm_mod_fused_nn_conv2d_add_1 |            - |              - |      0 |
|   28 |                            vm_mod_fused_nn_conv2d_add_clip_10 |            - |              - |      0 |
|   29 |                             vm_mod_fused_nn_conv2d_add_clip_5 |            - |              - |      0 |
|   30 |                                  vm_mod_fused_nn_conv2d_add_4 |            - |              - |      0 |
|   31 |                            vm_mod_fused_nn_conv2d_add_clip_15 |            - |              - |      0 |
-----------------------------------------------------------------------------------------------------------------
Estimated total latency: - ms	Trials: 620	Used time : 1202 s	Next ID: 10	

Time elapsed for measurement: 29.99 s
----------------------------------------------------------------------
------------------------------  [ Train cost model ]
----------------------------------------------------------------------
Time elapsed for training: 0.00 s
----------------------------------------------------------------------
------------------------------  [ Task Scheduler ]
----------------------------------------------------------------------
----------------------------------------------------------------------
------------------------------  [ Search ]
----------------------------------------------------------------------
Generate Sketches		#s: 1
Sample Initial Population	#s: 86	fail_ct: 1962	Time elapsed: 5.93
GA Iter: 0	Max score: 0.9984	Min score: 0.0073	#Pop: 86	#M+: 0	#M-: 0
GA Iter: 4	Max score: 1.0000	Min score: 0.9812	#Pop: 124	#M+: 1394	#M-: 0
EvolutionarySearch		#s: 124	Time elapsed: 71.91
----------------------------------------------------------------------
------------------------------  [ Measure ]
----------------------------------------------------------------------
Get 62 programs to measure:
..............................................................*******Eterminate called after throwing an instance of 'tvm::runtime::InternalError'
  what():  [14:47:30] /data3/qsy/complier/tlm/src/runtime/cuda/cuda_module.cc:61: CUDAError: cuModuleUnload(module_[i]) failed with error: CUDA_ERROR_MISALIGNED_ADDRESS
Stack trace:
  0: tvm::runtime::SimpleObjAllocator::Handler<tvm::runtime::CUDAModuleNode>::Deleter_(tvm::runtime::Object*)
  1: tvm::runtime::SimpleObjAllocator::Handler<tvm::runtime::LibraryModuleNode>::Deleter_(tvm::runtime::Object*)
  2: _ZN3tvm7runtime18SimpleObjAllocator7HandlerINS0_16PackedFuncS
  3: _ZN3tvm7runtime18SimpleObjAllocator7HandlerINS0_16PackedFuncSubObjIZNS0_9profiling17WrapTimeE
  4: TVMObjectFree
  5: __pyx_tp_dealloc_3tvm_4_ffi_4_cy3_4core_PackedFuncBase(_object*)
  6: subtype_dealloc
        at /usr/local/src/conda/python-3.10.18/Objects/typeobject.c:1460
  7: _Py_DECREF
        at /usr/local/src/conda/python-3.10.18/Include/object.h:500
  8: _Py_XDECREF
        at /usr/local/src/conda/python-3.10.18/Include/object.h:567
  9: cell_dealloc
        at /usr/local/src/conda/python-3.10.18/Objects/cellobject.c:82
  10: _Py_Dealloc
        at /usr/local/src/conda/python-3.10.18/Objects/object.c:2301
  11: _Py_DECREF
        at /usr/local/src/conda/python-3.10.18/Include/object.h:500
  12: _Py_XDECREF
        at /usr/local/src/conda/python-3.10.18/Include/object.h:567
  13: tupledealloc
        at /usr/local/src/conda/python-3.10.18/Objects/tupleobject.c:276
  14: _Py_Dealloc
        at /usr/local/src/conda/python-3.10.18/Objects/object.c:2301
  15: _Py_DECREF
        at /usr/local/src/conda/python-3.10.18/Include/object.h:500
  16: func_clear
        at /usr/local/src/conda/python-3.10.18/Objects/funcobject.c:636
  17: func_dealloc
        at /usr/local/src/conda/python-3.10.18/Objects/funcobject.c:648
  18: _Py_Dealloc
        at /usr/local/src/conda/python-3.10.18/Objects/object.c:2301
  19: _Py_DECREF
        at /usr/local/src/conda/python-3.10.18/Include/object.h:500
  20: frame_dealloc
        at /usr/local/src/conda/python-3.10.18/Objects/frameobject.c:591
  21: _Py_Dealloc
        at /usr/local/src/conda/python-3.10.18/Objects/object.c:2301
  22: _Py_DECREF
        at /usr/local/src/conda/python-3.10.18/Include/object.h:500
  23: _PyEval_Vector
        at /usr/local/src/conda/python-3.10.18/Python/ceval.c:5080
  24: _PyFunction_Vectorcall
        at /usr/local/src/conda/python-3.10.18/Objects/call.c:342
  25: do_call_core
        at /usr/local/src/conda/python-3.10.18/Python/ceval.c:5945
  26: _PyEval_EvalFrameDefault
        at /usr/local/src/conda/python-3.10.18/Python/ceval.c:4277
  27: _PyEval_EvalFrame
        at /usr/local/src/conda/python-3.10.18/Include/internal/pycore_ceval.h:46
  28: _PyEval_Vector
        at /usr/local/src/conda/python-3.10.18/Python/ceval.c:5067
  29: _PyFunction_Vectorcall
        at /usr/local/src/conda/python-3.10.18/Objects/call.c:342
  30: _PyObject_VectorcallTstate
        at /usr/local/src/conda/python-3.10.18/Include/cpython/abstract.h:114
  31: PyObject_Vectorcall
        at /usr/local/src/conda/python-3.10.18/Include/cpython/abstract.h:123
  32: call_function
        at /usr/local/src/conda/python-3.10.18/Python/ceval.c:5893
  33: _PyEval_EvalFrameDefault
        at /usr/local/src/conda/python-3.10.18/Python/ceval.c:4213
  34: _PyEval_EvalFrame
        at /usr/local/src/conda/python-3.10.18/Include/internal/pycore_ceval.h:46
  35: _PyEval_Vector
        at /usr/local/src/conda/python-3.10.18/Python/ceval.c:5067
  36: PyEval_EvalCode
        at /usr/local/src/conda/python-3.10.18/Python/ceval.c:1134
  37: builtin_exec_impl
        at /usr/local/src/conda/python-3.10.18/Python/bltinmodule.c:1058
  38: builtin_exec
        at /usr/local/src/conda/python-3.10.18/Python/clinic/bltinmodule.c.h:371
  39: cfunction_vectorcall_FASTCALL
        at /usr/local/src/conda/python-3.10.18/Objects/methodobject.c:430
  40: _PyObject_VectorcallTstate
        at /usr/local/src/conda/python-3.10.18/Include/cpython/abstract.h:114
  41: PyObject_Vectorcall
        at /usr/local/src/conda/python-3.10.18/Include/cpython/abstract.h:123
  42: call_function
        at /usr/local/src/conda/python-3.10.18/Python/ceval.c:5893
  43: _PyEval_EvalFrameDefault
        at /usr/local/src/conda/python-3.10.18/Python/ceval.c:4213
  44: _PyEval_EvalFrame
        at /usr/local/src/conda/python-3.10.18/Include/internal/pycore_ceval.h:46
  45: _PyEval_Vector
        at /usr/local/src/conda/python-3.10.18/Python/ceval.c:5067
  46: _PyFunction_Vectorcall
        at /usr/local/src/conda/python-3.10.18/Objects/call.c:342
  47: _PyObject_VectorcallTstate
        at /usr/local/src/conda/python-3.10.18/Include/cpython/abstract.h:114
  48: PyObject_Vectorcall
        at /usr/local/src/conda/python-3.10.18/Include/cpython/abstract.h:123
  49: call_function
        at /usr/local/src/conda/python-3.10.18/Python/ceval.c:5893
  50: _PyEval_EvalFrameDefault
        at /usr/local/src/conda/python-3.10.18/Python/ceval.c:4213
  51: _PyEval_EvalFrame
        at /usr/local/src/conda/python-3.10.18/Include/internal/pycore_ceval.h:46
  52: _PyEval_Vector
        at /usr/local/src/conda/python-3.10.18/Python/ceval.c:5067
  53: _PyFunction_Vectorcall
        at /usr/local/src/conda/python-3.10.18/Objects/call.c:342
  54: pymain_run_module
        at /usr/local/src/conda/python-3.10.18/Modules/main.c:297
  55: pymain_run_python
        at /usr/local/src/conda/python-3.10.18/Modules/main.c:589
  56: Py_RunMain
        at /usr/local/src/conda/python-3.10.18/Modules/main.c:674
  57: Py_BytesMain
        at /usr/local/src/conda/python-3.10.18/Modules/main.c:1094
  58: __libc_start_main
        at ../csu/libc-start.c:308
  59: 0x000000000058728d
  60: 0xffffffffffffffff


|  ID  |                       Task Description                        | Latency (ms) | Speed (GFLOPS) | Trials |
-----------------------------------------------------------------------------------------------------------------
|    0 |                             vm_mod_fused_nn_conv2d_add_clip_2 |        0.013 |        3258.55 |     62 |
|    1 |                                    vm_mod_fused_nn_conv2d_add |        0.005 |        2508.52 |     62 |
|    2 |                            vm_mod_fused_nn_conv2d_add_clip_11 |        0.004 |         384.03 |     62 |
|    3 |                              vm_mod_fused_nn_conv2d_add_add_3 |        0.010 |        2157.91 |     62 |
|    4 |                             vm_mod_fused_nn_conv2d_add_clip_7 |        0.004 |        2824.26 |     62 |
|    5 |                            vm_mod_fused_nn_conv2d_add_clip_16 |        0.003 |         285.69 |     62 |
|    6 |                                     vm_mod_fused_nn_dense_add |        0.008 |         318.95 |     62 |
|    7 |                                  vm_mod_fused_nn_conv2d_add_3 |        0.005 |        1054.89 |     62 |
|    8 |                              vm_mod_fused_nn_conv2d_add_add_1 |        0.005 |        2148.05 |     62 |
|    9 |                            vm_mod_fused_nn_conv2d_add_clip_12 |        0.006 |        3941.56 |     62 |
|   10 |                             vm_mod_fused_nn_conv2d_add_clip_4 |        0.004 |        6554.65 |     62 |
|   11 |                            vm_mod_fused_nn_conv2d_add_clip_17 |            - |              - |      0 |
|   12 |                                  vm_mod_fused_nn_conv2d_add_6 |            - |              - |      0 |
|   13 |                             vm_mod_fused_nn_conv2d_add_clip_9 |            - |              - |      0 |
|   14 |                             vm_mod_fused_nn_conv2d_add_clip_1 |            - |              - |      0 |
|   15 |                                  vm_mod_fused_nn_conv2d_add_2 |            - |              - |      0 |
|   16 |                            vm_mod_fused_nn_conv2d_add_clip_13 |            - |              - |      0 |
|   17 |                                vm_mod_fused_nn_conv2d_add_add |            - |              - |      0 |
|   18 |                             vm_mod_fused_nn_conv2d_add_clip_6 |            - |              - |      0 |
|   19 |                               vm_mod_fused_nn_conv2d_add_clip |            - |              - |      0 |
|   20 |                              vm_mod_fused_nn_conv2d_add_add_4 |            - |              - |      0 |
|   21 |                                  vm_mod_fused_nn_conv2d_add_5 |            - |              - |      0 |
|   22 |                             vm_mod_fused_nn_conv2d_add_clip_3 |            - |              - |      0 |
|   23 |                           vm_mod_fused_nn_adaptive_avg_pool2d |            - |              - |      0 |
|   24 |                            vm_mod_fused_nn_conv2d_add_clip_14 |            - |              - |      0 |
|   25 |                              vm_mod_fused_nn_conv2d_add_add_2 |            - |              - |      0 |
|   26 |                             vm_mod_fused_nn_conv2d_add_clip_8 |            - |              - |      0 |
|   27 |                                  vm_mod_fused_nn_conv2d_add_1 |            - |              - |      0 |
|   28 |                            vm_mod_fused_nn_conv2d_add_clip_10 |            - |              - |      0 |
|   29 |                             vm_mod_fused_nn_conv2d_add_clip_5 |            - |              - |      0 |
|   30 |                                  vm_mod_fused_nn_conv2d_add_4 |            - |              - |      0 |
|   31 |                            vm_mod_fused_nn_conv2d_add_clip_15 |            - |              - |      0 |
-----------------------------------------------------------------------------------------------------------------
Estimated total latency: - ms	Trials: 682	Used time : 1320 s	Next ID: 11	
*E*************Eterminate called after throwing an instance of 'tvm::runtime::InternalError'
  what():  [14:47:35] /data3/qsy/complier/tlm/src/runtime/cuda/cuda_module.cc:61: CUDAError: cuModuleUnload(module_[i]) failed with error: CUDA_ERROR_MISALIGNED_ADDRESS
Stack trace:
  0: tvm::runtime::SimpleObjAllocator::Handler<tvm::runtime::CUDAModuleNode>::Deleter_(tvm::runtime::Object*)
  1: tvm::runtime::SimpleObjAllocator::Handler<tvm::runtime::LibraryModuleNode>::Deleter_(tvm::runtime::Object*)
  2: _ZN3tvm7runtime18SimpleObjAllocator7HandlerINS0_16PackedFuncS
  3: _ZN3tvm7runtime18SimpleObjAllocator7HandlerINS0_16PackedFuncSubObjIZNS0_9profiling17WrapTimeE
  4: TVMObjectFree
  5: __pyx_tp_dealloc_3tvm_4_ffi_4_cy3_4core_PackedFuncBase(_object*)
  6: subtype_dealloc
        at /usr/local/src/conda/python-3.10.18/Objects/typeobject.c:1460
  7: _Py_DECREF
        at /usr/local/src/conda/python-3.10.18/Include/object.h:500
  8: _Py_XDECREF
        at /usr/local/src/conda/python-3.10.18/Include/object.h:567
  9: cell_dealloc
        at /usr/local/src/conda/python-3.10.18/Objects/cellobject.c:82
  10: _Py_Dealloc
        at /usr/local/src/conda/python-3.10.18/Objects/object.c:2301
  11: _Py_DECREF
        at /usr/local/src/conda/python-3.10.18/Include/object.h:500
  12: _Py_XDECREF
        at /usr/local/src/conda/python-3.10.18/Include/object.h:567
  13: tupledealloc
        at /usr/local/src/conda/python-3.10.18/Objects/tupleobject.c:276
  14: _Py_Dealloc
        at /usr/local/src/conda/python-3.10.18/Objects/object.c:2301
  15: _Py_DECREF
        at /usr/local/src/conda/python-3.10.18/Include/object.h:500
  16: func_clear
        at /usr/local/src/conda/python-3.10.18/Objects/funcobject.c:636
  17: func_dealloc
        at /usr/local/src/conda/python-3.10.18/Objects/funcobject.c:648
  18: _Py_Dealloc
        at /usr/local/src/conda/python-3.10.18/Objects/object.c:2301
  19: _Py_DECREF
        at /usr/local/src/conda/python-3.10.18/Include/object.h:500
  20: frame_dealloc
        at /usr/local/src/conda/python-3.10.18/Objects/frameobject.c:591
  21: _Py_Dealloc
        at /usr/local/src/conda/python-3.10.18/Objects/object.c:2301
  22: _Py_DECREF
        at /usr/local/src/conda/python-3.10.18/Include/object.h:500
  23: _PyEval_Vector
        at /usr/local/src/conda/python-3.10.18/Python/ceval.c:5080
  24: _PyFunction_Vectorcall
        at /usr/local/src/conda/python-3.10.18/Objects/call.c:342
  25: do_call_core
        at /usr/local/src/conda/python-3.10.18/Python/ceval.c:5945
  26: _PyEval_EvalFrameDefault
        at /usr/local/src/conda/python-3.10.18/Python/ceval.c:4277
  27: _PyEval_EvalFrame
        at /usr/local/src/conda/python-3.10.18/Include/internal/pycore_ceval.h:46
  28: _PyEval_Vector
        at /usr/local/src/conda/python-3.10.18/Python/ceval.c:5067
  29: _PyFunction_Vectorcall
        at /usr/local/src/conda/python-3.10.18/Objects/call.c:342
  30: _PyObject_VectorcallTstate
        at /usr/local/src/conda/python-3.10.18/Include/cpython/abstract.h:114
  31: PyObject_Vectorcall
        at /usr/local/src/conda/python-3.10.18/Include/cpython/abstract.h:123
  32: call_function
        at /usr/local/src/conda/python-3.10.18/Python/ceval.c:5893
  33: _PyEval_EvalFrameDefault
        at /usr/local/src/conda/python-3.10.18/Python/ceval.c:4213
  34: _PyEval_EvalFrame
        at /usr/local/src/conda/python-3.10.18/Include/internal/pycore_ceval.h:46
  35: _PyEval_Vector
        at /usr/local/src/conda/python-3.10.18/Python/ceval.c:5067
  36: PyEval_EvalCode
        at /usr/local/src/conda/python-3.10.18/Python/ceval.c:1134
  37: builtin_exec_impl
        at /usr/local/src/conda/python-3.10.18/Python/bltinmodule.c:1058
  38: builtin_exec
        at /usr/local/src/conda/python-3.10.18/Python/clinic/bltinmodule.c.h:371
  39: cfunction_vectorcall_FASTCALL
        at /usr/local/src/conda/python-3.10.18/Objects/methodobject.c:430
  40: _PyObject_VectorcallTstate
        at /usr/local/src/conda/python-3.10.18/Include/cpython/abstract.h:114
  41: PyObject_Vectorcall
        at /usr/local/src/conda/python-3.10.18/Include/cpython/abstract.h:123
  42: call_function
        at /usr/local/src/conda/python-3.10.18/Python/ceval.c:5893
  43: _PyEval_EvalFrameDefault
        at /usr/local/src/conda/python-3.10.18/Python/ceval.c:4213
  44: _PyEval_EvalFrame
        at /usr/local/src/conda/python-3.10.18/Include/internal/pycore_ceval.h:46
  45: _PyEval_Vector
        at /usr/local/src/conda/python-3.10.18/Python/ceval.c:5067
  46: _PyFunction_Vectorcall
        at /usr/local/src/conda/python-3.10.18/Objects/call.c:342
  47: _PyObject_VectorcallTstate
        at /usr/local/src/conda/python-3.10.18/Include/cpython/abstract.h:114
  48: PyObject_Vectorcall
        at /usr/local/src/conda/python-3.10.18/Include/cpython/abstract.h:123
  49: call_function
        at /usr/local/src/conda/python-3.10.18/Python/ceval.c:5893
  50: _PyEval_EvalFrameDefault
        at /usr/local/src/conda/python-3.10.18/Python/ceval.c:4213
  51: _PyEval_EvalFrame
        at /usr/local/src/conda/python-3.10.18/Include/internal/pycore_ceval.h:46
  52: _PyEval_Vector
        at /usr/local/src/conda/python-3.10.18/Python/ceval.c:5067
  53: _PyFunction_Vectorcall
        at /usr/local/src/conda/python-3.10.18/Objects/call.c:342
  54: pymain_run_module
        at /usr/local/src/conda/python-3.10.18/Modules/main.c:297
  55: pymain_run_python
        at /usr/local/src/conda/python-3.10.18/Modules/main.c:589
  56: Py_RunMain
        at /usr/local/src/conda/python-3.10.18/Modules/main.c:674
  57: Py_BytesMain
        at /usr/local/src/conda/python-3.10.18/Modules/main.c:1094
  58: __libc_start_main
        at ../csu/libc-start.c:308
  59: 0x000000000058728d
  60: 0xffffffffffffffff


*E****Eterminate called after throwing an instance of 'tvm::runtime::InternalError'
  what():  [14:47:37] /data3/qsy/complier/tlm/src/runtime/cuda/cuda_module.cc:61: CUDAError: cuModuleUnload(module_[i]) failed with error: CUDA_ERROR_MISALIGNED_ADDRESS
Stack trace:
  0: tvm::runtime::SimpleObjAllocator::Handler<tvm::runtime::CUDAModuleNode>::Deleter_(tvm::runtime::Object*)
  1: tvm::runtime::SimpleObjAllocator::Handler<tvm::runtime::LibraryModuleNode>::Deleter_(tvm::runtime::Object*)
  2: _ZN3tvm7runtime18SimpleObjAllocator7HandlerINS0_16PackedFuncS
  3: _ZN3tvm7runtime18SimpleObjAllocator7HandlerINS0_16PackedFuncSubObjIZNS0_9profiling17WrapTimeE
  4: TVMObjectFree
  5: __pyx_tp_dealloc_3tvm_4_ffi_4_cy3_4core_PackedFuncBase(_object*)
  6: subtype_dealloc
        at /usr/local/src/conda/python-3.10.18/Objects/typeobject.c:1460
  7: _Py_DECREF
        at /usr/local/src/conda/python-3.10.18/Include/object.h:500
  8: _Py_XDECREF
        at /usr/local/src/conda/python-3.10.18/Include/object.h:567
  9: cell_dealloc
        at /usr/local/src/conda/python-3.10.18/Objects/cellobject.c:82
  10: _Py_Dealloc
        at /usr/local/src/conda/python-3.10.18/Objects/object.c:2301
  11: _Py_DECREF
        at /usr/local/src/conda/python-3.10.18/Include/object.h:500
  12: _Py_XDECREF
        at /usr/local/src/conda/python-3.10.18/Include/object.h:567
  13: tupledealloc
        at /usr/local/src/conda/python-3.10.18/Objects/tupleobject.c:276
  14: _Py_Dealloc
        at /usr/local/src/conda/python-3.10.18/Objects/object.c:2301
  15: _Py_DECREF
        at /usr/local/src/conda/python-3.10.18/Include/object.h:500
  16: func_clear
        at /usr/local/src/conda/python-3.10.18/Objects/funcobject.c:636
  17: func_dealloc
        at /usr/local/src/conda/python-3.10.18/Objects/funcobject.c:648
  18: _Py_Dealloc
        at /usr/local/src/conda/python-3.10.18/Objects/object.c:2301
  19: _Py_DECREF
        at /usr/local/src/conda/python-3.10.18/Include/object.h:500
  20: frame_dealloc
        at /usr/local/src/conda/python-3.10.18/Objects/frameobject.c:591
  21: _Py_Dealloc
        at /usr/local/src/conda/python-3.10.18/Objects/object.c:2301
  22: _Py_DECREF
        at /usr/local/src/conda/python-3.10.18/Include/object.h:500
  23: _PyEval_Vector
        at /usr/local/src/conda/python-3.10.18/Python/ceval.c:5080
  24: _PyFunction_Vectorcall
        at /usr/local/src/conda/python-3.10.18/Objects/call.c:342
  25: do_call_core
        at /usr/local/src/conda/python-3.10.18/Python/ceval.c:5945
  26: _PyEval_EvalFrameDefault
        at /usr/local/src/conda/python-3.10.18/Python/ceval.c:4277
  27: _PyEval_EvalFrame
        at /usr/local/src/conda/python-3.10.18/Include/internal/pycore_ceval.h:46
  28: _PyEval_Vector
        at /usr/local/src/conda/python-3.10.18/Python/ceval.c:5067
  29: _PyFunction_Vectorcall
        at /usr/local/src/conda/python-3.10.18/Objects/call.c:342
  30: _PyObject_VectorcallTstate
        at /usr/local/src/conda/python-3.10.18/Include/cpython/abstract.h:114
  31: PyObject_Vectorcall
        at /usr/local/src/conda/python-3.10.18/Include/cpython/abstract.h:123
  32: call_function
        at /usr/local/src/conda/python-3.10.18/Python/ceval.c:5893
  33: _PyEval_EvalFrameDefault
        at /usr/local/src/conda/python-3.10.18/Python/ceval.c:4213
  34: _PyEval_EvalFrame
        at /usr/local/src/conda/python-3.10.18/Include/internal/pycore_ceval.h:46
  35: _PyEval_Vector
        at /usr/local/src/conda/python-3.10.18/Python/ceval.c:5067
  36: PyEval_EvalCode
        at /usr/local/src/conda/python-3.10.18/Python/ceval.c:1134
  37: builtin_exec_impl
        at /usr/local/src/conda/python-3.10.18/Python/bltinmodule.c:1058
  38: builtin_exec
        at /usr/local/src/conda/python-3.10.18/Python/clinic/bltinmodule.c.h:371
  39: cfunction_vectorcall_FASTCALL
        at /usr/local/src/conda/python-3.10.18/Objects/methodobject.c:430
  40: _PyObject_VectorcallTstate
        at /usr/local/src/conda/python-3.10.18/Include/cpython/abstract.h:114
  41: PyObject_Vectorcall
        at /usr/local/src/conda/python-3.10.18/Include/cpython/abstract.h:123
  42: call_function
        at /usr/local/src/conda/python-3.10.18/Python/ceval.c:5893
  43: _PyEval_EvalFrameDefault
        at /usr/local/src/conda/python-3.10.18/Python/ceval.c:4213
  44: _PyEval_EvalFrame
        at /usr/local/src/conda/python-3.10.18/Include/internal/pycore_ceval.h:46
  45: _PyEval_Vector
        at /usr/local/src/conda/python-3.10.18/Python/ceval.c:5067
  46: _PyFunction_Vectorcall
        at /usr/local/src/conda/python-3.10.18/Objects/call.c:342
  47: _PyObject_VectorcallTstate
        at /usr/local/src/conda/python-3.10.18/Include/cpython/abstract.h:114
  48: PyObject_Vectorcall
        at /usr/local/src/conda/python-3.10.18/Include/cpython/abstract.h:123
  49: call_function
        at /usr/local/src/conda/python-3.10.18/Python/ceval.c:5893
  50: _PyEval_EvalFrameDefault
        at /usr/local/src/conda/python-3.10.18/Python/ceval.c:4213
  51: _PyEval_EvalFrame
        at /usr/local/src/conda/python-3.10.18/Include/internal/pycore_ceval.h:46
  52: _PyEval_Vector
        at /usr/local/src/conda/python-3.10.18/Python/ceval.c:5067
  53: _PyFunction_Vectorcall
        at /usr/local/src/conda/python-3.10.18/Objects/call.c:342
  54: pymain_run_module
        at /usr/local/src/conda/python-3.10.18/Modules/main.c:297
  55: pymain_run_python
        at /usr/local/src/conda/python-3.10.18/Modules/main.c:589
  56: Py_RunMain
        at /usr/local/src/conda/python-3.10.18/Modules/main.c:674
  57: Py_BytesMain
        at /usr/local/src/conda/python-3.10.18/Modules/main.c:1094
  58: __libc_start_main
        at ../csu/libc-start.c:308
  59: 0x000000000058728d
  60: 0xffffffffffffffff


*E**************************************
Time elapsed for measurement: 31.23 s
----------------------------------------------------------------------
------------------------------  [ Train cost model ]
----------------------------------------------------------------------
Time elapsed for training: 1.43 s
----------------------------------------------------------------------
------------------------------  [ Task Scheduler ]
----------------------------------------------------------------------
----------------------------------------------------------------------
------------------------------  [ Search ]
----------------------------------------------------------------------
Generate Sketches		#s: 1
Sample Initial Population	#s: 94	fail_ct: 1954	Time elapsed: 5.37
GA Iter: 0	Max score: 0.9990	Min score: 0.0084	#Pop: 94	#M+: 0	#M-: 0
GA Iter: 4	Max score: 0.9999	Min score: 0.9803	#Pop: 124	#M+: 1409	#M-: 0
EvolutionarySearch		#s: 124	Time elapsed: 73.91
----------------------------------------------------------------------
------------------------------  [ Measure ]
----------------------------------------------------------------------
Get 62 programs to measure:
..............................................................***Eterminate called after throwing an instance of 'tvm::runtime::InternalError'
  what():  [14:49:22] /data3/qsy/complier/tlm/src/runtime/cuda/cuda_module.cc:61: CUDAError: cuModuleUnload(module_[i]) failed with error: CUDA_ERROR_MISALIGNED_ADDRESS
Stack trace:
  0: tvm::runtime::SimpleObjAllocator::Handler<tvm::runtime::CUDAModuleNode>::Deleter_(tvm::runtime::Object*)
  1: tvm::runtime::SimpleObjAllocator::Handler<tvm::runtime::LibraryModuleNode>::Deleter_(tvm::runtime::Object*)
  2: _ZN3tvm7runtime18SimpleObjAllocator7HandlerINS0_16PackedFuncS
  3: _ZN3tvm7runtime18SimpleObjAllocator7HandlerINS0_16PackedFuncSubObjIZNS0_9profiling17WrapTimeE
  4: TVMObjectFree
  5: __pyx_tp_dealloc_3tvm_4_ffi_4_cy3_4core_PackedFuncBase(_object*)
  6: subtype_dealloc
        at /usr/local/src/conda/python-3.10.18/Objects/typeobject.c:1460
  7: _Py_DECREF
        at /usr/local/src/conda/python-3.10.18/Include/object.h:500
  8: _Py_XDECREF
        at /usr/local/src/conda/python-3.10.18/Include/object.h:567
  9: cell_dealloc
        at /usr/local/src/conda/python-3.10.18/Objects/cellobject.c:82
  10: _Py_Dealloc
        at /usr/local/src/conda/python-3.10.18/Objects/object.c:2301
  11: _Py_DECREF
        at /usr/local/src/conda/python-3.10.18/Include/object.h:500
  12: _Py_XDECREF
        at /usr/local/src/conda/python-3.10.18/Include/object.h:567
  13: tupledealloc
        at /usr/local/src/conda/python-3.10.18/Objects/tupleobject.c:276
  14: _Py_Dealloc
        at /usr/local/src/conda/python-3.10.18/Objects/object.c:2301
  15: _Py_DECREF
        at /usr/local/src/conda/python-3.10.18/Include/object.h:500
  16: func_clear
        at /usr/local/src/conda/python-3.10.18/Objects/funcobject.c:636
  17: func_dealloc
        at /usr/local/src/conda/python-3.10.18/Objects/funcobject.c:648
  18: _Py_Dealloc
        at /usr/local/src/conda/python-3.10.18/Objects/object.c:2301
  19: _Py_DECREF
        at /usr/local/src/conda/python-3.10.18/Include/object.h:500
  20: frame_dealloc
        at /usr/local/src/conda/python-3.10.18/Objects/frameobject.c:591
  21: _Py_Dealloc
        at /usr/local/src/conda/python-3.10.18/Objects/object.c:2301
  22: _Py_DECREF
        at /usr/local/src/conda/python-3.10.18/Include/object.h:500
  23: _PyEval_Vector
        at /usr/local/src/conda/python-3.10.18/Python/ceval.c:5080
  24: _PyFunction_Vectorcall
        at /usr/local/src/conda/python-3.10.18/Objects/call.c:342
  25: do_call_core
        at /usr/local/src/conda/python-3.10.18/Python/ceval.c:5945
  26: _PyEval_EvalFrameDefault
        at /usr/local/src/conda/python-3.10.18/Python/ceval.c:4277
  27: _PyEval_EvalFrame
        at /usr/local/src/conda/python-3.10.18/Include/internal/pycore_ceval.h:46
  28: _PyEval_Vector
        at /usr/local/src/conda/python-3.10.18/Python/ceval.c:5067
  29: _PyFunction_Vectorcall
        at /usr/local/src/conda/python-3.10.18/Objects/call.c:342
  30: _PyObject_VectorcallTstate
        at /usr/local/src/conda/python-3.10.18/Include/cpython/abstract.h:114
  31: PyObject_Vectorcall
        at /usr/local/src/conda/python-3.10.18/Include/cpython/abstract.h:123
  32: call_function
        at /usr/local/src/conda/python-3.10.18/Python/ceval.c:5893
  33: _PyEval_EvalFrameDefault
        at /usr/local/src/conda/python-3.10.18/Python/ceval.c:4213
  34: _PyEval_EvalFrame
        at /usr/local/src/conda/python-3.10.18/Include/internal/pycore_ceval.h:46
  35: _PyEval_Vector
        at /usr/local/src/conda/python-3.10.18/Python/ceval.c:5067
  36: PyEval_EvalCode
        at /usr/local/src/conda/python-3.10.18/Python/ceval.c:1134
  37: builtin_exec_impl
        at /usr/local/src/conda/python-3.10.18/Python/bltinmodule.c:1058
  38: builtin_exec
        at /usr/local/src/conda/python-3.10.18/Python/clinic/bltinmodule.c.h:371
  39: cfunction_vectorcall_FASTCALL
        at /usr/local/src/conda/python-3.10.18/Objects/methodobject.c:430
  40: _PyObject_VectorcallTstate
        at /usr/local/src/conda/python-3.10.18/Include/cpython/abstract.h:114
  41: PyObject_Vectorcall
        at /usr/local/src/conda/python-3.10.18/Include/cpython/abstract.h:123
  42: call_function
        at /usr/local/src/conda/python-3.10.18/Python/ceval.c:5893
  43: _PyEval_EvalFrameDefault
        at /usr/local/src/conda/python-3.10.18/Python/ceval.c:4213
  44: _PyEval_EvalFrame
        at /usr/local/src/conda/python-3.10.18/Include/internal/pycore_ceval.h:46
  45: _PyEval_Vector
        at /usr/local/src/conda/python-3.10.18/Python/ceval.c:5067
  46: _PyFunction_Vectorcall
        at /usr/local/src/conda/python-3.10.18/Objects/call.c:342
  47: _PyObject_VectorcallTstate
        at /usr/local/src/conda/python-3.10.18/Include/cpython/abstract.h:114
  48: PyObject_Vectorcall
        at /usr/local/src/conda/python-3.10.18/Include/cpython/abstract.h:123
  49: call_function
        at /usr/local/src/conda/python-3.10.18/Python/ceval.c:5893
  50: _PyEval_EvalFrameDefault
        at /usr/local/src/conda/python-3.10.18/Python/ceval.c:4213
  51: _PyEval_EvalFrame
        at /usr/local/src/conda/python-3.10.18/Include/internal/pycore_ceval.h:46
  52: _PyEval_Vector
        at /usr/local/src/conda/python-3.10.18/Python/ceval.c:5067
  53: _PyFunction_Vectorcall
        at /usr/local/src/conda/python-3.10.18/Objects/call.c:342
  54: pymain_run_module
        at /usr/local/src/conda/python-3.10.18/Modules/main.c:297
  55: pymain_run_python
        at /usr/local/src/conda/python-3.10.18/Modules/main.c:589
  56: Py_RunMain
        at /usr/local/src/conda/python-3.10.18/Modules/main.c:674
  57: Py_BytesMain
        at /usr/local/src/conda/python-3.10.18/Modules/main.c:1094
  58: __libc_start_main
        at ../csu/libc-start.c:308
  59: 0x000000000058728d
  60: 0xffffffffffffffff


|  ID  |                       Task Description                        | Latency (ms) | Speed (GFLOPS) | Trials |
-----------------------------------------------------------------------------------------------------------------
|    0 |                             vm_mod_fused_nn_conv2d_add_clip_2 |        0.013 |        3258.55 |     62 |
|    1 |                                    vm_mod_fused_nn_conv2d_add |        0.005 |        2508.52 |     62 |
|    2 |                            vm_mod_fused_nn_conv2d_add_clip_11 |        0.004 |         384.03 |     62 |
|    3 |                              vm_mod_fused_nn_conv2d_add_add_3 |        0.010 |        2157.91 |     62 |
|    4 |                             vm_mod_fused_nn_conv2d_add_clip_7 |        0.004 |        2824.26 |     62 |
|    5 |                            vm_mod_fused_nn_conv2d_add_clip_16 |        0.003 |         285.69 |     62 |
|    6 |                                     vm_mod_fused_nn_dense_add |        0.008 |         318.95 |     62 |
|    7 |                                  vm_mod_fused_nn_conv2d_add_3 |        0.005 |        1054.89 |     62 |
|    8 |                              vm_mod_fused_nn_conv2d_add_add_1 |        0.005 |        2148.05 |     62 |
|    9 |                            vm_mod_fused_nn_conv2d_add_clip_12 |        0.006 |        3941.56 |     62 |
|   10 |                             vm_mod_fused_nn_conv2d_add_clip_4 |        0.004 |        6554.65 |     62 |
|   11 |                            vm_mod_fused_nn_conv2d_add_clip_17 |        0.016 |        2580.82 |     62 |
|   12 |                                  vm_mod_fused_nn_conv2d_add_6 |            - |              - |      0 |
|   13 |                             vm_mod_fused_nn_conv2d_add_clip_9 |            - |              - |      0 |
|   14 |                             vm_mod_fused_nn_conv2d_add_clip_1 |            - |              - |      0 |
|   15 |                                  vm_mod_fused_nn_conv2d_add_2 |            - |              - |      0 |
|   16 |                            vm_mod_fused_nn_conv2d_add_clip_13 |            - |              - |      0 |
|   17 |                                vm_mod_fused_nn_conv2d_add_add |            - |              - |      0 |
|   18 |                             vm_mod_fused_nn_conv2d_add_clip_6 |            - |              - |      0 |
|   19 |                               vm_mod_fused_nn_conv2d_add_clip |            - |              - |      0 |
|   20 |                              vm_mod_fused_nn_conv2d_add_add_4 |            - |              - |      0 |
|   21 |                                  vm_mod_fused_nn_conv2d_add_5 |            - |              - |      0 |
|   22 |                             vm_mod_fused_nn_conv2d_add_clip_3 |            - |              - |      0 |
|   23 |                           vm_mod_fused_nn_adaptive_avg_pool2d |            - |              - |      0 |
|   24 |                            vm_mod_fused_nn_conv2d_add_clip_14 |            - |              - |      0 |
|   25 |                              vm_mod_fused_nn_conv2d_add_add_2 |            - |              - |      0 |
|   26 |                             vm_mod_fused_nn_conv2d_add_clip_8 |            - |              - |      0 |
|   27 |                                  vm_mod_fused_nn_conv2d_add_1 |            - |              - |      0 |
|   28 |                            vm_mod_fused_nn_conv2d_add_clip_10 |            - |              - |      0 |
|   29 |                             vm_mod_fused_nn_conv2d_add_clip_5 |            - |              - |      0 |
|   30 |                                  vm_mod_fused_nn_conv2d_add_4 |            - |              - |      0 |
|   31 |                            vm_mod_fused_nn_conv2d_add_clip_15 |            - |              - |      0 |
-----------------------------------------------------------------------------------------------------------------
Estimated total latency: - ms	Trials: 744	Used time : 1431 s	Next ID: 12	
*E**Eterminate called after throwing an instance of 'tvm::runtime::InternalError'
  what():  [14:49:23] /data3/qsy/complier/tlm/src/runtime/cuda/cuda_module.cc:61: CUDAError: cuModuleUnload(module_[i]) failed with error: CUDA_ERROR_MISALIGNED_ADDRESS
Stack trace:
  0: tvm::runtime::SimpleObjAllocator::Handler<tvm::runtime::CUDAModuleNode>::Deleter_(tvm::runtime::Object*)
  1: tvm::runtime::SimpleObjAllocator::Handler<tvm::runtime::LibraryModuleNode>::Deleter_(tvm::runtime::Object*)
  2: _ZN3tvm7runtime18SimpleObjAllocator7HandlerINS0_16PackedFuncS
  3: _ZN3tvm7runtime18SimpleObjAllocator7HandlerINS0_16PackedFuncSubObjIZNS0_9profiling17WrapTimeE
  4: TVMObjectFree
  5: __pyx_tp_dealloc_3tvm_4_ffi_4_cy3_4core_PackedFuncBase(_object*)
  6: subtype_dealloc
        at /usr/local/src/conda/python-3.10.18/Objects/typeobject.c:1460
  7: _Py_DECREF
        at /usr/local/src/conda/python-3.10.18/Include/object.h:500
  8: _Py_XDECREF
        at /usr/local/src/conda/python-3.10.18/Include/object.h:567
  9: cell_dealloc
        at /usr/local/src/conda/python-3.10.18/Objects/cellobject.c:82
  10: _Py_Dealloc
        at /usr/local/src/conda/python-3.10.18/Objects/object.c:2301
  11: _Py_DECREF
        at /usr/local/src/conda/python-3.10.18/Include/object.h:500
  12: _Py_XDECREF
        at /usr/local/src/conda/python-3.10.18/Include/object.h:567
  13: tupledealloc
        at /usr/local/src/conda/python-3.10.18/Objects/tupleobject.c:276
  14: _Py_Dealloc
        at /usr/local/src/conda/python-3.10.18/Objects/object.c:2301
  15: _Py_DECREF
        at /usr/local/src/conda/python-3.10.18/Include/object.h:500
  16: func_clear
        at /usr/local/src/conda/python-3.10.18/Objects/funcobject.c:636
  17: func_dealloc
        at /usr/local/src/conda/python-3.10.18/Objects/funcobject.c:648
  18: _Py_Dealloc
        at /usr/local/src/conda/python-3.10.18/Objects/object.c:2301
  19: _Py_DECREF
        at /usr/local/src/conda/python-3.10.18/Include/object.h:500
  20: frame_dealloc
        at /usr/local/src/conda/python-3.10.18/Objects/frameobject.c:591
  21: _Py_Dealloc
        at /usr/local/src/conda/python-3.10.18/Objects/object.c:2301
  22: _Py_DECREF
        at /usr/local/src/conda/python-3.10.18/Include/object.h:500
  23: _PyEval_Vector
        at /usr/local/src/conda/python-3.10.18/Python/ceval.c:5080
  24: _PyFunction_Vectorcall
        at /usr/local/src/conda/python-3.10.18/Objects/call.c:342
  25: do_call_core
        at /usr/local/src/conda/python-3.10.18/Python/ceval.c:5945
  26: _PyEval_EvalFrameDefault
        at /usr/local/src/conda/python-3.10.18/Python/ceval.c:4277
  27: _PyEval_EvalFrame
        at /usr/local/src/conda/python-3.10.18/Include/internal/pycore_ceval.h:46
  28: _PyEval_Vector
        at /usr/local/src/conda/python-3.10.18/Python/ceval.c:5067
  29: _PyFunction_Vectorcall
        at /usr/local/src/conda/python-3.10.18/Objects/call.c:342
  30: _PyObject_VectorcallTstate
        at /usr/local/src/conda/python-3.10.18/Include/cpython/abstract.h:114
  31: PyObject_Vectorcall
        at /usr/local/src/conda/python-3.10.18/Include/cpython/abstract.h:123
  32: call_function
        at /usr/local/src/conda/python-3.10.18/Python/ceval.c:5893
  33: _PyEval_EvalFrameDefault
        at /usr/local/src/conda/python-3.10.18/Python/ceval.c:4213
  34: _PyEval_EvalFrame
        at /usr/local/src/conda/python-3.10.18/Include/internal/pycore_ceval.h:46
  35: _PyEval_Vector
        at /usr/local/src/conda/python-3.10.18/Python/ceval.c:5067
  36: PyEval_EvalCode
        at /usr/local/src/conda/python-3.10.18/Python/ceval.c:1134
  37: builtin_exec_impl
        at /usr/local/src/conda/python-3.10.18/Python/bltinmodule.c:1058
  38: builtin_exec
        at /usr/local/src/conda/python-3.10.18/Python/clinic/bltinmodule.c.h:371
  39: cfunction_vectorcall_FASTCALL
        at /usr/local/src/conda/python-3.10.18/Objects/methodobject.c:430
  40: _PyObject_VectorcallTstate
        at /usr/local/src/conda/python-3.10.18/Include/cpython/abstract.h:114
  41: PyObject_Vectorcall
        at /usr/local/src/conda/python-3.10.18/Include/cpython/abstract.h:123
  42: call_function
        at /usr/local/src/conda/python-3.10.18/Python/ceval.c:5893
  43: _PyEval_EvalFrameDefault
        at /usr/local/src/conda/python-3.10.18/Python/ceval.c:4213
  44: _PyEval_EvalFrame
        at /usr/local/src/conda/python-3.10.18/Include/internal/pycore_ceval.h:46
  45: _PyEval_Vector
        at /usr/local/src/conda/python-3.10.18/Python/ceval.c:5067
  46: _PyFunction_Vectorcall
        at /usr/local/src/conda/python-3.10.18/Objects/call.c:342
  47: _PyObject_VectorcallTstate
        at /usr/local/src/conda/python-3.10.18/Include/cpython/abstract.h:114
  48: PyObject_Vectorcall
        at /usr/local/src/conda/python-3.10.18/Include/cpython/abstract.h:123
  49: call_function
        at /usr/local/src/conda/python-3.10.18/Python/ceval.c:5893
  50: _PyEval_EvalFrameDefault
        at /usr/local/src/conda/python-3.10.18/Python/ceval.c:4213
  51: _PyEval_EvalFrame
        at /usr/local/src/conda/python-3.10.18/Include/internal/pycore_ceval.h:46
  52: _PyEval_Vector
        at /usr/local/src/conda/python-3.10.18/Python/ceval.c:5067
  53: _PyFunction_Vectorcall
        at /usr/local/src/conda/python-3.10.18/Objects/call.c:342
  54: pymain_run_module
        at /usr/local/src/conda/python-3.10.18/Modules/main.c:297
  55: pymain_run_python
        at /usr/local/src/conda/python-3.10.18/Modules/main.c:589
  56: Py_RunMain
        at /usr/local/src/conda/python-3.10.18/Modules/main.c:674
  57: Py_BytesMain
        at /usr/local/src/conda/python-3.10.18/Modules/main.c:1094
  58: __libc_start_main
        at ../csu/libc-start.c:308
  59: 0x000000000058728d
  60: 0xffffffffffffffff


*E*********************************************************
Time elapsed for measurement: 31.85 s
----------------------------------------------------------------------
------------------------------  [ Train cost model ]
----------------------------------------------------------------------
Time elapsed for training: 0.00 s
----------------------------------------------------------------------
------------------------------  [ Task Scheduler ]
----------------------------------------------------------------------
----------------------------------------------------------------------
------------------------------  [ Search ]
----------------------------------------------------------------------
Generate Sketches		#s: 1
Sample Initial Population	#s: 64	fail_ct: 1984	Time elapsed: 6.68
GA Iter: 0	Max score: 0.9992	Min score: 0.0266	#Pop: 64	#M+: 0	#M-: 0
GA Iter: 4	Max score: 1.0000	Min score: 0.9831	#Pop: 124	#M+: 1383	#M-: 0
EvolutionarySearch		#s: 124	Time elapsed: 100.74
----------------------------------------------------------------------
------------------------------  [ Measure ]
----------------------------------------------------------------------
Get 62 programs to measure:
............................................................|  ID  |                       Task Description                        | Latency (ms) | Speed (GFLOPS) | Trials |
-----------------------------------------------------------------------------------------------------------------
|    0 |                             vm_mod_fused_nn_conv2d_add_clip_2 |        0.013 |        3258.55 |     62 |
|    1 |                                    vm_mod_fused_nn_conv2d_add |        0.005 |        2508.52 |     62 |
|    2 |                            vm_mod_fused_nn_conv2d_add_clip_11 |        0.004 |         384.03 |     62 |
|    3 |                              vm_mod_fused_nn_conv2d_add_add_3 |        0.010 |        2157.91 |     62 |
|    4 |                             vm_mod_fused_nn_conv2d_add_clip_7 |        0.004 |        2824.26 |     62 |
|    5 |                            vm_mod_fused_nn_conv2d_add_clip_16 |        0.003 |         285.69 |     62 |
|    6 |                                     vm_mod_fused_nn_dense_add |        0.008 |         318.95 |     62 |
|    7 |                                  vm_mod_fused_nn_conv2d_add_3 |        0.005 |        1054.89 |     62 |
|    8 |                              vm_mod_fused_nn_conv2d_add_add_1 |        0.005 |        2148.05 |     62 |
|    9 |                            vm_mod_fused_nn_conv2d_add_clip_12 |        0.006 |        3941.56 |     62 |
|   10 |                             vm_mod_fused_nn_conv2d_add_clip_4 |        0.004 |        6554.65 |     62 |
|   11 |                            vm_mod_fused_nn_conv2d_add_clip_17 |        0.016 |        2580.82 |     62 |
|   12 |                                  vm_mod_fused_nn_conv2d_add_6 |        0.029 |        1049.99 |     62 |
|   13 |                             vm_mod_fused_nn_conv2d_add_clip_9 |            - |              - |      0 |
|   14 |                             vm_mod_fused_nn_conv2d_add_clip_1 |            - |              - |      0 |
|   15 |                                  vm_mod_fused_nn_conv2d_add_2 |            - |              - |      0 |
|   16 |                            vm_mod_fused_nn_conv2d_add_clip_13 |            - |              - |      0 |
|   17 |                                vm_mod_fused_nn_conv2d_add_add |            - |              - |      0 |
|   18 |                             vm_mod_fused_nn_conv2d_add_clip_6 |            - |              - |      0 |
|   19 |                               vm_mod_fused_nn_conv2d_add_clip |            - |              - |      0 |
|   20 |                              vm_mod_fused_nn_conv2d_add_add_4 |            - |              - |      0 |
|   21 |                                  vm_mod_fused_nn_conv2d_add_5 |            - |              - |      0 |
|   22 |                             vm_mod_fused_nn_conv2d_add_clip_3 |            - |              - |      0 |
|   23 |                           vm_mod_fused_nn_adaptive_avg_pool2d |            - |              - |      0 |
|   24 |                            vm_mod_fused_nn_conv2d_add_clip_14 |            - |              - |      0 |
|   25 |                              vm_mod_fused_nn_conv2d_add_add_2 |            - |              - |      0 |
|   26 |                             vm_mod_fused_nn_conv2d_add_clip_8 |            - |              - |      0 |
|   27 |                                  vm_mod_fused_nn_conv2d_add_1 |            - |              - |      0 |
|   28 |                            vm_mod_fused_nn_conv2d_add_clip_10 |            - |              - |      0 |
|   29 |                             vm_mod_fused_nn_conv2d_add_clip_5 |            - |              - |      0 |
|   30 |                                  vm_mod_fused_nn_conv2d_add_4 |            - |              - |      0 |
|   31 |                            vm_mod_fused_nn_conv2d_add_clip_15 |            - |              - |      0 |
-----------------------------------------------------------------------------------------------------------------
Estimated total latency: - ms	Trials: 806	Used time : 1542 s	Next ID: 13	
.T.T************************************************************
Time elapsed for measurement: 39.42 s
----------------------------------------------------------------------
------------------------------  [ Train cost model ]
----------------------------------------------------------------------
Time elapsed for training: 0.00 s
----------------------------------------------------------------------
------------------------------  [ Task Scheduler ]
----------------------------------------------------------------------
----------------------------------------------------------------------
------------------------------  [ Search ]
----------------------------------------------------------------------
Generate Sketches		#s: 1
Sample Initial Population	#s: 51	fail_ct: 1997	Time elapsed: 8.40
GA Iter: 0	Max score: 0.9988	Min score: 0.0309	#Pop: 51	#M+: 0	#M-: 0
GA Iter: 4	Max score: 1.0000	Min score: 0.9823	#Pop: 124	#M+: 1381	#M-: 0
EvolutionarySearch		#s: 124	Time elapsed: 127.77
----------------------------------------------------------------------
------------------------------  [ Measure ]
----------------------------------------------------------------------
Get 62 programs to measure:
............................................................|  ID  |                       Task Description                        | Latency (ms) | Speed (GFLOPS) | Trials |
-----------------------------------------------------------------------------------------------------------------
|    0 |                             vm_mod_fused_nn_conv2d_add_clip_2 |        0.013 |        3258.55 |     62 |
|    1 |                                    vm_mod_fused_nn_conv2d_add |        0.005 |        2508.52 |     62 |
|    2 |                            vm_mod_fused_nn_conv2d_add_clip_11 |        0.004 |         384.03 |     62 |
|    3 |                              vm_mod_fused_nn_conv2d_add_add_3 |        0.010 |        2157.91 |     62 |
|    4 |                             vm_mod_fused_nn_conv2d_add_clip_7 |        0.004 |        2824.26 |     62 |
|    5 |                            vm_mod_fused_nn_conv2d_add_clip_16 |        0.003 |         285.69 |     62 |
|    6 |                                     vm_mod_fused_nn_dense_add |        0.008 |         318.95 |     62 |
|    7 |                                  vm_mod_fused_nn_conv2d_add_3 |        0.005 |        1054.89 |     62 |
|    8 |                              vm_mod_fused_nn_conv2d_add_add_1 |        0.005 |        2148.05 |     62 |
|    9 |                            vm_mod_fused_nn_conv2d_add_clip_12 |        0.006 |        3941.56 |     62 |
|   10 |                             vm_mod_fused_nn_conv2d_add_clip_4 |        0.004 |        6554.65 |     62 |
|   11 |                            vm_mod_fused_nn_conv2d_add_clip_17 |        0.016 |        2580.82 |     62 |
|   12 |                                  vm_mod_fused_nn_conv2d_add_6 |        0.029 |        1049.99 |     62 |
|   13 |                             vm_mod_fused_nn_conv2d_add_clip_9 |        0.003 |         254.12 |     62 |
|   14 |                             vm_mod_fused_nn_conv2d_add_clip_1 |            - |              - |      0 |
|   15 |                                  vm_mod_fused_nn_conv2d_add_2 |            - |              - |      0 |
|   16 |                            vm_mod_fused_nn_conv2d_add_clip_13 |            - |              - |      0 |
|   17 |                                vm_mod_fused_nn_conv2d_add_add |            - |              - |      0 |
|   18 |                             vm_mod_fused_nn_conv2d_add_clip_6 |            - |              - |      0 |
|   19 |                               vm_mod_fused_nn_conv2d_add_clip |            - |              - |      0 |
|   20 |                              vm_mod_fused_nn_conv2d_add_add_4 |            - |              - |      0 |
|   21 |                                  vm_mod_fused_nn_conv2d_add_5 |            - |              - |      0 |
|   22 |                             vm_mod_fused_nn_conv2d_add_clip_3 |            - |              - |      0 |
|   23 |                           vm_mod_fused_nn_adaptive_avg_pool2d |            - |              - |      0 |
|   24 |                            vm_mod_fused_nn_conv2d_add_clip_14 |            - |              - |      0 |
|   25 |                              vm_mod_fused_nn_conv2d_add_add_2 |            - |              - |      0 |
|   26 |                             vm_mod_fused_nn_conv2d_add_clip_8 |            - |              - |      0 |
|   27 |                                  vm_mod_fused_nn_conv2d_add_1 |            - |              - |      0 |
|   28 |                            vm_mod_fused_nn_conv2d_add_clip_10 |            - |              - |      0 |
|   29 |                             vm_mod_fused_nn_conv2d_add_clip_5 |            - |              - |      0 |
|   30 |                                  vm_mod_fused_nn_conv2d_add_4 |            - |              - |      0 |
|   31 |                            vm_mod_fused_nn_conv2d_add_clip_15 |            - |              - |      0 |
-----------------------------------------------------------------------------------------------------------------
Estimated total latency: - ms	Trials: 868	Used time : 1689 s	Next ID: 14	
.T.T************************************************************
Time elapsed for measurement: 36.04 s
----------------------------------------------------------------------
------------------------------  [ Train cost model ]
----------------------------------------------------------------------
Time elapsed for training: 5.09 s
----------------------------------------------------------------------
------------------------------  [ Task Scheduler ]
----------------------------------------------------------------------
----------------------------------------------------------------------
------------------------------  [ Search ]
----------------------------------------------------------------------
Generate Sketches		#s: 1
Sample Initial Population	#s: 86	fail_ct: 1962	Time elapsed: 5.43
GA Iter: 0	Max score: 0.9985	Min score: 0.0097	#Pop: 86	#M+: 0	#M-: 0
GA Iter: 4	Max score: 0.9999	Min score: 0.9825	#Pop: 124	#M+: 1391	#M-: 0
EvolutionarySearch		#s: 124	Time elapsed: 75.22
----------------------------------------------------------------------
------------------------------  [ Measure ]
----------------------------------------------------------------------
Get 62 programs to measure:
.............................................................|  ID  |                       Task Description                        | Latency (ms) | Speed (GFLOPS) | Trials |
-----------------------------------------------------------------------------------------------------------------
|    0 |                             vm_mod_fused_nn_conv2d_add_clip_2 |        0.013 |        3258.55 |     62 |
|    1 |                                    vm_mod_fused_nn_conv2d_add |        0.005 |        2508.52 |     62 |
|    2 |                            vm_mod_fused_nn_conv2d_add_clip_11 |        0.004 |         384.03 |     62 |
|    3 |                              vm_mod_fused_nn_conv2d_add_add_3 |        0.010 |        2157.91 |     62 |
|    4 |                             vm_mod_fused_nn_conv2d_add_clip_7 |        0.004 |        2824.26 |     62 |
|    5 |                            vm_mod_fused_nn_conv2d_add_clip_16 |        0.003 |         285.69 |     62 |
|    6 |                                     vm_mod_fused_nn_dense_add |        0.008 |         318.95 |     62 |
|    7 |                                  vm_mod_fused_nn_conv2d_add_3 |        0.005 |        1054.89 |     62 |
|    8 |                              vm_mod_fused_nn_conv2d_add_add_1 |        0.005 |        2148.05 |     62 |
|    9 |                            vm_mod_fused_nn_conv2d_add_clip_12 |        0.006 |        3941.56 |     62 |
|   10 |                             vm_mod_fused_nn_conv2d_add_clip_4 |        0.004 |        6554.65 |     62 |
|   11 |                            vm_mod_fused_nn_conv2d_add_clip_17 |        0.016 |        2580.82 |     62 |
|   12 |                                  vm_mod_fused_nn_conv2d_add_6 |        0.029 |        1049.99 |     62 |
|   13 |                             vm_mod_fused_nn_conv2d_add_clip_9 |        0.003 |         254.12 |     62 |
|   14 |                             vm_mod_fused_nn_conv2d_add_clip_1 |        0.003 |        2480.45 |     62 |
|   15 |                                  vm_mod_fused_nn_conv2d_add_2 |            - |              - |      0 |
|   16 |                            vm_mod_fused_nn_conv2d_add_clip_13 |            - |              - |      0 |
|   17 |                                vm_mod_fused_nn_conv2d_add_add |            - |              - |      0 |
|   18 |                             vm_mod_fused_nn_conv2d_add_clip_6 |            - |              - |      0 |
|   19 |                               vm_mod_fused_nn_conv2d_add_clip |            - |              - |      0 |
|   20 |                              vm_mod_fused_nn_conv2d_add_add_4 |            - |              - |      0 |
|   21 |                                  vm_mod_fused_nn_conv2d_add_5 |            - |              - |      0 |
|   22 |                             vm_mod_fused_nn_conv2d_add_clip_3 |            - |              - |      0 |
|   23 |                           vm_mod_fused_nn_adaptive_avg_pool2d |            - |              - |      0 |
|   24 |                            vm_mod_fused_nn_conv2d_add_clip_14 |            - |              - |      0 |
|   25 |                              vm_mod_fused_nn_conv2d_add_add_2 |            - |              - |      0 |
|   26 |                             vm_mod_fused_nn_conv2d_add_clip_8 |            - |              - |      0 |
|   27 |                                  vm_mod_fused_nn_conv2d_add_1 |            - |              - |      0 |
|   28 |                            vm_mod_fused_nn_conv2d_add_clip_10 |            - |              - |      0 |
|   29 |                             vm_mod_fused_nn_conv2d_add_clip_5 |            - |              - |      0 |
|   30 |                                  vm_mod_fused_nn_conv2d_add_4 |            - |              - |      0 |
|   31 |                            vm_mod_fused_nn_conv2d_add_clip_15 |            - |              - |      0 |
-----------------------------------------------------------------------------------------------------------------
Estimated total latency: - ms	Trials: 930	Used time : 1867 s	Next ID: 15	
.T*************************************************************
Time elapsed for measurement: 36.69 s
----------------------------------------------------------------------
------------------------------  [ Train cost model ]
----------------------------------------------------------------------
Time elapsed for training: 0.00 s
----------------------------------------------------------------------
------------------------------  [ Task Scheduler ]
----------------------------------------------------------------------
----------------------------------------------------------------------
------------------------------  [ Search ]
----------------------------------------------------------------------
Generate Sketches		#s: 1
Sample Initial Population	#s: 87	fail_ct: 1961	Time elapsed: 7.84
GA Iter: 0	Max score: 0.9949	Min score: 0.0070	#Pop: 87	#M+: 0	#M-: 0
GA Iter: 4	Max score: 0.9997	Min score: 0.9808	#Pop: 124	#M+: 1395	#M-: 0
EvolutionarySearch		#s: 124	Time elapsed: 115.01
----------------------------------------------------------------------
------------------------------  [ Measure ]
----------------------------------------------------------------------
Get 62 programs to measure:
............................................................|  ID  |                       Task Description                        | Latency (ms) | Speed (GFLOPS) | Trials |
-----------------------------------------------------------------------------------------------------------------
|    0 |                             vm_mod_fused_nn_conv2d_add_clip_2 |        0.013 |        3258.55 |     62 |
|    1 |                                    vm_mod_fused_nn_conv2d_add |        0.005 |        2508.52 |     62 |
|    2 |                            vm_mod_fused_nn_conv2d_add_clip_11 |        0.004 |         384.03 |     62 |
|    3 |                              vm_mod_fused_nn_conv2d_add_add_3 |        0.010 |        2157.91 |     62 |
|    4 |                             vm_mod_fused_nn_conv2d_add_clip_7 |        0.004 |        2824.26 |     62 |
|    5 |                            vm_mod_fused_nn_conv2d_add_clip_16 |        0.003 |         285.69 |     62 |
|    6 |                                     vm_mod_fused_nn_dense_add |        0.008 |         318.95 |     62 |
|    7 |                                  vm_mod_fused_nn_conv2d_add_3 |        0.005 |        1054.89 |     62 |
|    8 |                              vm_mod_fused_nn_conv2d_add_add_1 |        0.005 |        2148.05 |     62 |
|    9 |                            vm_mod_fused_nn_conv2d_add_clip_12 |        0.006 |        3941.56 |     62 |
|   10 |                             vm_mod_fused_nn_conv2d_add_clip_4 |        0.004 |        6554.65 |     62 |
|   11 |                            vm_mod_fused_nn_conv2d_add_clip_17 |        0.016 |        2580.82 |     62 |
|   12 |                                  vm_mod_fused_nn_conv2d_add_6 |        0.029 |        1049.99 |     62 |
|   13 |                             vm_mod_fused_nn_conv2d_add_clip_9 |        0.003 |         254.12 |     62 |
|   14 |                             vm_mod_fused_nn_conv2d_add_clip_1 |        0.003 |        2480.45 |     62 |
|   15 |                                  vm_mod_fused_nn_conv2d_add_2 |        0.005 |        1517.05 |     62 |
|   16 |                            vm_mod_fused_nn_conv2d_add_clip_13 |            - |              - |      0 |
|   17 |                                vm_mod_fused_nn_conv2d_add_add |            - |              - |      0 |
|   18 |                             vm_mod_fused_nn_conv2d_add_clip_6 |            - |              - |      0 |
|   19 |                               vm_mod_fused_nn_conv2d_add_clip |            - |              - |      0 |
|   20 |                              vm_mod_fused_nn_conv2d_add_add_4 |            - |              - |      0 |
|   21 |                                  vm_mod_fused_nn_conv2d_add_5 |            - |              - |      0 |
|   22 |                             vm_mod_fused_nn_conv2d_add_clip_3 |            - |              - |      0 |
|   23 |                           vm_mod_fused_nn_adaptive_avg_pool2d |            - |              - |      0 |
|   24 |                            vm_mod_fused_nn_conv2d_add_clip_14 |            - |              - |      0 |
|   25 |                              vm_mod_fused_nn_conv2d_add_add_2 |            - |              - |      0 |
|   26 |                             vm_mod_fused_nn_conv2d_add_clip_8 |            - |              - |      0 |
|   27 |                                  vm_mod_fused_nn_conv2d_add_1 |            - |              - |      0 |
|   28 |                            vm_mod_fused_nn_conv2d_add_clip_10 |            - |              - |      0 |
|   29 |                             vm_mod_fused_nn_conv2d_add_clip_5 |            - |              - |      0 |
|   30 |                                  vm_mod_fused_nn_conv2d_add_4 |            - |              - |      0 |
|   31 |                            vm_mod_fused_nn_conv2d_add_clip_15 |            - |              - |      0 |
-----------------------------------------------------------------------------------------------------------------
Estimated total latency: - ms	Trials: 992	Used time : 1984 s	Next ID: 16	
.T.T************************************************************
Time elapsed for measurement: 36.23 s
----------------------------------------------------------------------
------------------------------  [ Train cost model ]
----------------------------------------------------------------------
Time elapsed for training: 0.00 s
----------------------------------------------------------------------
------------------------------  [ Task Scheduler ]
----------------------------------------------------------------------
----------------------------------------------------------------------
------------------------------  [ Search ]
----------------------------------------------------------------------
Generate Sketches		#s: 1
Sample Initial Population	#s: 53	fail_ct: 1995	Time elapsed: 6.64
GA Iter: 0	Max score: 0.9954	Min score: 0.0352	#Pop: 53	#M+: 0	#M-: 0
GA Iter: 4	Max score: 0.9998	Min score: 0.9789	#Pop: 124	#M+: 1402	#M-: 0
EvolutionarySearch		#s: 124	Time elapsed: 81.58
----------------------------------------------------------------------
------------------------------  [ Measure ]
----------------------------------------------------------------------
Get 62 programs to measure:
..............................................................**************************************************************|  ID  |                       Task Description                        | Latency (ms) | Speed (GFLOPS) | Trials |
-----------------------------------------------------------------------------------------------------------------
|    0 |                             vm_mod_fused_nn_conv2d_add_clip_2 |        0.013 |        3258.55 |     62 |
|    1 |                                    vm_mod_fused_nn_conv2d_add |        0.005 |        2508.52 |     62 |
|    2 |                            vm_mod_fused_nn_conv2d_add_clip_11 |        0.004 |         384.03 |     62 |
|    3 |                              vm_mod_fused_nn_conv2d_add_add_3 |        0.010 |        2157.91 |     62 |
|    4 |                             vm_mod_fused_nn_conv2d_add_clip_7 |        0.004 |        2824.26 |     62 |
|    5 |                            vm_mod_fused_nn_conv2d_add_clip_16 |        0.003 |         285.69 |     62 |
|    6 |                                     vm_mod_fused_nn_dense_add |        0.008 |         318.95 |     62 |
|    7 |                                  vm_mod_fused_nn_conv2d_add_3 |        0.005 |        1054.89 |     62 |
|    8 |                              vm_mod_fused_nn_conv2d_add_add_1 |        0.005 |        2148.05 |     62 |
|    9 |                            vm_mod_fused_nn_conv2d_add_clip_12 |        0.006 |        3941.56 |     62 |
|   10 |                             vm_mod_fused_nn_conv2d_add_clip_4 |        0.004 |        6554.65 |     62 |
|   11 |                            vm_mod_fused_nn_conv2d_add_clip_17 |        0.016 |        2580.82 |     62 |
|   12 |                                  vm_mod_fused_nn_conv2d_add_6 |        0.029 |        1049.99 |     62 |
|   13 |                             vm_mod_fused_nn_conv2d_add_clip_9 |        0.003 |         254.12 |     62 |
|   14 |                             vm_mod_fused_nn_conv2d_add_clip_1 |        0.003 |        2480.45 |     62 |
|   15 |                                  vm_mod_fused_nn_conv2d_add_2 |        0.005 |        1517.05 |     62 |
|   16 |                            vm_mod_fused_nn_conv2d_add_clip_13 |        0.004 |         572.94 |     62 |
|   17 |                                vm_mod_fused_nn_conv2d_add_add |            - |              - |      0 |
|   18 |                             vm_mod_fused_nn_conv2d_add_clip_6 |            - |              - |      0 |
|   19 |                               vm_mod_fused_nn_conv2d_add_clip |            - |              - |      0 |
|   20 |                              vm_mod_fused_nn_conv2d_add_add_4 |            - |              - |      0 |
|   21 |                                  vm_mod_fused_nn_conv2d_add_5 |            - |              - |      0 |
|   22 |                             vm_mod_fused_nn_conv2d_add_clip_3 |            - |              - |      0 |
|   23 |                           vm_mod_fused_nn_adaptive_avg_pool2d |            - |              - |      0 |
|   24 |                            vm_mod_fused_nn_conv2d_add_clip_14 |            - |              - |      0 |
|   25 |                              vm_mod_fused_nn_conv2d_add_add_2 |            - |              - |      0 |
|   26 |                             vm_mod_fused_nn_conv2d_add_clip_8 |            - |              - |      0 |
|   27 |                                  vm_mod_fused_nn_conv2d_add_1 |            - |              - |      0 |
|   28 |                            vm_mod_fused_nn_conv2d_add_clip_10 |            - |              - |      0 |
|   29 |                             vm_mod_fused_nn_conv2d_add_clip_5 |            - |              - |      0 |
|   30 |                                  vm_mod_fused_nn_conv2d_add_4 |            - |              - |      0 |
|   31 |                            vm_mod_fused_nn_conv2d_add_clip_15 |            - |              - |      0 |
-----------------------------------------------------------------------------------------------------------------
Estimated total latency: - ms	Trials: 1054	Used time : 2144 s	Next ID: 17	

Time elapsed for measurement: 38.24 s
----------------------------------------------------------------------
------------------------------  [ Train cost model ]
----------------------------------------------------------------------
Time elapsed for training: 2.30 s
----------------------------------------------------------------------
------------------------------  [ Task Scheduler ]
----------------------------------------------------------------------
----------------------------------------------------------------------
------------------------------  [ Search ]
----------------------------------------------------------------------
Generate Sketches		#s: 1
Sample Initial Population	#s: 60	fail_ct: 4036	Time elapsed: 13.23
GA Iter: 0	Max score: 0.9998	Min score: 0.0049	#Pop: 60	#M+: 0	#M-: 0
GA Iter: 4	Max score: 0.9999	Min score: 0.9810	#Pop: 124	#M+: 1393	#M-: 0
EvolutionarySearch		#s: 124	Time elapsed: 107.61
----------------------------------------------------------------------
------------------------------  [ Measure ]
----------------------------------------------------------------------
Get 62 programs to measure:
..............................................................**************************************************************|  ID  |                       Task Description                        | Latency (ms) | Speed (GFLOPS) | Trials |
-----------------------------------------------------------------------------------------------------------------
|    0 |                             vm_mod_fused_nn_conv2d_add_clip_2 |        0.013 |        3258.55 |     62 |
|    1 |                                    vm_mod_fused_nn_conv2d_add |        0.005 |        2508.52 |     62 |
|    2 |                            vm_mod_fused_nn_conv2d_add_clip_11 |        0.004 |         384.03 |     62 |
|    3 |                              vm_mod_fused_nn_conv2d_add_add_3 |        0.010 |        2157.91 |     62 |
|    4 |                             vm_mod_fused_nn_conv2d_add_clip_7 |        0.004 |        2824.26 |     62 |
|    5 |                            vm_mod_fused_nn_conv2d_add_clip_16 |        0.003 |         285.69 |     62 |
|    6 |                                     vm_mod_fused_nn_dense_add |        0.008 |         318.95 |     62 |
|    7 |                                  vm_mod_fused_nn_conv2d_add_3 |        0.005 |        1054.89 |     62 |
|    8 |                              vm_mod_fused_nn_conv2d_add_add_1 |        0.005 |        2148.05 |     62 |
|    9 |                            vm_mod_fused_nn_conv2d_add_clip_12 |        0.006 |        3941.56 |     62 |
|   10 |                             vm_mod_fused_nn_conv2d_add_clip_4 |        0.004 |        6554.65 |     62 |
|   11 |                            vm_mod_fused_nn_conv2d_add_clip_17 |        0.016 |        2580.82 |     62 |
|   12 |                                  vm_mod_fused_nn_conv2d_add_6 |        0.029 |        1049.99 |     62 |
|   13 |                             vm_mod_fused_nn_conv2d_add_clip_9 |        0.003 |         254.12 |     62 |
|   14 |                             vm_mod_fused_nn_conv2d_add_clip_1 |        0.003 |        2480.45 |     62 |
|   15 |                                  vm_mod_fused_nn_conv2d_add_2 |        0.005 |        1517.05 |     62 |
|   16 |                            vm_mod_fused_nn_conv2d_add_clip_13 |        0.004 |         572.94 |     62 |
|   17 |                                vm_mod_fused_nn_conv2d_add_add |        0.006 |        3669.56 |     62 |
|   18 |                             vm_mod_fused_nn_conv2d_add_clip_6 |            - |              - |      0 |
|   19 |                               vm_mod_fused_nn_conv2d_add_clip |            - |              - |      0 |
|   20 |                              vm_mod_fused_nn_conv2d_add_add_4 |            - |              - |      0 |
|   21 |                                  vm_mod_fused_nn_conv2d_add_5 |            - |              - |      0 |
|   22 |                             vm_mod_fused_nn_conv2d_add_clip_3 |            - |              - |      0 |
|   23 |                           vm_mod_fused_nn_adaptive_avg_pool2d |            - |              - |      0 |
|   24 |                            vm_mod_fused_nn_conv2d_add_clip_14 |            - |              - |      0 |
|   25 |                              vm_mod_fused_nn_conv2d_add_add_2 |            - |              - |      0 |
|   26 |                             vm_mod_fused_nn_conv2d_add_clip_8 |            - |              - |      0 |
|   27 |                                  vm_mod_fused_nn_conv2d_add_1 |            - |              - |      0 |
|   28 |                            vm_mod_fused_nn_conv2d_add_clip_10 |            - |              - |      0 |
|   29 |                             vm_mod_fused_nn_conv2d_add_clip_5 |            - |              - |      0 |
|   30 |                                  vm_mod_fused_nn_conv2d_add_4 |            - |              - |      0 |
|   31 |                            vm_mod_fused_nn_conv2d_add_clip_15 |            - |              - |      0 |
-----------------------------------------------------------------------------------------------------------------
Estimated total latency: - ms	Trials: 1116	Used time : 2273 s	Next ID: 18	

Time elapsed for measurement: 31.51 s
----------------------------------------------------------------------
------------------------------  [ Train cost model ]
----------------------------------------------------------------------
Time elapsed for training: 0.00 s
----------------------------------------------------------------------
------------------------------  [ Task Scheduler ]
----------------------------------------------------------------------
----------------------------------------------------------------------
------------------------------  [ Search ]
----------------------------------------------------------------------
Generate Sketches		#s: 1
Sample Initial Population	#s: 107	fail_ct: 1941	Time elapsed: 8.15
GA Iter: 0	Max score: 0.9914	Min score: 0.0144	#Pop: 107	#M+: 0	#M-: 0
GA Iter: 4	Max score: 0.9998	Min score: 0.9835	#Pop: 124	#M+: 1391	#M-: 0
EvolutionarySearch		#s: 124	Time elapsed: 113.54
----------------------------------------------------------------------
------------------------------  [ Measure ]
----------------------------------------------------------------------
Get 62 programs to measure:
..............................................................**Eterminate called after throwing an instance of 'tvm::runtime::InternalError'
  what():  [15:06:39] /data3/qsy/complier/tlm/src/runtime/cuda/cuda_module.cc:61: CUDAError: cuModuleUnload(module_[i]) failed with error: CUDA_ERROR_MISALIGNED_ADDRESS
Stack trace:
  0: tvm::runtime::SimpleObjAllocator::Handler<tvm::runtime::CUDAModuleNode>::Deleter_(tvm::runtime::Object*)
  1: tvm::runtime::SimpleObjAllocator::Handler<tvm::runtime::LibraryModuleNode>::Deleter_(tvm::runtime::Object*)
  2: _ZN3tvm7runtime18SimpleObjAllocator7HandlerINS0_16PackedFuncS
  3: _ZN3tvm7runtime18SimpleObjAllocator7HandlerINS0_16PackedFuncSubObjIZNS0_9profiling17WrapTimeE
  4: TVMObjectFree
  5: __pyx_tp_dealloc_3tvm_4_ffi_4_cy3_4core_PackedFuncBase(_object*)
  6: subtype_dealloc
        at /usr/local/src/conda/python-3.10.18/Objects/typeobject.c:1460
  7: _Py_DECREF
        at /usr/local/src/conda/python-3.10.18/Include/object.h:500
  8: _Py_XDECREF
        at /usr/local/src/conda/python-3.10.18/Include/object.h:567
  9: cell_dealloc
        at /usr/local/src/conda/python-3.10.18/Objects/cellobject.c:82
  10: _Py_Dealloc
        at /usr/local/src/conda/python-3.10.18/Objects/object.c:2301
  11: _Py_DECREF
        at /usr/local/src/conda/python-3.10.18/Include/object.h:500
  12: _Py_XDECREF
        at /usr/local/src/conda/python-3.10.18/Include/object.h:567
  13: tupledealloc
        at /usr/local/src/conda/python-3.10.18/Objects/tupleobject.c:276
  14: _Py_Dealloc
        at /usr/local/src/conda/python-3.10.18/Objects/object.c:2301
  15: _Py_DECREF
        at /usr/local/src/conda/python-3.10.18/Include/object.h:500
  16: func_clear
        at /usr/local/src/conda/python-3.10.18/Objects/funcobject.c:636
  17: func_dealloc
        at /usr/local/src/conda/python-3.10.18/Objects/funcobject.c:648
  18: _Py_Dealloc
        at /usr/local/src/conda/python-3.10.18/Objects/object.c:2301
  19: _Py_DECREF
        at /usr/local/src/conda/python-3.10.18/Include/object.h:500
  20: frame_dealloc
        at /usr/local/src/conda/python-3.10.18/Objects/frameobject.c:591
  21: _Py_Dealloc
        at /usr/local/src/conda/python-3.10.18/Objects/object.c:2301
  22: _Py_DECREF
        at /usr/local/src/conda/python-3.10.18/Include/object.h:500
  23: _PyEval_Vector
        at /usr/local/src/conda/python-3.10.18/Python/ceval.c:5080
  24: _PyFunction_Vectorcall
        at /usr/local/src/conda/python-3.10.18/Objects/call.c:342
  25: do_call_core
        at /usr/local/src/conda/python-3.10.18/Python/ceval.c:5945
  26: _PyEval_EvalFrameDefault
        at /usr/local/src/conda/python-3.10.18/Python/ceval.c:4277
  27: _PyEval_EvalFrame
        at /usr/local/src/conda/python-3.10.18/Include/internal/pycore_ceval.h:46
  28: _PyEval_Vector
        at /usr/local/src/conda/python-3.10.18/Python/ceval.c:5067
  29: _PyFunction_Vectorcall
        at /usr/local/src/conda/python-3.10.18/Objects/call.c:342
  30: _PyObject_VectorcallTstate
        at /usr/local/src/conda/python-3.10.18/Include/cpython/abstract.h:114
  31: PyObject_Vectorcall
        at /usr/local/src/conda/python-3.10.18/Include/cpython/abstract.h:123
  32: call_function
        at /usr/local/src/conda/python-3.10.18/Python/ceval.c:5893
  33: _PyEval_EvalFrameDefault
        at /usr/local/src/conda/python-3.10.18/Python/ceval.c:4213
  34: _PyEval_EvalFrame
        at /usr/local/src/conda/python-3.10.18/Include/internal/pycore_ceval.h:46
  35: _PyEval_Vector
        at /usr/local/src/conda/python-3.10.18/Python/ceval.c:5067
  36: PyEval_EvalCode
        at /usr/local/src/conda/python-3.10.18/Python/ceval.c:1134
  37: builtin_exec_impl
        at /usr/local/src/conda/python-3.10.18/Python/bltinmodule.c:1058
  38: builtin_exec
        at /usr/local/src/conda/python-3.10.18/Python/clinic/bltinmodule.c.h:371
  39: cfunction_vectorcall_FASTCALL
        at /usr/local/src/conda/python-3.10.18/Objects/methodobject.c:430
  40: _PyObject_VectorcallTstate
        at /usr/local/src/conda/python-3.10.18/Include/cpython/abstract.h:114
  41: PyObject_Vectorcall
        at /usr/local/src/conda/python-3.10.18/Include/cpython/abstract.h:123
  42: call_function
        at /usr/local/src/conda/python-3.10.18/Python/ceval.c:5893
  43: _PyEval_EvalFrameDefault
        at /usr/local/src/conda/python-3.10.18/Python/ceval.c:4213
  44: _PyEval_EvalFrame
        at /usr/local/src/conda/python-3.10.18/Include/internal/pycore_ceval.h:46
  45: _PyEval_Vector
        at /usr/local/src/conda/python-3.10.18/Python/ceval.c:5067
  46: _PyFunction_Vectorcall
        at /usr/local/src/conda/python-3.10.18/Objects/call.c:342
  47: _PyObject_VectorcallTstate
        at /usr/local/src/conda/python-3.10.18/Include/cpython/abstract.h:114
  48: PyObject_Vectorcall
        at /usr/local/src/conda/python-3.10.18/Include/cpython/abstract.h:123
  49: call_function
        at /usr/local/src/conda/python-3.10.18/Python/ceval.c:5893
  50: _PyEval_EvalFrameDefault
        at /usr/local/src/conda/python-3.10.18/Python/ceval.c:4213
  51: _PyEval_EvalFrame
        at /usr/local/src/conda/python-3.10.18/Include/internal/pycore_ceval.h:46
  52: _PyEval_Vector
        at /usr/local/src/conda/python-3.10.18/Python/ceval.c:5067
  53: _PyFunction_Vectorcall
        at /usr/local/src/conda/python-3.10.18/Objects/call.c:342
  54: pymain_run_module
        at /usr/local/src/conda/python-3.10.18/Modules/main.c:297
  55: pymain_run_python
        at /usr/local/src/conda/python-3.10.18/Modules/main.c:589
  56: Py_RunMain
        at /usr/local/src/conda/python-3.10.18/Modules/main.c:674
  57: Py_BytesMain
        at /usr/local/src/conda/python-3.10.18/Modules/main.c:1094
  58: __libc_start_main
        at ../csu/libc-start.c:308
  59: 0x000000000058728d
  60: 0xffffffffffffffff


|  ID  |                       Task Description                        | Latency (ms) | Speed (GFLOPS) | Trials |
-----------------------------------------------------------------------------------------------------------------
|    0 |                             vm_mod_fused_nn_conv2d_add_clip_2 |        0.013 |        3258.55 |     62 |
|    1 |                                    vm_mod_fused_nn_conv2d_add |        0.005 |        2508.52 |     62 |
|    2 |                            vm_mod_fused_nn_conv2d_add_clip_11 |        0.004 |         384.03 |     62 |
|    3 |                              vm_mod_fused_nn_conv2d_add_add_3 |        0.010 |        2157.91 |     62 |
|    4 |                             vm_mod_fused_nn_conv2d_add_clip_7 |        0.004 |        2824.26 |     62 |
|    5 |                            vm_mod_fused_nn_conv2d_add_clip_16 |        0.003 |         285.69 |     62 |
|    6 |                                     vm_mod_fused_nn_dense_add |        0.008 |         318.95 |     62 |
|    7 |                                  vm_mod_fused_nn_conv2d_add_3 |        0.005 |        1054.89 |     62 |
|    8 |                              vm_mod_fused_nn_conv2d_add_add_1 |        0.005 |        2148.05 |     62 |
|    9 |                            vm_mod_fused_nn_conv2d_add_clip_12 |        0.006 |        3941.56 |     62 |
|   10 |                             vm_mod_fused_nn_conv2d_add_clip_4 |        0.004 |        6554.65 |     62 |
|   11 |                            vm_mod_fused_nn_conv2d_add_clip_17 |        0.016 |        2580.82 |     62 |
|   12 |                                  vm_mod_fused_nn_conv2d_add_6 |        0.029 |        1049.99 |     62 |
|   13 |                             vm_mod_fused_nn_conv2d_add_clip_9 |        0.003 |         254.12 |     62 |
|   14 |                             vm_mod_fused_nn_conv2d_add_clip_1 |        0.003 |        2480.45 |     62 |
|   15 |                                  vm_mod_fused_nn_conv2d_add_2 |        0.005 |        1517.05 |     62 |
|   16 |                            vm_mod_fused_nn_conv2d_add_clip_13 |        0.004 |         572.94 |     62 |
|   17 |                                vm_mod_fused_nn_conv2d_add_add |        0.006 |        3669.56 |     62 |
|   18 |                             vm_mod_fused_nn_conv2d_add_clip_6 |        0.005 |         494.09 |     62 |
|   19 |                               vm_mod_fused_nn_conv2d_add_clip |            - |              - |      0 |
|   20 |                              vm_mod_fused_nn_conv2d_add_add_4 |            - |              - |      0 |
|   21 |                                  vm_mod_fused_nn_conv2d_add_5 |            - |              - |      0 |
|   22 |                             vm_mod_fused_nn_conv2d_add_clip_3 |            - |              - |      0 |
|   23 |                           vm_mod_fused_nn_adaptive_avg_pool2d |            - |              - |      0 |
|   24 |                            vm_mod_fused_nn_conv2d_add_clip_14 |            - |              - |      0 |
|   25 |                              vm_mod_fused_nn_conv2d_add_add_2 |            - |              - |      0 |
|   26 |                             vm_mod_fused_nn_conv2d_add_clip_8 |            - |              - |      0 |
|   27 |                                  vm_mod_fused_nn_conv2d_add_1 |            - |              - |      0 |
|   28 |                            vm_mod_fused_nn_conv2d_add_clip_10 |            - |              - |      0 |
|   29 |                             vm_mod_fused_nn_conv2d_add_clip_5 |            - |              - |      0 |
|   30 |                                  vm_mod_fused_nn_conv2d_add_4 |            - |              - |      0 |
|   31 |                            vm_mod_fused_nn_conv2d_add_clip_15 |            - |              - |      0 |
-----------------------------------------------------------------------------------------------------------------
Estimated total latency: - ms	Trials: 1178	Used time : 2425 s	Next ID: 19	
*E********************Eterminate called after throwing an instance of 'tvm::runtime::InternalError'
  what():  [15:06:45] /data3/qsy/complier/tlm/src/runtime/cuda/cuda_module.cc:61: CUDAError: cuModuleUnload(module_[i]) failed with error: CUDA_ERROR_MISALIGNED_ADDRESS
Stack trace:
  0: tvm::runtime::SimpleObjAllocator::Handler<tvm::runtime::CUDAModuleNode>::Deleter_(tvm::runtime::Object*)
  1: tvm::runtime::SimpleObjAllocator::Handler<tvm::runtime::LibraryModuleNode>::Deleter_(tvm::runtime::Object*)
  2: _ZN3tvm7runtime18SimpleObjAllocator7HandlerINS0_16PackedFuncS
  3: _ZN3tvm7runtime18SimpleObjAllocator7HandlerINS0_16PackedFuncSubObjIZNS0_9profiling17WrapTimeE
  4: TVMObjectFree
  5: __pyx_tp_dealloc_3tvm_4_ffi_4_cy3_4core_PackedFuncBase(_object*)
  6: subtype_dealloc
        at /usr/local/src/conda/python-3.10.18/Objects/typeobject.c:1460
  7: _Py_DECREF
        at /usr/local/src/conda/python-3.10.18/Include/object.h:500
  8: _Py_XDECREF
        at /usr/local/src/conda/python-3.10.18/Include/object.h:567
  9: cell_dealloc
        at /usr/local/src/conda/python-3.10.18/Objects/cellobject.c:82
  10: _Py_Dealloc
        at /usr/local/src/conda/python-3.10.18/Objects/object.c:2301
  11: _Py_DECREF
        at /usr/local/src/conda/python-3.10.18/Include/object.h:500
  12: _Py_XDECREF
        at /usr/local/src/conda/python-3.10.18/Include/object.h:567
  13: tupledealloc
        at /usr/local/src/conda/python-3.10.18/Objects/tupleobject.c:276
  14: _Py_Dealloc
        at /usr/local/src/conda/python-3.10.18/Objects/object.c:2301
  15: _Py_DECREF
        at /usr/local/src/conda/python-3.10.18/Include/object.h:500
  16: func_clear
        at /usr/local/src/conda/python-3.10.18/Objects/funcobject.c:636
  17: func_dealloc
        at /usr/local/src/conda/python-3.10.18/Objects/funcobject.c:648
  18: _Py_Dealloc
        at /usr/local/src/conda/python-3.10.18/Objects/object.c:2301
  19: _Py_DECREF
        at /usr/local/src/conda/python-3.10.18/Include/object.h:500
  20: frame_dealloc
        at /usr/local/src/conda/python-3.10.18/Objects/frameobject.c:591
  21: _Py_Dealloc
        at /usr/local/src/conda/python-3.10.18/Objects/object.c:2301
  22: _Py_DECREF
        at /usr/local/src/conda/python-3.10.18/Include/object.h:500
  23: _PyEval_Vector
        at /usr/local/src/conda/python-3.10.18/Python/ceval.c:5080
  24: _PyFunction_Vectorcall
        at /usr/local/src/conda/python-3.10.18/Objects/call.c:342
  25: do_call_core
        at /usr/local/src/conda/python-3.10.18/Python/ceval.c:5945
  26: _PyEval_EvalFrameDefault
        at /usr/local/src/conda/python-3.10.18/Python/ceval.c:4277
  27: _PyEval_EvalFrame
        at /usr/local/src/conda/python-3.10.18/Include/internal/pycore_ceval.h:46
  28: _PyEval_Vector
        at /usr/local/src/conda/python-3.10.18/Python/ceval.c:5067
  29: _PyFunction_Vectorcall
        at /usr/local/src/conda/python-3.10.18/Objects/call.c:342
  30: _PyObject_VectorcallTstate
        at /usr/local/src/conda/python-3.10.18/Include/cpython/abstract.h:114
  31: PyObject_Vectorcall
        at /usr/local/src/conda/python-3.10.18/Include/cpython/abstract.h:123
  32: call_function
        at /usr/local/src/conda/python-3.10.18/Python/ceval.c:5893
  33: _PyEval_EvalFrameDefault
        at /usr/local/src/conda/python-3.10.18/Python/ceval.c:4213
  34: _PyEval_EvalFrame
        at /usr/local/src/conda/python-3.10.18/Include/internal/pycore_ceval.h:46
  35: _PyEval_Vector
        at /usr/local/src/conda/python-3.10.18/Python/ceval.c:5067
  36: PyEval_EvalCode
        at /usr/local/src/conda/python-3.10.18/Python/ceval.c:1134
  37: builtin_exec_impl
        at /usr/local/src/conda/python-3.10.18/Python/bltinmodule.c:1058
  38: builtin_exec
        at /usr/local/src/conda/python-3.10.18/Python/clinic/bltinmodule.c.h:371
  39: cfunction_vectorcall_FASTCALL
        at /usr/local/src/conda/python-3.10.18/Objects/methodobject.c:430
  40: _PyObject_VectorcallTstate
        at /usr/local/src/conda/python-3.10.18/Include/cpython/abstract.h:114
  41: PyObject_Vectorcall
        at /usr/local/src/conda/python-3.10.18/Include/cpython/abstract.h:123
  42: call_function
        at /usr/local/src/conda/python-3.10.18/Python/ceval.c:5893
  43: _PyEval_EvalFrameDefault
        at /usr/local/src/conda/python-3.10.18/Python/ceval.c:4213
  44: _PyEval_EvalFrame
        at /usr/local/src/conda/python-3.10.18/Include/internal/pycore_ceval.h:46
  45: _PyEval_Vector
        at /usr/local/src/conda/python-3.10.18/Python/ceval.c:5067
  46: _PyFunction_Vectorcall
        at /usr/local/src/conda/python-3.10.18/Objects/call.c:342
  47: _PyObject_VectorcallTstate
        at /usr/local/src/conda/python-3.10.18/Include/cpython/abstract.h:114
  48: PyObject_Vectorcall
        at /usr/local/src/conda/python-3.10.18/Include/cpython/abstract.h:123
  49: call_function
        at /usr/local/src/conda/python-3.10.18/Python/ceval.c:5893
  50: _PyEval_EvalFrameDefault
        at /usr/local/src/conda/python-3.10.18/Python/ceval.c:4213
  51: _PyEval_EvalFrame
        at /usr/local/src/conda/python-3.10.18/Include/internal/pycore_ceval.h:46
  52: _PyEval_Vector
        at /usr/local/src/conda/python-3.10.18/Python/ceval.c:5067
  53: _PyFunction_Vectorcall
        at /usr/local/src/conda/python-3.10.18/Objects/call.c:342
  54: pymain_run_module
        at /usr/local/src/conda/python-3.10.18/Modules/main.c:297
  55: pymain_run_python
        at /usr/local/src/conda/python-3.10.18/Modules/main.c:589
  56: Py_RunMain
        at /usr/local/src/conda/python-3.10.18/Modules/main.c:674
  57: Py_BytesMain
        at /usr/local/src/conda/python-3.10.18/Modules/main.c:1094
  58: __libc_start_main
        at ../csu/libc-start.c:308
  59: 0x000000000058728d
  60: 0xffffffffffffffff


*E*****Eterminate called after throwing an instance of 'tvm::runtime::InternalError'
  what():  [15:06:48] /data3/qsy/complier/tlm/src/runtime/cuda/cuda_module.cc:61: CUDAError: cuModuleUnload(module_[i]) failed with error: CUDA_ERROR_MISALIGNED_ADDRESS
Stack trace:
  0: tvm::runtime::SimpleObjAllocator::Handler<tvm::runtime::CUDAModuleNode>::Deleter_(tvm::runtime::Object*)
  1: tvm::runtime::SimpleObjAllocator::Handler<tvm::runtime::LibraryModuleNode>::Deleter_(tvm::runtime::Object*)
  2: _ZN3tvm7runtime18SimpleObjAllocator7HandlerINS0_16PackedFuncS
  3: _ZN3tvm7runtime18SimpleObjAllocator7HandlerINS0_16PackedFuncSubObjIZNS0_9profiling17WrapTimeE
  4: TVMObjectFree
  5: __pyx_tp_dealloc_3tvm_4_ffi_4_cy3_4core_PackedFuncBase(_object*)
  6: subtype_dealloc
        at /usr/local/src/conda/python-3.10.18/Objects/typeobject.c:1460
  7: _Py_DECREF
        at /usr/local/src/conda/python-3.10.18/Include/object.h:500
  8: _Py_XDECREF
        at /usr/local/src/conda/python-3.10.18/Include/object.h:567
  9: cell_dealloc
        at /usr/local/src/conda/python-3.10.18/Objects/cellobject.c:82
  10: _Py_Dealloc
        at /usr/local/src/conda/python-3.10.18/Objects/object.c:2301
  11: _Py_DECREF
        at /usr/local/src/conda/python-3.10.18/Include/object.h:500
  12: _Py_XDECREF
        at /usr/local/src/conda/python-3.10.18/Include/object.h:567
  13: tupledealloc
        at /usr/local/src/conda/python-3.10.18/Objects/tupleobject.c:276
  14: _Py_Dealloc
        at /usr/local/src/conda/python-3.10.18/Objects/object.c:2301
  15: _Py_DECREF
        at /usr/local/src/conda/python-3.10.18/Include/object.h:500
  16: func_clear
        at /usr/local/src/conda/python-3.10.18/Objects/funcobject.c:636
  17: func_dealloc
        at /usr/local/src/conda/python-3.10.18/Objects/funcobject.c:648
  18: _Py_Dealloc
        at /usr/local/src/conda/python-3.10.18/Objects/object.c:2301
  19: _Py_DECREF
        at /usr/local/src/conda/python-3.10.18/Include/object.h:500
  20: frame_dealloc
        at /usr/local/src/conda/python-3.10.18/Objects/frameobject.c:591
  21: _Py_Dealloc
        at /usr/local/src/conda/python-3.10.18/Objects/object.c:2301
  22: _Py_DECREF
        at /usr/local/src/conda/python-3.10.18/Include/object.h:500
  23: _PyEval_Vector
        at /usr/local/src/conda/python-3.10.18/Python/ceval.c:5080
  24: _PyFunction_Vectorcall
        at /usr/local/src/conda/python-3.10.18/Objects/call.c:342
  25: do_call_core
        at /usr/local/src/conda/python-3.10.18/Python/ceval.c:5945
  26: _PyEval_EvalFrameDefault
        at /usr/local/src/conda/python-3.10.18/Python/ceval.c:4277
  27: _PyEval_EvalFrame
        at /usr/local/src/conda/python-3.10.18/Include/internal/pycore_ceval.h:46
  28: _PyEval_Vector
        at /usr/local/src/conda/python-3.10.18/Python/ceval.c:5067
  29: _PyFunction_Vectorcall
        at /usr/local/src/conda/python-3.10.18/Objects/call.c:342
  30: _PyObject_VectorcallTstate
        at /usr/local/src/conda/python-3.10.18/Include/cpython/abstract.h:114
  31: PyObject_Vectorcall
        at /usr/local/src/conda/python-3.10.18/Include/cpython/abstract.h:123
  32: call_function
        at /usr/local/src/conda/python-3.10.18/Python/ceval.c:5893
  33: _PyEval_EvalFrameDefault
        at /usr/local/src/conda/python-3.10.18/Python/ceval.c:4213
  34: _PyEval_EvalFrame
        at /usr/local/src/conda/python-3.10.18/Include/internal/pycore_ceval.h:46
  35: _PyEval_Vector
        at /usr/local/src/conda/python-3.10.18/Python/ceval.c:5067
  36: PyEval_EvalCode
        at /usr/local/src/conda/python-3.10.18/Python/ceval.c:1134
  37: builtin_exec_impl
        at /usr/local/src/conda/python-3.10.18/Python/bltinmodule.c:1058
  38: builtin_exec
        at /usr/local/src/conda/python-3.10.18/Python/clinic/bltinmodule.c.h:371
  39: cfunction_vectorcall_FASTCALL
        at /usr/local/src/conda/python-3.10.18/Objects/methodobject.c:430
  40: _PyObject_VectorcallTstate
        at /usr/local/src/conda/python-3.10.18/Include/cpython/abstract.h:114
  41: PyObject_Vectorcall
        at /usr/local/src/conda/python-3.10.18/Include/cpython/abstract.h:123
  42: call_function
        at /usr/local/src/conda/python-3.10.18/Python/ceval.c:5893
  43: _PyEval_EvalFrameDefault
        at /usr/local/src/conda/python-3.10.18/Python/ceval.c:4213
  44: _PyEval_EvalFrame
        at /usr/local/src/conda/python-3.10.18/Include/internal/pycore_ceval.h:46
  45: _PyEval_Vector
        at /usr/local/src/conda/python-3.10.18/Python/ceval.c:5067
  46: _PyFunction_Vectorcall
        at /usr/local/src/conda/python-3.10.18/Objects/call.c:342
  47: _PyObject_VectorcallTstate
        at /usr/local/src/conda/python-3.10.18/Include/cpython/abstract.h:114
  48: PyObject_Vectorcall
        at /usr/local/src/conda/python-3.10.18/Include/cpython/abstract.h:123
  49: call_function
        at /usr/local/src/conda/python-3.10.18/Python/ceval.c:5893
  50: _PyEval_EvalFrameDefault
        at /usr/local/src/conda/python-3.10.18/Python/ceval.c:4213
  51: _PyEval_EvalFrame
        at /usr/local/src/conda/python-3.10.18/Include/internal/pycore_ceval.h:46
  52: _PyEval_Vector
        at /usr/local/src/conda/python-3.10.18/Python/ceval.c:5067
  53: _PyFunction_Vectorcall
        at /usr/local/src/conda/python-3.10.18/Objects/call.c:342
  54: pymain_run_module
        at /usr/local/src/conda/python-3.10.18/Modules/main.c:297
  55: pymain_run_python
        at /usr/local/src/conda/python-3.10.18/Modules/main.c:589
  56: Py_RunMain
        at /usr/local/src/conda/python-3.10.18/Modules/main.c:674
  57: Py_BytesMain
        at /usr/local/src/conda/python-3.10.18/Modules/main.c:1094
  58: __libc_start_main
        at ../csu/libc-start.c:308
  59: 0x000000000058728d
  60: 0xffffffffffffffff


*E*Eterminate called after throwing an instance of 'tvm::runtime::InternalError'
  what():  [15:06:49] /data3/qsy/complier/tlm/src/runtime/cuda/cuda_module.cc:61: CUDAError: cuModuleUnload(module_[i]) failed with error: CUDA_ERROR_MISALIGNED_ADDRESS
Stack trace:
  0: tvm::runtime::SimpleObjAllocator::Handler<tvm::runtime::CUDAModuleNode>::Deleter_(tvm::runtime::Object*)
  1: tvm::runtime::SimpleObjAllocator::Handler<tvm::runtime::LibraryModuleNode>::Deleter_(tvm::runtime::Object*)
  2: _ZN3tvm7runtime18SimpleObjAllocator7HandlerINS0_16PackedFuncS
  3: _ZN3tvm7runtime18SimpleObjAllocator7HandlerINS0_16PackedFuncSubObjIZNS0_9profiling17WrapTimeE
  4: TVMObjectFree
  5: __pyx_tp_dealloc_3tvm_4_ffi_4_cy3_4core_PackedFuncBase(_object*)
  6: subtype_dealloc
        at /usr/local/src/conda/python-3.10.18/Objects/typeobject.c:1460
  7: _Py_DECREF
        at /usr/local/src/conda/python-3.10.18/Include/object.h:500
  8: _Py_XDECREF
        at /usr/local/src/conda/python-3.10.18/Include/object.h:567
  9: cell_dealloc
        at /usr/local/src/conda/python-3.10.18/Objects/cellobject.c:82
  10: _Py_Dealloc
        at /usr/local/src/conda/python-3.10.18/Objects/object.c:2301
  11: _Py_DECREF
        at /usr/local/src/conda/python-3.10.18/Include/object.h:500
  12: _Py_XDECREF
        at /usr/local/src/conda/python-3.10.18/Include/object.h:567
  13: tupledealloc
        at /usr/local/src/conda/python-3.10.18/Objects/tupleobject.c:276
  14: _Py_Dealloc
        at /usr/local/src/conda/python-3.10.18/Objects/object.c:2301
  15: _Py_DECREF
        at /usr/local/src/conda/python-3.10.18/Include/object.h:500
  16: func_clear
        at /usr/local/src/conda/python-3.10.18/Objects/funcobject.c:636
  17: func_dealloc
        at /usr/local/src/conda/python-3.10.18/Objects/funcobject.c:648
  18: _Py_Dealloc
        at /usr/local/src/conda/python-3.10.18/Objects/object.c:2301
  19: _Py_DECREF
        at /usr/local/src/conda/python-3.10.18/Include/object.h:500
  20: frame_dealloc
        at /usr/local/src/conda/python-3.10.18/Objects/frameobject.c:591
  21: _Py_Dealloc
        at /usr/local/src/conda/python-3.10.18/Objects/object.c:2301
  22: _Py_DECREF
        at /usr/local/src/conda/python-3.10.18/Include/object.h:500
  23: _PyEval_Vector
        at /usr/local/src/conda/python-3.10.18/Python/ceval.c:5080
  24: _PyFunction_Vectorcall
        at /usr/local/src/conda/python-3.10.18/Objects/call.c:342
  25: do_call_core
        at /usr/local/src/conda/python-3.10.18/Python/ceval.c:5945
  26: _PyEval_EvalFrameDefault
        at /usr/local/src/conda/python-3.10.18/Python/ceval.c:4277
  27: _PyEval_EvalFrame
        at /usr/local/src/conda/python-3.10.18/Include/internal/pycore_ceval.h:46
  28: _PyEval_Vector
        at /usr/local/src/conda/python-3.10.18/Python/ceval.c:5067
  29: _PyFunction_Vectorcall
        at /usr/local/src/conda/python-3.10.18/Objects/call.c:342
  30: _PyObject_VectorcallTstate
        at /usr/local/src/conda/python-3.10.18/Include/cpython/abstract.h:114
  31: PyObject_Vectorcall
        at /usr/local/src/conda/python-3.10.18/Include/cpython/abstract.h:123
  32: call_function
        at /usr/local/src/conda/python-3.10.18/Python/ceval.c:5893
  33: _PyEval_EvalFrameDefault
        at /usr/local/src/conda/python-3.10.18/Python/ceval.c:4213
  34: _PyEval_EvalFrame
        at /usr/local/src/conda/python-3.10.18/Include/internal/pycore_ceval.h:46
  35: _PyEval_Vector
        at /usr/local/src/conda/python-3.10.18/Python/ceval.c:5067
  36: PyEval_EvalCode
        at /usr/local/src/conda/python-3.10.18/Python/ceval.c:1134
  37: builtin_exec_impl
        at /usr/local/src/conda/python-3.10.18/Python/bltinmodule.c:1058
  38: builtin_exec
        at /usr/local/src/conda/python-3.10.18/Python/clinic/bltinmodule.c.h:371
  39: cfunction_vectorcall_FASTCALL
        at /usr/local/src/conda/python-3.10.18/Objects/methodobject.c:430
  40: _PyObject_VectorcallTstate
        at /usr/local/src/conda/python-3.10.18/Include/cpython/abstract.h:114
  41: PyObject_Vectorcall
        at /usr/local/src/conda/python-3.10.18/Include/cpython/abstract.h:123
  42: call_function
        at /usr/local/src/conda/python-3.10.18/Python/ceval.c:5893
  43: _PyEval_EvalFrameDefault
        at /usr/local/src/conda/python-3.10.18/Python/ceval.c:4213
  44: _PyEval_EvalFrame
        at /usr/local/src/conda/python-3.10.18/Include/internal/pycore_ceval.h:46
  45: _PyEval_Vector
        at /usr/local/src/conda/python-3.10.18/Python/ceval.c:5067
  46: _PyFunction_Vectorcall
        at /usr/local/src/conda/python-3.10.18/Objects/call.c:342
  47: _PyObject_VectorcallTstate
        at /usr/local/src/conda/python-3.10.18/Include/cpython/abstract.h:114
  48: PyObject_Vectorcall
        at /usr/local/src/conda/python-3.10.18/Include/cpython/abstract.h:123
  49: call_function
        at /usr/local/src/conda/python-3.10.18/Python/ceval.c:5893
  50: _PyEval_EvalFrameDefault
        at /usr/local/src/conda/python-3.10.18/Python/ceval.c:4213
  51: _PyEval_EvalFrame
        at /usr/local/src/conda/python-3.10.18/Include/internal/pycore_ceval.h:46
  52: _PyEval_Vector
        at /usr/local/src/conda/python-3.10.18/Python/ceval.c:5067
  53: _PyFunction_Vectorcall
        at /usr/local/src/conda/python-3.10.18/Objects/call.c:342
  54: pymain_run_module
        at /usr/local/src/conda/python-3.10.18/Modules/main.c:297
  55: pymain_run_python
        at /usr/local/src/conda/python-3.10.18/Modules/main.c:589
  56: Py_RunMain
        at /usr/local/src/conda/python-3.10.18/Modules/main.c:674
  57: Py_BytesMain
        at /usr/local/src/conda/python-3.10.18/Modules/main.c:1094
  58: __libc_start_main
        at ../csu/libc-start.c:308
  59: 0x000000000058728d
  60: 0xffffffffffffffff


*E******************Eterminate called after throwing an instance of 'tvm::runtime::InternalError'
  what():  [15:06:56] /data3/qsy/complier/tlm/src/runtime/cuda/cuda_module.cc:61: CUDAError: cuModuleUnload(module_[i]) failed with error: CUDA_ERROR_MISALIGNED_ADDRESS
Stack trace:
  0: tvm::runtime::SimpleObjAllocator::Handler<tvm::runtime::CUDAModuleNode>::Deleter_(tvm::runtime::Object*)
  1: tvm::runtime::SimpleObjAllocator::Handler<tvm::runtime::LibraryModuleNode>::Deleter_(tvm::runtime::Object*)
  2: _ZN3tvm7runtime18SimpleObjAllocator7HandlerINS0_16PackedFuncS
  3: _ZN3tvm7runtime18SimpleObjAllocator7HandlerINS0_16PackedFuncSubObjIZNS0_9profiling17WrapTimeE
  4: TVMObjectFree
  5: __pyx_tp_dealloc_3tvm_4_ffi_4_cy3_4core_PackedFuncBase(_object*)
  6: subtype_dealloc
        at /usr/local/src/conda/python-3.10.18/Objects/typeobject.c:1460
  7: _Py_DECREF
        at /usr/local/src/conda/python-3.10.18/Include/object.h:500
  8: _Py_XDECREF
        at /usr/local/src/conda/python-3.10.18/Include/object.h:567
  9: cell_dealloc
        at /usr/local/src/conda/python-3.10.18/Objects/cellobject.c:82
  10: _Py_Dealloc
        at /usr/local/src/conda/python-3.10.18/Objects/object.c:2301
  11: _Py_DECREF
        at /usr/local/src/conda/python-3.10.18/Include/object.h:500
  12: _Py_XDECREF
        at /usr/local/src/conda/python-3.10.18/Include/object.h:567
  13: tupledealloc
        at /usr/local/src/conda/python-3.10.18/Objects/tupleobject.c:276
  14: _Py_Dealloc
        at /usr/local/src/conda/python-3.10.18/Objects/object.c:2301
  15: _Py_DECREF
        at /usr/local/src/conda/python-3.10.18/Include/object.h:500
  16: func_clear
        at /usr/local/src/conda/python-3.10.18/Objects/funcobject.c:636
  17: func_dealloc
        at /usr/local/src/conda/python-3.10.18/Objects/funcobject.c:648
  18: _Py_Dealloc
        at /usr/local/src/conda/python-3.10.18/Objects/object.c:2301
  19: _Py_DECREF
        at /usr/local/src/conda/python-3.10.18/Include/object.h:500
  20: frame_dealloc
        at /usr/local/src/conda/python-3.10.18/Objects/frameobject.c:591
  21: _Py_Dealloc
        at /usr/local/src/conda/python-3.10.18/Objects/object.c:2301
  22: _Py_DECREF
        at /usr/local/src/conda/python-3.10.18/Include/object.h:500
  23: _PyEval_Vector
        at /usr/local/src/conda/python-3.10.18/Python/ceval.c:5080
  24: _PyFunction_Vectorcall
        at /usr/local/src/conda/python-3.10.18/Objects/call.c:342
  25: do_call_core
        at /usr/local/src/conda/python-3.10.18/Python/ceval.c:5945
  26: _PyEval_EvalFrameDefault
        at /usr/local/src/conda/python-3.10.18/Python/ceval.c:4277
  27: _PyEval_EvalFrame
        at /usr/local/src/conda/python-3.10.18/Include/internal/pycore_ceval.h:46
  28: _PyEval_Vector
        at /usr/local/src/conda/python-3.10.18/Python/ceval.c:5067
  29: _PyFunction_Vectorcall
        at /usr/local/src/conda/python-3.10.18/Objects/call.c:342
  30: _PyObject_VectorcallTstate
        at /usr/local/src/conda/python-3.10.18/Include/cpython/abstract.h:114
  31: PyObject_Vectorcall
        at /usr/local/src/conda/python-3.10.18/Include/cpython/abstract.h:123
  32: call_function
        at /usr/local/src/conda/python-3.10.18/Python/ceval.c:5893
  33: _PyEval_EvalFrameDefault
        at /usr/local/src/conda/python-3.10.18/Python/ceval.c:4213
  34: _PyEval_EvalFrame
        at /usr/local/src/conda/python-3.10.18/Include/internal/pycore_ceval.h:46
  35: _PyEval_Vector
        at /usr/local/src/conda/python-3.10.18/Python/ceval.c:5067
  36: PyEval_EvalCode
        at /usr/local/src/conda/python-3.10.18/Python/ceval.c:1134
  37: builtin_exec_impl
        at /usr/local/src/conda/python-3.10.18/Python/bltinmodule.c:1058
  38: builtin_exec
        at /usr/local/src/conda/python-3.10.18/Python/clinic/bltinmodule.c.h:371
  39: cfunction_vectorcall_FASTCALL
        at /usr/local/src/conda/python-3.10.18/Objects/methodobject.c:430
  40: _PyObject_VectorcallTstate
        at /usr/local/src/conda/python-3.10.18/Include/cpython/abstract.h:114
  41: PyObject_Vectorcall
        at /usr/local/src/conda/python-3.10.18/Include/cpython/abstract.h:123
  42: call_function
        at /usr/local/src/conda/python-3.10.18/Python/ceval.c:5893
  43: _PyEval_EvalFrameDefault
        at /usr/local/src/conda/python-3.10.18/Python/ceval.c:4213
  44: _PyEval_EvalFrame
        at /usr/local/src/conda/python-3.10.18/Include/internal/pycore_ceval.h:46
  45: _PyEval_Vector
        at /usr/local/src/conda/python-3.10.18/Python/ceval.c:5067
  46: _PyFunction_Vectorcall
        at /usr/local/src/conda/python-3.10.18/Objects/call.c:342
  47: _PyObject_VectorcallTstate
        at /usr/local/src/conda/python-3.10.18/Include/cpython/abstract.h:114
  48: PyObject_Vectorcall
        at /usr/local/src/conda/python-3.10.18/Include/cpython/abstract.h:123
  49: call_function
        at /usr/local/src/conda/python-3.10.18/Python/ceval.c:5893
  50: _PyEval_EvalFrameDefault
        at /usr/local/src/conda/python-3.10.18/Python/ceval.c:4213
  51: _PyEval_EvalFrame
        at /usr/local/src/conda/python-3.10.18/Include/internal/pycore_ceval.h:46
  52: _PyEval_Vector
        at /usr/local/src/conda/python-3.10.18/Python/ceval.c:5067
  53: _PyFunction_Vectorcall
        at /usr/local/src/conda/python-3.10.18/Objects/call.c:342
  54: pymain_run_module
        at /usr/local/src/conda/python-3.10.18/Modules/main.c:297
  55: pymain_run_python
        at /usr/local/src/conda/python-3.10.18/Modules/main.c:589
  56: Py_RunMain
        at /usr/local/src/conda/python-3.10.18/Modules/main.c:674
  57: Py_BytesMain
        at /usr/local/src/conda/python-3.10.18/Modules/main.c:1094
  58: __libc_start_main
        at ../csu/libc-start.c:308
  59: 0x000000000058728d
  60: 0xffffffffffffffff


*E****************
Time elapsed for measurement: 34.45 s
----------------------------------------------------------------------
------------------------------  [ Train cost model ]
----------------------------------------------------------------------
Time elapsed for training: 0.00 s
----------------------------------------------------------------------
------------------------------  [ Task Scheduler ]
----------------------------------------------------------------------
----------------------------------------------------------------------
------------------------------  [ Search ]
----------------------------------------------------------------------
Generate Sketches		#s: 1
Sample Initial Population	#s: 97	fail_ct: 1951	Time elapsed: 5.10
GA Iter: 0	Max score: 0.9640	Min score: 0.0014	#Pop: 97	#M+: 0	#M-: 0
GA Iter: 4	Max score: 0.9999	Min score: 0.9804	#Pop: 124	#M+: 1396	#M-: 0
EvolutionarySearch		#s: 124	Time elapsed: 74.89
----------------------------------------------------------------------
------------------------------  [ Measure ]
----------------------------------------------------------------------
Get 62 programs to measure:
..............................................................*Eterminate called after throwing an instance of 'tvm::runtime::InternalError'
  what():  [15:08:35] /data3/qsy/complier/tlm/src/runtime/cuda/cuda_module.cc:61: CUDAError: cuModuleUnload(module_[i]) failed with error: CUDA_ERROR_MISALIGNED_ADDRESS
Stack trace:
  0: tvm::runtime::SimpleObjAllocator::Handler<tvm::runtime::CUDAModuleNode>::Deleter_(tvm::runtime::Object*)
  1: tvm::runtime::SimpleObjAllocator::Handler<tvm::runtime::LibraryModuleNode>::Deleter_(tvm::runtime::Object*)
  2: _ZN3tvm7runtime18SimpleObjAllocator7HandlerINS0_16PackedFuncS
  3: _ZN3tvm7runtime18SimpleObjAllocator7HandlerINS0_16PackedFuncSubObjIZNS0_9profiling17WrapTimeE
  4: TVMObjectFree
  5: __pyx_tp_dealloc_3tvm_4_ffi_4_cy3_4core_PackedFuncBase(_object*)
  6: subtype_dealloc
        at /usr/local/src/conda/python-3.10.18/Objects/typeobject.c:1460
  7: _Py_DECREF
        at /usr/local/src/conda/python-3.10.18/Include/object.h:500
  8: _Py_XDECREF
        at /usr/local/src/conda/python-3.10.18/Include/object.h:567
  9: cell_dealloc
        at /usr/local/src/conda/python-3.10.18/Objects/cellobject.c:82
  10: _Py_Dealloc
        at /usr/local/src/conda/python-3.10.18/Objects/object.c:2301
  11: _Py_DECREF
        at /usr/local/src/conda/python-3.10.18/Include/object.h:500
  12: _Py_XDECREF
        at /usr/local/src/conda/python-3.10.18/Include/object.h:567
  13: tupledealloc
        at /usr/local/src/conda/python-3.10.18/Objects/tupleobject.c:276
  14: _Py_Dealloc
        at /usr/local/src/conda/python-3.10.18/Objects/object.c:2301
  15: _Py_DECREF
        at /usr/local/src/conda/python-3.10.18/Include/object.h:500
  16: func_clear
        at /usr/local/src/conda/python-3.10.18/Objects/funcobject.c:636
  17: func_dealloc
        at /usr/local/src/conda/python-3.10.18/Objects/funcobject.c:648
  18: _Py_Dealloc
        at /usr/local/src/conda/python-3.10.18/Objects/object.c:2301
  19: _Py_DECREF
        at /usr/local/src/conda/python-3.10.18/Include/object.h:500
  20: frame_dealloc
        at /usr/local/src/conda/python-3.10.18/Objects/frameobject.c:591
  21: _Py_Dealloc
        at /usr/local/src/conda/python-3.10.18/Objects/object.c:2301
  22: _Py_DECREF
        at /usr/local/src/conda/python-3.10.18/Include/object.h:500
  23: _PyEval_Vector
        at /usr/local/src/conda/python-3.10.18/Python/ceval.c:5080
  24: _PyFunction_Vectorcall
        at /usr/local/src/conda/python-3.10.18/Objects/call.c:342
  25: do_call_core
        at /usr/local/src/conda/python-3.10.18/Python/ceval.c:5945
  26: _PyEval_EvalFrameDefault
        at /usr/local/src/conda/python-3.10.18/Python/ceval.c:4277
  27: _PyEval_EvalFrame
        at /usr/local/src/conda/python-3.10.18/Include/internal/pycore_ceval.h:46
  28: _PyEval_Vector
        at /usr/local/src/conda/python-3.10.18/Python/ceval.c:5067
  29: _PyFunction_Vectorcall
        at /usr/local/src/conda/python-3.10.18/Objects/call.c:342
  30: _PyObject_VectorcallTstate
        at /usr/local/src/conda/python-3.10.18/Include/cpython/abstract.h:114
  31: PyObject_Vectorcall
        at /usr/local/src/conda/python-3.10.18/Include/cpython/abstract.h:123
  32: call_function
        at /usr/local/src/conda/python-3.10.18/Python/ceval.c:5893
  33: _PyEval_EvalFrameDefault
        at /usr/local/src/conda/python-3.10.18/Python/ceval.c:4213
  34: _PyEval_EvalFrame
        at /usr/local/src/conda/python-3.10.18/Include/internal/pycore_ceval.h:46
  35: _PyEval_Vector
        at /usr/local/src/conda/python-3.10.18/Python/ceval.c:5067
  36: PyEval_EvalCode
        at /usr/local/src/conda/python-3.10.18/Python/ceval.c:1134
  37: builtin_exec_impl
        at /usr/local/src/conda/python-3.10.18/Python/bltinmodule.c:1058
  38: builtin_exec
        at /usr/local/src/conda/python-3.10.18/Python/clinic/bltinmodule.c.h:371
  39: cfunction_vectorcall_FASTCALL
        at /usr/local/src/conda/python-3.10.18/Objects/methodobject.c:430
  40: _PyObject_VectorcallTstate
        at /usr/local/src/conda/python-3.10.18/Include/cpython/abstract.h:114
  41: PyObject_Vectorcall
        at /usr/local/src/conda/python-3.10.18/Include/cpython/abstract.h:123
  42: call_function
        at /usr/local/src/conda/python-3.10.18/Python/ceval.c:5893
  43: _PyEval_EvalFrameDefault
        at /usr/local/src/conda/python-3.10.18/Python/ceval.c:4213
  44: _PyEval_EvalFrame
        at /usr/local/src/conda/python-3.10.18/Include/internal/pycore_ceval.h:46
  45: _PyEval_Vector
        at /usr/local/src/conda/python-3.10.18/Python/ceval.c:5067
  46: _PyFunction_Vectorcall
        at /usr/local/src/conda/python-3.10.18/Objects/call.c:342
  47: _PyObject_VectorcallTstate
        at /usr/local/src/conda/python-3.10.18/Include/cpython/abstract.h:114
  48: PyObject_Vectorcall
        at /usr/local/src/conda/python-3.10.18/Include/cpython/abstract.h:123
  49: call_function
        at /usr/local/src/conda/python-3.10.18/Python/ceval.c:5893
  50: _PyEval_EvalFrameDefault
        at /usr/local/src/conda/python-3.10.18/Python/ceval.c:4213
  51: _PyEval_EvalFrame
        at /usr/local/src/conda/python-3.10.18/Include/internal/pycore_ceval.h:46
  52: _PyEval_Vector
        at /usr/local/src/conda/python-3.10.18/Python/ceval.c:5067
  53: _PyFunction_Vectorcall
        at /usr/local/src/conda/python-3.10.18/Objects/call.c:342
  54: pymain_run_module
        at /usr/local/src/conda/python-3.10.18/Modules/main.c:297
  55: pymain_run_python
        at /usr/local/src/conda/python-3.10.18/Modules/main.c:589
  56: Py_RunMain
        at /usr/local/src/conda/python-3.10.18/Modules/main.c:674
  57: Py_BytesMain
        at /usr/local/src/conda/python-3.10.18/Modules/main.c:1094
  58: __libc_start_main
        at ../csu/libc-start.c:308
  59: 0x000000000058728d
  60: 0xffffffffffffffff


|  ID  |                       Task Description                        | Latency (ms) | Speed (GFLOPS) | Trials |
-----------------------------------------------------------------------------------------------------------------
|    0 |                             vm_mod_fused_nn_conv2d_add_clip_2 |        0.013 |        3258.55 |     62 |
|    1 |                                    vm_mod_fused_nn_conv2d_add |        0.005 |        2508.52 |     62 |
|    2 |                            vm_mod_fused_nn_conv2d_add_clip_11 |        0.004 |         384.03 |     62 |
|    3 |                              vm_mod_fused_nn_conv2d_add_add_3 |        0.010 |        2157.91 |     62 |
|    4 |                             vm_mod_fused_nn_conv2d_add_clip_7 |        0.004 |        2824.26 |     62 |
|    5 |                            vm_mod_fused_nn_conv2d_add_clip_16 |        0.003 |         285.69 |     62 |
|    6 |                                     vm_mod_fused_nn_dense_add |        0.008 |         318.95 |     62 |
|    7 |                                  vm_mod_fused_nn_conv2d_add_3 |        0.005 |        1054.89 |     62 |
|    8 |                              vm_mod_fused_nn_conv2d_add_add_1 |        0.005 |        2148.05 |     62 |
|    9 |                            vm_mod_fused_nn_conv2d_add_clip_12 |        0.006 |        3941.56 |     62 |
|   10 |                             vm_mod_fused_nn_conv2d_add_clip_4 |        0.004 |        6554.65 |     62 |
|   11 |                            vm_mod_fused_nn_conv2d_add_clip_17 |        0.016 |        2580.82 |     62 |
|   12 |                                  vm_mod_fused_nn_conv2d_add_6 |        0.029 |        1049.99 |     62 |
|   13 |                             vm_mod_fused_nn_conv2d_add_clip_9 |        0.003 |         254.12 |     62 |
|   14 |                             vm_mod_fused_nn_conv2d_add_clip_1 |        0.003 |        2480.45 |     62 |
|   15 |                                  vm_mod_fused_nn_conv2d_add_2 |        0.005 |        1517.05 |     62 |
|   16 |                            vm_mod_fused_nn_conv2d_add_clip_13 |        0.004 |         572.94 |     62 |
|   17 |                                vm_mod_fused_nn_conv2d_add_add |        0.006 |        3669.56 |     62 |
|   18 |                             vm_mod_fused_nn_conv2d_add_clip_6 |        0.005 |         494.09 |     62 |
|   19 |                               vm_mod_fused_nn_conv2d_add_clip |        0.004 |        5430.37 |     62 |
|   20 |                              vm_mod_fused_nn_conv2d_add_add_4 |            - |              - |      0 |
|   21 |                                  vm_mod_fused_nn_conv2d_add_5 |            - |              - |      0 |
|   22 |                             vm_mod_fused_nn_conv2d_add_clip_3 |            - |              - |      0 |
|   23 |                           vm_mod_fused_nn_adaptive_avg_pool2d |            - |              - |      0 |
|   24 |                            vm_mod_fused_nn_conv2d_add_clip_14 |            - |              - |      0 |
|   25 |                              vm_mod_fused_nn_conv2d_add_add_2 |            - |              - |      0 |
|   26 |                             vm_mod_fused_nn_conv2d_add_clip_8 |            - |              - |      0 |
|   27 |                                  vm_mod_fused_nn_conv2d_add_1 |            - |              - |      0 |
|   28 |                            vm_mod_fused_nn_conv2d_add_clip_10 |            - |              - |      0 |
|   29 |                             vm_mod_fused_nn_conv2d_add_clip_5 |            - |              - |      0 |
|   30 |                                  vm_mod_fused_nn_conv2d_add_4 |            - |              - |      0 |
|   31 |                            vm_mod_fused_nn_conv2d_add_clip_15 |            - |              - |      0 |
-----------------------------------------------------------------------------------------------------------------
Estimated total latency: - ms	Trials: 1240	Used time : 2582 s	Next ID: 20	
*E*************************************************************
Time elapsed for measurement: 32.56 s
----------------------------------------------------------------------
------------------------------  [ Train cost model ]
----------------------------------------------------------------------
Time elapsed for training: 0.00 s
----------------------------------------------------------------------
------------------------------  [ Task Scheduler ]
----------------------------------------------------------------------
----------------------------------------------------------------------
------------------------------  [ Search ]
----------------------------------------------------------------------
Generate Sketches		#s: 1
Sample Initial Population	#s: 106	fail_ct: 1942	Time elapsed: 5.35
GA Iter: 0	Max score: 0.9890	Min score: 0.0008	#Pop: 106	#M+: 0	#M-: 0
GA Iter: 4	Max score: 1.0000	Min score: 0.9813	#Pop: 124	#M+: 1398	#M-: 0
EvolutionarySearch		#s: 124	Time elapsed: 74.00
----------------------------------------------------------------------
------------------------------  [ Measure ]
----------------------------------------------------------------------
Get 62 programs to measure:
.............................................................|  ID  |                       Task Description                        | Latency (ms) | Speed (GFLOPS) | Trials |
-----------------------------------------------------------------------------------------------------------------
|    0 |                             vm_mod_fused_nn_conv2d_add_clip_2 |        0.013 |        3258.55 |     62 |
|    1 |                                    vm_mod_fused_nn_conv2d_add |        0.005 |        2508.52 |     62 |
|    2 |                            vm_mod_fused_nn_conv2d_add_clip_11 |        0.004 |         384.03 |     62 |
|    3 |                              vm_mod_fused_nn_conv2d_add_add_3 |        0.010 |        2157.91 |     62 |
|    4 |                             vm_mod_fused_nn_conv2d_add_clip_7 |        0.004 |        2824.26 |     62 |
|    5 |                            vm_mod_fused_nn_conv2d_add_clip_16 |        0.003 |         285.69 |     62 |
|    6 |                                     vm_mod_fused_nn_dense_add |        0.008 |         318.95 |     62 |
|    7 |                                  vm_mod_fused_nn_conv2d_add_3 |        0.005 |        1054.89 |     62 |
|    8 |                              vm_mod_fused_nn_conv2d_add_add_1 |        0.005 |        2148.05 |     62 |
|    9 |                            vm_mod_fused_nn_conv2d_add_clip_12 |        0.006 |        3941.56 |     62 |
|   10 |                             vm_mod_fused_nn_conv2d_add_clip_4 |        0.004 |        6554.65 |     62 |
|   11 |                            vm_mod_fused_nn_conv2d_add_clip_17 |        0.016 |        2580.82 |     62 |
|   12 |                                  vm_mod_fused_nn_conv2d_add_6 |        0.029 |        1049.99 |     62 |
|   13 |                             vm_mod_fused_nn_conv2d_add_clip_9 |        0.003 |         254.12 |     62 |
|   14 |                             vm_mod_fused_nn_conv2d_add_clip_1 |        0.003 |        2480.45 |     62 |
|   15 |                                  vm_mod_fused_nn_conv2d_add_2 |        0.005 |        1517.05 |     62 |
|   16 |                            vm_mod_fused_nn_conv2d_add_clip_13 |        0.004 |         572.94 |     62 |
|   17 |                                vm_mod_fused_nn_conv2d_add_add |        0.006 |        3669.56 |     62 |
|   18 |                             vm_mod_fused_nn_conv2d_add_clip_6 |        0.005 |         494.09 |     62 |
|   19 |                               vm_mod_fused_nn_conv2d_add_clip |        0.004 |        5430.37 |     62 |
|   20 |                              vm_mod_fused_nn_conv2d_add_add_4 |        0.011 |        1387.70 |     62 |
|   21 |                                  vm_mod_fused_nn_conv2d_add_5 |            - |              - |      0 |
|   22 |                             vm_mod_fused_nn_conv2d_add_clip_3 |            - |              - |      0 |
|   23 |                           vm_mod_fused_nn_adaptive_avg_pool2d |            - |              - |      0 |
|   24 |                            vm_mod_fused_nn_conv2d_add_clip_14 |            - |              - |      0 |
|   25 |                              vm_mod_fused_nn_conv2d_add_add_2 |            - |              - |      0 |
|   26 |                             vm_mod_fused_nn_conv2d_add_clip_8 |            - |              - |      0 |
|   27 |                                  vm_mod_fused_nn_conv2d_add_1 |            - |              - |      0 |
|   28 |                            vm_mod_fused_nn_conv2d_add_clip_10 |            - |              - |      0 |
|   29 |                             vm_mod_fused_nn_conv2d_add_clip_5 |            - |              - |      0 |
|   30 |                                  vm_mod_fused_nn_conv2d_add_4 |            - |              - |      0 |
|   31 |                            vm_mod_fused_nn_conv2d_add_clip_15 |            - |              - |      0 |
-----------------------------------------------------------------------------------------------------------------
Estimated total latency: - ms	Trials: 1302	Used time : 2695 s	Next ID: 21	
.T*************************************************************
Time elapsed for measurement: 37.23 s
----------------------------------------------------------------------
------------------------------  [ Train cost model ]
----------------------------------------------------------------------
Time elapsed for training: 5.85 s
----------------------------------------------------------------------
------------------------------  [ Task Scheduler ]
----------------------------------------------------------------------
----------------------------------------------------------------------
------------------------------  [ Search ]
----------------------------------------------------------------------
Generate Sketches		#s: 1
Sample Initial Population	#s: 56	fail_ct: 6088	Time elapsed: 23.50
GA Iter: 0	Max score: 0.9978	Min score: 0.0027	#Pop: 56	#M+: 0	#M-: 0
GA Iter: 4	Max score: 1.0000	Min score: 0.9802	#Pop: 124	#M+: 1396	#M-: 0
EvolutionarySearch		#s: 124	Time elapsed: 112.86
----------------------------------------------------------------------
------------------------------  [ Measure ]
----------------------------------------------------------------------
Get 62 programs to measure:
.............................................................|  ID  |                       Task Description                        | Latency (ms) | Speed (GFLOPS) | Trials |
-----------------------------------------------------------------------------------------------------------------
|    0 |                             vm_mod_fused_nn_conv2d_add_clip_2 |        0.013 |        3258.55 |     62 |
|    1 |                                    vm_mod_fused_nn_conv2d_add |        0.005 |        2508.52 |     62 |
|    2 |                            vm_mod_fused_nn_conv2d_add_clip_11 |        0.004 |         384.03 |     62 |
|    3 |                              vm_mod_fused_nn_conv2d_add_add_3 |        0.010 |        2157.91 |     62 |
|    4 |                             vm_mod_fused_nn_conv2d_add_clip_7 |        0.004 |        2824.26 |     62 |
|    5 |                            vm_mod_fused_nn_conv2d_add_clip_16 |        0.003 |         285.69 |     62 |
|    6 |                                     vm_mod_fused_nn_dense_add |        0.008 |         318.95 |     62 |
|    7 |                                  vm_mod_fused_nn_conv2d_add_3 |        0.005 |        1054.89 |     62 |
|    8 |                              vm_mod_fused_nn_conv2d_add_add_1 |        0.005 |        2148.05 |     62 |
|    9 |                            vm_mod_fused_nn_conv2d_add_clip_12 |        0.006 |        3941.56 |     62 |
|   10 |                             vm_mod_fused_nn_conv2d_add_clip_4 |        0.004 |        6554.65 |     62 |
|   11 |                            vm_mod_fused_nn_conv2d_add_clip_17 |        0.016 |        2580.82 |     62 |
|   12 |                                  vm_mod_fused_nn_conv2d_add_6 |        0.029 |        1049.99 |     62 |
|   13 |                             vm_mod_fused_nn_conv2d_add_clip_9 |        0.003 |         254.12 |     62 |
|   14 |                             vm_mod_fused_nn_conv2d_add_clip_1 |        0.003 |        2480.45 |     62 |
|   15 |                                  vm_mod_fused_nn_conv2d_add_2 |        0.005 |        1517.05 |     62 |
|   16 |                            vm_mod_fused_nn_conv2d_add_clip_13 |        0.004 |         572.94 |     62 |
|   17 |                                vm_mod_fused_nn_conv2d_add_add |        0.006 |        3669.56 |     62 |
|   18 |                             vm_mod_fused_nn_conv2d_add_clip_6 |        0.005 |         494.09 |     62 |
|   19 |                               vm_mod_fused_nn_conv2d_add_clip |        0.004 |        5430.37 |     62 |
|   20 |                              vm_mod_fused_nn_conv2d_add_add_4 |        0.011 |        1387.70 |     62 |
|   21 |                                  vm_mod_fused_nn_conv2d_add_5 |        0.009 |        1052.38 |     62 |
|   22 |                             vm_mod_fused_nn_conv2d_add_clip_3 |            - |              - |      0 |
|   23 |                           vm_mod_fused_nn_adaptive_avg_pool2d |            - |              - |      0 |
|   24 |                            vm_mod_fused_nn_conv2d_add_clip_14 |            - |              - |      0 |
|   25 |                              vm_mod_fused_nn_conv2d_add_add_2 |            - |              - |      0 |
|   26 |                             vm_mod_fused_nn_conv2d_add_clip_8 |            - |              - |      0 |
|   27 |                                  vm_mod_fused_nn_conv2d_add_1 |            - |              - |      0 |
|   28 |                            vm_mod_fused_nn_conv2d_add_clip_10 |            - |              - |      0 |
|   29 |                             vm_mod_fused_nn_conv2d_add_clip_5 |            - |              - |      0 |
|   30 |                                  vm_mod_fused_nn_conv2d_add_4 |            - |              - |      0 |
|   31 |                            vm_mod_fused_nn_conv2d_add_clip_15 |            - |              - |      0 |
-----------------------------------------------------------------------------------------------------------------
Estimated total latency: - ms	Trials: 1364	Used time : 2817 s	Next ID: 22	
.T*************************************************************
Time elapsed for measurement: 38.64 s
----------------------------------------------------------------------
------------------------------  [ Train cost model ]
----------------------------------------------------------------------
Time elapsed for training: 0.00 s
----------------------------------------------------------------------
------------------------------  [ Task Scheduler ]
----------------------------------------------------------------------
----------------------------------------------------------------------
------------------------------  [ Search ]
----------------------------------------------------------------------
Generate Sketches		#s: 1
Sample Initial Population	#s: 445	fail_ct: 1603	Time elapsed: 3.33
GA Iter: 0	Max score: 0.9969	Min score: 0.6943	#Pop: 124	#M+: 0	#M-: 0
GA Iter: 4	Max score: 1.0000	Min score: 0.9817	#Pop: 124	#M+: 1399	#M-: 0
EvolutionarySearch		#s: 124	Time elapsed: 14.78
----------------------------------------------------------------------
------------------------------  [ Measure ]
----------------------------------------------------------------------
Get 62 programs to measure:
..............................................................**************************************************************|  ID  |                       Task Description                        | Latency (ms) | Speed (GFLOPS) | Trials |
-----------------------------------------------------------------------------------------------------------------
|    0 |                             vm_mod_fused_nn_conv2d_add_clip_2 |        0.013 |        3258.55 |     62 |
|    1 |                                    vm_mod_fused_nn_conv2d_add |        0.005 |        2508.52 |     62 |
|    2 |                            vm_mod_fused_nn_conv2d_add_clip_11 |        0.004 |         384.03 |     62 |
|    3 |                              vm_mod_fused_nn_conv2d_add_add_3 |        0.010 |        2157.91 |     62 |
|    4 |                             vm_mod_fused_nn_conv2d_add_clip_7 |        0.004 |        2824.26 |     62 |
|    5 |                            vm_mod_fused_nn_conv2d_add_clip_16 |        0.003 |         285.69 |     62 |
|    6 |                                     vm_mod_fused_nn_dense_add |        0.008 |         318.95 |     62 |
|    7 |                                  vm_mod_fused_nn_conv2d_add_3 |        0.005 |        1054.89 |     62 |
|    8 |                              vm_mod_fused_nn_conv2d_add_add_1 |        0.005 |        2148.05 |     62 |
|    9 |                            vm_mod_fused_nn_conv2d_add_clip_12 |        0.006 |        3941.56 |     62 |
|   10 |                             vm_mod_fused_nn_conv2d_add_clip_4 |        0.004 |        6554.65 |     62 |
|   11 |                            vm_mod_fused_nn_conv2d_add_clip_17 |        0.016 |        2580.82 |     62 |
|   12 |                                  vm_mod_fused_nn_conv2d_add_6 |        0.029 |        1049.99 |     62 |
|   13 |                             vm_mod_fused_nn_conv2d_add_clip_9 |        0.003 |         254.12 |     62 |
|   14 |                             vm_mod_fused_nn_conv2d_add_clip_1 |        0.003 |        2480.45 |     62 |
|   15 |                                  vm_mod_fused_nn_conv2d_add_2 |        0.005 |        1517.05 |     62 |
|   16 |                            vm_mod_fused_nn_conv2d_add_clip_13 |        0.004 |         572.94 |     62 |
|   17 |                                vm_mod_fused_nn_conv2d_add_add |        0.006 |        3669.56 |     62 |
|   18 |                             vm_mod_fused_nn_conv2d_add_clip_6 |        0.005 |         494.09 |     62 |
|   19 |                               vm_mod_fused_nn_conv2d_add_clip |        0.004 |        5430.37 |     62 |
|   20 |                              vm_mod_fused_nn_conv2d_add_add_4 |        0.011 |        1387.70 |     62 |
|   21 |                                  vm_mod_fused_nn_conv2d_add_5 |        0.009 |        1052.38 |     62 |
|   22 |                             vm_mod_fused_nn_conv2d_add_clip_3 |        0.005 |        1191.92 |     62 |
|   23 |                           vm_mod_fused_nn_adaptive_avg_pool2d |            - |              - |      0 |
|   24 |                            vm_mod_fused_nn_conv2d_add_clip_14 |            - |              - |      0 |
|   25 |                              vm_mod_fused_nn_conv2d_add_add_2 |            - |              - |      0 |
|   26 |                             vm_mod_fused_nn_conv2d_add_clip_8 |            - |              - |      0 |
|   27 |                                  vm_mod_fused_nn_conv2d_add_1 |            - |              - |      0 |
|   28 |                            vm_mod_fused_nn_conv2d_add_clip_10 |            - |              - |      0 |
|   29 |                             vm_mod_fused_nn_conv2d_add_clip_5 |            - |              - |      0 |
|   30 |                                  vm_mod_fused_nn_conv2d_add_4 |            - |              - |      0 |
|   31 |                            vm_mod_fused_nn_conv2d_add_clip_15 |            - |              - |      0 |
-----------------------------------------------------------------------------------------------------------------
Estimated total latency: - ms	Trials: 1426	Used time : 2993 s	Next ID: 23	

Time elapsed for measurement: 25.54 s
----------------------------------------------------------------------
------------------------------  [ Train cost model ]
----------------------------------------------------------------------
Time elapsed for training: 0.00 s
----------------------------------------------------------------------
------------------------------  [ Task Scheduler ]
----------------------------------------------------------------------
----------------------------------------------------------------------
------------------------------  [ Search ]
----------------------------------------------------------------------
Generate Sketches		#s: 1
Sample Initial Population	#s: 66	fail_ct: 1982	Time elapsed: 6.19
GA Iter: 0	Max score: 0.9706	Min score: 0.0107	#Pop: 66	#M+: 0	#M-: 0
GA Iter: 4	Max score: 0.9999	Min score: 0.9779	#Pop: 124	#M+: 1398	#M-: 0
EvolutionarySearch		#s: 124	Time elapsed: 89.78
----------------------------------------------------------------------
------------------------------  [ Measure ]
----------------------------------------------------------------------
Get 62 programs to measure:
..............................................................**************************************************************|  ID  |                       Task Description                        | Latency (ms) | Speed (GFLOPS) | Trials |
-----------------------------------------------------------------------------------------------------------------
|    0 |                             vm_mod_fused_nn_conv2d_add_clip_2 |        0.013 |        3258.55 |     62 |
|    1 |                                    vm_mod_fused_nn_conv2d_add |        0.005 |        2508.52 |     62 |
|    2 |                            vm_mod_fused_nn_conv2d_add_clip_11 |        0.004 |         384.03 |     62 |
|    3 |                              vm_mod_fused_nn_conv2d_add_add_3 |        0.010 |        2157.91 |     62 |
|    4 |                             vm_mod_fused_nn_conv2d_add_clip_7 |        0.004 |        2824.26 |     62 |
|    5 |                            vm_mod_fused_nn_conv2d_add_clip_16 |        0.003 |         285.69 |     62 |
|    6 |                                     vm_mod_fused_nn_dense_add |        0.008 |         318.95 |     62 |
|    7 |                                  vm_mod_fused_nn_conv2d_add_3 |        0.005 |        1054.89 |     62 |
|    8 |                              vm_mod_fused_nn_conv2d_add_add_1 |        0.005 |        2148.05 |     62 |
|    9 |                            vm_mod_fused_nn_conv2d_add_clip_12 |        0.006 |        3941.56 |     62 |
|   10 |                             vm_mod_fused_nn_conv2d_add_clip_4 |        0.004 |        6554.65 |     62 |
|   11 |                            vm_mod_fused_nn_conv2d_add_clip_17 |        0.016 |        2580.82 |     62 |
|   12 |                                  vm_mod_fused_nn_conv2d_add_6 |        0.029 |        1049.99 |     62 |
|   13 |                             vm_mod_fused_nn_conv2d_add_clip_9 |        0.003 |         254.12 |     62 |
|   14 |                             vm_mod_fused_nn_conv2d_add_clip_1 |        0.003 |        2480.45 |     62 |
|   15 |                                  vm_mod_fused_nn_conv2d_add_2 |        0.005 |        1517.05 |     62 |
|   16 |                            vm_mod_fused_nn_conv2d_add_clip_13 |        0.004 |         572.94 |     62 |
|   17 |                                vm_mod_fused_nn_conv2d_add_add |        0.006 |        3669.56 |     62 |
|   18 |                             vm_mod_fused_nn_conv2d_add_clip_6 |        0.005 |         494.09 |     62 |
|   19 |                               vm_mod_fused_nn_conv2d_add_clip |        0.004 |        5430.37 |     62 |
|   20 |                              vm_mod_fused_nn_conv2d_add_add_4 |        0.011 |        1387.70 |     62 |
|   21 |                                  vm_mod_fused_nn_conv2d_add_5 |        0.009 |        1052.38 |     62 |
|   22 |                             vm_mod_fused_nn_conv2d_add_clip_3 |        0.005 |        1191.92 |     62 |
|   23 |                           vm_mod_fused_nn_adaptive_avg_pool2d |        0.004 |          -0.00 |     62 |
|   24 |                            vm_mod_fused_nn_conv2d_add_clip_14 |            - |              - |      0 |
|   25 |                              vm_mod_fused_nn_conv2d_add_add_2 |            - |              - |      0 |
|   26 |                             vm_mod_fused_nn_conv2d_add_clip_8 |            - |              - |      0 |
|   27 |                                  vm_mod_fused_nn_conv2d_add_1 |            - |              - |      0 |
|   28 |                            vm_mod_fused_nn_conv2d_add_clip_10 |            - |              - |      0 |
|   29 |                             vm_mod_fused_nn_conv2d_add_clip_5 |            - |              - |      0 |
|   30 |                                  vm_mod_fused_nn_conv2d_add_4 |            - |              - |      0 |
|   31 |                            vm_mod_fused_nn_conv2d_add_clip_15 |            - |              - |      0 |
-----------------------------------------------------------------------------------------------------------------
Estimated total latency: - ms	Trials: 1488	Used time : 3036 s	Next ID: 24	

Time elapsed for measurement: 28.61 s
----------------------------------------------------------------------
------------------------------  [ Train cost model ]
----------------------------------------------------------------------
Time elapsed for training: 0.00 s
----------------------------------------------------------------------
------------------------------  [ Task Scheduler ]
----------------------------------------------------------------------
----------------------------------------------------------------------
------------------------------  [ Search ]
----------------------------------------------------------------------
Generate Sketches		#s: 1
Sample Initial Population	#s: 104	fail_ct: 1944	Time elapsed: 5.51
GA Iter: 0	Max score: 0.9863	Min score: 0.0089	#Pop: 104	#M+: 0	#M-: 0
GA Iter: 4	Max score: 0.9999	Min score: 0.9828	#Pop: 124	#M+: 1385	#M-: 0
EvolutionarySearch		#s: 124	Time elapsed: 77.27
----------------------------------------------------------------------
------------------------------  [ Measure ]
----------------------------------------------------------------------
Get 62 programs to measure:
..............................................................**************************************************************|  ID  |                       Task Description                        | Latency (ms) | Speed (GFLOPS) | Trials |
-----------------------------------------------------------------------------------------------------------------
|    0 |                             vm_mod_fused_nn_conv2d_add_clip_2 |        0.013 |        3258.55 |     62 |
|    1 |                                    vm_mod_fused_nn_conv2d_add |        0.005 |        2508.52 |     62 |
|    2 |                            vm_mod_fused_nn_conv2d_add_clip_11 |        0.004 |         384.03 |     62 |
|    3 |                              vm_mod_fused_nn_conv2d_add_add_3 |        0.010 |        2157.91 |     62 |
|    4 |                             vm_mod_fused_nn_conv2d_add_clip_7 |        0.004 |        2824.26 |     62 |
|    5 |                            vm_mod_fused_nn_conv2d_add_clip_16 |        0.003 |         285.69 |     62 |
|    6 |                                     vm_mod_fused_nn_dense_add |        0.008 |         318.95 |     62 |
|    7 |                                  vm_mod_fused_nn_conv2d_add_3 |        0.005 |        1054.89 |     62 |
|    8 |                              vm_mod_fused_nn_conv2d_add_add_1 |        0.005 |        2148.05 |     62 |
|    9 |                            vm_mod_fused_nn_conv2d_add_clip_12 |        0.006 |        3941.56 |     62 |
|   10 |                             vm_mod_fused_nn_conv2d_add_clip_4 |        0.004 |        6554.65 |     62 |
|   11 |                            vm_mod_fused_nn_conv2d_add_clip_17 |        0.016 |        2580.82 |     62 |
|   12 |                                  vm_mod_fused_nn_conv2d_add_6 |        0.029 |        1049.99 |     62 |
|   13 |                             vm_mod_fused_nn_conv2d_add_clip_9 |        0.003 |         254.12 |     62 |
|   14 |                             vm_mod_fused_nn_conv2d_add_clip_1 |        0.003 |        2480.45 |     62 |
|   15 |                                  vm_mod_fused_nn_conv2d_add_2 |        0.005 |        1517.05 |     62 |
|   16 |                            vm_mod_fused_nn_conv2d_add_clip_13 |        0.004 |         572.94 |     62 |
|   17 |                                vm_mod_fused_nn_conv2d_add_add |        0.006 |        3669.56 |     62 |
|   18 |                             vm_mod_fused_nn_conv2d_add_clip_6 |        0.005 |         494.09 |     62 |
|   19 |                               vm_mod_fused_nn_conv2d_add_clip |        0.004 |        5430.37 |     62 |
|   20 |                              vm_mod_fused_nn_conv2d_add_add_4 |        0.011 |        1387.70 |     62 |
|   21 |                                  vm_mod_fused_nn_conv2d_add_5 |        0.009 |        1052.38 |     62 |
|   22 |                             vm_mod_fused_nn_conv2d_add_clip_3 |        0.005 |        1191.92 |     62 |
|   23 |                           vm_mod_fused_nn_adaptive_avg_pool2d |        0.004 |          -0.00 |     62 |
|   24 |                            vm_mod_fused_nn_conv2d_add_clip_14 |        0.002 |         280.87 |     62 |
|   25 |                              vm_mod_fused_nn_conv2d_add_add_2 |            - |              - |      0 |
|   26 |                             vm_mod_fused_nn_conv2d_add_clip_8 |            - |              - |      0 |
|   27 |                                  vm_mod_fused_nn_conv2d_add_1 |            - |              - |      0 |
|   28 |                            vm_mod_fused_nn_conv2d_add_clip_10 |            - |              - |      0 |
|   29 |                             vm_mod_fused_nn_conv2d_add_clip_5 |            - |              - |      0 |
|   30 |                                  vm_mod_fused_nn_conv2d_add_4 |            - |              - |      0 |
|   31 |                            vm_mod_fused_nn_conv2d_add_clip_15 |            - |              - |      0 |
-----------------------------------------------------------------------------------------------------------------
Estimated total latency: - ms	Trials: 1550	Used time : 3161 s	Next ID: 25	

Time elapsed for measurement: 29.90 s
----------------------------------------------------------------------
------------------------------  [ Train cost model ]
----------------------------------------------------------------------
Time elapsed for training: 0.00 s
----------------------------------------------------------------------
------------------------------  [ Task Scheduler ]
----------------------------------------------------------------------
----------------------------------------------------------------------
------------------------------  [ Search ]
----------------------------------------------------------------------
Generate Sketches		#s: 1
Sample Initial Population	#s: 88	fail_ct: 1960	Time elapsed: 8.06
GA Iter: 0	Max score: 0.9967	Min score: 0.0100	#Pop: 88	#M+: 0	#M-: 0
GA Iter: 4	Max score: 1.0000	Min score: 0.9822	#Pop: 124	#M+: 1384	#M-: 0
EvolutionarySearch		#s: 124	Time elapsed: 122.93
----------------------------------------------------------------------
------------------------------  [ Measure ]
----------------------------------------------------------------------
Get 62 programs to measure:
.............................................................|  ID  |                       Task Description                        | Latency (ms) | Speed (GFLOPS) | Trials |
-----------------------------------------------------------------------------------------------------------------
|    0 |                             vm_mod_fused_nn_conv2d_add_clip_2 |        0.013 |        3258.55 |     62 |
|    1 |                                    vm_mod_fused_nn_conv2d_add |        0.005 |        2508.52 |     62 |
|    2 |                            vm_mod_fused_nn_conv2d_add_clip_11 |        0.004 |         384.03 |     62 |
|    3 |                              vm_mod_fused_nn_conv2d_add_add_3 |        0.010 |        2157.91 |     62 |
|    4 |                             vm_mod_fused_nn_conv2d_add_clip_7 |        0.004 |        2824.26 |     62 |
|    5 |                            vm_mod_fused_nn_conv2d_add_clip_16 |        0.003 |         285.69 |     62 |
|    6 |                                     vm_mod_fused_nn_dense_add |        0.008 |         318.95 |     62 |
|    7 |                                  vm_mod_fused_nn_conv2d_add_3 |        0.005 |        1054.89 |     62 |
|    8 |                              vm_mod_fused_nn_conv2d_add_add_1 |        0.005 |        2148.05 |     62 |
|    9 |                            vm_mod_fused_nn_conv2d_add_clip_12 |        0.006 |        3941.56 |     62 |
|   10 |                             vm_mod_fused_nn_conv2d_add_clip_4 |        0.004 |        6554.65 |     62 |
|   11 |                            vm_mod_fused_nn_conv2d_add_clip_17 |        0.016 |        2580.82 |     62 |
|   12 |                                  vm_mod_fused_nn_conv2d_add_6 |        0.029 |        1049.99 |     62 |
|   13 |                             vm_mod_fused_nn_conv2d_add_clip_9 |        0.003 |         254.12 |     62 |
|   14 |                             vm_mod_fused_nn_conv2d_add_clip_1 |        0.003 |        2480.45 |     62 |
|   15 |                                  vm_mod_fused_nn_conv2d_add_2 |        0.005 |        1517.05 |     62 |
|   16 |                            vm_mod_fused_nn_conv2d_add_clip_13 |        0.004 |         572.94 |     62 |
|   17 |                                vm_mod_fused_nn_conv2d_add_add |        0.006 |        3669.56 |     62 |
|   18 |                             vm_mod_fused_nn_conv2d_add_clip_6 |        0.005 |         494.09 |     62 |
|   19 |                               vm_mod_fused_nn_conv2d_add_clip |        0.004 |        5430.37 |     62 |
|   20 |                              vm_mod_fused_nn_conv2d_add_add_4 |        0.011 |        1387.70 |     62 |
|   21 |                                  vm_mod_fused_nn_conv2d_add_5 |        0.009 |        1052.38 |     62 |
|   22 |                             vm_mod_fused_nn_conv2d_add_clip_3 |        0.005 |        1191.92 |     62 |
|   23 |                           vm_mod_fused_nn_adaptive_avg_pool2d |        0.004 |          -0.00 |     62 |
|   24 |                            vm_mod_fused_nn_conv2d_add_clip_14 |        0.002 |         280.87 |     62 |
|   25 |                              vm_mod_fused_nn_conv2d_add_add_2 |        0.005 |        2079.71 |     62 |
|   26 |                             vm_mod_fused_nn_conv2d_add_clip_8 |            - |              - |      0 |
|   27 |                                  vm_mod_fused_nn_conv2d_add_1 |            - |              - |      0 |
|   28 |                            vm_mod_fused_nn_conv2d_add_clip_10 |            - |              - |      0 |
|   29 |                             vm_mod_fused_nn_conv2d_add_clip_5 |            - |              - |      0 |
|   30 |                                  vm_mod_fused_nn_conv2d_add_4 |            - |              - |      0 |
|   31 |                            vm_mod_fused_nn_conv2d_add_clip_15 |            - |              - |      0 |
-----------------------------------------------------------------------------------------------------------------
Estimated total latency: - ms	Trials: 1612	Used time : 3274 s	Next ID: 26	
.T*************************************************************
Time elapsed for measurement: 34.89 s
----------------------------------------------------------------------
------------------------------  [ Train cost model ]
----------------------------------------------------------------------
Time elapsed for training: 3.19 s
----------------------------------------------------------------------
------------------------------  [ Task Scheduler ]
----------------------------------------------------------------------
----------------------------------------------------------------------
------------------------------  [ Search ]
----------------------------------------------------------------------
Generate Sketches		#s: 1
Sample Initial Population	#s: 75	fail_ct: 1973	Time elapsed: 6.07
GA Iter: 0	Max score: 0.9934	Min score: 0.0021	#Pop: 75	#M+: 0	#M-: 0
GA Iter: 4	Max score: 0.9999	Min score: 0.9817	#Pop: 124	#M+: 1406	#M-: 0
EvolutionarySearch		#s: 124	Time elapsed: 80.25
----------------------------------------------------------------------
------------------------------  [ Measure ]
----------------------------------------------------------------------
Get 62 programs to measure:
.............................................................|  ID  |                       Task Description                        | Latency (ms) | Speed (GFLOPS) | Trials |
-----------------------------------------------------------------------------------------------------------------
|    0 |                             vm_mod_fused_nn_conv2d_add_clip_2 |        0.013 |        3258.55 |     62 |
|    1 |                                    vm_mod_fused_nn_conv2d_add |        0.005 |        2508.52 |     62 |
|    2 |                            vm_mod_fused_nn_conv2d_add_clip_11 |        0.004 |         384.03 |     62 |
|    3 |                              vm_mod_fused_nn_conv2d_add_add_3 |        0.010 |        2157.91 |     62 |
|    4 |                             vm_mod_fused_nn_conv2d_add_clip_7 |        0.004 |        2824.26 |     62 |
|    5 |                            vm_mod_fused_nn_conv2d_add_clip_16 |        0.003 |         285.69 |     62 |
|    6 |                                     vm_mod_fused_nn_dense_add |        0.008 |         318.95 |     62 |
|    7 |                                  vm_mod_fused_nn_conv2d_add_3 |        0.005 |        1054.89 |     62 |
|    8 |                              vm_mod_fused_nn_conv2d_add_add_1 |        0.005 |        2148.05 |     62 |
|    9 |                            vm_mod_fused_nn_conv2d_add_clip_12 |        0.006 |        3941.56 |     62 |
|   10 |                             vm_mod_fused_nn_conv2d_add_clip_4 |        0.004 |        6554.65 |     62 |
|   11 |                            vm_mod_fused_nn_conv2d_add_clip_17 |        0.016 |        2580.82 |     62 |
|   12 |                                  vm_mod_fused_nn_conv2d_add_6 |        0.029 |        1049.99 |     62 |
|   13 |                             vm_mod_fused_nn_conv2d_add_clip_9 |        0.003 |         254.12 |     62 |
|   14 |                             vm_mod_fused_nn_conv2d_add_clip_1 |        0.003 |        2480.45 |     62 |
|   15 |                                  vm_mod_fused_nn_conv2d_add_2 |        0.005 |        1517.05 |     62 |
|   16 |                            vm_mod_fused_nn_conv2d_add_clip_13 |        0.004 |         572.94 |     62 |
|   17 |                                vm_mod_fused_nn_conv2d_add_add |        0.006 |        3669.56 |     62 |
|   18 |                             vm_mod_fused_nn_conv2d_add_clip_6 |        0.005 |         494.09 |     62 |
|   19 |                               vm_mod_fused_nn_conv2d_add_clip |        0.004 |        5430.37 |     62 |
|   20 |                              vm_mod_fused_nn_conv2d_add_add_4 |        0.011 |        1387.70 |     62 |
|   21 |                                  vm_mod_fused_nn_conv2d_add_5 |        0.009 |        1052.38 |     62 |
|   22 |                             vm_mod_fused_nn_conv2d_add_clip_3 |        0.005 |        1191.92 |     62 |
|   23 |                           vm_mod_fused_nn_adaptive_avg_pool2d |        0.004 |          -0.00 |     62 |
|   24 |                            vm_mod_fused_nn_conv2d_add_clip_14 |        0.002 |         280.87 |     62 |
|   25 |                              vm_mod_fused_nn_conv2d_add_add_2 |        0.005 |        2079.71 |     62 |
|   26 |                             vm_mod_fused_nn_conv2d_add_clip_8 |        0.004 |         845.56 |     62 |
|   27 |                                  vm_mod_fused_nn_conv2d_add_1 |            - |              - |      0 |
|   28 |                            vm_mod_fused_nn_conv2d_add_clip_10 |            - |              - |      0 |
|   29 |                             vm_mod_fused_nn_conv2d_add_clip_5 |            - |              - |      0 |
|   30 |                                  vm_mod_fused_nn_conv2d_add_4 |            - |              - |      0 |
|   31 |                            vm_mod_fused_nn_conv2d_add_clip_15 |            - |              - |      0 |
-----------------------------------------------------------------------------------------------------------------
Estimated total latency: - ms	Trials: 1674	Used time : 3443 s	Next ID: 27	
.T*************************************************************
Time elapsed for measurement: 47.83 s
----------------------------------------------------------------------
------------------------------  [ Train cost model ]
----------------------------------------------------------------------
Time elapsed for training: 0.00 s
----------------------------------------------------------------------
------------------------------  [ Task Scheduler ]
----------------------------------------------------------------------
----------------------------------------------------------------------
------------------------------  [ Search ]
----------------------------------------------------------------------
Generate Sketches		#s: 1
Sample Initial Population	#s: 142	fail_ct: 1906	Time elapsed: 6.13
GA Iter: 0	Max score: 0.9974	Min score: 0.0896	#Pop: 124	#M+: 0	#M-: 0
GA Iter: 4	Max score: 0.9999	Min score: 0.9837	#Pop: 124	#M+: 1394	#M-: 0
EvolutionarySearch		#s: 124	Time elapsed: 78.14
----------------------------------------------------------------------
------------------------------  [ Measure ]
----------------------------------------------------------------------
Get 62 programs to measure:
..............................................................**************************************************************|  ID  |                       Task Description                        | Latency (ms) | Speed (GFLOPS) | Trials |
-----------------------------------------------------------------------------------------------------------------
|    0 |                             vm_mod_fused_nn_conv2d_add_clip_2 |        0.013 |        3258.55 |     62 |
|    1 |                                    vm_mod_fused_nn_conv2d_add |        0.005 |        2508.52 |     62 |
|    2 |                            vm_mod_fused_nn_conv2d_add_clip_11 |        0.004 |         384.03 |     62 |
|    3 |                              vm_mod_fused_nn_conv2d_add_add_3 |        0.010 |        2157.91 |     62 |
|    4 |                             vm_mod_fused_nn_conv2d_add_clip_7 |        0.004 |        2824.26 |     62 |
|    5 |                            vm_mod_fused_nn_conv2d_add_clip_16 |        0.003 |         285.69 |     62 |
|    6 |                                     vm_mod_fused_nn_dense_add |        0.008 |         318.95 |     62 |
|    7 |                                  vm_mod_fused_nn_conv2d_add_3 |        0.005 |        1054.89 |     62 |
|    8 |                              vm_mod_fused_nn_conv2d_add_add_1 |        0.005 |        2148.05 |     62 |
|    9 |                            vm_mod_fused_nn_conv2d_add_clip_12 |        0.006 |        3941.56 |     62 |
|   10 |                             vm_mod_fused_nn_conv2d_add_clip_4 |        0.004 |        6554.65 |     62 |
|   11 |                            vm_mod_fused_nn_conv2d_add_clip_17 |        0.016 |        2580.82 |     62 |
|   12 |                                  vm_mod_fused_nn_conv2d_add_6 |        0.029 |        1049.99 |     62 |
|   13 |                             vm_mod_fused_nn_conv2d_add_clip_9 |        0.003 |         254.12 |     62 |
|   14 |                             vm_mod_fused_nn_conv2d_add_clip_1 |        0.003 |        2480.45 |     62 |
|   15 |                                  vm_mod_fused_nn_conv2d_add_2 |        0.005 |        1517.05 |     62 |
|   16 |                            vm_mod_fused_nn_conv2d_add_clip_13 |        0.004 |         572.94 |     62 |
|   17 |                                vm_mod_fused_nn_conv2d_add_add |        0.006 |        3669.56 |     62 |
|   18 |                             vm_mod_fused_nn_conv2d_add_clip_6 |        0.005 |         494.09 |     62 |
|   19 |                               vm_mod_fused_nn_conv2d_add_clip |        0.004 |        5430.37 |     62 |
|   20 |                              vm_mod_fused_nn_conv2d_add_add_4 |        0.011 |        1387.70 |     62 |
|   21 |                                  vm_mod_fused_nn_conv2d_add_5 |        0.009 |        1052.38 |     62 |
|   22 |                             vm_mod_fused_nn_conv2d_add_clip_3 |        0.005 |        1191.92 |     62 |
|   23 |                           vm_mod_fused_nn_adaptive_avg_pool2d |        0.004 |          -0.00 |     62 |
|   24 |                            vm_mod_fused_nn_conv2d_add_clip_14 |        0.002 |         280.87 |     62 |
|   25 |                              vm_mod_fused_nn_conv2d_add_add_2 |        0.005 |        2079.71 |     62 |
|   26 |                             vm_mod_fused_nn_conv2d_add_clip_8 |        0.004 |         845.56 |     62 |
|   27 |                                  vm_mod_fused_nn_conv2d_add_1 |        0.004 |        3318.41 |     62 |
|   28 |                            vm_mod_fused_nn_conv2d_add_clip_10 |            - |              - |      0 |
|   29 |                             vm_mod_fused_nn_conv2d_add_clip_5 |            - |              - |      0 |
|   30 |                                  vm_mod_fused_nn_conv2d_add_4 |            - |              - |      0 |
|   31 |                            vm_mod_fused_nn_conv2d_add_clip_15 |            - |              - |      0 |
-----------------------------------------------------------------------------------------------------------------
Estimated total latency: - ms	Trials: 1736	Used time : 3578 s	Next ID: 28	

Time elapsed for measurement: 36.89 s
----------------------------------------------------------------------
------------------------------  [ Train cost model ]
----------------------------------------------------------------------
Time elapsed for training: 0.00 s
----------------------------------------------------------------------
------------------------------  [ Task Scheduler ]
----------------------------------------------------------------------
----------------------------------------------------------------------
------------------------------  [ Search ]
----------------------------------------------------------------------
Generate Sketches		#s: 1
Sample Initial Population	#s: 51	fail_ct: 1997	Time elapsed: 8.44
GA Iter: 0	Max score: 0.9971	Min score: 0.0044	#Pop: 51	#M+: 0	#M-: 0
GA Iter: 4	Max score: 0.9998	Min score: 0.9820	#Pop: 124	#M+: 1385	#M-: 0
EvolutionarySearch		#s: 124	Time elapsed: 131.94
----------------------------------------------------------------------
------------------------------  [ Measure ]
----------------------------------------------------------------------
Get 62 programs to measure:
..............................................................**************************************************************|  ID  |                       Task Description                        | Latency (ms) | Speed (GFLOPS) | Trials |
-----------------------------------------------------------------------------------------------------------------
|    0 |                             vm_mod_fused_nn_conv2d_add_clip_2 |        0.013 |        3258.55 |     62 |
|    1 |                                    vm_mod_fused_nn_conv2d_add |        0.005 |        2508.52 |     62 |
|    2 |                            vm_mod_fused_nn_conv2d_add_clip_11 |        0.004 |         384.03 |     62 |
|    3 |                              vm_mod_fused_nn_conv2d_add_add_3 |        0.010 |        2157.91 |     62 |
|    4 |                             vm_mod_fused_nn_conv2d_add_clip_7 |        0.004 |        2824.26 |     62 |
|    5 |                            vm_mod_fused_nn_conv2d_add_clip_16 |        0.003 |         285.69 |     62 |
|    6 |                                     vm_mod_fused_nn_dense_add |        0.008 |         318.95 |     62 |
|    7 |                                  vm_mod_fused_nn_conv2d_add_3 |        0.005 |        1054.89 |     62 |
|    8 |                              vm_mod_fused_nn_conv2d_add_add_1 |        0.005 |        2148.05 |     62 |
|    9 |                            vm_mod_fused_nn_conv2d_add_clip_12 |        0.006 |        3941.56 |     62 |
|   10 |                             vm_mod_fused_nn_conv2d_add_clip_4 |        0.004 |        6554.65 |     62 |
|   11 |                            vm_mod_fused_nn_conv2d_add_clip_17 |        0.016 |        2580.82 |     62 |
|   12 |                                  vm_mod_fused_nn_conv2d_add_6 |        0.029 |        1049.99 |     62 |
|   13 |                             vm_mod_fused_nn_conv2d_add_clip_9 |        0.003 |         254.12 |     62 |
|   14 |                             vm_mod_fused_nn_conv2d_add_clip_1 |        0.003 |        2480.45 |     62 |
|   15 |                                  vm_mod_fused_nn_conv2d_add_2 |        0.005 |        1517.05 |     62 |
|   16 |                            vm_mod_fused_nn_conv2d_add_clip_13 |        0.004 |         572.94 |     62 |
|   17 |                                vm_mod_fused_nn_conv2d_add_add |        0.006 |        3669.56 |     62 |
|   18 |                             vm_mod_fused_nn_conv2d_add_clip_6 |        0.005 |         494.09 |     62 |
|   19 |                               vm_mod_fused_nn_conv2d_add_clip |        0.004 |        5430.37 |     62 |
|   20 |                              vm_mod_fused_nn_conv2d_add_add_4 |        0.011 |        1387.70 |     62 |
|   21 |                                  vm_mod_fused_nn_conv2d_add_5 |        0.009 |        1052.38 |     62 |
|   22 |                             vm_mod_fused_nn_conv2d_add_clip_3 |        0.005 |        1191.92 |     62 |
|   23 |                           vm_mod_fused_nn_adaptive_avg_pool2d |        0.004 |          -0.00 |     62 |
|   24 |                            vm_mod_fused_nn_conv2d_add_clip_14 |        0.002 |         280.87 |     62 |
|   25 |                              vm_mod_fused_nn_conv2d_add_add_2 |        0.005 |        2079.71 |     62 |
|   26 |                             vm_mod_fused_nn_conv2d_add_clip_8 |        0.004 |         845.56 |     62 |
|   27 |                                  vm_mod_fused_nn_conv2d_add_1 |        0.004 |        3318.41 |     62 |
|   28 |                            vm_mod_fused_nn_conv2d_add_clip_10 |        0.005 |        2052.94 |     62 |
|   29 |                             vm_mod_fused_nn_conv2d_add_clip_5 |            - |              - |      0 |
|   30 |                                  vm_mod_fused_nn_conv2d_add_4 |            - |              - |      0 |
|   31 |                            vm_mod_fused_nn_conv2d_add_clip_15 |            - |              - |      0 |
-----------------------------------------------------------------------------------------------------------------
Estimated total latency: - ms	Trials: 1798	Used time : 3699 s	Next ID: 29	

Time elapsed for measurement: 39.15 s
----------------------------------------------------------------------
------------------------------  [ Train cost model ]
----------------------------------------------------------------------
Time elapsed for training: 0.00 s
----------------------------------------------------------------------
------------------------------  [ Task Scheduler ]
----------------------------------------------------------------------
----------------------------------------------------------------------
------------------------------  [ Search ]
----------------------------------------------------------------------
Generate Sketches		#s: 1
Sample Initial Population	#s: 81	fail_ct: 1967	Time elapsed: 5.70
GA Iter: 0	Max score: 0.9983	Min score: 0.0039	#Pop: 81	#M+: 0	#M-: 0
GA Iter: 4	Max score: 1.0000	Min score: 0.9788	#Pop: 124	#M+: 1389	#M-: 0
EvolutionarySearch		#s: 124	Time elapsed: 78.98
----------------------------------------------------------------------
------------------------------  [ Measure ]
----------------------------------------------------------------------
Get 62 programs to measure:
..............................................................**************************************************************|  ID  |                       Task Description                        | Latency (ms) | Speed (GFLOPS) | Trials |
-----------------------------------------------------------------------------------------------------------------
|    0 |                             vm_mod_fused_nn_conv2d_add_clip_2 |        0.013 |        3258.55 |     62 |
|    1 |                                    vm_mod_fused_nn_conv2d_add |        0.005 |        2508.52 |     62 |
|    2 |                            vm_mod_fused_nn_conv2d_add_clip_11 |        0.004 |         384.03 |     62 |
|    3 |                              vm_mod_fused_nn_conv2d_add_add_3 |        0.010 |        2157.91 |     62 |
|    4 |                             vm_mod_fused_nn_conv2d_add_clip_7 |        0.004 |        2824.26 |     62 |
|    5 |                            vm_mod_fused_nn_conv2d_add_clip_16 |        0.003 |         285.69 |     62 |
|    6 |                                     vm_mod_fused_nn_dense_add |        0.008 |         318.95 |     62 |
|    7 |                                  vm_mod_fused_nn_conv2d_add_3 |        0.005 |        1054.89 |     62 |
|    8 |                              vm_mod_fused_nn_conv2d_add_add_1 |        0.005 |        2148.05 |     62 |
|    9 |                            vm_mod_fused_nn_conv2d_add_clip_12 |        0.006 |        3941.56 |     62 |
|   10 |                             vm_mod_fused_nn_conv2d_add_clip_4 |        0.004 |        6554.65 |     62 |
|   11 |                            vm_mod_fused_nn_conv2d_add_clip_17 |        0.016 |        2580.82 |     62 |
|   12 |                                  vm_mod_fused_nn_conv2d_add_6 |        0.029 |        1049.99 |     62 |
|   13 |                             vm_mod_fused_nn_conv2d_add_clip_9 |        0.003 |         254.12 |     62 |
|   14 |                             vm_mod_fused_nn_conv2d_add_clip_1 |        0.003 |        2480.45 |     62 |
|   15 |                                  vm_mod_fused_nn_conv2d_add_2 |        0.005 |        1517.05 |     62 |
|   16 |                            vm_mod_fused_nn_conv2d_add_clip_13 |        0.004 |         572.94 |     62 |
|   17 |                                vm_mod_fused_nn_conv2d_add_add |        0.006 |        3669.56 |     62 |
|   18 |                             vm_mod_fused_nn_conv2d_add_clip_6 |        0.005 |         494.09 |     62 |
|   19 |                               vm_mod_fused_nn_conv2d_add_clip |        0.004 |        5430.37 |     62 |
|   20 |                              vm_mod_fused_nn_conv2d_add_add_4 |        0.011 |        1387.70 |     62 |
|   21 |                                  vm_mod_fused_nn_conv2d_add_5 |        0.009 |        1052.38 |     62 |
|   22 |                             vm_mod_fused_nn_conv2d_add_clip_3 |        0.005 |        1191.92 |     62 |
|   23 |                           vm_mod_fused_nn_adaptive_avg_pool2d |        0.004 |          -0.00 |     62 |
|   24 |                            vm_mod_fused_nn_conv2d_add_clip_14 |        0.002 |         280.87 |     62 |
|   25 |                              vm_mod_fused_nn_conv2d_add_add_2 |        0.005 |        2079.71 |     62 |
|   26 |                             vm_mod_fused_nn_conv2d_add_clip_8 |        0.004 |         845.56 |     62 |
|   27 |                                  vm_mod_fused_nn_conv2d_add_1 |        0.004 |        3318.41 |     62 |
|   28 |                            vm_mod_fused_nn_conv2d_add_clip_10 |        0.005 |        2052.94 |     62 |
|   29 |                             vm_mod_fused_nn_conv2d_add_clip_5 |        0.005 |        1977.26 |     62 |
|   30 |                                  vm_mod_fused_nn_conv2d_add_4 |            - |              - |      0 |
|   31 |                            vm_mod_fused_nn_conv2d_add_clip_15 |            - |              - |      0 |
-----------------------------------------------------------------------------------------------------------------
Estimated total latency: - ms	Trials: 1860	Used time : 3879 s	Next ID: 30	

Time elapsed for measurement: 29.14 s
----------------------------------------------------------------------
------------------------------  [ Train cost model ]
----------------------------------------------------------------------
Time elapsed for training: 0.00 s
----------------------------------------------------------------------
------------------------------  [ Task Scheduler ]
----------------------------------------------------------------------
----------------------------------------------------------------------
------------------------------  [ Search ]
----------------------------------------------------------------------
Generate Sketches		#s: 1
Sample Initial Population	#s: 107	fail_ct: 1941	Time elapsed: 5.93
GA Iter: 0	Max score: 0.9804	Min score: 0.0032	#Pop: 107	#M+: 0	#M-: 0
GA Iter: 4	Max score: 1.0000	Min score: 0.9791	#Pop: 124	#M+: 1397	#M-: 0
EvolutionarySearch		#s: 124	Time elapsed: 73.35
----------------------------------------------------------------------
------------------------------  [ Measure ]
----------------------------------------------------------------------
Get 62 programs to measure:
..............................................................********************************************************Eterminate called after throwing an instance of 'tvm::runtime::InternalError'
  what():  [15:32:23] /data3/qsy/complier/tlm/src/runtime/cuda/cuda_module.cc:61: CUDAError: cuModuleUnload(module_[i]) failed with error: CUDA_ERROR_MISALIGNED_ADDRESS
Stack trace:
  0: tvm::runtime::SimpleObjAllocator::Handler<tvm::runtime::CUDAModuleNode>::Deleter_(tvm::runtime::Object*)
  1: tvm::runtime::SimpleObjAllocator::Handler<tvm::runtime::LibraryModuleNode>::Deleter_(tvm::runtime::Object*)
  2: _ZN3tvm7runtime18SimpleObjAllocator7HandlerINS0_16PackedFuncS
  3: _ZN3tvm7runtime18SimpleObjAllocator7HandlerINS0_16PackedFuncSubObjIZNS0_9profiling17WrapTimeE
  4: TVMObjectFree
  5: __pyx_tp_dealloc_3tvm_4_ffi_4_cy3_4core_PackedFuncBase(_object*)
  6: subtype_dealloc
        at /usr/local/src/conda/python-3.10.18/Objects/typeobject.c:1460
  7: _Py_DECREF
        at /usr/local/src/conda/python-3.10.18/Include/object.h:500
  8: _Py_XDECREF
        at /usr/local/src/conda/python-3.10.18/Include/object.h:567
  9: cell_dealloc
        at /usr/local/src/conda/python-3.10.18/Objects/cellobject.c:82
  10: _Py_Dealloc
        at /usr/local/src/conda/python-3.10.18/Objects/object.c:2301
  11: _Py_DECREF
        at /usr/local/src/conda/python-3.10.18/Include/object.h:500
  12: _Py_XDECREF
        at /usr/local/src/conda/python-3.10.18/Include/object.h:567
  13: tupledealloc
        at /usr/local/src/conda/python-3.10.18/Objects/tupleobject.c:276
  14: _Py_Dealloc
        at /usr/local/src/conda/python-3.10.18/Objects/object.c:2301
  15: _Py_DECREF
        at /usr/local/src/conda/python-3.10.18/Include/object.h:500
  16: func_clear
        at /usr/local/src/conda/python-3.10.18/Objects/funcobject.c:636
  17: func_dealloc
        at /usr/local/src/conda/python-3.10.18/Objects/funcobject.c:648
  18: _Py_Dealloc
        at /usr/local/src/conda/python-3.10.18/Objects/object.c:2301
  19: _Py_DECREF
        at /usr/local/src/conda/python-3.10.18/Include/object.h:500
  20: frame_dealloc
        at /usr/local/src/conda/python-3.10.18/Objects/frameobject.c:591
  21: _Py_Dealloc
        at /usr/local/src/conda/python-3.10.18/Objects/object.c:2301
  22: _Py_DECREF
        at /usr/local/src/conda/python-3.10.18/Include/object.h:500
  23: _PyEval_Vector
        at /usr/local/src/conda/python-3.10.18/Python/ceval.c:5080
  24: _PyFunction_Vectorcall
        at /usr/local/src/conda/python-3.10.18/Objects/call.c:342
  25: do_call_core
        at /usr/local/src/conda/python-3.10.18/Python/ceval.c:5945
  26: _PyEval_EvalFrameDefault
        at /usr/local/src/conda/python-3.10.18/Python/ceval.c:4277
  27: _PyEval_EvalFrame
        at /usr/local/src/conda/python-3.10.18/Include/internal/pycore_ceval.h:46
  28: _PyEval_Vector
        at /usr/local/src/conda/python-3.10.18/Python/ceval.c:5067
  29: _PyFunction_Vectorcall
        at /usr/local/src/conda/python-3.10.18/Objects/call.c:342
  30: _PyObject_VectorcallTstate
        at /usr/local/src/conda/python-3.10.18/Include/cpython/abstract.h:114
  31: PyObject_Vectorcall
        at /usr/local/src/conda/python-3.10.18/Include/cpython/abstract.h:123
  32: call_function
        at /usr/local/src/conda/python-3.10.18/Python/ceval.c:5893
  33: _PyEval_EvalFrameDefault
        at /usr/local/src/conda/python-3.10.18/Python/ceval.c:4213
  34: _PyEval_EvalFrame
        at /usr/local/src/conda/python-3.10.18/Include/internal/pycore_ceval.h:46
  35: _PyEval_Vector
        at /usr/local/src/conda/python-3.10.18/Python/ceval.c:5067
  36: PyEval_EvalCode
        at /usr/local/src/conda/python-3.10.18/Python/ceval.c:1134
  37: builtin_exec_impl
        at /usr/local/src/conda/python-3.10.18/Python/bltinmodule.c:1058
  38: builtin_exec
        at /usr/local/src/conda/python-3.10.18/Python/clinic/bltinmodule.c.h:371
  39: cfunction_vectorcall_FASTCALL
        at /usr/local/src/conda/python-3.10.18/Objects/methodobject.c:430
  40: _PyObject_VectorcallTstate
        at /usr/local/src/conda/python-3.10.18/Include/cpython/abstract.h:114
  41: PyObject_Vectorcall
        at /usr/local/src/conda/python-3.10.18/Include/cpython/abstract.h:123
  42: call_function
        at /usr/local/src/conda/python-3.10.18/Python/ceval.c:5893
  43: _PyEval_EvalFrameDefault
        at /usr/local/src/conda/python-3.10.18/Python/ceval.c:4213
  44: _PyEval_EvalFrame
        at /usr/local/src/conda/python-3.10.18/Include/internal/pycore_ceval.h:46
  45: _PyEval_Vector
        at /usr/local/src/conda/python-3.10.18/Python/ceval.c:5067
  46: _PyFunction_Vectorcall
        at /usr/local/src/conda/python-3.10.18/Objects/call.c:342
  47: _PyObject_VectorcallTstate
        at /usr/local/src/conda/python-3.10.18/Include/cpython/abstract.h:114
  48: PyObject_Vectorcall
        at /usr/local/src/conda/python-3.10.18/Include/cpython/abstract.h:123
  49: call_function
        at /usr/local/src/conda/python-3.10.18/Python/ceval.c:5893
  50: _PyEval_EvalFrameDefault
        at /usr/local/src/conda/python-3.10.18/Python/ceval.c:4213
  51: _PyEval_EvalFrame
        at /usr/local/src/conda/python-3.10.18/Include/internal/pycore_ceval.h:46
  52: _PyEval_Vector
        at /usr/local/src/conda/python-3.10.18/Python/ceval.c:5067
  53: _PyFunction_Vectorcall
        at /usr/local/src/conda/python-3.10.18/Objects/call.c:342
  54: pymain_run_module
        at /usr/local/src/conda/python-3.10.18/Modules/main.c:297
  55: pymain_run_python
        at /usr/local/src/conda/python-3.10.18/Modules/main.c:589
  56: Py_RunMain
        at /usr/local/src/conda/python-3.10.18/Modules/main.c:674
  57: Py_BytesMain
        at /usr/local/src/conda/python-3.10.18/Modules/main.c:1094
  58: __libc_start_main
        at ../csu/libc-start.c:308
  59: 0x000000000058728d
  60: 0xffffffffffffffff


|  ID  |                       Task Description                        | Latency (ms) | Speed (GFLOPS) | Trials |
-----------------------------------------------------------------------------------------------------------------
|    0 |                             vm_mod_fused_nn_conv2d_add_clip_2 |        0.013 |        3258.55 |     62 |
|    1 |                                    vm_mod_fused_nn_conv2d_add |        0.005 |        2508.52 |     62 |
|    2 |                            vm_mod_fused_nn_conv2d_add_clip_11 |        0.004 |         384.03 |     62 |
|    3 |                              vm_mod_fused_nn_conv2d_add_add_3 |        0.010 |        2157.91 |     62 |
|    4 |                             vm_mod_fused_nn_conv2d_add_clip_7 |        0.004 |        2824.26 |     62 |
|    5 |                            vm_mod_fused_nn_conv2d_add_clip_16 |        0.003 |         285.69 |     62 |
|    6 |                                     vm_mod_fused_nn_dense_add |        0.008 |         318.95 |     62 |
|    7 |                                  vm_mod_fused_nn_conv2d_add_3 |        0.005 |        1054.89 |     62 |
|    8 |                              vm_mod_fused_nn_conv2d_add_add_1 |        0.005 |        2148.05 |     62 |
|    9 |                            vm_mod_fused_nn_conv2d_add_clip_12 |        0.006 |        3941.56 |     62 |
|   10 |                             vm_mod_fused_nn_conv2d_add_clip_4 |        0.004 |        6554.65 |     62 |
|   11 |                            vm_mod_fused_nn_conv2d_add_clip_17 |        0.016 |        2580.82 |     62 |
|   12 |                                  vm_mod_fused_nn_conv2d_add_6 |        0.029 |        1049.99 |     62 |
|   13 |                             vm_mod_fused_nn_conv2d_add_clip_9 |        0.003 |         254.12 |     62 |
|   14 |                             vm_mod_fused_nn_conv2d_add_clip_1 |        0.003 |        2480.45 |     62 |
|   15 |                                  vm_mod_fused_nn_conv2d_add_2 |        0.005 |        1517.05 |     62 |
|   16 |                            vm_mod_fused_nn_conv2d_add_clip_13 |        0.004 |         572.94 |     62 |
|   17 |                                vm_mod_fused_nn_conv2d_add_add |        0.006 |        3669.56 |     62 |
|   18 |                             vm_mod_fused_nn_conv2d_add_clip_6 |        0.005 |         494.09 |     62 |
|   19 |                               vm_mod_fused_nn_conv2d_add_clip |        0.004 |        5430.37 |     62 |
|   20 |                              vm_mod_fused_nn_conv2d_add_add_4 |        0.011 |        1387.70 |     62 |
|   21 |                                  vm_mod_fused_nn_conv2d_add_5 |        0.009 |        1052.38 |     62 |
|   22 |                             vm_mod_fused_nn_conv2d_add_clip_3 |        0.005 |        1191.92 |     62 |
|   23 |                           vm_mod_fused_nn_adaptive_avg_pool2d |        0.004 |          -0.00 |     62 |
|   24 |                            vm_mod_fused_nn_conv2d_add_clip_14 |        0.002 |         280.87 |     62 |
|   25 |                              vm_mod_fused_nn_conv2d_add_add_2 |        0.005 |        2079.71 |     62 |
|   26 |                             vm_mod_fused_nn_conv2d_add_clip_8 |        0.004 |         845.56 |     62 |
|   27 |                                  vm_mod_fused_nn_conv2d_add_1 |        0.004 |        3318.41 |     62 |
|   28 |                            vm_mod_fused_nn_conv2d_add_clip_10 |        0.005 |        2052.94 |     62 |
|   29 |                             vm_mod_fused_nn_conv2d_add_clip_5 |        0.005 |        1977.26 |     62 |
|   30 |                                  vm_mod_fused_nn_conv2d_add_4 |        0.008 |        1819.65 |     62 |
|   31 |                            vm_mod_fused_nn_conv2d_add_clip_15 |            - |              - |      0 |
-----------------------------------------------------------------------------------------------------------------
Estimated total latency: - ms	Trials: 1922	Used time : 3993 s	Next ID: 31	
*E******
Time elapsed for measurement: 32.69 s
----------------------------------------------------------------------
------------------------------  [ Train cost model ]
----------------------------------------------------------------------
Time elapsed for training: 0.00 s
----------------------------------------------------------------------
------------------------------  [ Task Scheduler ]
----------------------------------------------------------------------
----------------------------------------------------------------------
------------------------------  [ Search ]
----------------------------------------------------------------------
Sample Initial Population	#s: 88	fail_ct: 1960	Time elapsed: 5.38
GA Iter: 0	Max score: 0.9819	Min score: 0.0139	#Pop: 88	#M+: 0	#M-: 0
GA Iter: 4	Max score: 1.0000	Min score: 0.9780	#Pop: 124	#M+: 1397	#M-: 0
EvolutionarySearch		#s: 124	Time elapsed: 72.43
----------------------------------------------------------------------
------------------------------  [ Measure ]
----------------------------------------------------------------------
Get 62 programs to measure:
..............................................................*************Eterminate called after throwing an instance of 'tvm::runtime::InternalError'
  what():  [15:34:05] /data3/qsy/complier/tlm/src/runtime/cuda/cuda_module.cc:61: CUDAError: cuModuleUnload(module_[i]) failed with error: CUDA_ERROR_MISALIGNED_ADDRESS
Stack trace:
  0: tvm::runtime::SimpleObjAllocator::Handler<tvm::runtime::CUDAModuleNode>::Deleter_(tvm::runtime::Object*)
  1: tvm::runtime::SimpleObjAllocator::Handler<tvm::runtime::LibraryModuleNode>::Deleter_(tvm::runtime::Object*)
  2: _ZN3tvm7runtime18SimpleObjAllocator7HandlerINS0_16PackedFuncS
  3: _ZN3tvm7runtime18SimpleObjAllocator7HandlerINS0_16PackedFuncSubObjIZNS0_9profiling17WrapTimeE
  4: TVMObjectFree
  5: __pyx_tp_dealloc_3tvm_4_ffi_4_cy3_4core_PackedFuncBase(_object*)
  6: subtype_dealloc
        at /usr/local/src/conda/python-3.10.18/Objects/typeobject.c:1460
  7: _Py_DECREF
        at /usr/local/src/conda/python-3.10.18/Include/object.h:500
  8: _Py_XDECREF
        at /usr/local/src/conda/python-3.10.18/Include/object.h:567
  9: cell_dealloc
        at /usr/local/src/conda/python-3.10.18/Objects/cellobject.c:82
  10: _Py_Dealloc
        at /usr/local/src/conda/python-3.10.18/Objects/object.c:2301
  11: _Py_DECREF
        at /usr/local/src/conda/python-3.10.18/Include/object.h:500
  12: _Py_XDECREF
        at /usr/local/src/conda/python-3.10.18/Include/object.h:567
  13: tupledealloc
        at /usr/local/src/conda/python-3.10.18/Objects/tupleobject.c:276
  14: _Py_Dealloc
        at /usr/local/src/conda/python-3.10.18/Objects/object.c:2301
  15: _Py_DECREF
        at /usr/local/src/conda/python-3.10.18/Include/object.h:500
  16: func_clear
        at /usr/local/src/conda/python-3.10.18/Objects/funcobject.c:636
  17: func_dealloc
        at /usr/local/src/conda/python-3.10.18/Objects/funcobject.c:648
  18: _Py_Dealloc
        at /usr/local/src/conda/python-3.10.18/Objects/object.c:2301
  19: _Py_DECREF
        at /usr/local/src/conda/python-3.10.18/Include/object.h:500
  20: frame_dealloc
        at /usr/local/src/conda/python-3.10.18/Objects/frameobject.c:591
  21: _Py_Dealloc
        at /usr/local/src/conda/python-3.10.18/Objects/object.c:2301
  22: _Py_DECREF
        at /usr/local/src/conda/python-3.10.18/Include/object.h:500
  23: _PyEval_Vector
        at /usr/local/src/conda/python-3.10.18/Python/ceval.c:5080
  24: _PyFunction_Vectorcall
        at /usr/local/src/conda/python-3.10.18/Objects/call.c:342
  25: do_call_core
        at /usr/local/src/conda/python-3.10.18/Python/ceval.c:5945
  26: _PyEval_EvalFrameDefault
        at /usr/local/src/conda/python-3.10.18/Python/ceval.c:4277
  27: _PyEval_EvalFrame
        at /usr/local/src/conda/python-3.10.18/Include/internal/pycore_ceval.h:46
  28: _PyEval_Vector
        at /usr/local/src/conda/python-3.10.18/Python/ceval.c:5067
  29: _PyFunction_Vectorcall
        at /usr/local/src/conda/python-3.10.18/Objects/call.c:342
  30: _PyObject_VectorcallTstate
        at /usr/local/src/conda/python-3.10.18/Include/cpython/abstract.h:114
  31: PyObject_Vectorcall
        at /usr/local/src/conda/python-3.10.18/Include/cpython/abstract.h:123
  32: call_function
        at /usr/local/src/conda/python-3.10.18/Python/ceval.c:5893
  33: _PyEval_EvalFrameDefault
        at /usr/local/src/conda/python-3.10.18/Python/ceval.c:4213
  34: _PyEval_EvalFrame
        at /usr/local/src/conda/python-3.10.18/Include/internal/pycore_ceval.h:46
  35: _PyEval_Vector
        at /usr/local/src/conda/python-3.10.18/Python/ceval.c:5067
  36: PyEval_EvalCode
        at /usr/local/src/conda/python-3.10.18/Python/ceval.c:1134
  37: builtin_exec_impl
        at /usr/local/src/conda/python-3.10.18/Python/bltinmodule.c:1058
  38: builtin_exec
        at /usr/local/src/conda/python-3.10.18/Python/clinic/bltinmodule.c.h:371
  39: cfunction_vectorcall_FASTCALL
        at /usr/local/src/conda/python-3.10.18/Objects/methodobject.c:430
  40: _PyObject_VectorcallTstate
        at /usr/local/src/conda/python-3.10.18/Include/cpython/abstract.h:114
  41: PyObject_Vectorcall
        at /usr/local/src/conda/python-3.10.18/Include/cpython/abstract.h:123
  42: call_function
        at /usr/local/src/conda/python-3.10.18/Python/ceval.c:5893
  43: _PyEval_EvalFrameDefault
        at /usr/local/src/conda/python-3.10.18/Python/ceval.c:4213
  44: _PyEval_EvalFrame
        at /usr/local/src/conda/python-3.10.18/Include/internal/pycore_ceval.h:46
  45: _PyEval_Vector
        at /usr/local/src/conda/python-3.10.18/Python/ceval.c:5067
  46: _PyFunction_Vectorcall
        at /usr/local/src/conda/python-3.10.18/Objects/call.c:342
  47: _PyObject_VectorcallTstate
        at /usr/local/src/conda/python-3.10.18/Include/cpython/abstract.h:114
  48: PyObject_Vectorcall
        at /usr/local/src/conda/python-3.10.18/Include/cpython/abstract.h:123
  49: call_function
        at /usr/local/src/conda/python-3.10.18/Python/ceval.c:5893
  50: _PyEval_EvalFrameDefault
        at /usr/local/src/conda/python-3.10.18/Python/ceval.c:4213
  51: _PyEval_EvalFrame
        at /usr/local/src/conda/python-3.10.18/Include/internal/pycore_ceval.h:46
  52: _PyEval_Vector
        at /usr/local/src/conda/python-3.10.18/Python/ceval.c:5067
  53: _PyFunction_Vectorcall
        at /usr/local/src/conda/python-3.10.18/Objects/call.c:342
  54: pymain_run_module
        at /usr/local/src/conda/python-3.10.18/Modules/main.c:297
  55: pymain_run_python
        at /usr/local/src/conda/python-3.10.18/Modules/main.c:589
  56: Py_RunMain
        at /usr/local/src/conda/python-3.10.18/Modules/main.c:674
  57: Py_BytesMain
        at /usr/local/src/conda/python-3.10.18/Modules/main.c:1094
  58: __libc_start_main
        at ../csu/libc-start.c:308
  59: 0x000000000058728d
  60: 0xffffffffffffffff


|  ID  |                       Task Description                        | Latency (ms) | Speed (GFLOPS) | Trials |
-----------------------------------------------------------------------------------------------------------------
|    0 |                             vm_mod_fused_nn_conv2d_add_clip_2 |        0.013 |        3258.55 |     62 |
|    1 |                                    vm_mod_fused_nn_conv2d_add |        0.005 |        2508.52 |     62 |
|    2 |                            vm_mod_fused_nn_conv2d_add_clip_11 |        0.004 |         384.03 |     62 |
|    3 |                              vm_mod_fused_nn_conv2d_add_add_3 |        0.010 |        2157.91 |     62 |
|    4 |                             vm_mod_fused_nn_conv2d_add_clip_7 |        0.004 |        2824.26 |     62 |
|    5 |                            vm_mod_fused_nn_conv2d_add_clip_16 |        0.003 |         285.69 |     62 |
|    6 |                                     vm_mod_fused_nn_dense_add |        0.008 |         318.95 |     62 |
|    7 |                                  vm_mod_fused_nn_conv2d_add_3 |        0.005 |        1054.89 |     62 |
|    8 |                              vm_mod_fused_nn_conv2d_add_add_1 |        0.005 |        2148.05 |     62 |
|    9 |                            vm_mod_fused_nn_conv2d_add_clip_12 |        0.006 |        3941.56 |     62 |
|   10 |                             vm_mod_fused_nn_conv2d_add_clip_4 |        0.004 |        6554.65 |     62 |
|   11 |                            vm_mod_fused_nn_conv2d_add_clip_17 |        0.016 |        2580.82 |     62 |
|   12 |                                  vm_mod_fused_nn_conv2d_add_6 |        0.029 |        1049.99 |     62 |
|   13 |                             vm_mod_fused_nn_conv2d_add_clip_9 |        0.003 |         254.12 |     62 |
|   14 |                             vm_mod_fused_nn_conv2d_add_clip_1 |        0.003 |        2480.45 |     62 |
|   15 |                                  vm_mod_fused_nn_conv2d_add_2 |        0.005 |        1517.05 |     62 |
|   16 |                            vm_mod_fused_nn_conv2d_add_clip_13 |        0.004 |         572.94 |     62 |
|   17 |                                vm_mod_fused_nn_conv2d_add_add |        0.006 |        3669.56 |     62 |
|   18 |                             vm_mod_fused_nn_conv2d_add_clip_6 |        0.005 |         494.09 |     62 |
|   19 |                               vm_mod_fused_nn_conv2d_add_clip |        0.004 |        5430.37 |     62 |
|   20 |                              vm_mod_fused_nn_conv2d_add_add_4 |        0.011 |        1387.70 |     62 |
|   21 |                                  vm_mod_fused_nn_conv2d_add_5 |        0.009 |        1052.38 |     62 |
|   22 |                             vm_mod_fused_nn_conv2d_add_clip_3 |        0.005 |        1191.92 |     62 |
|   23 |                           vm_mod_fused_nn_adaptive_avg_pool2d |        0.004 |          -0.00 |     62 |
|   24 |                            vm_mod_fused_nn_conv2d_add_clip_14 |        0.002 |         280.87 |     62 |
|   25 |                              vm_mod_fused_nn_conv2d_add_add_2 |        0.005 |        2079.71 |     62 |
|   26 |                             vm_mod_fused_nn_conv2d_add_clip_8 |        0.004 |         845.56 |     62 |
|   27 |                                  vm_mod_fused_nn_conv2d_add_1 |        0.004 |        3318.41 |     62 |
|   28 |                            vm_mod_fused_nn_conv2d_add_clip_10 |        0.005 |        2052.94 |     62 |
|   29 |                             vm_mod_fused_nn_conv2d_add_clip_5 |        0.005 |        1977.26 |     62 |
|   30 |                                  vm_mod_fused_nn_conv2d_add_4 |        0.008 |        1819.65 |     62 |
|   31 |                            vm_mod_fused_nn_conv2d_add_clip_15 |        0.009 |        1773.41 |     62 |
-----------------------------------------------------------------------------------------------------------------
Estimated total latency: 0.325 ms	Trials: 1984	Used time : 4106 s	Next ID: 12	
*E***Eterminate called after throwing an instance of 'tvm::runtime::InternalError'
  what():  [15:34:07] /data3/qsy/complier/tlm/src/runtime/cuda/cuda_module.cc:61: CUDAError: cuModuleUnload(module_[i]) failed with error: CUDA_ERROR_MISALIGNED_ADDRESS
Stack trace:
  0: tvm::runtime::SimpleObjAllocator::Handler<tvm::runtime::CUDAModuleNode>::Deleter_(tvm::runtime::Object*)
  1: tvm::runtime::SimpleObjAllocator::Handler<tvm::runtime::LibraryModuleNode>::Deleter_(tvm::runtime::Object*)
  2: _ZN3tvm7runtime18SimpleObjAllocator7HandlerINS0_16PackedFuncS
  3: _ZN3tvm7runtime18SimpleObjAllocator7HandlerINS0_16PackedFuncSubObjIZNS0_9profiling17WrapTimeE
  4: TVMObjectFree
  5: __pyx_tp_dealloc_3tvm_4_ffi_4_cy3_4core_PackedFuncBase(_object*)
  6: subtype_dealloc
        at /usr/local/src/conda/python-3.10.18/Objects/typeobject.c:1460
  7: _Py_DECREF
        at /usr/local/src/conda/python-3.10.18/Include/object.h:500
  8: _Py_XDECREF
        at /usr/local/src/conda/python-3.10.18/Include/object.h:567
  9: cell_dealloc
        at /usr/local/src/conda/python-3.10.18/Objects/cellobject.c:82
  10: _Py_Dealloc
        at /usr/local/src/conda/python-3.10.18/Objects/object.c:2301
  11: _Py_DECREF
        at /usr/local/src/conda/python-3.10.18/Include/object.h:500
  12: _Py_XDECREF
        at /usr/local/src/conda/python-3.10.18/Include/object.h:567
  13: tupledealloc
        at /usr/local/src/conda/python-3.10.18/Objects/tupleobject.c:276
  14: _Py_Dealloc
        at /usr/local/src/conda/python-3.10.18/Objects/object.c:2301
  15: _Py_DECREF
        at /usr/local/src/conda/python-3.10.18/Include/object.h:500
  16: func_clear
        at /usr/local/src/conda/python-3.10.18/Objects/funcobject.c:636
  17: func_dealloc
        at /usr/local/src/conda/python-3.10.18/Objects/funcobject.c:648
  18: _Py_Dealloc
        at /usr/local/src/conda/python-3.10.18/Objects/object.c:2301
  19: _Py_DECREF
        at /usr/local/src/conda/python-3.10.18/Include/object.h:500
  20: frame_dealloc
        at /usr/local/src/conda/python-3.10.18/Objects/frameobject.c:591
  21: _Py_Dealloc
        at /usr/local/src/conda/python-3.10.18/Objects/object.c:2301
  22: _Py_DECREF
        at /usr/local/src/conda/python-3.10.18/Include/object.h:500
  23: _PyEval_Vector
        at /usr/local/src/conda/python-3.10.18/Python/ceval.c:5080
  24: _PyFunction_Vectorcall
        at /usr/local/src/conda/python-3.10.18/Objects/call.c:342
  25: do_call_core
        at /usr/local/src/conda/python-3.10.18/Python/ceval.c:5945
  26: _PyEval_EvalFrameDefault
        at /usr/local/src/conda/python-3.10.18/Python/ceval.c:4277
  27: _PyEval_EvalFrame
        at /usr/local/src/conda/python-3.10.18/Include/internal/pycore_ceval.h:46
  28: _PyEval_Vector
        at /usr/local/src/conda/python-3.10.18/Python/ceval.c:5067
  29: _PyFunction_Vectorcall
        at /usr/local/src/conda/python-3.10.18/Objects/call.c:342
  30: _PyObject_VectorcallTstate
        at /usr/local/src/conda/python-3.10.18/Include/cpython/abstract.h:114
  31: PyObject_Vectorcall
        at /usr/local/src/conda/python-3.10.18/Include/cpython/abstract.h:123
  32: call_function
        at /usr/local/src/conda/python-3.10.18/Python/ceval.c:5893
  33: _PyEval_EvalFrameDefault
        at /usr/local/src/conda/python-3.10.18/Python/ceval.c:4213
  34: _PyEval_EvalFrame
        at /usr/local/src/conda/python-3.10.18/Include/internal/pycore_ceval.h:46
  35: _PyEval_Vector
        at /usr/local/src/conda/python-3.10.18/Python/ceval.c:5067
  36: PyEval_EvalCode
        at /usr/local/src/conda/python-3.10.18/Python/ceval.c:1134
  37: builtin_exec_impl
        at /usr/local/src/conda/python-3.10.18/Python/bltinmodule.c:1058
  38: builtin_exec
        at /usr/local/src/conda/python-3.10.18/Python/clinic/bltinmodule.c.h:371
  39: cfunction_vectorcall_FASTCALL
        at /usr/local/src/conda/python-3.10.18/Objects/methodobject.c:430
  40: _PyObject_VectorcallTstate
        at /usr/local/src/conda/python-3.10.18/Include/cpython/abstract.h:114
  41: PyObject_Vectorcall
        at /usr/local/src/conda/python-3.10.18/Include/cpython/abstract.h:123
  42: call_function
        at /usr/local/src/conda/python-3.10.18/Python/ceval.c:5893
  43: _PyEval_EvalFrameDefault
        at /usr/local/src/conda/python-3.10.18/Python/ceval.c:4213
  44: _PyEval_EvalFrame
        at /usr/local/src/conda/python-3.10.18/Include/internal/pycore_ceval.h:46
  45: _PyEval_Vector
        at /usr/local/src/conda/python-3.10.18/Python/ceval.c:5067
  46: _PyFunction_Vectorcall
        at /usr/local/src/conda/python-3.10.18/Objects/call.c:342
  47: _PyObject_VectorcallTstate
        at /usr/local/src/conda/python-3.10.18/Include/cpython/abstract.h:114
  48: PyObject_Vectorcall
        at /usr/local/src/conda/python-3.10.18/Include/cpython/abstract.h:123
  49: call_function
        at /usr/local/src/conda/python-3.10.18/Python/ceval.c:5893
  50: _PyEval_EvalFrameDefault
        at /usr/local/src/conda/python-3.10.18/Python/ceval.c:4213
  51: _PyEval_EvalFrame
        at /usr/local/src/conda/python-3.10.18/Include/internal/pycore_ceval.h:46
  52: _PyEval_Vector
        at /usr/local/src/conda/python-3.10.18/Python/ceval.c:5067
  53: _PyFunction_Vectorcall
        at /usr/local/src/conda/python-3.10.18/Objects/call.c:342
  54: pymain_run_module
        at /usr/local/src/conda/python-3.10.18/Modules/main.c:297
  55: pymain_run_python
        at /usr/local/src/conda/python-3.10.18/Modules/main.c:589
  56: Py_RunMain
        at /usr/local/src/conda/python-3.10.18/Modules/main.c:674
  57: Py_BytesMain
        at /usr/local/src/conda/python-3.10.18/Modules/main.c:1094
  58: __libc_start_main
        at ../csu/libc-start.c:308
  59: 0x000000000058728d
  60: 0xffffffffffffffff


*E******Eterminate called after throwing an instance of 'tvm::runtime::InternalError'
  what():  [15:34:09] /data3/qsy/complier/tlm/src/runtime/cuda/cuda_module.cc:61: CUDAError: cuModuleUnload(module_[i]) failed with error: CUDA_ERROR_MISALIGNED_ADDRESS
Stack trace:
  0: tvm::runtime::SimpleObjAllocator::Handler<tvm::runtime::CUDAModuleNode>::Deleter_(tvm::runtime::Object*)
  1: tvm::runtime::SimpleObjAllocator::Handler<tvm::runtime::LibraryModuleNode>::Deleter_(tvm::runtime::Object*)
  2: _ZN3tvm7runtime18SimpleObjAllocator7HandlerINS0_16PackedFuncS
  3: _ZN3tvm7runtime18SimpleObjAllocator7HandlerINS0_16PackedFuncSubObjIZNS0_9profiling17WrapTimeE
  4: TVMObjectFree
  5: __pyx_tp_dealloc_3tvm_4_ffi_4_cy3_4core_PackedFuncBase(_object*)
  6: subtype_dealloc
        at /usr/local/src/conda/python-3.10.18/Objects/typeobject.c:1460
  7: _Py_DECREF
        at /usr/local/src/conda/python-3.10.18/Include/object.h:500
  8: _Py_XDECREF
        at /usr/local/src/conda/python-3.10.18/Include/object.h:567
  9: cell_dealloc
        at /usr/local/src/conda/python-3.10.18/Objects/cellobject.c:82
  10: _Py_Dealloc
        at /usr/local/src/conda/python-3.10.18/Objects/object.c:2301
  11: _Py_DECREF
        at /usr/local/src/conda/python-3.10.18/Include/object.h:500
  12: _Py_XDECREF
        at /usr/local/src/conda/python-3.10.18/Include/object.h:567
  13: tupledealloc
        at /usr/local/src/conda/python-3.10.18/Objects/tupleobject.c:276
  14: _Py_Dealloc
        at /usr/local/src/conda/python-3.10.18/Objects/object.c:2301
  15: _Py_DECREF
        at /usr/local/src/conda/python-3.10.18/Include/object.h:500
  16: func_clear
        at /usr/local/src/conda/python-3.10.18/Objects/funcobject.c:636
  17: func_dealloc
        at /usr/local/src/conda/python-3.10.18/Objects/funcobject.c:648
  18: _Py_Dealloc
        at /usr/local/src/conda/python-3.10.18/Objects/object.c:2301
  19: _Py_DECREF
        at /usr/local/src/conda/python-3.10.18/Include/object.h:500
  20: frame_dealloc
        at /usr/local/src/conda/python-3.10.18/Objects/frameobject.c:591
  21: _Py_Dealloc
        at /usr/local/src/conda/python-3.10.18/Objects/object.c:2301
  22: _Py_DECREF
        at /usr/local/src/conda/python-3.10.18/Include/object.h:500
  23: _PyEval_Vector
        at /usr/local/src/conda/python-3.10.18/Python/ceval.c:5080
  24: _PyFunction_Vectorcall
        at /usr/local/src/conda/python-3.10.18/Objects/call.c:342
  25: do_call_core
        at /usr/local/src/conda/python-3.10.18/Python/ceval.c:5945
  26: _PyEval_EvalFrameDefault
        at /usr/local/src/conda/python-3.10.18/Python/ceval.c:4277
  27: _PyEval_EvalFrame
        at /usr/local/src/conda/python-3.10.18/Include/internal/pycore_ceval.h:46
  28: _PyEval_Vector
        at /usr/local/src/conda/python-3.10.18/Python/ceval.c:5067
  29: _PyFunction_Vectorcall
        at /usr/local/src/conda/python-3.10.18/Objects/call.c:342
  30: _PyObject_VectorcallTstate
        at /usr/local/src/conda/python-3.10.18/Include/cpython/abstract.h:114
  31: PyObject_Vectorcall
        at /usr/local/src/conda/python-3.10.18/Include/cpython/abstract.h:123
  32: call_function
        at /usr/local/src/conda/python-3.10.18/Python/ceval.c:5893
  33: _PyEval_EvalFrameDefault
        at /usr/local/src/conda/python-3.10.18/Python/ceval.c:4213
  34: _PyEval_EvalFrame
        at /usr/local/src/conda/python-3.10.18/Include/internal/pycore_ceval.h:46
  35: _PyEval_Vector
        at /usr/local/src/conda/python-3.10.18/Python/ceval.c:5067
  36: PyEval_EvalCode
        at /usr/local/src/conda/python-3.10.18/Python/ceval.c:1134
  37: builtin_exec_impl
        at /usr/local/src/conda/python-3.10.18/Python/bltinmodule.c:1058
  38: builtin_exec
        at /usr/local/src/conda/python-3.10.18/Python/clinic/bltinmodule.c.h:371
  39: cfunction_vectorcall_FASTCALL
        at /usr/local/src/conda/python-3.10.18/Objects/methodobject.c:430
  40: _PyObject_VectorcallTstate
        at /usr/local/src/conda/python-3.10.18/Include/cpython/abstract.h:114
  41: PyObject_Vectorcall
        at /usr/local/src/conda/python-3.10.18/Include/cpython/abstract.h:123
  42: call_function
        at /usr/local/src/conda/python-3.10.18/Python/ceval.c:5893
  43: _PyEval_EvalFrameDefault
        at /usr/local/src/conda/python-3.10.18/Python/ceval.c:4213
  44: _PyEval_EvalFrame
        at /usr/local/src/conda/python-3.10.18/Include/internal/pycore_ceval.h:46
  45: _PyEval_Vector
        at /usr/local/src/conda/python-3.10.18/Python/ceval.c:5067
  46: _PyFunction_Vectorcall
        at /usr/local/src/conda/python-3.10.18/Objects/call.c:342
  47: _PyObject_VectorcallTstate
        at /usr/local/src/conda/python-3.10.18/Include/cpython/abstract.h:114
  48: PyObject_Vectorcall
        at /usr/local/src/conda/python-3.10.18/Include/cpython/abstract.h:123
  49: call_function
        at /usr/local/src/conda/python-3.10.18/Python/ceval.c:5893
  50: _PyEval_EvalFrameDefault
        at /usr/local/src/conda/python-3.10.18/Python/ceval.c:4213
  51: _PyEval_EvalFrame
        at /usr/local/src/conda/python-3.10.18/Include/internal/pycore_ceval.h:46
  52: _PyEval_Vector
        at /usr/local/src/conda/python-3.10.18/Python/ceval.c:5067
  53: _PyFunction_Vectorcall
        at /usr/local/src/conda/python-3.10.18/Objects/call.c:342
  54: pymain_run_module
        at /usr/local/src/conda/python-3.10.18/Modules/main.c:297
  55: pymain_run_python
        at /usr/local/src/conda/python-3.10.18/Modules/main.c:589
  56: Py_RunMain
        at /usr/local/src/conda/python-3.10.18/Modules/main.c:674
  57: Py_BytesMain
        at /usr/local/src/conda/python-3.10.18/Modules/main.c:1094
  58: __libc_start_main
        at ../csu/libc-start.c:308
  59: 0x000000000058728d
  60: 0xffffffffffffffff


*E****************************************
Time elapsed for measurement: 38.79 s
----------------------------------------------------------------------
------------------------------  [ Train cost model ]
----------------------------------------------------------------------
Time elapsed for training: 3.72 s
Tuning Time:
 ID |                  Name | Time (min) | Percentage 
------------------------------------------------------
    |                 Total |    71.6489 |   100.0000 
  1 |                Tuning |    70.4363 |    98.3075 
  2 | PostTuningCompilation |     0.7258 |     1.0130 
  3 |        TaskExtraction |     0.4868 |     0.6795 
------------------------------------------------------
Evaluate inference time cost...
Execution time summary:
 mean (ms)   median (ms)    max (ms)     min (ms)     std (ms)  
   0.2917       0.2917       0.2918       0.2914       0.0001   
               
