nohup: ignoring input
Workload: mobilenet_v3
AutoScheduler log: /home/qsy/workspace/complier/llm_compiler/result/mobilenet_v3_1x3x224x224_4090.json
==== Task 0: vm_mod_fused_nn_conv2d_add_nn_relu_5 (weight 1 key: ["88a2e34d300a6ccfcf0228f0b90f13ec", [1, 56, 56, 72], [5, 5, 72, 1], [1, 1, 1, 72], [1, 28, 28, 72]]) =====
p0 = PLACEHOLDER [1, 56, 56, 72]
PaddedInput(i0, i1, i2, i3) = tir.if_then_else(((((i1 >= 2) && (i1 < 58)) && (i2 >= 2)) && (i2 < 58)), p0[i0, (i1 - 2), (i2 - 2), i3], 0f)
p1 = PLACEHOLDER [5, 5, 72, 1]
DepthwiseConv2d(b, i, j, c) += (PaddedInput[b, ((i*2) + di), ((j*2) + dj), c]*p1[di, dj, c, 0])
p2 = PLACEHOLDER [1, 1, 1, 72]
T_add(ax0, ax1, ax2, ax3) = (DepthwiseConv2d[ax0, ax1, ax2, ax3] + p2[ax0, 0, 0, ax3])
T_relu(ax0, ax1, ax2, ax3) = max(T_add[ax0, ax1, ax2, ax3], 0f)

==== Task 1: vm_mod_fused_nn_dense_add_1 (weight 1 key: ["00a059b856ac30ac172b6252254479a6", [1, 1280], [1000, 1280], [1, 1000], [1, 1000]]) =====
p0 = PLACEHOLDER [1, 1280]
p1 = PLACEHOLDER [1000, 1280]
T_matmul_NT(i, j) += (p0[i, k]*p1[j, k])
p2 = PLACEHOLDER [1, 1000]
T_add(ax0, ax1) = (T_matmul_NT[ax0, ax1] + p2[ax0, ax1])

==== Task 2: vm_mod_fused_nn_conv2d_add (weight 1 key: ["cb7a0e9e733d26ffc00e7f6c9cc0f879", [1, 56, 56, 64], [1, 1, 64, 24], [1, 1, 1, 24], [1, 56, 56, 24]]) =====
p0 = PLACEHOLDER [1, 56, 56, 64]
pad_temp(i0, i1, i2, i3) = p0[i0, i1, i2, i3]
p1 = PLACEHOLDER [1, 1, 64, 24]
conv2d_nhwc(nn, yy, xx, ff) += (pad_temp[nn, (yy + ry), (xx + rx), rc]*p1[ry, rx, rc, ff])
p2 = PLACEHOLDER [1, 1, 1, 24]
T_add(ax0, ax1, ax2, ax3) = (conv2d_nhwc[ax0, ax1, ax2, ax3] + p2[ax0, 0, 0, ax3])

==== Task 3: vm_mod_fused_nn_conv2d_add_add_clip_divide_multiply_4 (weight 1 key: ["c4a40b16179bb6885ba76d9e196a3add", [1, 14, 14, 200], [3, 3, 200, 1], [1, 1, 1, 200], [1, 14, 14, 200]]) =====
p0 = PLACEHOLDER [1, 14, 14, 200]
PaddedInput(i0, i1, i2, i3) = tir.if_then_else(((((i1 >= 1) && (i1 < 15)) && (i2 >= 1)) && (i2 < 15)), p0[i0, (i1 - 1), (i2 - 1), i3], 0f)
p1 = PLACEHOLDER [3, 3, 200, 1]
DepthwiseConv2d(b, i, j, c) += (PaddedInput[b, (i + di), (j + dj), c]*p1[di, dj, c, 0])
p2 = PLACEHOLDER [1, 1, 1, 200]
T_add(ax0, ax1, ax2, ax3) = (DepthwiseConv2d[ax0, ax1, ax2, ax3] + p2[ax0, 0, 0, ax3])
compile_engine_const() = 3f
T_add(ax0, ax1, ax2, ax3) = (T_add[ax0, ax1, ax2, ax3] + compile_engine_const[])
compute(i0, i1, i2, i3) = max(min(T_add[i0, i1, i2, i3], 6f), 0f)
compile_engine_const() = 6f
T_divide(ax0, ax1, ax2, ax3) = (compute[ax0, ax1, ax2, ax3]/compile_engine_const[])
T_multiply(ax0, ax1, ax2, ax3) = (T_add[ax0, ax1, ax2, ax3]*T_divide[ax0, ax1, ax2, ax3])

==== Task 4: vm_mod_fused_nn_conv2d_add_add_clip_divide_multiply (weight 1 key: ["a070f950f4133385b987011e4f61e368", [1, 224, 224, 3], [3, 3, 3, 16], [1, 1, 1, 16], [1, 112, 112, 16]]) =====
p0 = PLACEHOLDER [1, 224, 224, 3]
pad_temp(i0, i1, i2, i3) = tir.if_then_else(((((i1 >= 1) && (i1 < 225)) && (i2 >= 1)) && (i2 < 225)), p0[i0, (i1 - 1), (i2 - 1), i3], 0f)
p1 = PLACEHOLDER [3, 3, 3, 16]
conv2d_nhwc(nn, yy, xx, ff) += (pad_temp[nn, ((yy*2) + ry), ((xx*2) + rx), rc]*p1[ry, rx, rc, ff])
p2 = PLACEHOLDER [1, 1, 1, 16]
T_add(ax0, ax1, ax2, ax3) = (conv2d_nhwc[ax0, ax1, ax2, ax3] + p2[ax0, 0, 0, ax3])
compile_engine_const() = 3f
T_add(ax0, ax1, ax2, ax3) = (T_add[ax0, ax1, ax2, ax3] + compile_engine_const[])
compute(i0, i1, i2, i3) = max(min(T_add[i0, i1, i2, i3], 6f), 0f)
compile_engine_const() = 6f
T_divide(ax0, ax1, ax2, ax3) = (compute[ax0, ax1, ax2, ax3]/compile_engine_const[])
T_multiply(ax0, ax1, ax2, ax3) = (T_add[ax0, ax1, ax2, ax3]*T_divide[ax0, ax1, ax2, ax3])

==== Task 5: vm_mod_fused_nn_conv2d_add_add_3 (weight 1 key: ["72ca68bb11bee9ca8a1f020c65fe14b9", [1, 14, 14, 200], [1, 1, 200, 80], [1, 1, 1, 80], [1, 14, 14, 80], [1, 14, 14, 80]]) =====
p0 = PLACEHOLDER [1, 14, 14, 200]
pad_temp(i0, i1, i2, i3) = p0[i0, i1, i2, i3]
p1 = PLACEHOLDER [1, 1, 200, 80]
conv2d_nhwc(nn, yy, xx, ff) += (pad_temp[nn, (yy + ry), (xx + rx), rc]*p1[ry, rx, rc, ff])
p2 = PLACEHOLDER [1, 1, 1, 80]
T_add(ax0, ax1, ax2, ax3) = (conv2d_nhwc[ax0, ax1, ax2, ax3] + p2[ax0, 0, 0, ax3])
p3 = PLACEHOLDER [1, 14, 14, 80]
T_add(ax0, ax1, ax2, ax3) = (T_add[ax0, ax1, ax2, ax3] + p3[ax0, ax1, ax2, ax3])

==== Task 6: vm_mod_fused_nn_conv2d_add_clip_divide (weight 1 key: ["71674820f9879a3e56274f61dbea193b", [1, 1, 1, 24], [1, 1, 24, 72], [1, 1, 1, 72], [1, 1, 1, 72]]) =====
p0 = PLACEHOLDER [1, 1, 1, 24]
pad_temp(i0, i1, i2, i3) = p0[i0, i1, i2, i3]
p1 = PLACEHOLDER [1, 1, 24, 72]
conv2d_nhwc(nn, yy, xx, ff) += (pad_temp[nn, (yy + ry), (xx + rx), rc]*p1[ry, rx, rc, ff])
p2 = PLACEHOLDER [1, 1, 1, 72]
T_add(ax0, ax1, ax2, ax3) = (conv2d_nhwc[ax0, ax1, ax2, ax3] + p2[ax0, ax1, ax2, ax3])
compute(i0, i1, i2, i3) = max(min(T_add[i0, i1, i2, i3], 6f), 0f)
compile_engine_const() = 6f
T_divide(ax0, ax1, ax2, ax3) = (compute[ax0, ax1, ax2, ax3]/compile_engine_const[])

==== Task 7: vm_mod_fused_nn_conv2d_add_nn_relu_1 (weight 1 key: ["6d628209072e3e3dd8f49359935acea6", [1, 112, 112, 16], [1, 1, 16, 64], [1, 1, 1, 64], [1, 112, 112, 64]]) =====
p0 = PLACEHOLDER [1, 112, 112, 16]
pad_temp(i0, i1, i2, i3) = p0[i0, i1, i2, i3]
p1 = PLACEHOLDER [1, 1, 16, 64]
conv2d_nhwc(nn, yy, xx, ff) += (pad_temp[nn, (yy + ry), (xx + rx), rc]*p1[ry, rx, rc, ff])
p2 = PLACEHOLDER [1, 1, 1, 64]
T_add(ax0, ax1, ax2, ax3) = (conv2d_nhwc[ax0, ax1, ax2, ax3] + p2[ax0, 0, 0, ax3])
T_relu(ax0, ax1, ax2, ax3) = max(T_add[ax0, ax1, ax2, ax3], 0f)

==== Task 8: vm_mod_fused_nn_adaptive_avg_pool2d_2 (weight 1 key: ["3d479ed97ca20d2da8a12f3813e5f1c3", [1, 14, 14, 480], [1, 1, 1, 480]]) =====
p0 = PLACEHOLDER [1, 14, 14, 480]
adaptive_pool_sum(ax0, ax1, ax2, ax3) += p0[ax0, ((ax1*14) + rv0), ((ax2*14) + rv1), ax3]
adaptive_pool_avg(ax0, ax1, ax2, ax3) = (adaptive_pool_sum[ax0, ax1, ax2, ax3]/(float32((select((bool)1, ((ax1 + 1)*14), (((ax1 + 1)*14) + 1)) - (ax1*14)))*float32((select((bool)1, ((ax2 + 1)*14), (((ax2 + 1)*14) + 1)) - (ax2*14)))))

==== Task 9: vm_mod_fused_nn_conv2d_add_add_clip_divide_multiply_10 (weight 1 key: ["c4a40b16179bb6885ba76d9e196a3add", [1, 14, 14, 672], [3, 3, 672, 1], [1, 1, 1, 672], [1, 14, 14, 672]]) =====
p0 = PLACEHOLDER [1, 14, 14, 672]
PaddedInput(i0, i1, i2, i3) = tir.if_then_else(((((i1 >= 1) && (i1 < 15)) && (i2 >= 1)) && (i2 < 15)), p0[i0, (i1 - 1), (i2 - 1), i3], 0f)
p1 = PLACEHOLDER [3, 3, 672, 1]
DepthwiseConv2d(b, i, j, c) += (PaddedInput[b, (i + di), (j + dj), c]*p1[di, dj, c, 0])
p2 = PLACEHOLDER [1, 1, 1, 672]
T_add(ax0, ax1, ax2, ax3) = (DepthwiseConv2d[ax0, ax1, ax2, ax3] + p2[ax0, 0, 0, ax3])
compile_engine_const() = 3f
T_add(ax0, ax1, ax2, ax3) = (T_add[ax0, ax1, ax2, ax3] + compile_engine_const[])
compute(i0, i1, i2, i3) = max(min(T_add[i0, i1, i2, i3], 6f), 0f)
compile_engine_const() = 6f
T_divide(ax0, ax1, ax2, ax3) = (compute[ax0, ax1, ax2, ax3]/compile_engine_const[])
T_multiply(ax0, ax1, ax2, ax3) = (T_add[ax0, ax1, ax2, ax3]*T_divide[ax0, ax1, ax2, ax3])

==== Task 10: vm_mod_fused_nn_conv2d_add_3 (weight 1 key: ["cb7a0e9e733d26ffc00e7f6c9cc0f879", [1, 14, 14, 480], [1, 1, 480, 112], [1, 1, 1, 112], [1, 14, 14, 112]]) =====
p0 = PLACEHOLDER [1, 14, 14, 480]
pad_temp(i0, i1, i2, i3) = p0[i0, i1, i2, i3]
p1 = PLACEHOLDER [1, 1, 480, 112]
conv2d_nhwc(nn, yy, xx, ff) += (pad_temp[nn, (yy + ry), (xx + rx), rc]*p1[ry, rx, rc, ff])
p2 = PLACEHOLDER [1, 1, 1, 112]
T_add(ax0, ax1, ax2, ax3) = (conv2d_nhwc[ax0, ax1, ax2, ax3] + p2[ax0, 0, 0, ax3])

==== Task 11: vm_mod_fused_nn_conv2d_add_add_1 (weight 1 key: ["72ca68bb11bee9ca8a1f020c65fe14b9", [1, 56, 56, 72], [1, 1, 72, 24], [1, 1, 1, 24], [1, 56, 56, 24], [1, 56, 56, 24]]) =====
p0 = PLACEHOLDER [1, 56, 56, 72]
pad_temp(i0, i1, i2, i3) = p0[i0, i1, i2, i3]
p1 = PLACEHOLDER [1, 1, 72, 24]
conv2d_nhwc(nn, yy, xx, ff) += (pad_temp[nn, (yy + ry), (xx + rx), rc]*p1[ry, rx, rc, ff])
p2 = PLACEHOLDER [1, 1, 1, 24]
T_add(ax0, ax1, ax2, ax3) = (conv2d_nhwc[ax0, ax1, ax2, ax3] + p2[ax0, 0, 0, ax3])
p3 = PLACEHOLDER [1, 56, 56, 24]
T_add(ax0, ax1, ax2, ax3) = (T_add[ax0, ax1, ax2, ax3] + p3[ax0, ax1, ax2, ax3])

==== Task 12: vm_mod_fused_nn_conv2d_add_nn_relu_8 (weight 2 key: ["98cde4888c94ec7beaa9972f806856d0", [1, 28, 28, 120], [5, 5, 120, 1], [1, 1, 1, 120], [1, 28, 28, 120]]) =====
p0 = PLACEHOLDER [1, 28, 28, 120]
PaddedInput(i0, i1, i2, i3) = tir.if_then_else(((((i1 >= 2) && (i1 < 30)) && (i2 >= 2)) && (i2 < 30)), p0[i0, (i1 - 2), (i2 - 2), i3], 0f)
p1 = PLACEHOLDER [5, 5, 120, 1]
DepthwiseConv2d(b, i, j, c) += (PaddedInput[b, (i + di), (j + dj), c]*p1[di, dj, c, 0])
p2 = PLACEHOLDER [1, 1, 1, 120]
T_add(ax0, ax1, ax2, ax3) = (DepthwiseConv2d[ax0, ax1, ax2, ax3] + p2[ax0, 0, 0, ax3])
T_relu(ax0, ax1, ax2, ax3) = max(T_add[ax0, ax1, ax2, ax3], 0f)

==== Task 13: vm_mod_fused_nn_conv2d_add_clip_divide_3 (weight 2 key: ["71674820f9879a3e56274f61dbea193b", [1, 1, 1, 168], [1, 1, 168, 672], [1, 1, 1, 672], [1, 1, 1, 672]]) =====
p0 = PLACEHOLDER [1, 1, 1, 168]
pad_temp(i0, i1, i2, i3) = p0[i0, i1, i2, i3]
p1 = PLACEHOLDER [1, 1, 168, 672]
conv2d_nhwc(nn, yy, xx, ff) += (pad_temp[nn, (yy + ry), (xx + rx), rc]*p1[ry, rx, rc, ff])
p2 = PLACEHOLDER [1, 1, 1, 672]
T_add(ax0, ax1, ax2, ax3) = (conv2d_nhwc[ax0, ax1, ax2, ax3] + p2[ax0, ax1, ax2, ax3])
compute(i0, i1, i2, i3) = max(min(T_add[i0, i1, i2, i3], 6f), 0f)
compile_engine_const() = 6f
T_divide(ax0, ax1, ax2, ax3) = (compute[ax0, ax1, ax2, ax3]/compile_engine_const[])

==== Task 14: vm_mod_fused_nn_conv2d_add_add_clip_divide_multiply_9 (weight 2 key: ["8b290ca0f393be6ffa536c91e9bafd22", [1, 14, 14, 112], [1, 1, 112, 672], [1, 1, 1, 672], [1, 14, 14, 672]]) =====
p0 = PLACEHOLDER [1, 14, 14, 112]
pad_temp(i0, i1, i2, i3) = p0[i0, i1, i2, i3]
p1 = PLACEHOLDER [1, 1, 112, 672]
conv2d_nhwc(nn, yy, xx, ff) += (pad_temp[nn, (yy + ry), (xx + rx), rc]*p1[ry, rx, rc, ff])
p2 = PLACEHOLDER [1, 1, 1, 672]
T_add(ax0, ax1, ax2, ax3) = (conv2d_nhwc[ax0, ax1, ax2, ax3] + p2[ax0, 0, 0, ax3])
compile_engine_const() = 3f
T_add(ax0, ax1, ax2, ax3) = (T_add[ax0, ax1, ax2, ax3] + compile_engine_const[])
compute(i0, i1, i2, i3) = max(min(T_add[i0, i1, i2, i3], 6f), 0f)
compile_engine_const() = 6f
T_divide(ax0, ax1, ax2, ax3) = (compute[ax0, ax1, ax2, ax3]/compile_engine_const[])
T_multiply(ax0, ax1, ax2, ax3) = (T_add[ax0, ax1, ax2, ax3]*T_divide[ax0, ax1, ax2, ax3])

==== Task 15: vm_mod_fused_nn_conv2d_add_add_clip_divide_multiply_5 (weight 2 key: ["8b290ca0f393be6ffa536c91e9bafd22", [1, 14, 14, 80], [1, 1, 80, 184], [1, 1, 1, 184], [1, 14, 14, 184]]) =====
p0 = PLACEHOLDER [1, 14, 14, 80]
pad_temp(i0, i1, i2, i3) = p0[i0, i1, i2, i3]
p1 = PLACEHOLDER [1, 1, 80, 184]
conv2d_nhwc(nn, yy, xx, ff) += (pad_temp[nn, (yy + ry), (xx + rx), rc]*p1[ry, rx, rc, ff])
p2 = PLACEHOLDER [1, 1, 1, 184]
T_add(ax0, ax1, ax2, ax3) = (conv2d_nhwc[ax0, ax1, ax2, ax3] + p2[ax0, 0, 0, ax3])
compile_engine_const() = 3f
T_add(ax0, ax1, ax2, ax3) = (T_add[ax0, ax1, ax2, ax3] + compile_engine_const[])
compute(i0, i1, i2, i3) = max(min(T_add[i0, i1, i2, i3], 6f), 0f)
compile_engine_const() = 6f
T_divide(ax0, ax1, ax2, ax3) = (compute[ax0, ax1, ax2, ax3]/compile_engine_const[])
T_multiply(ax0, ax1, ax2, ax3) = (T_add[ax0, ax1, ax2, ax3]*T_divide[ax0, ax1, ax2, ax3])

==== Task 16: vm_mod_fused_nn_conv2d_add_nn_relu_4 (weight 1 key: ["98cde4888c94ec7beaa9972f806856d0", [1, 56, 56, 72], [3, 3, 72, 1], [1, 1, 1, 72], [1, 56, 56, 72]]) =====
p0 = PLACEHOLDER [1, 56, 56, 72]
PaddedInput(i0, i1, i2, i3) = tir.if_then_else(((((i1 >= 1) && (i1 < 57)) && (i2 >= 1)) && (i2 < 57)), p0[i0, (i1 - 1), (i2 - 1), i3], 0f)
p1 = PLACEHOLDER [3, 3, 72, 1]
DepthwiseConv2d(b, i, j, c) += (PaddedInput[b, (i + di), (j + dj), c]*p1[di, dj, c, 0])
p2 = PLACEHOLDER [1, 1, 1, 72]
T_add(ax0, ax1, ax2, ax3) = (DepthwiseConv2d[ax0, ax1, ax2, ax3] + p2[ax0, 0, 0, ax3])
T_relu(ax0, ax1, ax2, ax3) = max(T_add[ax0, ax1, ax2, ax3], 0f)

==== Task 17: vm_mod_fused_nn_conv2d_add_clip_divide_1 (weight 2 key: ["71674820f9879a3e56274f61dbea193b", [1, 1, 1, 32], [1, 1, 32, 120], [1, 1, 1, 120], [1, 1, 1, 120]]) =====
p0 = PLACEHOLDER [1, 1, 1, 32]
pad_temp(i0, i1, i2, i3) = p0[i0, i1, i2, i3]
p1 = PLACEHOLDER [1, 1, 32, 120]
conv2d_nhwc(nn, yy, xx, ff) += (pad_temp[nn, (yy + ry), (xx + rx), rc]*p1[ry, rx, rc, ff])
p2 = PLACEHOLDER [1, 1, 1, 120]
T_add(ax0, ax1, ax2, ax3) = (conv2d_nhwc[ax0, ax1, ax2, ax3] + p2[ax0, ax1, ax2, ax3])
compute(i0, i1, i2, i3) = max(min(T_add[i0, i1, i2, i3], 6f), 0f)
compile_engine_const() = 6f
T_divide(ax0, ax1, ax2, ax3) = (compute[ax0, ax1, ax2, ax3]/compile_engine_const[])

==== Task 18: vm_mod_fused_nn_dense_add (weight 1 key: ["00a059b856ac30ac172b6252254479a6", [1, 960], [1280, 960], [1, 1280], [1, 1280]]) =====
p0 = PLACEHOLDER [1, 960]
p1 = PLACEHOLDER [1280, 960]
T_matmul_NT(i, j) += (p0[i, k]*p1[j, k])
p2 = PLACEHOLDER [1, 1280]
T_add(ax0, ax1) = (T_matmul_NT[ax0, ax1] + p2[ax0, ax1])

==== Task 19: vm_mod_fused_nn_conv2d_add_add_clip_divide_multiply_1 (weight 1 key: ["8b290ca0f393be6ffa536c91e9bafd22", [1, 28, 28, 40], [1, 1, 40, 240], [1, 1, 1, 240], [1, 28, 28, 240]]) =====
p0 = PLACEHOLDER [1, 28, 28, 40]
pad_temp(i0, i1, i2, i3) = p0[i0, i1, i2, i3]
p1 = PLACEHOLDER [1, 1, 40, 240]
conv2d_nhwc(nn, yy, xx, ff) += (pad_temp[nn, (yy + ry), (xx + rx), rc]*p1[ry, rx, rc, ff])
p2 = PLACEHOLDER [1, 1, 1, 240]
T_add(ax0, ax1, ax2, ax3) = (conv2d_nhwc[ax0, ax1, ax2, ax3] + p2[ax0, 0, 0, ax3])
compile_engine_const() = 3f
T_add(ax0, ax1, ax2, ax3) = (T_add[ax0, ax1, ax2, ax3] + compile_engine_const[])
compute(i0, i1, i2, i3) = max(min(T_add[i0, i1, i2, i3], 6f), 0f)
compile_engine_const() = 6f
T_divide(ax0, ax1, ax2, ax3) = (compute[ax0, ax1, ax2, ax3]/compile_engine_const[])
T_multiply(ax0, ax1, ax2, ax3) = (T_add[ax0, ax1, ax2, ax3]*T_divide[ax0, ax1, ax2, ax3])

==== Task 20: vm_mod_fused_nn_adaptive_avg_pool2d_3 (weight 1 key: ["3d479ed97ca20d2da8a12f3813e5f1c3", [1, 14, 14, 672], [1, 1, 1, 672]]) =====
p0 = PLACEHOLDER [1, 14, 14, 672]
adaptive_pool_sum(ax0, ax1, ax2, ax3) += p0[ax0, ((ax1*14) + rv0), ((ax2*14) + rv1), ax3]
adaptive_pool_avg(ax0, ax1, ax2, ax3) = (adaptive_pool_sum[ax0, ax1, ax2, ax3]/(float32((select((bool)1, ((ax1 + 1)*14), (((ax1 + 1)*14) + 1)) - (ax1*14)))*float32((select((bool)1, ((ax2 + 1)*14), (((ax2 + 1)*14) + 1)) - (ax2*14)))))

==== Task 21: vm_mod_fused_nn_conv2d_add_add (weight 1 key: ["72ca68bb11bee9ca8a1f020c65fe14b9", [1, 112, 112, 16], [1, 1, 16, 16], [1, 1, 1, 16], [1, 112, 112, 16], [1, 112, 112, 16]]) =====
p0 = PLACEHOLDER [1, 112, 112, 16]
pad_temp(i0, i1, i2, i3) = p0[i0, i1, i2, i3]
p1 = PLACEHOLDER [1, 1, 16, 16]
conv2d_nhwc(nn, yy, xx, ff) += (pad_temp[nn, (yy + ry), (xx + rx), rc]*p1[ry, rx, rc, ff])
p2 = PLACEHOLDER [1, 1, 1, 16]
T_add(ax0, ax1, ax2, ax3) = (conv2d_nhwc[ax0, ax1, ax2, ax3] + p2[ax0, 0, 0, ax3])
p3 = PLACEHOLDER [1, 112, 112, 16]
T_add(ax0, ax1, ax2, ax3) = (T_add[ax0, ax1, ax2, ax3] + p3[ax0, ax1, ax2, ax3])

==== Task 22: vm_mod_fused_nn_conv2d_add_add_clip_divide_multiply_13 (weight 2 key: ["c4a40b16179bb6885ba76d9e196a3add", [1, 7, 7, 960], [5, 5, 960, 1], [1, 1, 1, 960], [1, 7, 7, 960]]) =====
p0 = PLACEHOLDER [1, 7, 7, 960]
PaddedInput(i0, i1, i2, i3) = tir.if_then_else(((((i1 >= 2) && (i1 < 9)) && (i2 >= 2)) && (i2 < 9)), p0[i0, (i1 - 2), (i2 - 2), i3], 0f)
p1 = PLACEHOLDER [5, 5, 960, 1]
DepthwiseConv2d(b, i, j, c) += (PaddedInput[b, (i + di), (j + dj), c]*p1[di, dj, c, 0])
p2 = PLACEHOLDER [1, 1, 1, 960]
T_add(ax0, ax1, ax2, ax3) = (DepthwiseConv2d[ax0, ax1, ax2, ax3] + p2[ax0, 0, 0, ax3])
compile_engine_const() = 3f
T_add(ax0, ax1, ax2, ax3) = (T_add[ax0, ax1, ax2, ax3] + compile_engine_const[])
compute(i0, i1, i2, i3) = max(min(T_add[i0, i1, i2, i3], 6f), 0f)
compile_engine_const() = 6f
T_divide(ax0, ax1, ax2, ax3) = (compute[ax0, ax1, ax2, ax3]/compile_engine_const[])
T_multiply(ax0, ax1, ax2, ax3) = (T_add[ax0, ax1, ax2, ax3]*T_divide[ax0, ax1, ax2, ax3])

==== Task 23: vm_mod_fused_nn_conv2d_add_nn_relu_7 (weight 2 key: ["6d628209072e3e3dd8f49359935acea6", [1, 28, 28, 40], [1, 1, 40, 120], [1, 1, 1, 120], [1, 28, 28, 120]]) =====
p0 = PLACEHOLDER [1, 28, 28, 40]
pad_temp(i0, i1, i2, i3) = p0[i0, i1, i2, i3]
p1 = PLACEHOLDER [1, 1, 40, 120]
conv2d_nhwc(nn, yy, xx, ff) += (pad_temp[nn, (yy + ry), (xx + rx), rc]*p1[ry, rx, rc, ff])
p2 = PLACEHOLDER [1, 1, 1, 120]
T_add(ax0, ax1, ax2, ax3) = (conv2d_nhwc[ax0, ax1, ax2, ax3] + p2[ax0, 0, 0, ax3])
T_relu(ax0, ax1, ax2, ax3) = max(T_add[ax0, ax1, ax2, ax3], 0f)

==== Task 24: vm_mod_fused_nn_conv2d_add_nn_relu (weight 1 key: ["98cde4888c94ec7beaa9972f806856d0", [1, 112, 112, 16], [3, 3, 16, 1], [1, 1, 1, 16], [1, 112, 112, 16]]) =====
p0 = PLACEHOLDER [1, 112, 112, 16]
PaddedInput(i0, i1, i2, i3) = tir.if_then_else(((((i1 >= 1) && (i1 < 113)) && (i2 >= 1)) && (i2 < 113)), p0[i0, (i1 - 1), (i2 - 1), i3], 0f)
p1 = PLACEHOLDER [3, 3, 16, 1]
DepthwiseConv2d(b, i, j, c) += (PaddedInput[b, (i + di), (j + dj), c]*p1[di, dj, c, 0])
p2 = PLACEHOLDER [1, 1, 1, 16]
T_add(ax0, ax1, ax2, ax3) = (DepthwiseConv2d[ax0, ax1, ax2, ax3] + p2[ax0, 0, 0, ax3])
T_relu(ax0, ax1, ax2, ax3) = max(T_add[ax0, ax1, ax2, ax3], 0f)

==== Task 25: vm_mod_fused_nn_conv2d_add_nn_relu_10 (weight 1 key: ["f5b447dcba2b43cc270d7c2062043946", [1, 1, 1, 480], [1, 1, 480, 120], [1, 1, 1, 120], [1, 1, 1, 120]]) =====
p0 = PLACEHOLDER [1, 1, 1, 480]
pad_temp(i0, i1, i2, i3) = p0[i0, i1, i2, i3]
p1 = PLACEHOLDER [1, 1, 480, 120]
conv2d_nhwc(nn, yy, xx, ff) += (pad_temp[nn, (yy + ry), (xx + rx), rc]*p1[ry, rx, rc, ff])
p2 = PLACEHOLDER [1, 1, 1, 120]
T_add(ax0, ax1, ax2, ax3) = (conv2d_nhwc[ax0, ax1, ax2, ax3] + p2[ax0, ax1, ax2, ax3])
T_relu(ax0, ax1, ax2, ax3) = max(T_add[ax0, ax1, ax2, ax3], 0f)

==== Task 26: vm_mod_fused_nn_conv2d_add_add_clip_divide_multiply_6 (weight 2 key: ["c4a40b16179bb6885ba76d9e196a3add", [1, 14, 14, 184], [3, 3, 184, 1], [1, 1, 1, 184], [1, 14, 14, 184]]) =====
p0 = PLACEHOLDER [1, 14, 14, 184]
PaddedInput(i0, i1, i2, i3) = tir.if_then_else(((((i1 >= 1) && (i1 < 15)) && (i2 >= 1)) && (i2 < 15)), p0[i0, (i1 - 1), (i2 - 1), i3], 0f)
p1 = PLACEHOLDER [3, 3, 184, 1]
DepthwiseConv2d(b, i, j, c) += (PaddedInput[b, (i + di), (j + dj), c]*p1[di, dj, c, 0])
p2 = PLACEHOLDER [1, 1, 1, 184]
T_add(ax0, ax1, ax2, ax3) = (DepthwiseConv2d[ax0, ax1, ax2, ax3] + p2[ax0, 0, 0, ax3])
compile_engine_const() = 3f
T_add(ax0, ax1, ax2, ax3) = (T_add[ax0, ax1, ax2, ax3] + compile_engine_const[])
compute(i0, i1, i2, i3) = max(min(T_add[i0, i1, i2, i3], 6f), 0f)
compile_engine_const() = 6f
T_divide(ax0, ax1, ax2, ax3) = (compute[ax0, ax1, ax2, ax3]/compile_engine_const[])
T_multiply(ax0, ax1, ax2, ax3) = (T_add[ax0, ax1, ax2, ax3]*T_divide[ax0, ax1, ax2, ax3])

==== Task 27: vm_mod_fused_nn_conv2d_add_add_4 (weight 2 key: ["72ca68bb11bee9ca8a1f020c65fe14b9", [1, 14, 14, 184], [1, 1, 184, 80], [1, 1, 1, 80], [1, 14, 14, 80], [1, 14, 14, 80]]) =====
p0 = PLACEHOLDER [1, 14, 14, 184]
pad_temp(i0, i1, i2, i3) = p0[i0, i1, i2, i3]
p1 = PLACEHOLDER [1, 1, 184, 80]
conv2d_nhwc(nn, yy, xx, ff) += (pad_temp[nn, (yy + ry), (xx + rx), rc]*p1[ry, rx, rc, ff])
p2 = PLACEHOLDER [1, 1, 1, 80]
T_add(ax0, ax1, ax2, ax3) = (conv2d_nhwc[ax0, ax1, ax2, ax3] + p2[ax0, 0, 0, ax3])
p3 = PLACEHOLDER [1, 14, 14, 80]
T_add(ax0, ax1, ax2, ax3) = (T_add[ax0, ax1, ax2, ax3] + p3[ax0, ax1, ax2, ax3])

==== Task 28: vm_mod_fused_nn_conv2d_add_add_6 (weight 2 key: ["72ca68bb11bee9ca8a1f020c65fe14b9", [1, 7, 7, 960], [1, 1, 960, 160], [1, 1, 1, 160], [1, 7, 7, 160], [1, 7, 7, 160]]) =====
p0 = PLACEHOLDER [1, 7, 7, 960]
pad_temp(i0, i1, i2, i3) = p0[i0, i1, i2, i3]
p1 = PLACEHOLDER [1, 1, 960, 160]
conv2d_nhwc(nn, yy, xx, ff) += (pad_temp[nn, (yy + ry), (xx + rx), rc]*p1[ry, rx, rc, ff])
p2 = PLACEHOLDER [1, 1, 1, 160]
T_add(ax0, ax1, ax2, ax3) = (conv2d_nhwc[ax0, ax1, ax2, ax3] + p2[ax0, 0, 0, ax3])
p3 = PLACEHOLDER [1, 7, 7, 160]
T_add(ax0, ax1, ax2, ax3) = (T_add[ax0, ax1, ax2, ax3] + p3[ax0, ax1, ax2, ax3])

==== Task 29: vm_mod_fused_nn_conv2d_add_nn_relu_3 (weight 2 key: ["6d628209072e3e3dd8f49359935acea6", [1, 56, 56, 24], [1, 1, 24, 72], [1, 1, 1, 72], [1, 56, 56, 72]]) =====
p0 = PLACEHOLDER [1, 56, 56, 24]
pad_temp(i0, i1, i2, i3) = p0[i0, i1, i2, i3]
p1 = PLACEHOLDER [1, 1, 24, 72]
conv2d_nhwc(nn, yy, xx, ff) += (pad_temp[nn, (yy + ry), (xx + rx), rc]*p1[ry, rx, rc, ff])
p2 = PLACEHOLDER [1, 1, 1, 72]
T_add(ax0, ax1, ax2, ax3) = (conv2d_nhwc[ax0, ax1, ax2, ax3] + p2[ax0, 0, 0, ax3])
T_relu(ax0, ax1, ax2, ax3) = max(T_add[ax0, ax1, ax2, ax3], 0f)

==== Task 30: vm_mod_fused_nn_conv2d_add_add_clip_divide_multiply_2 (weight 1 key: ["5584e4d68b3c2f6c78f7c8f4ae91f643", [1, 28, 28, 240], [3, 3, 240, 1], [1, 1, 1, 240], [1, 14, 14, 240]]) =====
p0 = PLACEHOLDER [1, 28, 28, 240]
PaddedInput(i0, i1, i2, i3) = tir.if_then_else(((((i1 >= 1) && (i1 < 29)) && (i2 >= 1)) && (i2 < 29)), p0[i0, (i1 - 1), (i2 - 1), i3], 0f)
p1 = PLACEHOLDER [3, 3, 240, 1]
DepthwiseConv2d(b, i, j, c) += (PaddedInput[b, ((i*2) + di), ((j*2) + dj), c]*p1[di, dj, c, 0])
p2 = PLACEHOLDER [1, 1, 1, 240]
T_add(ax0, ax1, ax2, ax3) = (DepthwiseConv2d[ax0, ax1, ax2, ax3] + p2[ax0, 0, 0, ax3])
compile_engine_const() = 3f
T_add(ax0, ax1, ax2, ax3) = (T_add[ax0, ax1, ax2, ax3] + compile_engine_const[])
compute(i0, i1, i2, i3) = max(min(T_add[i0, i1, i2, i3], 6f), 0f)
compile_engine_const() = 6f
T_divide(ax0, ax1, ax2, ax3) = (compute[ax0, ax1, ax2, ax3]/compile_engine_const[])
T_multiply(ax0, ax1, ax2, ax3) = (T_add[ax0, ax1, ax2, ax3]*T_divide[ax0, ax1, ax2, ax3])

==== Task 31: vm_mod_fused_nn_adaptive_avg_pool2d_4 (weight 1 key: ["8c53ca2904398da2889aa7508082d7bb", [1, 7, 7, 672], [1, 1, 1, 672]]) =====
p0 = PLACEHOLDER [1, 7, 7, 672]
adaptive_pool_sum(ax0, ax1, ax2, ax3) += p0[ax0, ((ax1*7) + rv0), ((ax2*7) + rv1), ax3]
adaptive_pool_avg(ax0, ax1, ax2, ax3) = (adaptive_pool_sum[ax0, ax1, ax2, ax3]/(float32((select((bool)1, ((ax1 + 1)*7), (((ax1 + 1)*7) + 1)) - (ax1*7)))*float32((select((bool)1, ((ax2 + 1)*7), (((ax2 + 1)*7) + 1)) - (ax2*7)))))

==== Task 32: vm_mod_fused_nn_conv2d_add_add_clip_divide_multiply_11 (weight 1 key: ["5584e4d68b3c2f6c78f7c8f4ae91f643", [1, 14, 14, 672], [5, 5, 672, 1], [1, 1, 1, 672], [1, 7, 7, 672]]) =====
p0 = PLACEHOLDER [1, 14, 14, 672]
PaddedInput(i0, i1, i2, i3) = tir.if_then_else(((((i1 >= 2) && (i1 < 16)) && (i2 >= 2)) && (i2 < 16)), p0[i0, (i1 - 2), (i2 - 2), i3], 0f)
p1 = PLACEHOLDER [5, 5, 672, 1]
DepthwiseConv2d(b, i, j, c) += (PaddedInput[b, ((i*2) + di), ((j*2) + dj), c]*p1[di, dj, c, 0])
p2 = PLACEHOLDER [1, 1, 1, 672]
T_add(ax0, ax1, ax2, ax3) = (DepthwiseConv2d[ax0, ax1, ax2, ax3] + p2[ax0, 0, 0, ax3])
compile_engine_const() = 3f
T_add(ax0, ax1, ax2, ax3) = (T_add[ax0, ax1, ax2, ax3] + compile_engine_const[])
compute(i0, i1, i2, i3) = max(min(T_add[i0, i1, i2, i3], 6f), 0f)
compile_engine_const() = 6f
T_divide(ax0, ax1, ax2, ax3) = (compute[ax0, ax1, ax2, ax3]/compile_engine_const[])
T_multiply(ax0, ax1, ax2, ax3) = (T_add[ax0, ax1, ax2, ax3]*T_divide[ax0, ax1, ax2, ax3])

==== Task 33: vm_mod_fused_nn_conv2d_add_add_2 (weight 2 key: ["72ca68bb11bee9ca8a1f020c65fe14b9", [1, 28, 28, 120], [1, 1, 120, 40], [1, 1, 1, 40], [1, 28, 28, 40], [1, 28, 28, 40]]) =====
p0 = PLACEHOLDER [1, 28, 28, 120]
pad_temp(i0, i1, i2, i3) = p0[i0, i1, i2, i3]
p1 = PLACEHOLDER [1, 1, 120, 40]
conv2d_nhwc(nn, yy, xx, ff) += (pad_temp[nn, (yy + ry), (xx + rx), rc]*p1[ry, rx, rc, ff])
p2 = PLACEHOLDER [1, 1, 1, 40]
T_add(ax0, ax1, ax2, ax3) = (conv2d_nhwc[ax0, ax1, ax2, ax3] + p2[ax0, 0, 0, ax3])
p3 = PLACEHOLDER [1, 28, 28, 40]
T_add(ax0, ax1, ax2, ax3) = (T_add[ax0, ax1, ax2, ax3] + p3[ax0, ax1, ax2, ax3])

==== Task 34: vm_mod_fused_nn_adaptive_avg_pool2d (weight 1 key: ["5f606dbf52f21fe707e2db850ef12471", [1, 28, 28, 72], [1, 1, 1, 72]]) =====
p0 = PLACEHOLDER [1, 28, 28, 72]
adaptive_pool_sum(ax0, ax1, ax2, ax3) += p0[ax0, ((ax1*28) + rv0), ((ax2*28) + rv1), ax3]
adaptive_pool_avg(ax0, ax1, ax2, ax3) = (adaptive_pool_sum[ax0, ax1, ax2, ax3]/(float32((select((bool)1, ((ax1 + 1)*28), (((ax1 + 1)*28) + 1)) - (ax1*28)))*float32((select((bool)1, ((ax2 + 1)*28), (((ax2 + 1)*28) + 1)) - (ax2*28)))))

==== Task 35: vm_mod_fused_nn_conv2d_add_2 (weight 1 key: ["cb7a0e9e733d26ffc00e7f6c9cc0f879", [1, 14, 14, 240], [1, 1, 240, 80], [1, 1, 1, 80], [1, 14, 14, 80]]) =====
p0 = PLACEHOLDER [1, 14, 14, 240]
pad_temp(i0, i1, i2, i3) = p0[i0, i1, i2, i3]
p1 = PLACEHOLDER [1, 1, 240, 80]
conv2d_nhwc(nn, yy, xx, ff) += (pad_temp[nn, (yy + ry), (xx + rx), rc]*p1[ry, rx, rc, ff])
p2 = PLACEHOLDER [1, 1, 1, 80]
T_add(ax0, ax1, ax2, ax3) = (conv2d_nhwc[ax0, ax1, ax2, ax3] + p2[ax0, 0, 0, ax3])

==== Task 36: vm_mod_fused_nn_conv2d_add_nn_relu_11 (weight 2 key: ["f5b447dcba2b43cc270d7c2062043946", [1, 1, 1, 672], [1, 1, 672, 168], [1, 1, 1, 168], [1, 1, 1, 168]]) =====
p0 = PLACEHOLDER [1, 1, 1, 672]
pad_temp(i0, i1, i2, i3) = p0[i0, i1, i2, i3]
p1 = PLACEHOLDER [1, 1, 672, 168]
conv2d_nhwc(nn, yy, xx, ff) += (pad_temp[nn, (yy + ry), (xx + rx), rc]*p1[ry, rx, rc, ff])
p2 = PLACEHOLDER [1, 1, 1, 168]
T_add(ax0, ax1, ax2, ax3) = (conv2d_nhwc[ax0, ax1, ax2, ax3] + p2[ax0, ax1, ax2, ax3])
T_relu(ax0, ax1, ax2, ax3) = max(T_add[ax0, ax1, ax2, ax3], 0f)

==== Task 37: vm_mod_fused_nn_conv2d_add_clip_divide_4 (weight 2 key: ["71674820f9879a3e56274f61dbea193b", [1, 1, 1, 240], [1, 1, 240, 960], [1, 1, 1, 960], [1, 1, 1, 960]]) =====
p0 = PLACEHOLDER [1, 1, 1, 240]
pad_temp(i0, i1, i2, i3) = p0[i0, i1, i2, i3]
p1 = PLACEHOLDER [1, 1, 240, 960]
conv2d_nhwc(nn, yy, xx, ff) += (pad_temp[nn, (yy + ry), (xx + rx), rc]*p1[ry, rx, rc, ff])
p2 = PLACEHOLDER [1, 1, 1, 960]
T_add(ax0, ax1, ax2, ax3) = (conv2d_nhwc[ax0, ax1, ax2, ax3] + p2[ax0, ax1, ax2, ax3])
compute(i0, i1, i2, i3) = max(min(T_add[i0, i1, i2, i3], 6f), 0f)
compile_engine_const() = 6f
T_divide(ax0, ax1, ax2, ax3) = (compute[ax0, ax1, ax2, ax3]/compile_engine_const[])

==== Task 38: vm_mod_fused_nn_conv2d_add_1 (weight 1 key: ["cb7a0e9e733d26ffc00e7f6c9cc0f879", [1, 28, 28, 72], [1, 1, 72, 40], [1, 1, 1, 40], [1, 28, 28, 40]]) =====
p0 = PLACEHOLDER [1, 28, 28, 72]
pad_temp(i0, i1, i2, i3) = p0[i0, i1, i2, i3]
p1 = PLACEHOLDER [1, 1, 72, 40]
conv2d_nhwc(nn, yy, xx, ff) += (pad_temp[nn, (yy + ry), (xx + rx), rc]*p1[ry, rx, rc, ff])
p2 = PLACEHOLDER [1, 1, 1, 40]
T_add(ax0, ax1, ax2, ax3) = (conv2d_nhwc[ax0, ax1, ax2, ax3] + p2[ax0, 0, 0, ax3])

==== Task 39: vm_mod_fused_nn_conv2d_add_add_clip_divide_multiply_12 (weight 3 key: ["8b290ca0f393be6ffa536c91e9bafd22", [1, 7, 7, 160], [1, 1, 160, 960], [1, 1, 1, 960], [1, 7, 7, 960]]) =====
p0 = PLACEHOLDER [1, 7, 7, 160]
pad_temp(i0, i1, i2, i3) = p0[i0, i1, i2, i3]
p1 = PLACEHOLDER [1, 1, 160, 960]
conv2d_nhwc(nn, yy, xx, ff) += (pad_temp[nn, (yy + ry), (xx + rx), rc]*p1[ry, rx, rc, ff])
p2 = PLACEHOLDER [1, 1, 1, 960]
T_add(ax0, ax1, ax2, ax3) = (conv2d_nhwc[ax0, ax1, ax2, ax3] + p2[ax0, 0, 0, ax3])
compile_engine_const() = 3f
T_add(ax0, ax1, ax2, ax3) = (T_add[ax0, ax1, ax2, ax3] + compile_engine_const[])
compute(i0, i1, i2, i3) = max(min(T_add[i0, i1, i2, i3], 6f), 0f)
compile_engine_const() = 6f
T_divide(ax0, ax1, ax2, ax3) = (compute[ax0, ax1, ax2, ax3]/compile_engine_const[])
T_multiply(ax0, ax1, ax2, ax3) = (T_add[ax0, ax1, ax2, ax3]*T_divide[ax0, ax1, ax2, ax3])

==== Task 40: vm_mod_fused_nn_conv2d_add_nn_relu_6 (weight 1 key: ["f5b447dcba2b43cc270d7c2062043946", [1, 1, 1, 72], [1, 1, 72, 24], [1, 1, 1, 24], [1, 1, 1, 24]]) =====
p0 = PLACEHOLDER [1, 1, 1, 72]
pad_temp(i0, i1, i2, i3) = p0[i0, i1, i2, i3]
p1 = PLACEHOLDER [1, 1, 72, 24]
conv2d_nhwc(nn, yy, xx, ff) += (pad_temp[nn, (yy + ry), (xx + rx), rc]*p1[ry, rx, rc, ff])
p2 = PLACEHOLDER [1, 1, 1, 24]
T_add(ax0, ax1, ax2, ax3) = (conv2d_nhwc[ax0, ax1, ax2, ax3] + p2[ax0, ax1, ax2, ax3])
T_relu(ax0, ax1, ax2, ax3) = max(T_add[ax0, ax1, ax2, ax3], 0f)

==== Task 41: vm_mod_fused_nn_conv2d_add_add_clip_divide_multiply_7 (weight 1 key: ["8b290ca0f393be6ffa536c91e9bafd22", [1, 14, 14, 80], [1, 1, 80, 480], [1, 1, 1, 480], [1, 14, 14, 480]]) =====
p0 = PLACEHOLDER [1, 14, 14, 80]
pad_temp(i0, i1, i2, i3) = p0[i0, i1, i2, i3]
p1 = PLACEHOLDER [1, 1, 80, 480]
conv2d_nhwc(nn, yy, xx, ff) += (pad_temp[nn, (yy + ry), (xx + rx), rc]*p1[ry, rx, rc, ff])
p2 = PLACEHOLDER [1, 1, 1, 480]
T_add(ax0, ax1, ax2, ax3) = (conv2d_nhwc[ax0, ax1, ax2, ax3] + p2[ax0, 0, 0, ax3])
compile_engine_const() = 3f
T_add(ax0, ax1, ax2, ax3) = (T_add[ax0, ax1, ax2, ax3] + compile_engine_const[])
compute(i0, i1, i2, i3) = max(min(T_add[i0, i1, i2, i3], 6f), 0f)
compile_engine_const() = 6f
T_divide(ax0, ax1, ax2, ax3) = (compute[ax0, ax1, ax2, ax3]/compile_engine_const[])
T_multiply(ax0, ax1, ax2, ax3) = (T_add[ax0, ax1, ax2, ax3]*T_divide[ax0, ax1, ax2, ax3])

==== Task 42: vm_mod_fused_nn_conv2d_add_clip_divide_2 (weight 1 key: ["71674820f9879a3e56274f61dbea193b", [1, 1, 1, 120], [1, 1, 120, 480], [1, 1, 1, 480], [1, 1, 1, 480]]) =====
p0 = PLACEHOLDER [1, 1, 1, 120]
pad_temp(i0, i1, i2, i3) = p0[i0, i1, i2, i3]
p1 = PLACEHOLDER [1, 1, 120, 480]
conv2d_nhwc(nn, yy, xx, ff) += (pad_temp[nn, (yy + ry), (xx + rx), rc]*p1[ry, rx, rc, ff])
p2 = PLACEHOLDER [1, 1, 1, 480]
T_add(ax0, ax1, ax2, ax3) = (conv2d_nhwc[ax0, ax1, ax2, ax3] + p2[ax0, ax1, ax2, ax3])
compute(i0, i1, i2, i3) = max(min(T_add[i0, i1, i2, i3], 6f), 0f)
compile_engine_const() = 6f
T_divide(ax0, ax1, ax2, ax3) = (compute[ax0, ax1, ax2, ax3]/compile_engine_const[])

==== Task 43: vm_mod_fused_nn_conv2d_add_add_clip_divide_multiply_3 (weight 1 key: ["8b290ca0f393be6ffa536c91e9bafd22", [1, 14, 14, 80], [1, 1, 80, 200], [1, 1, 1, 200], [1, 14, 14, 200]]) =====
p0 = PLACEHOLDER [1, 14, 14, 80]
pad_temp(i0, i1, i2, i3) = p0[i0, i1, i2, i3]
p1 = PLACEHOLDER [1, 1, 80, 200]
conv2d_nhwc(nn, yy, xx, ff) += (pad_temp[nn, (yy + ry), (xx + rx), rc]*p1[ry, rx, rc, ff])
p2 = PLACEHOLDER [1, 1, 1, 200]
T_add(ax0, ax1, ax2, ax3) = (conv2d_nhwc[ax0, ax1, ax2, ax3] + p2[ax0, 0, 0, ax3])
compile_engine_const() = 3f
T_add(ax0, ax1, ax2, ax3) = (T_add[ax0, ax1, ax2, ax3] + compile_engine_const[])
compute(i0, i1, i2, i3) = max(min(T_add[i0, i1, i2, i3], 6f), 0f)
compile_engine_const() = 6f
T_divide(ax0, ax1, ax2, ax3) = (compute[ax0, ax1, ax2, ax3]/compile_engine_const[])
T_multiply(ax0, ax1, ax2, ax3) = (T_add[ax0, ax1, ax2, ax3]*T_divide[ax0, ax1, ax2, ax3])

==== Task 44: vm_mod_fused_nn_conv2d_add_nn_relu_2 (weight 1 key: ["88a2e34d300a6ccfcf0228f0b90f13ec", [1, 112, 112, 64], [3, 3, 64, 1], [1, 1, 1, 64], [1, 56, 56, 64]]) =====
p0 = PLACEHOLDER [1, 112, 112, 64]
PaddedInput(i0, i1, i2, i3) = tir.if_then_else(((((i1 >= 1) && (i1 < 113)) && (i2 >= 1)) && (i2 < 113)), p0[i0, (i1 - 1), (i2 - 1), i3], 0f)
p1 = PLACEHOLDER [3, 3, 64, 1]
DepthwiseConv2d(b, i, j, c) += (PaddedInput[b, ((i*2) + di), ((j*2) + dj), c]*p1[di, dj, c, 0])
p2 = PLACEHOLDER [1, 1, 1, 64]
T_add(ax0, ax1, ax2, ax3) = (DepthwiseConv2d[ax0, ax1, ax2, ax3] + p2[ax0, 0, 0, ax3])
T_relu(ax0, ax1, ax2, ax3) = max(T_add[ax0, ax1, ax2, ax3], 0f)

==== Task 45: vm_mod_fused_nn_adaptive_avg_pool2d_5 (weight 3 key: ["8c53ca2904398da2889aa7508082d7bb", [1, 7, 7, 960], [1, 1, 1, 960]]) =====
p0 = PLACEHOLDER [1, 7, 7, 960]
adaptive_pool_sum(ax0, ax1, ax2, ax3) += p0[ax0, ((ax1*7) + rv0), ((ax2*7) + rv1), ax3]
adaptive_pool_avg(ax0, ax1, ax2, ax3) = (adaptive_pool_sum[ax0, ax1, ax2, ax3]/(float32((select((bool)1, ((ax1 + 1)*7), (((ax1 + 1)*7) + 1)) - (ax1*7)))*float32((select((bool)1, ((ax2 + 1)*7), (((ax2 + 1)*7) + 1)) - (ax2*7)))))

==== Task 46: vm_mod_fused_nn_conv2d_add_4 (weight 1 key: ["cb7a0e9e733d26ffc00e7f6c9cc0f879", [1, 7, 7, 672], [1, 1, 672, 160], [1, 1, 1, 160], [1, 7, 7, 160]]) =====
p0 = PLACEHOLDER [1, 7, 7, 672]
pad_temp(i0, i1, i2, i3) = p0[i0, i1, i2, i3]
p1 = PLACEHOLDER [1, 1, 672, 160]
conv2d_nhwc(nn, yy, xx, ff) += (pad_temp[nn, (yy + ry), (xx + rx), rc]*p1[ry, rx, rc, ff])
p2 = PLACEHOLDER [1, 1, 1, 160]
T_add(ax0, ax1, ax2, ax3) = (conv2d_nhwc[ax0, ax1, ax2, ax3] + p2[ax0, 0, 0, ax3])

==== Task 47: vm_mod_fused_nn_adaptive_avg_pool2d_1 (weight 2 key: ["5f606dbf52f21fe707e2db850ef12471", [1, 28, 28, 120], [1, 1, 1, 120]]) =====
p0 = PLACEHOLDER [1, 28, 28, 120]
adaptive_pool_sum(ax0, ax1, ax2, ax3) += p0[ax0, ((ax1*28) + rv0), ((ax2*28) + rv1), ax3]
adaptive_pool_avg(ax0, ax1, ax2, ax3) = (adaptive_pool_sum[ax0, ax1, ax2, ax3]/(float32((select((bool)1, ((ax1 + 1)*28), (((ax1 + 1)*28) + 1)) - (ax1*28)))*float32((select((bool)1, ((ax2 + 1)*28), (((ax2 + 1)*28) + 1)) - (ax2*28)))))

==== Task 48: vm_mod_fused_nn_conv2d_add_nn_relu_9 (weight 2 key: ["f5b447dcba2b43cc270d7c2062043946", [1, 1, 1, 120], [1, 1, 120, 32], [1, 1, 1, 32], [1, 1, 1, 32]]) =====
----------------------------------------------------------------------
------------------------------  [ Task Scheduler ]
----------------------------------------------------------------------
p0 = PLACEHOLDER [1, 1, 1, 120]
pad_temp(i0, i1, i2, i3) = p0[i0, i1, i2, i3]
p1 = PLACEHOLDER [1, 1, 120, 32]
conv2d_nhwc(nn, yy, xx, ff) += (pad_temp[nn, (yy + ry), (xx + rx), rc]*p1[ry, rx, rc, ff])
p2 = PLACEHOLDER [1, 1, 1, 32]
T_add(ax0, ax1, ax2, ax3) = (conv2d_nhwc[ax0, ax1, ax2, ax3] + p2[ax0, ax1, ax2, ax3])
T_relu(ax0, ax1, ax2, ax3) = max(T_add[ax0, ax1, ax2, ax3], 0f)

==== Task 49: vm_mod_fused_nn_conv2d_add_nn_relu_12 (weight 2 key: ["f5b447dcba2b43cc270d7c2062043946", [1, 1, 1, 960], [1, 1, 960, 240], [1, 1, 1, 240], [1, 1, 1, 240]]) =====
p0 = PLACEHOLDER [1, 1, 1, 960]
pad_temp(i0, i1, i2, i3) = p0[i0, i1, i2, i3]
p1 = PLACEHOLDER [1, 1, 960, 240]
conv2d_nhwc(nn, yy, xx, ff) += (pad_temp[nn, (yy + ry), (xx + rx), rc]*p1[ry, rx, rc, ff])
p2 = PLACEHOLDER [1, 1, 1, 240]
T_add(ax0, ax1, ax2, ax3) = (conv2d_nhwc[ax0, ax1, ax2, ax3] + p2[ax0, ax1, ax2, ax3])
T_relu(ax0, ax1, ax2, ax3) = max(T_add[ax0, ax1, ax2, ax3], 0f)

==== Task 50: vm_mod_fused_nn_conv2d_add_add_5 (weight 1 key: ["72ca68bb11bee9ca8a1f020c65fe14b9", [1, 14, 14, 672], [1, 1, 672, 112], [1, 1, 1, 112], [1, 14, 14, 112], [1, 14, 14, 112]]) =====
p0 = PLACEHOLDER [1, 14, 14, 672]
pad_temp(i0, i1, i2, i3) = p0[i0, i1, i2, i3]
p1 = PLACEHOLDER [1, 1, 672, 112]
conv2d_nhwc(nn, yy, xx, ff) += (pad_temp[nn, (yy + ry), (xx + rx), rc]*p1[ry, rx, rc, ff])
p2 = PLACEHOLDER [1, 1, 1, 112]
T_add(ax0, ax1, ax2, ax3) = (conv2d_nhwc[ax0, ax1, ax2, ax3] + p2[ax0, 0, 0, ax3])
p3 = PLACEHOLDER [1, 14, 14, 112]
T_add(ax0, ax1, ax2, ax3) = (T_add[ax0, ax1, ax2, ax3] + p3[ax0, ax1, ax2, ax3])

==== Task 51: vm_mod_fused_nn_conv2d_add_add_clip_divide_multiply_8 (weight 1 key: ["c4a40b16179bb6885ba76d9e196a3add", [1, 14, 14, 480], [3, 3, 480, 1], [1, 1, 1, 480], [1, 14, 14, 480]]) =====
p0 = PLACEHOLDER [1, 14, 14, 480]
PaddedInput(i0, i1, i2, i3) = tir.if_then_else(((((i1 >= 1) && (i1 < 15)) && (i2 >= 1)) && (i2 < 15)), p0[i0, (i1 - 1), (i2 - 1), i3], 0f)
p1 = PLACEHOLDER [3, 3, 480, 1]
DepthwiseConv2d(b, i, j, c) += (PaddedInput[b, (i + di), (j + dj), c]*p1[di, dj, c, 0])
p2 = PLACEHOLDER [1, 1, 1, 480]
T_add(ax0, ax1, ax2, ax3) = (DepthwiseConv2d[ax0, ax1, ax2, ax3] + p2[ax0, 0, 0, ax3])
compile_engine_const() = 3f
T_add(ax0, ax1, ax2, ax3) = (T_add[ax0, ax1, ax2, ax3] + compile_engine_const[])
compute(i0, i1, i2, i3) = max(min(T_add[i0, i1, i2, i3], 6f), 0f)
compile_engine_const() = 6f
T_divide(ax0, ax1, ax2, ax3) = (compute[ax0, ax1, ax2, ax3]/compile_engine_const[])
T_multiply(ax0, ax1, ax2, ax3) = (T_add[ax0, ax1, ax2, ax3]*T_divide[ax0, ax1, ax2, ax3])

|  ID  |                       Task Description                        | Latency (ms) | Speed (GFLOPS) | Trials |
-----------------------------------------------------------------------------------------------------------------
|    0 |                          vm_mod_fused_nn_conv2d_add_nn_relu_5 |            - |              - |      0 |
|    1 |                                   vm_mod_fused_nn_dense_add_1 |            - |              - |      0 |
|    2 |                                    vm_mod_fused_nn_conv2d_add |            - |              - |      0 |
|    3 |         vm_mod_fused_nn_conv2d_add_add_clip_divide_multiply_4 |            - |              - |      0 |
|    4 |           vm_mod_fused_nn_conv2d_add_add_clip_divide_multiply |            - |              - |      0 |
|    5 |                              vm_mod_fused_nn_conv2d_add_add_3 |            - |              - |      0 |
|    6 |                        vm_mod_fused_nn_conv2d_add_clip_divide |            - |              - |      0 |
|    7 |                          vm_mod_fused_nn_conv2d_add_nn_relu_1 |            - |              - |      0 |
|    8 |                         vm_mod_fused_nn_adaptive_avg_pool2d_2 |            - |              - |      0 |
|    9 |        vm_mod_fused_nn_conv2d_add_add_clip_divide_multiply_10 |            - |              - |      0 |
|   10 |                                  vm_mod_fused_nn_conv2d_add_3 |            - |              - |      0 |
|   11 |                              vm_mod_fused_nn_conv2d_add_add_1 |            - |              - |      0 |
|   12 |                          vm_mod_fused_nn_conv2d_add_nn_relu_8 |            - |              - |      0 |
|   13 |                      vm_mod_fused_nn_conv2d_add_clip_divide_3 |            - |              - |      0 |
|   14 |         vm_mod_fused_nn_conv2d_add_add_clip_divide_multiply_9 |            - |              - |      0 |
|   15 |         vm_mod_fused_nn_conv2d_add_add_clip_divide_multiply_5 |            - |              - |      0 |
|   16 |                          vm_mod_fused_nn_conv2d_add_nn_relu_4 |            - |              - |      0 |
|   17 |                      vm_mod_fused_nn_conv2d_add_clip_divide_1 |            - |              - |      0 |
|   18 |                                     vm_mod_fused_nn_dense_add |            - |              - |      0 |
|   19 |         vm_mod_fused_nn_conv2d_add_add_clip_divide_multiply_1 |            - |              - |      0 |
|   20 |                         vm_mod_fused_nn_adaptive_avg_pool2d_3 |            - |              - |      0 |
|   21 |                                vm_mod_fused_nn_conv2d_add_add |            - |              - |      0 |
|   22 |        vm_mod_fused_nn_conv2d_add_add_clip_divide_multiply_13 |            - |              - |      0 |
|   23 |                          vm_mod_fused_nn_conv2d_add_nn_relu_7 |            - |              - |      0 |
|   24 |                            vm_mod_fused_nn_conv2d_add_nn_relu |            - |              - |      0 |
|   25 |                         vm_mod_fused_nn_conv2d_add_nn_relu_10 |            - |              - |      0 |
|   26 |         vm_mod_fused_nn_conv2d_add_add_clip_divide_multiply_6 |            - |              - |      0 |
|   27 |                              vm_mod_fused_nn_conv2d_add_add_4 |            - |              - |      0 |
|   28 |                              vm_mod_fused_nn_conv2d_add_add_6 |            - |              - |      0 |
|   29 |                          vm_mod_fused_nn_conv2d_add_nn_relu_3 |            - |              - |      0 |
|   30 |         vm_mod_fused_nn_conv2d_add_add_clip_divide_multiply_2 |            - |              - |      0 |
|   31 |                         vm_mod_fused_nn_adaptive_avg_pool2d_4 |            - |              - |      0 |
|   32 |        vm_mod_fused_nn_conv2d_add_add_clip_divide_multiply_11 |            - |              - |      0 |
|   33 |                              vm_mod_fused_nn_conv2d_add_add_2 |            - |              - |      0 |
|   34 |                           vm_mod_fused_nn_adaptive_avg_pool2d |            - |              - |      0 |
|   35 |                                  vm_mod_fused_nn_conv2d_add_2 |            - |              - |      0 |
|   36 |                         vm_mod_fused_nn_conv2d_add_nn_relu_11 |            - |              - |      0 |
|   37 |                      vm_mod_fused_nn_conv2d_add_clip_divide_4 |            - |              - |      0 |
|   38 |                                  vm_mod_fused_nn_conv2d_add_1 |            - |              - |      0 |
|   39 |        vm_mod_fused_nn_conv2d_add_add_clip_divide_multiply_12 |            - |              - |      0 |
|   40 |                          vm_mod_fused_nn_conv2d_add_nn_relu_6 |            - |              - |      0 |
|   41 |         vm_mod_fused_nn_conv2d_add_add_clip_divide_multiply_7 |            - |              - |      0 |
|   42 |                      vm_mod_fused_nn_conv2d_add_clip_divide_2 |            - |              - |      0 |
|   43 |         vm_mod_fused_nn_conv2d_add_add_clip_divide_multiply_3 |            - |              - |      0 |
|   44 |                          vm_mod_fused_nn_conv2d_add_nn_relu_2 |            - |              - |      0 |
|   45 |                         vm_mod_fused_nn_adaptive_avg_pool2d_5 |            - |              - |      0 |
|   46 |                                  vm_mod_fused_nn_conv2d_add_4 |            - |              - |      0 |
----------------------------------------------------------------------
------------------------------  [ Search ]
----------------------------------------------------------------------
Generate Sketches		#s: 1
Sample Initial Population	#s: 52	fail_ct: 1996	Time elapsed: 7.07
GA Iter: 0	Max score: 0.9988	Min score: 0.0158	#Pop: 52	#M+: 0	#M-: 0
GA Iter: 4	Max score: 0.9999	Min score: 0.9914	#Pop: 76	#M+: 1396	#M-: 0
EvolutionarySearch		#s: 76	Time elapsed: 125.05
----------------------------------------------------------------------
------------------------------  [ Measure ]
----------------------------------------------------------------------
Get 38 programs to measure:
......................................**************************************|   47 |                         vm_mod_fused_nn_adaptive_avg_pool2d_1 |            - |              - |      0 |
|   48 |                          vm_mod_fused_nn_conv2d_add_nn_relu_9 |            - |              - |      0 |
|   49 |                         vm_mod_fused_nn_conv2d_add_nn_relu_12 |            - |              - |      0 |
|   50 |                              vm_mod_fused_nn_conv2d_add_add_5 |            - |              - |      0 |
|   51 |         vm_mod_fused_nn_conv2d_add_add_clip_divide_multiply_8 |            - |              - |      0 |
-----------------------------------------------------------------------------------------------------------------
Estimated total latency: - ms	Trials: 0	Used time : 0 s	Next ID: 0	

Time elapsed for measurement: 19.85 s
----------------------------------------------------------------------
------------------------------  [ Train cost model ]
----------------------------------------------------------------------
Time elapsed for training: 1.05 s
----------------------------------------------------------------------
------------------------------  [ Task Scheduler ]
----------------------------------------------------------------------
----------------------------------------------------------------------
------------------------------  [ Search ]
----------------------------------------------------------------------
Generate Sketches		#s: 2
Sample Initial Population	#s: 69	fail_ct: 1979	Time elapsed: 2.93
GA Iter: 0	Max score: 0.9785	Min score: 0.0166	#Pop: 69	#M+: 0	#M-: 0
GA Iter: 4	Max score: 1.0000	Min score: 0.9585	#Pop: 76	#M+: 1389	#M-: 0
EvolutionarySearch		#s: 76	Time elapsed: 11.91
----------------------------------------------------------------------
------------------------------  [ Measure ]
----------------------------------------------------------------------
Get 38 programs to measure:
......................................**************************************|  ID  |                       Task Description                        | Latency (ms) | Speed (GFLOPS) | Trials |
-----------------------------------------------------------------------------------------------------------------
|    0 |                          vm_mod_fused_nn_conv2d_add_nn_relu_5 |        0.004 |         786.27 |     38 |
|    1 |                                   vm_mod_fused_nn_dense_add_1 |            - |              - |      0 |
|    2 |                                    vm_mod_fused_nn_conv2d_add |            - |              - |      0 |
|    3 |         vm_mod_fused_nn_conv2d_add_add_clip_divide_multiply_4 |            - |              - |      0 |
|    4 |           vm_mod_fused_nn_conv2d_add_add_clip_divide_multiply |            - |              - |      0 |
|    5 |                              vm_mod_fused_nn_conv2d_add_add_3 |            - |              - |      0 |
|    6 |                        vm_mod_fused_nn_conv2d_add_clip_divide |            - |              - |      0 |
|    7 |                          vm_mod_fused_nn_conv2d_add_nn_relu_1 |            - |              - |      0 |
|    8 |                         vm_mod_fused_nn_adaptive_avg_pool2d_2 |            - |              - |      0 |
|    9 |        vm_mod_fused_nn_conv2d_add_add_clip_divide_multiply_10 |            - |              - |      0 |
|   10 |                                  vm_mod_fused_nn_conv2d_add_3 |            - |              - |      0 |
|   11 |                              vm_mod_fused_nn_conv2d_add_add_1 |            - |              - |      0 |
|   12 |                          vm_mod_fused_nn_conv2d_add_nn_relu_8 |            - |              - |      0 |
|   13 |                      vm_mod_fused_nn_conv2d_add_clip_divide_3 |            - |              - |      0 |
|   14 |         vm_mod_fused_nn_conv2d_add_add_clip_divide_multiply_9 |            - |              - |      0 |
|   15 |         vm_mod_fused_nn_conv2d_add_add_clip_divide_multiply_5 |            - |              - |      0 |
|   16 |                          vm_mod_fused_nn_conv2d_add_nn_relu_4 |            - |              - |      0 |
|   17 |                      vm_mod_fused_nn_conv2d_add_clip_divide_1 |            - |              - |      0 |
|   18 |                                     vm_mod_fused_nn_dense_add |            - |              - |      0 |
|   19 |         vm_mod_fused_nn_conv2d_add_add_clip_divide_multiply_1 |            - |              - |      0 |
|   20 |                         vm_mod_fused_nn_adaptive_avg_pool2d_3 |            - |              - |      0 |
|   21 |                                vm_mod_fused_nn_conv2d_add_add |            - |              - |      0 |
|   22 |        vm_mod_fused_nn_conv2d_add_add_clip_divide_multiply_13 |            - |              - |      0 |
|   23 |                          vm_mod_fused_nn_conv2d_add_nn_relu_7 |            - |              - |      0 |
|   24 |                            vm_mod_fused_nn_conv2d_add_nn_relu |            - |              - |      0 |
|   25 |                         vm_mod_fused_nn_conv2d_add_nn_relu_10 |            - |              - |      0 |
|   26 |         vm_mod_fused_nn_conv2d_add_add_clip_divide_multiply_6 |            - |              - |      0 |
|   27 |                              vm_mod_fused_nn_conv2d_add_add_4 |            - |              - |      0 |
|   28 |                              vm_mod_fused_nn_conv2d_add_add_6 |            - |              - |      0 |
|   29 |                          vm_mod_fused_nn_conv2d_add_nn_relu_3 |            - |              - |      0 |
|   30 |         vm_mod_fused_nn_conv2d_add_add_clip_divide_multiply_2 |            - |              - |      0 |
|   31 |                         vm_mod_fused_nn_adaptive_avg_pool2d_4 |            - |              - |      0 |
|   32 |        vm_mod_fused_nn_conv2d_add_add_clip_divide_multiply_11 |            - |              - |      0 |
|   33 |                              vm_mod_fused_nn_conv2d_add_add_2 |            - |              - |      0 |
|   34 |                           vm_mod_fused_nn_adaptive_avg_pool2d |            - |              - |      0 |
|   35 |                                  vm_mod_fused_nn_conv2d_add_2 |            - |              - |      0 |
|   36 |                         vm_mod_fused_nn_conv2d_add_nn_relu_11 |            - |              - |      0 |
|   37 |                      vm_mod_fused_nn_conv2d_add_clip_divide_4 |            - |              - |      0 |
|   38 |                                  vm_mod_fused_nn_conv2d_add_1 |            - |              - |      0 |
|   39 |        vm_mod_fused_nn_conv2d_add_add_clip_divide_multiply_12 |            - |              - |      0 |
|   40 |                          vm_mod_fused_nn_conv2d_add_nn_relu_6 |            - |              - |      0 |
|   41 |         vm_mod_fused_nn_conv2d_add_add_clip_divide_multiply_7 |            - |              - |      0 |
|   42 |                      vm_mod_fused_nn_conv2d_add_clip_divide_2 |            - |              - |      0 |
|   43 |         vm_mod_fused_nn_conv2d_add_add_clip_divide_multiply_3 |            - |              - |      0 |
|   44 |                          vm_mod_fused_nn_conv2d_add_nn_relu_2 |            - |              - |      0 |
|   45 |                         vm_mod_fused_nn_adaptive_avg_pool2d_5 |            - |              - |      0 |
|   46 |                                  vm_mod_fused_nn_conv2d_add_4 |            - |              - |      0 |
|   47 |                         vm_mod_fused_nn_adaptive_avg_pool2d_1 |            - |              - |      0 |
|   48 |                          vm_mod_fused_nn_conv2d_add_nn_relu_9 |            - |              - |      0 |
|   49 |                         vm_mod_fused_nn_conv2d_add_nn_relu_12 |            - |              - |      0 |
|   50 |                              vm_mod_fused_nn_conv2d_add_add_5 |            - |              - |      0 |
|   51 |         vm_mod_fused_nn_conv2d_add_add_clip_divide_multiply_8 |            - |              - |      0 |
-----------------------------------------------------------------------------------------------------------------
Estimated total latency: - ms	Trials: 38	Used time : 153 s	Next ID: 1	

Time elapsed for measurement: 16.92 s
----------------------------------------------------------------------
------------------------------  [ Train cost model ]
----------------------------------------------------------------------
Time elapsed for training: 0.19 s
----------------------------------------------------------------------
------------------------------  [ Task Scheduler ]
----------------------------------------------------------------------
----------------------------------------------------------------------
------------------------------  [ Search ]
----------------------------------------------------------------------
Generate Sketches		#s: 1
Sample Initial Population	#s: 77	fail_ct: 1971	Time elapsed: 6.19
GA Iter: 0	Max score: 0.9920	Min score: 0.0173	#Pop: 76	#M+: 0	#M-: 0
GA Iter: 4	Max score: 0.9992	Min score: 0.9895	#Pop: 76	#M+: 1389	#M-: 0
EvolutionarySearch		#s: 76	Time elapsed: 77.44
----------------------------------------------------------------------
------------------------------  [ Measure ]
----------------------------------------------------------------------
Get 38 programs to measure:
......................................**************************************|  ID  |                       Task Description                        | Latency (ms) | Speed (GFLOPS) | Trials |
-----------------------------------------------------------------------------------------------------------------
|    0 |                          vm_mod_fused_nn_conv2d_add_nn_relu_5 |        0.004 |         786.27 |     38 |
|    1 |                                   vm_mod_fused_nn_dense_add_1 |        0.008 |         319.46 |     38 |
|    2 |                                    vm_mod_fused_nn_conv2d_add |            - |              - |      0 |
|    3 |         vm_mod_fused_nn_conv2d_add_add_clip_divide_multiply_4 |            - |              - |      0 |
|    4 |           vm_mod_fused_nn_conv2d_add_add_clip_divide_multiply |            - |              - |      0 |
|    5 |                              vm_mod_fused_nn_conv2d_add_add_3 |            - |              - |      0 |
|    6 |                        vm_mod_fused_nn_conv2d_add_clip_divide |            - |              - |      0 |
|    7 |                          vm_mod_fused_nn_conv2d_add_nn_relu_1 |            - |              - |      0 |
|    8 |                         vm_mod_fused_nn_adaptive_avg_pool2d_2 |            - |              - |      0 |
|    9 |        vm_mod_fused_nn_conv2d_add_add_clip_divide_multiply_10 |            - |              - |      0 |
|   10 |                                  vm_mod_fused_nn_conv2d_add_3 |            - |              - |      0 |
|   11 |                              vm_mod_fused_nn_conv2d_add_add_1 |            - |              - |      0 |
|   12 |                          vm_mod_fused_nn_conv2d_add_nn_relu_8 |            - |              - |      0 |
|   13 |                      vm_mod_fused_nn_conv2d_add_clip_divide_3 |            - |              - |      0 |
|   14 |         vm_mod_fused_nn_conv2d_add_add_clip_divide_multiply_9 |            - |              - |      0 |
|   15 |         vm_mod_fused_nn_conv2d_add_add_clip_divide_multiply_5 |            - |              - |      0 |
|   16 |                          vm_mod_fused_nn_conv2d_add_nn_relu_4 |            - |              - |      0 |
|   17 |                      vm_mod_fused_nn_conv2d_add_clip_divide_1 |            - |              - |      0 |
|   18 |                                     vm_mod_fused_nn_dense_add |            - |              - |      0 |
|   19 |         vm_mod_fused_nn_conv2d_add_add_clip_divide_multiply_1 |            - |              - |      0 |
|   20 |                         vm_mod_fused_nn_adaptive_avg_pool2d_3 |            - |              - |      0 |
|   21 |                                vm_mod_fused_nn_conv2d_add_add |            - |              - |      0 |
|   22 |        vm_mod_fused_nn_conv2d_add_add_clip_divide_multiply_13 |            - |              - |      0 |
|   23 |                          vm_mod_fused_nn_conv2d_add_nn_relu_7 |            - |              - |      0 |
|   24 |                            vm_mod_fused_nn_conv2d_add_nn_relu |            - |              - |      0 |
|   25 |                         vm_mod_fused_nn_conv2d_add_nn_relu_10 |            - |              - |      0 |
|   26 |         vm_mod_fused_nn_conv2d_add_add_clip_divide_multiply_6 |            - |              - |      0 |
|   27 |                              vm_mod_fused_nn_conv2d_add_add_4 |            - |              - |      0 |
|   28 |                              vm_mod_fused_nn_conv2d_add_add_6 |            - |              - |      0 |
|   29 |                          vm_mod_fused_nn_conv2d_add_nn_relu_3 |            - |              - |      0 |
|   30 |         vm_mod_fused_nn_conv2d_add_add_clip_divide_multiply_2 |            - |              - |      0 |
|   31 |                         vm_mod_fused_nn_adaptive_avg_pool2d_4 |            - |              - |      0 |
|   32 |        vm_mod_fused_nn_conv2d_add_add_clip_divide_multiply_11 |            - |              - |      0 |
|   33 |                              vm_mod_fused_nn_conv2d_add_add_2 |            - |              - |      0 |
|   34 |                           vm_mod_fused_nn_adaptive_avg_pool2d |            - |              - |      0 |
|   35 |                                  vm_mod_fused_nn_conv2d_add_2 |            - |              - |      0 |
|   36 |                         vm_mod_fused_nn_conv2d_add_nn_relu_11 |            - |              - |      0 |
|   37 |                      vm_mod_fused_nn_conv2d_add_clip_divide_4 |            - |              - |      0 |
|   38 |                                  vm_mod_fused_nn_conv2d_add_1 |            - |              - |      0 |
|   39 |        vm_mod_fused_nn_conv2d_add_add_clip_divide_multiply_12 |            - |              - |      0 |
|   40 |                          vm_mod_fused_nn_conv2d_add_nn_relu_6 |            - |              - |      0 |
|   41 |         vm_mod_fused_nn_conv2d_add_add_clip_divide_multiply_7 |            - |              - |      0 |
|   42 |                      vm_mod_fused_nn_conv2d_add_clip_divide_2 |            - |              - |      0 |
|   43 |         vm_mod_fused_nn_conv2d_add_add_clip_divide_multiply_3 |            - |              - |      0 |
|   44 |                          vm_mod_fused_nn_conv2d_add_nn_relu_2 |            - |              - |      0 |
|   45 |                         vm_mod_fused_nn_adaptive_avg_pool2d_5 |            - |              - |      0 |
|   46 |                                  vm_mod_fused_nn_conv2d_add_4 |            - |              - |      0 |
|   47 |                         vm_mod_fused_nn_adaptive_avg_pool2d_1 |            - |              - |      0 |
|   48 |                          vm_mod_fused_nn_conv2d_add_nn_relu_9 |            - |              - |      0 |
|   49 |                         vm_mod_fused_nn_conv2d_add_nn_relu_12 |            - |              - |      0 |
|   50 |                              vm_mod_fused_nn_conv2d_add_add_5 |            - |              - |      0 |
|   51 |         vm_mod_fused_nn_conv2d_add_add_clip_divide_multiply_8 |            - |              - |      0 |
-----------------------------------------------------------------------------------------------------------------
Estimated total latency: - ms	Trials: 76	Used time : 185 s	Next ID: 2	

Time elapsed for measurement: 17.40 s
----------------------------------------------------------------------
------------------------------  [ Train cost model ]
----------------------------------------------------------------------
Time elapsed for training: 0.33 s
----------------------------------------------------------------------
------------------------------  [ Task Scheduler ]
----------------------------------------------------------------------
----------------------------------------------------------------------
------------------------------  [ Search ]
----------------------------------------------------------------------
Generate Sketches		#s: 1
Sample Initial Population	#s: 142	fail_ct: 1906	Time elapsed: 7.93
GA Iter: 0	Max score: 0.9844	Min score: 0.4213	#Pop: 76	#M+: 0	#M-: 0
GA Iter: 4	Max score: 0.9999	Min score: 0.9900	#Pop: 76	#M+: 1397	#M-: 0
EvolutionarySearch		#s: 76	Time elapsed: 123.47
----------------------------------------------------------------------
------------------------------  [ Measure ]
----------------------------------------------------------------------
Get 38 programs to measure:
.....................................|  ID  |                       Task Description                        | Latency (ms) | Speed (GFLOPS) | Trials |
-----------------------------------------------------------------------------------------------------------------
|    0 |                          vm_mod_fused_nn_conv2d_add_nn_relu_5 |        0.004 |         786.27 |     38 |
|    1 |                                   vm_mod_fused_nn_dense_add_1 |        0.008 |         319.46 |     38 |
|    2 |                                    vm_mod_fused_nn_conv2d_add |        0.008 |        1196.78 |     38 |
|    3 |         vm_mod_fused_nn_conv2d_add_add_clip_divide_multiply_4 |            - |              - |      0 |
|    4 |           vm_mod_fused_nn_conv2d_add_add_clip_divide_multiply |            - |              - |      0 |
|    5 |                              vm_mod_fused_nn_conv2d_add_add_3 |            - |              - |      0 |
|    6 |                        vm_mod_fused_nn_conv2d_add_clip_divide |            - |              - |      0 |
|    7 |                          vm_mod_fused_nn_conv2d_add_nn_relu_1 |            - |              - |      0 |
|    8 |                         vm_mod_fused_nn_adaptive_avg_pool2d_2 |            - |              - |      0 |
|    9 |        vm_mod_fused_nn_conv2d_add_add_clip_divide_multiply_10 |            - |              - |      0 |
|   10 |                                  vm_mod_fused_nn_conv2d_add_3 |            - |              - |      0 |
|   11 |                              vm_mod_fused_nn_conv2d_add_add_1 |            - |              - |      0 |
|   12 |                          vm_mod_fused_nn_conv2d_add_nn_relu_8 |            - |              - |      0 |
|   13 |                      vm_mod_fused_nn_conv2d_add_clip_divide_3 |            - |              - |      0 |
|   14 |         vm_mod_fused_nn_conv2d_add_add_clip_divide_multiply_9 |            - |              - |      0 |
|   15 |         vm_mod_fused_nn_conv2d_add_add_clip_divide_multiply_5 |            - |              - |      0 |
|   16 |                          vm_mod_fused_nn_conv2d_add_nn_relu_4 |            - |              - |      0 |
|   17 |                      vm_mod_fused_nn_conv2d_add_clip_divide_1 |            - |              - |      0 |
|   18 |                                     vm_mod_fused_nn_dense_add |            - |              - |      0 |
|   19 |         vm_mod_fused_nn_conv2d_add_add_clip_divide_multiply_1 |            - |              - |      0 |
|   20 |                         vm_mod_fused_nn_adaptive_avg_pool2d_3 |            - |              - |      0 |
|   21 |                                vm_mod_fused_nn_conv2d_add_add |            - |              - |      0 |
|   22 |        vm_mod_fused_nn_conv2d_add_add_clip_divide_multiply_13 |            - |              - |      0 |
|   23 |                          vm_mod_fused_nn_conv2d_add_nn_relu_7 |            - |              - |      0 |
|   24 |                            vm_mod_fused_nn_conv2d_add_nn_relu |            - |              - |      0 |
|   25 |                         vm_mod_fused_nn_conv2d_add_nn_relu_10 |            - |              - |      0 |
|   26 |         vm_mod_fused_nn_conv2d_add_add_clip_divide_multiply_6 |            - |              - |      0 |
|   27 |                              vm_mod_fused_nn_conv2d_add_add_4 |            - |              - |      0 |
|   28 |                              vm_mod_fused_nn_conv2d_add_add_6 |            - |              - |      0 |
|   29 |                          vm_mod_fused_nn_conv2d_add_nn_relu_3 |            - |              - |      0 |
|   30 |         vm_mod_fused_nn_conv2d_add_add_clip_divide_multiply_2 |            - |              - |      0 |
|   31 |                         vm_mod_fused_nn_adaptive_avg_pool2d_4 |            - |              - |      0 |
|   32 |        vm_mod_fused_nn_conv2d_add_add_clip_divide_multiply_11 |            - |              - |      0 |
|   33 |                              vm_mod_fused_nn_conv2d_add_add_2 |            - |              - |      0 |
|   34 |                           vm_mod_fused_nn_adaptive_avg_pool2d |            - |              - |      0 |
|   35 |                                  vm_mod_fused_nn_conv2d_add_2 |            - |              - |      0 |
|   36 |                         vm_mod_fused_nn_conv2d_add_nn_relu_11 |            - |              - |      0 |
|   37 |                      vm_mod_fused_nn_conv2d_add_clip_divide_4 |            - |              - |      0 |
|   38 |                                  vm_mod_fused_nn_conv2d_add_1 |            - |              - |      0 |
|   39 |        vm_mod_fused_nn_conv2d_add_add_clip_divide_multiply_12 |            - |              - |      0 |
|   40 |                          vm_mod_fused_nn_conv2d_add_nn_relu_6 |            - |              - |      0 |
|   41 |         vm_mod_fused_nn_conv2d_add_add_clip_divide_multiply_7 |            - |              - |      0 |
|   42 |                      vm_mod_fused_nn_conv2d_add_clip_divide_2 |            - |              - |      0 |
|   43 |         vm_mod_fused_nn_conv2d_add_add_clip_divide_multiply_3 |            - |              - |      0 |
|   44 |                          vm_mod_fused_nn_conv2d_add_nn_relu_2 |            - |              - |      0 |
|   45 |                         vm_mod_fused_nn_adaptive_avg_pool2d_5 |            - |              - |      0 |
|   46 |                                  vm_mod_fused_nn_conv2d_add_4 |            - |              - |      0 |
|   47 |                         vm_mod_fused_nn_adaptive_avg_pool2d_1 |            - |              - |      0 |
|   48 |                          vm_mod_fused_nn_conv2d_add_nn_relu_9 |            - |              - |      0 |
|   49 |                         vm_mod_fused_nn_conv2d_add_nn_relu_12 |            - |              - |      0 |
|   50 |                              vm_mod_fused_nn_conv2d_add_add_5 |            - |              - |      0 |
|   51 |         vm_mod_fused_nn_conv2d_add_add_clip_divide_multiply_8 |            - |              - |      0 |
-----------------------------------------------------------------------------------------------------------------
Estimated total latency: - ms	Trials: 114	Used time : 287 s	Next ID: 3	
.T*************************************
Time elapsed for measurement: 28.65 s
----------------------------------------------------------------------
------------------------------  [ Train cost model ]
----------------------------------------------------------------------
Time elapsed for training: 2.24 s
----------------------------------------------------------------------
------------------------------  [ Task Scheduler ]
----------------------------------------------------------------------
----------------------------------------------------------------------
------------------------------  [ Search ]
----------------------------------------------------------------------
Generate Sketches		#s: 1
Sample Initial Population	#s: 122	fail_ct: 1926	Time elapsed: 9.08
GA Iter: 0	Max score: 0.9966	Min score: 0.3831	#Pop: 76	#M+: 0	#M-: 0
GA Iter: 4	Max score: 0.9999	Min score: 0.9897	#Pop: 76	#M+: 1384	#M-: 0
EvolutionarySearch		#s: 76	Time elapsed: 118.38
----------------------------------------------------------------------
------------------------------  [ Measure ]
----------------------------------------------------------------------
Get 38 programs to measure:
......................................**Eterminate called after throwing an instance of 'tvm::runtime::InternalError'
  what():  [18:28:23] /data3/qsy/complier/tlm/src/runtime/cuda/cuda_module.cc:61: CUDAError: cuModuleUnload(module_[i]) failed with error: CUDA_ERROR_MISALIGNED_ADDRESS
Stack trace:
  0: tvm::runtime::SimpleObjAllocator::Handler<tvm::runtime::CUDAModuleNode>::Deleter_(tvm::runtime::Object*)
  1: tvm::runtime::SimpleObjAllocator::Handler<tvm::runtime::LibraryModuleNode>::Deleter_(tvm::runtime::Object*)
  2: _ZN3tvm7runtime18SimpleObjAllocator7HandlerINS0_16PackedFuncS
  3: _ZN3tvm7runtime18SimpleObjAllocator7HandlerINS0_16PackedFuncSubObjIZNS0_9profiling17WrapTimeE
  4: TVMObjectFree
  5: __pyx_tp_dealloc_3tvm_4_ffi_4_cy3_4core_PackedFuncBase(_object*)
  6: subtype_dealloc
        at /usr/local/src/conda/python-3.10.18/Objects/typeobject.c:1460
  7: _Py_DECREF
        at /usr/local/src/conda/python-3.10.18/Include/object.h:500
  8: _Py_XDECREF
        at /usr/local/src/conda/python-3.10.18/Include/object.h:567
  9: cell_dealloc
        at /usr/local/src/conda/python-3.10.18/Objects/cellobject.c:82
  10: _Py_Dealloc
        at /usr/local/src/conda/python-3.10.18/Objects/object.c:2301
  11: _Py_DECREF
        at /usr/local/src/conda/python-3.10.18/Include/object.h:500
  12: _Py_XDECREF
        at /usr/local/src/conda/python-3.10.18/Include/object.h:567
  13: tupledealloc
        at /usr/local/src/conda/python-3.10.18/Objects/tupleobject.c:276
  14: _Py_Dealloc
        at /usr/local/src/conda/python-3.10.18/Objects/object.c:2301
  15: _Py_DECREF
        at /usr/local/src/conda/python-3.10.18/Include/object.h:500
  16: func_clear
        at /usr/local/src/conda/python-3.10.18/Objects/funcobject.c:636
  17: func_dealloc
        at /usr/local/src/conda/python-3.10.18/Objects/funcobject.c:648
  18: _Py_Dealloc
        at /usr/local/src/conda/python-3.10.18/Objects/object.c:2301
  19: _Py_DECREF
        at /usr/local/src/conda/python-3.10.18/Include/object.h:500
  20: frame_dealloc
        at /usr/local/src/conda/python-3.10.18/Objects/frameobject.c:591
  21: _Py_Dealloc
        at /usr/local/src/conda/python-3.10.18/Objects/object.c:2301
  22: _Py_DECREF
        at /usr/local/src/conda/python-3.10.18/Include/object.h:500
  23: _PyEval_Vector
        at /usr/local/src/conda/python-3.10.18/Python/ceval.c:5080
  24: _PyFunction_Vectorcall
        at /usr/local/src/conda/python-3.10.18/Objects/call.c:342
  25: do_call_core
        at /usr/local/src/conda/python-3.10.18/Python/ceval.c:5945
  26: _PyEval_EvalFrameDefault
        at /usr/local/src/conda/python-3.10.18/Python/ceval.c:4277
  27: _PyEval_EvalFrame
        at /usr/local/src/conda/python-3.10.18/Include/internal/pycore_ceval.h:46
  28: _PyEval_Vector
        at /usr/local/src/conda/python-3.10.18/Python/ceval.c:5067
  29: _PyFunction_Vectorcall
        at /usr/local/src/conda/python-3.10.18/Objects/call.c:342
  30: _PyObject_VectorcallTstate
        at /usr/local/src/conda/python-3.10.18/Include/cpython/abstract.h:114
  31: PyObject_Vectorcall
        at /usr/local/src/conda/python-3.10.18/Include/cpython/abstract.h:123
  32: call_function
        at /usr/local/src/conda/python-3.10.18/Python/ceval.c:5893
  33: _PyEval_EvalFrameDefault
        at /usr/local/src/conda/python-3.10.18/Python/ceval.c:4213
  34: _PyEval_EvalFrame
        at /usr/local/src/conda/python-3.10.18/Include/internal/pycore_ceval.h:46
  35: _PyEval_Vector
        at /usr/local/src/conda/python-3.10.18/Python/ceval.c:5067
  36: PyEval_EvalCode
        at /usr/local/src/conda/python-3.10.18/Python/ceval.c:1134
  37: builtin_exec_impl
        at /usr/local/src/conda/python-3.10.18/Python/bltinmodule.c:1058
  38: builtin_exec
        at /usr/local/src/conda/python-3.10.18/Python/clinic/bltinmodule.c.h:371
  39: cfunction_vectorcall_FASTCALL
        at /usr/local/src/conda/python-3.10.18/Objects/methodobject.c:430
  40: _PyObject_VectorcallTstate
        at /usr/local/src/conda/python-3.10.18/Include/cpython/abstract.h:114
  41: PyObject_Vectorcall
        at /usr/local/src/conda/python-3.10.18/Include/cpython/abstract.h:123
  42: call_function
        at /usr/local/src/conda/python-3.10.18/Python/ceval.c:5893
  43: _PyEval_EvalFrameDefault
        at /usr/local/src/conda/python-3.10.18/Python/ceval.c:4213
  44: _PyEval_EvalFrame
        at /usr/local/src/conda/python-3.10.18/Include/internal/pycore_ceval.h:46
  45: _PyEval_Vector
        at /usr/local/src/conda/python-3.10.18/Python/ceval.c:5067
  46: _PyFunction_Vectorcall
        at /usr/local/src/conda/python-3.10.18/Objects/call.c:342
  47: _PyObject_VectorcallTstate
        at /usr/local/src/conda/python-3.10.18/Include/cpython/abstract.h:114
  48: PyObject_Vectorcall
        at /usr/local/src/conda/python-3.10.18/Include/cpython/abstract.h:123
  49: call_function
        at /usr/local/src/conda/python-3.10.18/Python/ceval.c:5893
  50: _PyEval_EvalFrameDefault
        at /usr/local/src/conda/python-3.10.18/Python/ceval.c:4213
  51: _PyEval_EvalFrame
        at /usr/local/src/conda/python-3.10.18/Include/internal/pycore_ceval.h:46
  52: _PyEval_Vector
        at /usr/local/src/conda/python-3.10.18/Python/ceval.c:5067
  53: _PyFunction_Vectorcall
        at /usr/local/src/conda/python-3.10.18/Objects/call.c:342
  54: pymain_run_module
        at /usr/local/src/conda/python-3.10.18/Modules/main.c:297
  55: pymain_run_python
        at /usr/local/src/conda/python-3.10.18/Modules/main.c:589
  56: Py_RunMain
        at /usr/local/src/conda/python-3.10.18/Modules/main.c:674
  57: Py_BytesMain
        at /usr/local/src/conda/python-3.10.18/Modules/main.c:1094
  58: __libc_start_main
        at ../csu/libc-start.c:308
  59: 0x000000000058728d
  60: 0xffffffffffffffff


|  ID  |                       Task Description                        | Latency (ms) | Speed (GFLOPS) | Trials |
-----------------------------------------------------------------------------------------------------------------
|    0 |                          vm_mod_fused_nn_conv2d_add_nn_relu_5 |        0.004 |         786.27 |     38 |
|    1 |                                   vm_mod_fused_nn_dense_add_1 |        0.008 |         319.46 |     38 |
|    2 |                                    vm_mod_fused_nn_conv2d_add |        0.008 |        1196.78 |     38 |
|    3 |         vm_mod_fused_nn_conv2d_add_add_clip_divide_multiply_4 |        0.005 |         171.23 |     38 |
|    4 |           vm_mod_fused_nn_conv2d_add_add_clip_divide_multiply |            - |              - |      0 |
|    5 |                              vm_mod_fused_nn_conv2d_add_add_3 |            - |              - |      0 |
|    6 |                        vm_mod_fused_nn_conv2d_add_clip_divide |            - |              - |      0 |
|    7 |                          vm_mod_fused_nn_conv2d_add_nn_relu_1 |            - |              - |      0 |
|    8 |                         vm_mod_fused_nn_adaptive_avg_pool2d_2 |            - |              - |      0 |
|    9 |        vm_mod_fused_nn_conv2d_add_add_clip_divide_multiply_10 |            - |              - |      0 |
|   10 |                                  vm_mod_fused_nn_conv2d_add_3 |            - |              - |      0 |
|   11 |                              vm_mod_fused_nn_conv2d_add_add_1 |            - |              - |      0 |
|   12 |                          vm_mod_fused_nn_conv2d_add_nn_relu_8 |            - |              - |      0 |
|   13 |                      vm_mod_fused_nn_conv2d_add_clip_divide_3 |            - |              - |      0 |
|   14 |         vm_mod_fused_nn_conv2d_add_add_clip_divide_multiply_9 |            - |              - |      0 |
|   15 |         vm_mod_fused_nn_conv2d_add_add_clip_divide_multiply_5 |            - |              - |      0 |
|   16 |                          vm_mod_fused_nn_conv2d_add_nn_relu_4 |            - |              - |      0 |
|   17 |                      vm_mod_fused_nn_conv2d_add_clip_divide_1 |            - |              - |      0 |
|   18 |                                     vm_mod_fused_nn_dense_add |            - |              - |      0 |
|   19 |         vm_mod_fused_nn_conv2d_add_add_clip_divide_multiply_1 |            - |              - |      0 |
|   20 |                         vm_mod_fused_nn_adaptive_avg_pool2d_3 |            - |              - |      0 |
|   21 |                                vm_mod_fused_nn_conv2d_add_add |            - |              - |      0 |
|   22 |        vm_mod_fused_nn_conv2d_add_add_clip_divide_multiply_13 |            - |              - |      0 |
|   23 |                          vm_mod_fused_nn_conv2d_add_nn_relu_7 |            - |              - |      0 |
|   24 |                            vm_mod_fused_nn_conv2d_add_nn_relu |            - |              - |      0 |
|   25 |                         vm_mod_fused_nn_conv2d_add_nn_relu_10 |            - |              - |      0 |
|   26 |         vm_mod_fused_nn_conv2d_add_add_clip_divide_multiply_6 |            - |              - |      0 |
|   27 |                              vm_mod_fused_nn_conv2d_add_add_4 |            - |              - |      0 |
|   28 |                              vm_mod_fused_nn_conv2d_add_add_6 |            - |              - |      0 |
|   29 |                          vm_mod_fused_nn_conv2d_add_nn_relu_3 |            - |              - |      0 |
|   30 |         vm_mod_fused_nn_conv2d_add_add_clip_divide_multiply_2 |            - |              - |      0 |
|   31 |                         vm_mod_fused_nn_adaptive_avg_pool2d_4 |            - |              - |      0 |
|   32 |        vm_mod_fused_nn_conv2d_add_add_clip_divide_multiply_11 |            - |              - |      0 |
|   33 |                              vm_mod_fused_nn_conv2d_add_add_2 |            - |              - |      0 |
|   34 |                           vm_mod_fused_nn_adaptive_avg_pool2d |            - |              - |      0 |
|   35 |                                  vm_mod_fused_nn_conv2d_add_2 |            - |              - |      0 |
|   36 |                         vm_mod_fused_nn_conv2d_add_nn_relu_11 |            - |              - |      0 |
|   37 |                      vm_mod_fused_nn_conv2d_add_clip_divide_4 |            - |              - |      0 |
|   38 |                                  vm_mod_fused_nn_conv2d_add_1 |            - |              - |      0 |
|   39 |        vm_mod_fused_nn_conv2d_add_add_clip_divide_multiply_12 |            - |              - |      0 |
|   40 |                          vm_mod_fused_nn_conv2d_add_nn_relu_6 |            - |              - |      0 |
|   41 |         vm_mod_fused_nn_conv2d_add_add_clip_divide_multiply_7 |            - |              - |      0 |
|   42 |                      vm_mod_fused_nn_conv2d_add_clip_divide_2 |            - |              - |      0 |
|   43 |         vm_mod_fused_nn_conv2d_add_add_clip_divide_multiply_3 |            - |              - |      0 |
|   44 |                          vm_mod_fused_nn_conv2d_add_nn_relu_2 |            - |              - |      0 |
|   45 |                         vm_mod_fused_nn_adaptive_avg_pool2d_5 |            - |              - |      0 |
|   46 |                                  vm_mod_fused_nn_conv2d_add_4 |            - |              - |      0 |
|   47 |                         vm_mod_fused_nn_adaptive_avg_pool2d_1 |            - |              - |      0 |
|   48 |                          vm_mod_fused_nn_conv2d_add_nn_relu_9 |            - |              - |      0 |
|   49 |                         vm_mod_fused_nn_conv2d_add_nn_relu_12 |            - |              - |      0 |
|   50 |                              vm_mod_fused_nn_conv2d_add_add_5 |            - |              - |      0 |
|   51 |         vm_mod_fused_nn_conv2d_add_add_clip_divide_multiply_8 |            - |              - |      0 |
-----------------------------------------------------------------------------------------------------------------
Estimated total latency: - ms	Trials: 152	Used time : 449 s	Next ID: 4	
*E****Eterminate called after throwing an instance of 'tvm::runtime::InternalError'
  what():  [18:28:25] /data3/qsy/complier/tlm/src/runtime/cuda/cuda_module.cc:61: CUDAError: cuModuleUnload(module_[i]) failed with error: CUDA_ERROR_MISALIGNED_ADDRESS
Stack trace:
  0: tvm::runtime::SimpleObjAllocator::Handler<tvm::runtime::CUDAModuleNode>::Deleter_(tvm::runtime::Object*)
  1: tvm::runtime::SimpleObjAllocator::Handler<tvm::runtime::LibraryModuleNode>::Deleter_(tvm::runtime::Object*)
  2: _ZN3tvm7runtime18SimpleObjAllocator7HandlerINS0_16PackedFuncS
  3: _ZN3tvm7runtime18SimpleObjAllocator7HandlerINS0_16PackedFuncSubObjIZNS0_9profiling17WrapTimeE
  4: TVMObjectFree
  5: __pyx_tp_dealloc_3tvm_4_ffi_4_cy3_4core_PackedFuncBase(_object*)
  6: subtype_dealloc
        at /usr/local/src/conda/python-3.10.18/Objects/typeobject.c:1460
  7: _Py_DECREF
        at /usr/local/src/conda/python-3.10.18/Include/object.h:500
  8: _Py_XDECREF
        at /usr/local/src/conda/python-3.10.18/Include/object.h:567
  9: cell_dealloc
        at /usr/local/src/conda/python-3.10.18/Objects/cellobject.c:82
  10: _Py_Dealloc
        at /usr/local/src/conda/python-3.10.18/Objects/object.c:2301
  11: _Py_DECREF
        at /usr/local/src/conda/python-3.10.18/Include/object.h:500
  12: _Py_XDECREF
        at /usr/local/src/conda/python-3.10.18/Include/object.h:567
  13: tupledealloc
        at /usr/local/src/conda/python-3.10.18/Objects/tupleobject.c:276
  14: _Py_Dealloc
        at /usr/local/src/conda/python-3.10.18/Objects/object.c:2301
  15: _Py_DECREF
        at /usr/local/src/conda/python-3.10.18/Include/object.h:500
  16: func_clear
        at /usr/local/src/conda/python-3.10.18/Objects/funcobject.c:636
  17: func_dealloc
        at /usr/local/src/conda/python-3.10.18/Objects/funcobject.c:648
  18: _Py_Dealloc
        at /usr/local/src/conda/python-3.10.18/Objects/object.c:2301
  19: _Py_DECREF
        at /usr/local/src/conda/python-3.10.18/Include/object.h:500
  20: frame_dealloc
        at /usr/local/src/conda/python-3.10.18/Objects/frameobject.c:591
  21: _Py_Dealloc
        at /usr/local/src/conda/python-3.10.18/Objects/object.c:2301
  22: _Py_DECREF
        at /usr/local/src/conda/python-3.10.18/Include/object.h:500
  23: _PyEval_Vector
        at /usr/local/src/conda/python-3.10.18/Python/ceval.c:5080
  24: _PyFunction_Vectorcall
        at /usr/local/src/conda/python-3.10.18/Objects/call.c:342
  25: do_call_core
        at /usr/local/src/conda/python-3.10.18/Python/ceval.c:5945
  26: _PyEval_EvalFrameDefault
        at /usr/local/src/conda/python-3.10.18/Python/ceval.c:4277
  27: _PyEval_EvalFrame
        at /usr/local/src/conda/python-3.10.18/Include/internal/pycore_ceval.h:46
  28: _PyEval_Vector
        at /usr/local/src/conda/python-3.10.18/Python/ceval.c:5067
  29: _PyFunction_Vectorcall
        at /usr/local/src/conda/python-3.10.18/Objects/call.c:342
  30: _PyObject_VectorcallTstate
        at /usr/local/src/conda/python-3.10.18/Include/cpython/abstract.h:114
  31: PyObject_Vectorcall
        at /usr/local/src/conda/python-3.10.18/Include/cpython/abstract.h:123
  32: call_function
        at /usr/local/src/conda/python-3.10.18/Python/ceval.c:5893
  33: _PyEval_EvalFrameDefault
        at /usr/local/src/conda/python-3.10.18/Python/ceval.c:4213
  34: _PyEval_EvalFrame
        at /usr/local/src/conda/python-3.10.18/Include/internal/pycore_ceval.h:46
  35: _PyEval_Vector
        at /usr/local/src/conda/python-3.10.18/Python/ceval.c:5067
  36: PyEval_EvalCode
        at /usr/local/src/conda/python-3.10.18/Python/ceval.c:1134
  37: builtin_exec_impl
        at /usr/local/src/conda/python-3.10.18/Python/bltinmodule.c:1058
  38: builtin_exec
        at /usr/local/src/conda/python-3.10.18/Python/clinic/bltinmodule.c.h:371
  39: cfunction_vectorcall_FASTCALL
        at /usr/local/src/conda/python-3.10.18/Objects/methodobject.c:430
  40: _PyObject_VectorcallTstate
        at /usr/local/src/conda/python-3.10.18/Include/cpython/abstract.h:114
  41: PyObject_Vectorcall
        at /usr/local/src/conda/python-3.10.18/Include/cpython/abstract.h:123
  42: call_function
        at /usr/local/src/conda/python-3.10.18/Python/ceval.c:5893
  43: _PyEval_EvalFrameDefault
        at /usr/local/src/conda/python-3.10.18/Python/ceval.c:4213
  44: _PyEval_EvalFrame
        at /usr/local/src/conda/python-3.10.18/Include/internal/pycore_ceval.h:46
  45: _PyEval_Vector
        at /usr/local/src/conda/python-3.10.18/Python/ceval.c:5067
  46: _PyFunction_Vectorcall
        at /usr/local/src/conda/python-3.10.18/Objects/call.c:342
  47: _PyObject_VectorcallTstate
        at /usr/local/src/conda/python-3.10.18/Include/cpython/abstract.h:114
  48: PyObject_Vectorcall
        at /usr/local/src/conda/python-3.10.18/Include/cpython/abstract.h:123
  49: call_function
        at /usr/local/src/conda/python-3.10.18/Python/ceval.c:5893
  50: _PyEval_EvalFrameDefault
        at /usr/local/src/conda/python-3.10.18/Python/ceval.c:4213
  51: _PyEval_EvalFrame
        at /usr/local/src/conda/python-3.10.18/Include/internal/pycore_ceval.h:46
  52: _PyEval_Vector
        at /usr/local/src/conda/python-3.10.18/Python/ceval.c:5067
  53: _PyFunction_Vectorcall
        at /usr/local/src/conda/python-3.10.18/Objects/call.c:342
  54: pymain_run_module
        at /usr/local/src/conda/python-3.10.18/Modules/main.c:297
  55: pymain_run_python
        at /usr/local/src/conda/python-3.10.18/Modules/main.c:589
  56: Py_RunMain
        at /usr/local/src/conda/python-3.10.18/Modules/main.c:674
  57: Py_BytesMain
        at /usr/local/src/conda/python-3.10.18/Modules/main.c:1094
  58: __libc_start_main
        at ../csu/libc-start.c:308
  59: 0x000000000058728d
  60: 0xffffffffffffffff


*E*************************Eterminate called after throwing an instance of 'tvm::runtime::InternalError'
  what():  [18:28:33] /data3/qsy/complier/tlm/src/runtime/cuda/cuda_module.cc:61: CUDAError: cuModuleUnload(module_[i]) failed with error: CUDA_ERROR_MISALIGNED_ADDRESS
Stack trace:
  0: tvm::runtime::SimpleObjAllocator::Handler<tvm::runtime::CUDAModuleNode>::Deleter_(tvm::runtime::Object*)
  1: tvm::runtime::SimpleObjAllocator::Handler<tvm::runtime::LibraryModuleNode>::Deleter_(tvm::runtime::Object*)
  2: _ZN3tvm7runtime18SimpleObjAllocator7HandlerINS0_16PackedFuncS
  3: _ZN3tvm7runtime18SimpleObjAllocator7HandlerINS0_16PackedFuncSubObjIZNS0_9profiling17WrapTimeE
  4: TVMObjectFree
  5: __pyx_tp_dealloc_3tvm_4_ffi_4_cy3_4core_PackedFuncBase(_object*)
  6: subtype_dealloc
        at /usr/local/src/conda/python-3.10.18/Objects/typeobject.c:1460
  7: _Py_DECREF
        at /usr/local/src/conda/python-3.10.18/Include/object.h:500
  8: _Py_XDECREF
        at /usr/local/src/conda/python-3.10.18/Include/object.h:567
  9: cell_dealloc
        at /usr/local/src/conda/python-3.10.18/Objects/cellobject.c:82
  10: _Py_Dealloc
        at /usr/local/src/conda/python-3.10.18/Objects/object.c:2301
  11: _Py_DECREF
        at /usr/local/src/conda/python-3.10.18/Include/object.h:500
  12: _Py_XDECREF
        at /usr/local/src/conda/python-3.10.18/Include/object.h:567
  13: tupledealloc
        at /usr/local/src/conda/python-3.10.18/Objects/tupleobject.c:276
  14: _Py_Dealloc
        at /usr/local/src/conda/python-3.10.18/Objects/object.c:2301
  15: _Py_DECREF
        at /usr/local/src/conda/python-3.10.18/Include/object.h:500
  16: func_clear
        at /usr/local/src/conda/python-3.10.18/Objects/funcobject.c:636
  17: func_dealloc
        at /usr/local/src/conda/python-3.10.18/Objects/funcobject.c:648
  18: _Py_Dealloc
        at /usr/local/src/conda/python-3.10.18/Objects/object.c:2301
  19: _Py_DECREF
        at /usr/local/src/conda/python-3.10.18/Include/object.h:500
  20: frame_dealloc
        at /usr/local/src/conda/python-3.10.18/Objects/frameobject.c:591
  21: _Py_Dealloc
        at /usr/local/src/conda/python-3.10.18/Objects/object.c:2301
  22: _Py_DECREF
        at /usr/local/src/conda/python-3.10.18/Include/object.h:500
  23: _PyEval_Vector
        at /usr/local/src/conda/python-3.10.18/Python/ceval.c:5080
  24: _PyFunction_Vectorcall
        at /usr/local/src/conda/python-3.10.18/Objects/call.c:342
  25: do_call_core
        at /usr/local/src/conda/python-3.10.18/Python/ceval.c:5945
  26: _PyEval_EvalFrameDefault
        at /usr/local/src/conda/python-3.10.18/Python/ceval.c:4277
  27: _PyEval_EvalFrame
        at /usr/local/src/conda/python-3.10.18/Include/internal/pycore_ceval.h:46
  28: _PyEval_Vector
        at /usr/local/src/conda/python-3.10.18/Python/ceval.c:5067
  29: _PyFunction_Vectorcall
        at /usr/local/src/conda/python-3.10.18/Objects/call.c:342
  30: _PyObject_VectorcallTstate
        at /usr/local/src/conda/python-3.10.18/Include/cpython/abstract.h:114
  31: PyObject_Vectorcall
        at /usr/local/src/conda/python-3.10.18/Include/cpython/abstract.h:123
  32: call_function
        at /usr/local/src/conda/python-3.10.18/Python/ceval.c:5893
  33: _PyEval_EvalFrameDefault
        at /usr/local/src/conda/python-3.10.18/Python/ceval.c:4213
  34: _PyEval_EvalFrame
        at /usr/local/src/conda/python-3.10.18/Include/internal/pycore_ceval.h:46
  35: _PyEval_Vector
        at /usr/local/src/conda/python-3.10.18/Python/ceval.c:5067
  36: PyEval_EvalCode
        at /usr/local/src/conda/python-3.10.18/Python/ceval.c:1134
  37: builtin_exec_impl
        at /usr/local/src/conda/python-3.10.18/Python/bltinmodule.c:1058
  38: builtin_exec
        at /usr/local/src/conda/python-3.10.18/Python/clinic/bltinmodule.c.h:371
  39: cfunction_vectorcall_FASTCALL
        at /usr/local/src/conda/python-3.10.18/Objects/methodobject.c:430
  40: _PyObject_VectorcallTstate
        at /usr/local/src/conda/python-3.10.18/Include/cpython/abstract.h:114
  41: PyObject_Vectorcall
        at /usr/local/src/conda/python-3.10.18/Include/cpython/abstract.h:123
  42: call_function
        at /usr/local/src/conda/python-3.10.18/Python/ceval.c:5893
  43: _PyEval_EvalFrameDefault
        at /usr/local/src/conda/python-3.10.18/Python/ceval.c:4213
  44: _PyEval_EvalFrame
        at /usr/local/src/conda/python-3.10.18/Include/internal/pycore_ceval.h:46
  45: _PyEval_Vector
        at /usr/local/src/conda/python-3.10.18/Python/ceval.c:5067
  46: _PyFunction_Vectorcall
        at /usr/local/src/conda/python-3.10.18/Objects/call.c:342
  47: _PyObject_VectorcallTstate
        at /usr/local/src/conda/python-3.10.18/Include/cpython/abstract.h:114
  48: PyObject_Vectorcall
        at /usr/local/src/conda/python-3.10.18/Include/cpython/abstract.h:123
  49: call_function
        at /usr/local/src/conda/python-3.10.18/Python/ceval.c:5893
  50: _PyEval_EvalFrameDefault
        at /usr/local/src/conda/python-3.10.18/Python/ceval.c:4213
  51: _PyEval_EvalFrame
        at /usr/local/src/conda/python-3.10.18/Include/internal/pycore_ceval.h:46
  52: _PyEval_Vector
        at /usr/local/src/conda/python-3.10.18/Python/ceval.c:5067
  53: _PyFunction_Vectorcall
        at /usr/local/src/conda/python-3.10.18/Objects/call.c:342
  54: pymain_run_module
        at /usr/local/src/conda/python-3.10.18/Modules/main.c:297
  55: pymain_run_python
        at /usr/local/src/conda/python-3.10.18/Modules/main.c:589
  56: Py_RunMain
        at /usr/local/src/conda/python-3.10.18/Modules/main.c:674
  57: Py_BytesMain
        at /usr/local/src/conda/python-3.10.18/Modules/main.c:1094
  58: __libc_start_main
        at ../csu/libc-start.c:308
  59: 0x000000000058728d
  60: 0xffffffffffffffff


*E*******
Time elapsed for measurement: 29.87 s
----------------------------------------------------------------------
------------------------------  [ Train cost model ]
----------------------------------------------------------------------
Time elapsed for training: 0.79 s
----------------------------------------------------------------------
------------------------------  [ Task Scheduler ]
----------------------------------------------------------------------
----------------------------------------------------------------------
------------------------------  [ Search ]
----------------------------------------------------------------------
Generate Sketches		#s: 1
Sample Initial Population	#s: 105	fail_ct: 1943	Time elapsed: 5.62
GA Iter: 0	Max score: 0.9896	Min score: 0.2129	#Pop: 76	#M+: 0	#M-: 0
GA Iter: 4	Max score: 0.9999	Min score: 0.9895	#Pop: 76	#M+: 1390	#M-: 0
EvolutionarySearch		#s: 76	Time elapsed: 75.05
----------------------------------------------------------------------
------------------------------  [ Measure ]
----------------------------------------------------------------------
Get 38 programs to measure:
......................................**************************************|  ID  |                       Task Description                        | Latency (ms) | Speed (GFLOPS) | Trials |
-----------------------------------------------------------------------------------------------------------------
|    0 |                          vm_mod_fused_nn_conv2d_add_nn_relu_5 |        0.004 |         786.27 |     38 |
|    1 |                                   vm_mod_fused_nn_dense_add_1 |        0.008 |         319.46 |     38 |
|    2 |                                    vm_mod_fused_nn_conv2d_add |        0.008 |        1196.78 |     38 |
|    3 |         vm_mod_fused_nn_conv2d_add_add_clip_divide_multiply_4 |        0.005 |         171.23 |     38 |
|    4 |           vm_mod_fused_nn_conv2d_add_add_clip_divide_multiply |        0.010 |        1208.29 |     38 |
|    5 |                              vm_mod_fused_nn_conv2d_add_add_3 |            - |              - |      0 |
|    6 |                        vm_mod_fused_nn_conv2d_add_clip_divide |            - |              - |      0 |
|    7 |                          vm_mod_fused_nn_conv2d_add_nn_relu_1 |            - |              - |      0 |
|    8 |                         vm_mod_fused_nn_adaptive_avg_pool2d_2 |            - |              - |      0 |
|    9 |        vm_mod_fused_nn_conv2d_add_add_clip_divide_multiply_10 |            - |              - |      0 |
|   10 |                                  vm_mod_fused_nn_conv2d_add_3 |            - |              - |      0 |
|   11 |                              vm_mod_fused_nn_conv2d_add_add_1 |            - |              - |      0 |
|   12 |                          vm_mod_fused_nn_conv2d_add_nn_relu_8 |            - |              - |      0 |
|   13 |                      vm_mod_fused_nn_conv2d_add_clip_divide_3 |            - |              - |      0 |
|   14 |         vm_mod_fused_nn_conv2d_add_add_clip_divide_multiply_9 |            - |              - |      0 |
|   15 |         vm_mod_fused_nn_conv2d_add_add_clip_divide_multiply_5 |            - |              - |      0 |
|   16 |                          vm_mod_fused_nn_conv2d_add_nn_relu_4 |            - |              - |      0 |
|   17 |                      vm_mod_fused_nn_conv2d_add_clip_divide_1 |            - |              - |      0 |
|   18 |                                     vm_mod_fused_nn_dense_add |            - |              - |      0 |
|   19 |         vm_mod_fused_nn_conv2d_add_add_clip_divide_multiply_1 |            - |              - |      0 |
|   20 |                         vm_mod_fused_nn_adaptive_avg_pool2d_3 |            - |              - |      0 |
|   21 |                                vm_mod_fused_nn_conv2d_add_add |            - |              - |      0 |
|   22 |        vm_mod_fused_nn_conv2d_add_add_clip_divide_multiply_13 |            - |              - |      0 |
|   23 |                          vm_mod_fused_nn_conv2d_add_nn_relu_7 |            - |              - |      0 |
|   24 |                            vm_mod_fused_nn_conv2d_add_nn_relu |            - |              - |      0 |
|   25 |                         vm_mod_fused_nn_conv2d_add_nn_relu_10 |            - |              - |      0 |
|   26 |         vm_mod_fused_nn_conv2d_add_add_clip_divide_multiply_6 |            - |              - |      0 |
|   27 |                              vm_mod_fused_nn_conv2d_add_add_4 |            - |              - |      0 |
|   28 |                              vm_mod_fused_nn_conv2d_add_add_6 |            - |              - |      0 |
|   29 |                          vm_mod_fused_nn_conv2d_add_nn_relu_3 |            - |              - |      0 |
|   30 |         vm_mod_fused_nn_conv2d_add_add_clip_divide_multiply_2 |            - |              - |      0 |
|   31 |                         vm_mod_fused_nn_adaptive_avg_pool2d_4 |            - |              - |      0 |
|   32 |        vm_mod_fused_nn_conv2d_add_add_clip_divide_multiply_11 |            - |              - |      0 |
|   33 |                              vm_mod_fused_nn_conv2d_add_add_2 |            - |              - |      0 |
|   34 |                           vm_mod_fused_nn_adaptive_avg_pool2d |            - |              - |      0 |
|   35 |                                  vm_mod_fused_nn_conv2d_add_2 |            - |              - |      0 |
|   36 |                         vm_mod_fused_nn_conv2d_add_nn_relu_11 |            - |              - |      0 |
|   37 |                      vm_mod_fused_nn_conv2d_add_clip_divide_4 |            - |              - |      0 |
|   38 |                                  vm_mod_fused_nn_conv2d_add_1 |            - |              - |      0 |
|   39 |        vm_mod_fused_nn_conv2d_add_add_clip_divide_multiply_12 |            - |              - |      0 |
|   40 |                          vm_mod_fused_nn_conv2d_add_nn_relu_6 |            - |              - |      0 |
|   41 |         vm_mod_fused_nn_conv2d_add_add_clip_divide_multiply_7 |            - |              - |      0 |
|   42 |                      vm_mod_fused_nn_conv2d_add_clip_divide_2 |            - |              - |      0 |
|   43 |         vm_mod_fused_nn_conv2d_add_add_clip_divide_multiply_3 |            - |              - |      0 |
|   44 |                          vm_mod_fused_nn_conv2d_add_nn_relu_2 |            - |              - |      0 |
|   45 |                         vm_mod_fused_nn_adaptive_avg_pool2d_5 |            - |              - |      0 |
|   46 |                                  vm_mod_fused_nn_conv2d_add_4 |            - |              - |      0 |
|   47 |                         vm_mod_fused_nn_adaptive_avg_pool2d_1 |            - |              - |      0 |
|   48 |                          vm_mod_fused_nn_conv2d_add_nn_relu_9 |            - |              - |      0 |
|   49 |                         vm_mod_fused_nn_conv2d_add_nn_relu_12 |            - |              - |      0 |
|   50 |                              vm_mod_fused_nn_conv2d_add_add_5 |            - |              - |      0 |
|   51 |         vm_mod_fused_nn_conv2d_add_add_clip_divide_multiply_8 |            - |              - |      0 |
-----------------------------------------------------------------------------------------------------------------
Estimated total latency: - ms	Trials: 190	Used time : 608 s	Next ID: 5	

Time elapsed for measurement: 16.86 s
----------------------------------------------------------------------
------------------------------  [ Train cost model ]
----------------------------------------------------------------------
Time elapsed for training: 0.39 s
----------------------------------------------------------------------
------------------------------  [ Task Scheduler ]
----------------------------------------------------------------------
----------------------------------------------------------------------
------------------------------  [ Search ]
----------------------------------------------------------------------
Generate Sketches		#s: 1
Sample Iter: 5	#Pop: 56	#Target: 50	fail_ct: 10184	Time elapsed: 12.47
Sample Initial Population	#s: 56	fail_ct: 10184	Time elapsed: 12.47
GA Iter: 0	Max score: 0.9813	Min score: 0.0003	#Pop: 56	#M+: 0	#M-: 0
GA Iter: 4	Max score: 0.9996	Min score: 0.9895	#Pop: 76	#M+: 1406	#M-: 0
EvolutionarySearch		#s: 76	Time elapsed: 49.86
----------------------------------------------------------------------
------------------------------  [ Measure ]
----------------------------------------------------------------------
Get 38 programs to measure:
......................................************Eterminate called after throwing an instance of 'tvm::runtime::InternalError'
  what():  [18:31:26] /data3/qsy/complier/tlm/src/runtime/cuda/cuda_module.cc:61: CUDAError: cuModuleUnload(module_[i]) failed with error: CUDA_ERROR_MISALIGNED_ADDRESS
Stack trace:
  0: tvm::runtime::SimpleObjAllocator::Handler<tvm::runtime::CUDAModuleNode>::Deleter_(tvm::runtime::Object*)
  1: tvm::runtime::SimpleObjAllocator::Handler<tvm::runtime::LibraryModuleNode>::Deleter_(tvm::runtime::Object*)
  2: _ZN3tvm7runtime18SimpleObjAllocator7HandlerINS0_16PackedFuncS
  3: _ZN3tvm7runtime18SimpleObjAllocator7HandlerINS0_16PackedFuncSubObjIZNS0_9profiling17WrapTimeE
  4: TVMObjectFree
  5: __pyx_tp_dealloc_3tvm_4_ffi_4_cy3_4core_PackedFuncBase(_object*)
  6: subtype_dealloc
        at /usr/local/src/conda/python-3.10.18/Objects/typeobject.c:1460
  7: _Py_DECREF
        at /usr/local/src/conda/python-3.10.18/Include/object.h:500
  8: _Py_XDECREF
        at /usr/local/src/conda/python-3.10.18/Include/object.h:567
  9: cell_dealloc
        at /usr/local/src/conda/python-3.10.18/Objects/cellobject.c:82
  10: _Py_Dealloc
        at /usr/local/src/conda/python-3.10.18/Objects/object.c:2301
  11: _Py_DECREF
        at /usr/local/src/conda/python-3.10.18/Include/object.h:500
  12: _Py_XDECREF
        at /usr/local/src/conda/python-3.10.18/Include/object.h:567
  13: tupledealloc
        at /usr/local/src/conda/python-3.10.18/Objects/tupleobject.c:276
  14: _Py_Dealloc
        at /usr/local/src/conda/python-3.10.18/Objects/object.c:2301
  15: _Py_DECREF
        at /usr/local/src/conda/python-3.10.18/Include/object.h:500
  16: func_clear
        at /usr/local/src/conda/python-3.10.18/Objects/funcobject.c:636
  17: func_dealloc
        at /usr/local/src/conda/python-3.10.18/Objects/funcobject.c:648
  18: _Py_Dealloc
        at /usr/local/src/conda/python-3.10.18/Objects/object.c:2301
  19: _Py_DECREF
        at /usr/local/src/conda/python-3.10.18/Include/object.h:500
  20: frame_dealloc
        at /usr/local/src/conda/python-3.10.18/Objects/frameobject.c:591
  21: _Py_Dealloc
        at /usr/local/src/conda/python-3.10.18/Objects/object.c:2301
  22: _Py_DECREF
        at /usr/local/src/conda/python-3.10.18/Include/object.h:500
  23: _PyEval_Vector
        at /usr/local/src/conda/python-3.10.18/Python/ceval.c:5080
  24: _PyFunction_Vectorcall
        at /usr/local/src/conda/python-3.10.18/Objects/call.c:342
  25: do_call_core
        at /usr/local/src/conda/python-3.10.18/Python/ceval.c:5945
  26: _PyEval_EvalFrameDefault
        at /usr/local/src/conda/python-3.10.18/Python/ceval.c:4277
  27: _PyEval_EvalFrame
        at /usr/local/src/conda/python-3.10.18/Include/internal/pycore_ceval.h:46
  28: _PyEval_Vector
        at /usr/local/src/conda/python-3.10.18/Python/ceval.c:5067
  29: _PyFunction_Vectorcall
        at /usr/local/src/conda/python-3.10.18/Objects/call.c:342
  30: _PyObject_VectorcallTstate
        at /usr/local/src/conda/python-3.10.18/Include/cpython/abstract.h:114
  31: PyObject_Vectorcall
        at /usr/local/src/conda/python-3.10.18/Include/cpython/abstract.h:123
  32: call_function
        at /usr/local/src/conda/python-3.10.18/Python/ceval.c:5893
  33: _PyEval_EvalFrameDefault
        at /usr/local/src/conda/python-3.10.18/Python/ceval.c:4213
  34: _PyEval_EvalFrame
        at /usr/local/src/conda/python-3.10.18/Include/internal/pycore_ceval.h:46
  35: _PyEval_Vector
        at /usr/local/src/conda/python-3.10.18/Python/ceval.c:5067
  36: PyEval_EvalCode
        at /usr/local/src/conda/python-3.10.18/Python/ceval.c:1134
  37: builtin_exec_impl
        at /usr/local/src/conda/python-3.10.18/Python/bltinmodule.c:1058
  38: builtin_exec
        at /usr/local/src/conda/python-3.10.18/Python/clinic/bltinmodule.c.h:371
  39: cfunction_vectorcall_FASTCALL
        at /usr/local/src/conda/python-3.10.18/Objects/methodobject.c:430
  40: _PyObject_VectorcallTstate
        at /usr/local/src/conda/python-3.10.18/Include/cpython/abstract.h:114
  41: PyObject_Vectorcall
        at /usr/local/src/conda/python-3.10.18/Include/cpython/abstract.h:123
  42: call_function
        at /usr/local/src/conda/python-3.10.18/Python/ceval.c:5893
  43: _PyEval_EvalFrameDefault
        at /usr/local/src/conda/python-3.10.18/Python/ceval.c:4213
  44: _PyEval_EvalFrame
        at /usr/local/src/conda/python-3.10.18/Include/internal/pycore_ceval.h:46
  45: _PyEval_Vector
        at /usr/local/src/conda/python-3.10.18/Python/ceval.c:5067
  46: _PyFunction_Vectorcall
        at /usr/local/src/conda/python-3.10.18/Objects/call.c:342
  47: _PyObject_VectorcallTstate
        at /usr/local/src/conda/python-3.10.18/Include/cpython/abstract.h:114
  48: PyObject_Vectorcall
        at /usr/local/src/conda/python-3.10.18/Include/cpython/abstract.h:123
  49: call_function
        at /usr/local/src/conda/python-3.10.18/Python/ceval.c:5893
  50: _PyEval_EvalFrameDefault
        at /usr/local/src/conda/python-3.10.18/Python/ceval.c:4213
  51: _PyEval_EvalFrame
        at /usr/local/src/conda/python-3.10.18/Include/internal/pycore_ceval.h:46
  52: _PyEval_Vector
        at /usr/local/src/conda/python-3.10.18/Python/ceval.c:5067
  53: _PyFunction_Vectorcall
        at /usr/local/src/conda/python-3.10.18/Objects/call.c:342
  54: pymain_run_module
        at /usr/local/src/conda/python-3.10.18/Modules/main.c:297
  55: pymain_run_python
        at /usr/local/src/conda/python-3.10.18/Modules/main.c:589
  56: Py_RunMain
        at /usr/local/src/conda/python-3.10.18/Modules/main.c:674
  57: Py_BytesMain
        at /usr/local/src/conda/python-3.10.18/Modules/main.c:1094
  58: __libc_start_main
        at ../csu/libc-start.c:308
  59: 0x000000000058728d
  60: 0xffffffffffffffff


|  ID  |                       Task Description                        | Latency (ms) | Speed (GFLOPS) | Trials |
-----------------------------------------------------------------------------------------------------------------
|    0 |                          vm_mod_fused_nn_conv2d_add_nn_relu_5 |        0.004 |         786.27 |     38 |
|    1 |                                   vm_mod_fused_nn_dense_add_1 |        0.008 |         319.46 |     38 |
|    2 |                                    vm_mod_fused_nn_conv2d_add |        0.008 |        1196.78 |     38 |
|    3 |         vm_mod_fused_nn_conv2d_add_add_clip_divide_multiply_4 |        0.005 |         171.23 |     38 |
|    4 |           vm_mod_fused_nn_conv2d_add_add_clip_divide_multiply |        0.010 |        1208.29 |     38 |
|    5 |                              vm_mod_fused_nn_conv2d_add_add_3 |        0.005 |        1347.20 |     38 |
|    6 |                        vm_mod_fused_nn_conv2d_add_clip_divide |            - |              - |      0 |
|    7 |                          vm_mod_fused_nn_conv2d_add_nn_relu_1 |            - |              - |      0 |
|    8 |                         vm_mod_fused_nn_adaptive_avg_pool2d_2 |            - |              - |      0 |
|    9 |        vm_mod_fused_nn_conv2d_add_add_clip_divide_multiply_10 |            - |              - |      0 |
|   10 |                                  vm_mod_fused_nn_conv2d_add_3 |            - |              - |      0 |
|   11 |                              vm_mod_fused_nn_conv2d_add_add_1 |            - |              - |      0 |
|   12 |                          vm_mod_fused_nn_conv2d_add_nn_relu_8 |            - |              - |      0 |
|   13 |                      vm_mod_fused_nn_conv2d_add_clip_divide_3 |            - |              - |      0 |
|   14 |         vm_mod_fused_nn_conv2d_add_add_clip_divide_multiply_9 |            - |              - |      0 |
|   15 |         vm_mod_fused_nn_conv2d_add_add_clip_divide_multiply_5 |            - |              - |      0 |
|   16 |                          vm_mod_fused_nn_conv2d_add_nn_relu_4 |            - |              - |      0 |
|   17 |                      vm_mod_fused_nn_conv2d_add_clip_divide_1 |            - |              - |      0 |
|   18 |                                     vm_mod_fused_nn_dense_add |            - |              - |      0 |
|   19 |         vm_mod_fused_nn_conv2d_add_add_clip_divide_multiply_1 |            - |              - |      0 |
|   20 |                         vm_mod_fused_nn_adaptive_avg_pool2d_3 |            - |              - |      0 |
|   21 |                                vm_mod_fused_nn_conv2d_add_add |            - |              - |      0 |
|   22 |        vm_mod_fused_nn_conv2d_add_add_clip_divide_multiply_13 |            - |              - |      0 |
|   23 |                          vm_mod_fused_nn_conv2d_add_nn_relu_7 |            - |              - |      0 |
|   24 |                            vm_mod_fused_nn_conv2d_add_nn_relu |            - |              - |      0 |
|   25 |                         vm_mod_fused_nn_conv2d_add_nn_relu_10 |            - |              - |      0 |
|   26 |         vm_mod_fused_nn_conv2d_add_add_clip_divide_multiply_6 |            - |              - |      0 |
|   27 |                              vm_mod_fused_nn_conv2d_add_add_4 |            - |              - |      0 |
|   28 |                              vm_mod_fused_nn_conv2d_add_add_6 |            - |              - |      0 |
|   29 |                          vm_mod_fused_nn_conv2d_add_nn_relu_3 |            - |              - |      0 |
|   30 |         vm_mod_fused_nn_conv2d_add_add_clip_divide_multiply_2 |            - |              - |      0 |
|   31 |                         vm_mod_fused_nn_adaptive_avg_pool2d_4 |            - |              - |      0 |
|   32 |        vm_mod_fused_nn_conv2d_add_add_clip_divide_multiply_11 |            - |              - |      0 |
|   33 |                              vm_mod_fused_nn_conv2d_add_add_2 |            - |              - |      0 |
|   34 |                           vm_mod_fused_nn_adaptive_avg_pool2d |            - |              - |      0 |
|   35 |                                  vm_mod_fused_nn_conv2d_add_2 |            - |              - |      0 |
|   36 |                         vm_mod_fused_nn_conv2d_add_nn_relu_11 |            - |              - |      0 |
|   37 |                      vm_mod_fused_nn_conv2d_add_clip_divide_4 |            - |              - |      0 |
|   38 |                                  vm_mod_fused_nn_conv2d_add_1 |            - |              - |      0 |
|   39 |        vm_mod_fused_nn_conv2d_add_add_clip_divide_multiply_12 |            - |              - |      0 |
|   40 |                          vm_mod_fused_nn_conv2d_add_nn_relu_6 |            - |              - |      0 |
|   41 |         vm_mod_fused_nn_conv2d_add_add_clip_divide_multiply_7 |            - |              - |      0 |
|   42 |                      vm_mod_fused_nn_conv2d_add_clip_divide_2 |            - |              - |      0 |
|   43 |         vm_mod_fused_nn_conv2d_add_add_clip_divide_multiply_3 |            - |              - |      0 |
|   44 |                          vm_mod_fused_nn_conv2d_add_nn_relu_2 |            - |              - |      0 |
|   45 |                         vm_mod_fused_nn_adaptive_avg_pool2d_5 |            - |              - |      0 |
|   46 |                                  vm_mod_fused_nn_conv2d_add_4 |            - |              - |      0 |
|   47 |                         vm_mod_fused_nn_adaptive_avg_pool2d_1 |            - |              - |      0 |
|   48 |                          vm_mod_fused_nn_conv2d_add_nn_relu_9 |            - |              - |      0 |
|   49 |                         vm_mod_fused_nn_conv2d_add_nn_relu_12 |            - |              - |      0 |
|   50 |                              vm_mod_fused_nn_conv2d_add_add_5 |            - |              - |      0 |
|   51 |         vm_mod_fused_nn_conv2d_add_add_clip_divide_multiply_8 |            - |              - |      0 |
-----------------------------------------------------------------------------------------------------------------
Estimated total latency: - ms	Trials: 228	Used time : 706 s	Next ID: 6	
*E***Eterminate called after throwing an instance of 'tvm::runtime::InternalError'
  what():  [18:31:28] /data3/qsy/complier/tlm/src/runtime/cuda/cuda_module.cc:61: CUDAError: cuModuleUnload(module_[i]) failed with error: CUDA_ERROR_MISALIGNED_ADDRESS
Stack trace:
  0: tvm::runtime::SimpleObjAllocator::Handler<tvm::runtime::CUDAModuleNode>::Deleter_(tvm::runtime::Object*)
  1: tvm::runtime::SimpleObjAllocator::Handler<tvm::runtime::LibraryModuleNode>::Deleter_(tvm::runtime::Object*)
  2: _ZN3tvm7runtime18SimpleObjAllocator7HandlerINS0_16PackedFuncS
  3: _ZN3tvm7runtime18SimpleObjAllocator7HandlerINS0_16PackedFuncSubObjIZNS0_9profiling17WrapTimeE
  4: TVMObjectFree
  5: __pyx_tp_dealloc_3tvm_4_ffi_4_cy3_4core_PackedFuncBase(_object*)
  6: subtype_dealloc
        at /usr/local/src/conda/python-3.10.18/Objects/typeobject.c:1460
  7: _Py_DECREF
        at /usr/local/src/conda/python-3.10.18/Include/object.h:500
  8: _Py_XDECREF
        at /usr/local/src/conda/python-3.10.18/Include/object.h:567
  9: cell_dealloc
        at /usr/local/src/conda/python-3.10.18/Objects/cellobject.c:82
  10: _Py_Dealloc
        at /usr/local/src/conda/python-3.10.18/Objects/object.c:2301
  11: _Py_DECREF
        at /usr/local/src/conda/python-3.10.18/Include/object.h:500
  12: _Py_XDECREF
        at /usr/local/src/conda/python-3.10.18/Include/object.h:567
  13: tupledealloc
        at /usr/local/src/conda/python-3.10.18/Objects/tupleobject.c:276
  14: _Py_Dealloc
        at /usr/local/src/conda/python-3.10.18/Objects/object.c:2301
  15: _Py_DECREF
        at /usr/local/src/conda/python-3.10.18/Include/object.h:500
  16: func_clear
        at /usr/local/src/conda/python-3.10.18/Objects/funcobject.c:636
  17: func_dealloc
        at /usr/local/src/conda/python-3.10.18/Objects/funcobject.c:648
  18: _Py_Dealloc
        at /usr/local/src/conda/python-3.10.18/Objects/object.c:2301
  19: _Py_DECREF
        at /usr/local/src/conda/python-3.10.18/Include/object.h:500
  20: frame_dealloc
        at /usr/local/src/conda/python-3.10.18/Objects/frameobject.c:591
  21: _Py_Dealloc
        at /usr/local/src/conda/python-3.10.18/Objects/object.c:2301
  22: _Py_DECREF
        at /usr/local/src/conda/python-3.10.18/Include/object.h:500
  23: _PyEval_Vector
        at /usr/local/src/conda/python-3.10.18/Python/ceval.c:5080
  24: _PyFunction_Vectorcall
        at /usr/local/src/conda/python-3.10.18/Objects/call.c:342
  25: do_call_core
        at /usr/local/src/conda/python-3.10.18/Python/ceval.c:5945
  26: _PyEval_EvalFrameDefault
        at /usr/local/src/conda/python-3.10.18/Python/ceval.c:4277
  27: _PyEval_EvalFrame
        at /usr/local/src/conda/python-3.10.18/Include/internal/pycore_ceval.h:46
  28: _PyEval_Vector
        at /usr/local/src/conda/python-3.10.18/Python/ceval.c:5067
  29: _PyFunction_Vectorcall
        at /usr/local/src/conda/python-3.10.18/Objects/call.c:342
  30: _PyObject_VectorcallTstate
        at /usr/local/src/conda/python-3.10.18/Include/cpython/abstract.h:114
  31: PyObject_Vectorcall
        at /usr/local/src/conda/python-3.10.18/Include/cpython/abstract.h:123
  32: call_function
        at /usr/local/src/conda/python-3.10.18/Python/ceval.c:5893
  33: _PyEval_EvalFrameDefault
        at /usr/local/src/conda/python-3.10.18/Python/ceval.c:4213
  34: _PyEval_EvalFrame
        at /usr/local/src/conda/python-3.10.18/Include/internal/pycore_ceval.h:46
  35: _PyEval_Vector
        at /usr/local/src/conda/python-3.10.18/Python/ceval.c:5067
  36: PyEval_EvalCode
        at /usr/local/src/conda/python-3.10.18/Python/ceval.c:1134
  37: builtin_exec_impl
        at /usr/local/src/conda/python-3.10.18/Python/bltinmodule.c:1058
  38: builtin_exec
        at /usr/local/src/conda/python-3.10.18/Python/clinic/bltinmodule.c.h:371
  39: cfunction_vectorcall_FASTCALL
        at /usr/local/src/conda/python-3.10.18/Objects/methodobject.c:430
  40: _PyObject_VectorcallTstate
        at /usr/local/src/conda/python-3.10.18/Include/cpython/abstract.h:114
  41: PyObject_Vectorcall
        at /usr/local/src/conda/python-3.10.18/Include/cpython/abstract.h:123
  42: call_function
        at /usr/local/src/conda/python-3.10.18/Python/ceval.c:5893
  43: _PyEval_EvalFrameDefault
        at /usr/local/src/conda/python-3.10.18/Python/ceval.c:4213
  44: _PyEval_EvalFrame
        at /usr/local/src/conda/python-3.10.18/Include/internal/pycore_ceval.h:46
  45: _PyEval_Vector
        at /usr/local/src/conda/python-3.10.18/Python/ceval.c:5067
  46: _PyFunction_Vectorcall
        at /usr/local/src/conda/python-3.10.18/Objects/call.c:342
  47: _PyObject_VectorcallTstate
        at /usr/local/src/conda/python-3.10.18/Include/cpython/abstract.h:114
  48: PyObject_Vectorcall
        at /usr/local/src/conda/python-3.10.18/Include/cpython/abstract.h:123
  49: call_function
        at /usr/local/src/conda/python-3.10.18/Python/ceval.c:5893
  50: _PyEval_EvalFrameDefault
        at /usr/local/src/conda/python-3.10.18/Python/ceval.c:4213
  51: _PyEval_EvalFrame
        at /usr/local/src/conda/python-3.10.18/Include/internal/pycore_ceval.h:46
  52: _PyEval_Vector
        at /usr/local/src/conda/python-3.10.18/Python/ceval.c:5067
  53: _PyFunction_Vectorcall
        at /usr/local/src/conda/python-3.10.18/Objects/call.c:342
  54: pymain_run_module
        at /usr/local/src/conda/python-3.10.18/Modules/main.c:297
  55: pymain_run_python
        at /usr/local/src/conda/python-3.10.18/Modules/main.c:589
  56: Py_RunMain
        at /usr/local/src/conda/python-3.10.18/Modules/main.c:674
  57: Py_BytesMain
        at /usr/local/src/conda/python-3.10.18/Modules/main.c:1094
  58: __libc_start_main
        at ../csu/libc-start.c:308
  59: 0x000000000058728d
  60: 0xffffffffffffffff


*E***********************
Time elapsed for measurement: 17.51 s
----------------------------------------------------------------------
------------------------------  [ Train cost model ]
----------------------------------------------------------------------
Time elapsed for training: 0.00 s
----------------------------------------------------------------------
------------------------------  [ Task Scheduler ]
----------------------------------------------------------------------
----------------------------------------------------------------------
------------------------------  [ Search ]
----------------------------------------------------------------------
Generate Sketches		#s: 1
Sample Initial Population	#s: 83	fail_ct: 1965	Time elapsed: 7.08
GA Iter: 0	Max score: 0.9728	Min score: 0.1481	#Pop: 76	#M+: 0	#M-: 0
GA Iter: 4	Max score: 1.0000	Min score: 0.9887	#Pop: 76	#M+: 1384	#M-: 0
EvolutionarySearch		#s: 76	Time elapsed: 75.27
----------------------------------------------------------------------
------------------------------  [ Measure ]
----------------------------------------------------------------------
Get 38 programs to measure:
......................................**************************************|  ID  |                       Task Description                        | Latency (ms) | Speed (GFLOPS) | Trials |
-----------------------------------------------------------------------------------------------------------------
|    0 |                          vm_mod_fused_nn_conv2d_add_nn_relu_5 |        0.004 |         786.27 |     38 |
|    1 |                                   vm_mod_fused_nn_dense_add_1 |        0.008 |         319.46 |     38 |
|    2 |                                    vm_mod_fused_nn_conv2d_add |        0.008 |        1196.78 |     38 |
|    3 |         vm_mod_fused_nn_conv2d_add_add_clip_divide_multiply_4 |        0.005 |         171.23 |     38 |
|    4 |           vm_mod_fused_nn_conv2d_add_add_clip_divide_multiply |        0.010 |        1208.29 |     38 |
|    5 |                              vm_mod_fused_nn_conv2d_add_add_3 |        0.005 |        1347.20 |     38 |
|    6 |                        vm_mod_fused_nn_conv2d_add_clip_divide |        0.003 |           1.38 |     38 |
|    7 |                          vm_mod_fused_nn_conv2d_add_nn_relu_1 |            - |              - |      0 |
|    8 |                         vm_mod_fused_nn_adaptive_avg_pool2d_2 |            - |              - |      0 |
|    9 |        vm_mod_fused_nn_conv2d_add_add_clip_divide_multiply_10 |            - |              - |      0 |
|   10 |                                  vm_mod_fused_nn_conv2d_add_3 |            - |              - |      0 |
|   11 |                              vm_mod_fused_nn_conv2d_add_add_1 |            - |              - |      0 |
|   12 |                          vm_mod_fused_nn_conv2d_add_nn_relu_8 |            - |              - |      0 |
|   13 |                      vm_mod_fused_nn_conv2d_add_clip_divide_3 |            - |              - |      0 |
|   14 |         vm_mod_fused_nn_conv2d_add_add_clip_divide_multiply_9 |            - |              - |      0 |
|   15 |         vm_mod_fused_nn_conv2d_add_add_clip_divide_multiply_5 |            - |              - |      0 |
|   16 |                          vm_mod_fused_nn_conv2d_add_nn_relu_4 |            - |              - |      0 |
|   17 |                      vm_mod_fused_nn_conv2d_add_clip_divide_1 |            - |              - |      0 |
|   18 |                                     vm_mod_fused_nn_dense_add |            - |              - |      0 |
|   19 |         vm_mod_fused_nn_conv2d_add_add_clip_divide_multiply_1 |            - |              - |      0 |
|   20 |                         vm_mod_fused_nn_adaptive_avg_pool2d_3 |            - |              - |      0 |
|   21 |                                vm_mod_fused_nn_conv2d_add_add |            - |              - |      0 |
|   22 |        vm_mod_fused_nn_conv2d_add_add_clip_divide_multiply_13 |            - |              - |      0 |
|   23 |                          vm_mod_fused_nn_conv2d_add_nn_relu_7 |            - |              - |      0 |
|   24 |                            vm_mod_fused_nn_conv2d_add_nn_relu |            - |              - |      0 |
|   25 |                         vm_mod_fused_nn_conv2d_add_nn_relu_10 |            - |              - |      0 |
|   26 |         vm_mod_fused_nn_conv2d_add_add_clip_divide_multiply_6 |            - |              - |      0 |
|   27 |                              vm_mod_fused_nn_conv2d_add_add_4 |            - |              - |      0 |
|   28 |                              vm_mod_fused_nn_conv2d_add_add_6 |            - |              - |      0 |
|   29 |                          vm_mod_fused_nn_conv2d_add_nn_relu_3 |            - |              - |      0 |
|   30 |         vm_mod_fused_nn_conv2d_add_add_clip_divide_multiply_2 |            - |              - |      0 |
|   31 |                         vm_mod_fused_nn_adaptive_avg_pool2d_4 |            - |              - |      0 |
|   32 |        vm_mod_fused_nn_conv2d_add_add_clip_divide_multiply_11 |            - |              - |      0 |
|   33 |                              vm_mod_fused_nn_conv2d_add_add_2 |            - |              - |      0 |
|   34 |                           vm_mod_fused_nn_adaptive_avg_pool2d |            - |              - |      0 |
|   35 |                                  vm_mod_fused_nn_conv2d_add_2 |            - |              - |      0 |
|   36 |                         vm_mod_fused_nn_conv2d_add_nn_relu_11 |            - |              - |      0 |
|   37 |                      vm_mod_fused_nn_conv2d_add_clip_divide_4 |            - |              - |      0 |
|   38 |                                  vm_mod_fused_nn_conv2d_add_1 |            - |              - |      0 |
|   39 |        vm_mod_fused_nn_conv2d_add_add_clip_divide_multiply_12 |            - |              - |      0 |
|   40 |                          vm_mod_fused_nn_conv2d_add_nn_relu_6 |            - |              - |      0 |
|   41 |         vm_mod_fused_nn_conv2d_add_add_clip_divide_multiply_7 |            - |              - |      0 |
|   42 |                      vm_mod_fused_nn_conv2d_add_clip_divide_2 |            - |              - |      0 |
|   43 |         vm_mod_fused_nn_conv2d_add_add_clip_divide_multiply_3 |            - |              - |      0 |
|   44 |                          vm_mod_fused_nn_conv2d_add_nn_relu_2 |            - |              - |      0 |
|   45 |                         vm_mod_fused_nn_adaptive_avg_pool2d_5 |            - |              - |      0 |
|   46 |                                  vm_mod_fused_nn_conv2d_add_4 |            - |              - |      0 |
|   47 |                         vm_mod_fused_nn_adaptive_avg_pool2d_1 |            - |              - |      0 |
|   48 |                          vm_mod_fused_nn_conv2d_add_nn_relu_9 |            - |              - |      0 |
|   49 |                         vm_mod_fused_nn_conv2d_add_nn_relu_12 |            - |              - |      0 |
|   50 |                              vm_mod_fused_nn_conv2d_add_add_5 |            - |              - |      0 |
|   51 |         vm_mod_fused_nn_conv2d_add_add_clip_divide_multiply_8 |            - |              - |      0 |
-----------------------------------------------------------------------------------------------------------------
Estimated total latency: - ms	Trials: 266	Used time : 786 s	Next ID: 7	

Time elapsed for measurement: 30.83 s
----------------------------------------------------------------------
------------------------------  [ Train cost model ]
----------------------------------------------------------------------
Time elapsed for training: 0.96 s
----------------------------------------------------------------------
------------------------------  [ Task Scheduler ]
----------------------------------------------------------------------
----------------------------------------------------------------------
------------------------------  [ Search ]
----------------------------------------------------------------------
Generate Sketches		#s: 1
Sample Initial Population	#s: 624	fail_ct: 1424	Time elapsed: 3.64
GA Iter: 0	Max score: 0.9970	Min score: 0.8580	#Pop: 76	#M+: 0	#M-: 0
GA Iter: 4	Max score: 0.9999	Min score: 0.9891	#Pop: 76	#M+: 1400	#M-: 0
EvolutionarySearch		#s: 76	Time elapsed: 11.66
----------------------------------------------------------------------
------------------------------  [ Measure ]
----------------------------------------------------------------------
Get 38 programs to measure:
......................................**************************************|  ID  |                       Task Description                        | Latency (ms) | Speed (GFLOPS) | Trials |
-----------------------------------------------------------------------------------------------------------------
|    0 |                          vm_mod_fused_nn_conv2d_add_nn_relu_5 |        0.004 |         786.27 |     38 |
|    1 |                                   vm_mod_fused_nn_dense_add_1 |        0.008 |         319.46 |     38 |
|    2 |                                    vm_mod_fused_nn_conv2d_add |        0.008 |        1196.78 |     38 |
|    3 |         vm_mod_fused_nn_conv2d_add_add_clip_divide_multiply_4 |        0.005 |         171.23 |     38 |
|    4 |           vm_mod_fused_nn_conv2d_add_add_clip_divide_multiply |        0.010 |        1208.29 |     38 |
|    5 |                              vm_mod_fused_nn_conv2d_add_add_3 |        0.005 |        1347.20 |     38 |
|    6 |                        vm_mod_fused_nn_conv2d_add_clip_divide |        0.003 |           1.38 |     38 |
|    7 |                          vm_mod_fused_nn_conv2d_add_nn_relu_1 |        0.004 |        7400.89 |     38 |
|    8 |                         vm_mod_fused_nn_adaptive_avg_pool2d_2 |            - |              - |      0 |
|    9 |        vm_mod_fused_nn_conv2d_add_add_clip_divide_multiply_10 |            - |              - |      0 |
|   10 |                                  vm_mod_fused_nn_conv2d_add_3 |            - |              - |      0 |
|   11 |                              vm_mod_fused_nn_conv2d_add_add_1 |            - |              - |      0 |
|   12 |                          vm_mod_fused_nn_conv2d_add_nn_relu_8 |            - |              - |      0 |
|   13 |                      vm_mod_fused_nn_conv2d_add_clip_divide_3 |            - |              - |      0 |
|   14 |         vm_mod_fused_nn_conv2d_add_add_clip_divide_multiply_9 |            - |              - |      0 |
|   15 |         vm_mod_fused_nn_conv2d_add_add_clip_divide_multiply_5 |            - |              - |      0 |
|   16 |                          vm_mod_fused_nn_conv2d_add_nn_relu_4 |            - |              - |      0 |
|   17 |                      vm_mod_fused_nn_conv2d_add_clip_divide_1 |            - |              - |      0 |
|   18 |                                     vm_mod_fused_nn_dense_add |            - |              - |      0 |
|   19 |         vm_mod_fused_nn_conv2d_add_add_clip_divide_multiply_1 |            - |              - |      0 |
|   20 |                         vm_mod_fused_nn_adaptive_avg_pool2d_3 |            - |              - |      0 |
|   21 |                                vm_mod_fused_nn_conv2d_add_add |            - |              - |      0 |
|   22 |        vm_mod_fused_nn_conv2d_add_add_clip_divide_multiply_13 |            - |              - |      0 |
|   23 |                          vm_mod_fused_nn_conv2d_add_nn_relu_7 |            - |              - |      0 |
|   24 |                            vm_mod_fused_nn_conv2d_add_nn_relu |            - |              - |      0 |
|   25 |                         vm_mod_fused_nn_conv2d_add_nn_relu_10 |            - |              - |      0 |
|   26 |         vm_mod_fused_nn_conv2d_add_add_clip_divide_multiply_6 |            - |              - |      0 |
|   27 |                              vm_mod_fused_nn_conv2d_add_add_4 |            - |              - |      0 |
|   28 |                              vm_mod_fused_nn_conv2d_add_add_6 |            - |              - |      0 |
|   29 |                          vm_mod_fused_nn_conv2d_add_nn_relu_3 |            - |              - |      0 |
|   30 |         vm_mod_fused_nn_conv2d_add_add_clip_divide_multiply_2 |            - |              - |      0 |
|   31 |                         vm_mod_fused_nn_adaptive_avg_pool2d_4 |            - |              - |      0 |
|   32 |        vm_mod_fused_nn_conv2d_add_add_clip_divide_multiply_11 |            - |              - |      0 |
|   33 |                              vm_mod_fused_nn_conv2d_add_add_2 |            - |              - |      0 |
|   34 |                           vm_mod_fused_nn_adaptive_avg_pool2d |            - |              - |      0 |
|   35 |                                  vm_mod_fused_nn_conv2d_add_2 |            - |              - |      0 |
|   36 |                         vm_mod_fused_nn_conv2d_add_nn_relu_11 |            - |              - |      0 |
|   37 |                      vm_mod_fused_nn_conv2d_add_clip_divide_4 |            - |              - |      0 |
|   38 |                                  vm_mod_fused_nn_conv2d_add_1 |            - |              - |      0 |
|   39 |        vm_mod_fused_nn_conv2d_add_add_clip_divide_multiply_12 |            - |              - |      0 |
|   40 |                          vm_mod_fused_nn_conv2d_add_nn_relu_6 |            - |              - |      0 |
|   41 |         vm_mod_fused_nn_conv2d_add_add_clip_divide_multiply_7 |            - |              - |      0 |
|   42 |                      vm_mod_fused_nn_conv2d_add_clip_divide_2 |            - |              - |      0 |
|   43 |         vm_mod_fused_nn_conv2d_add_add_clip_divide_multiply_3 |            - |              - |      0 |
|   44 |                          vm_mod_fused_nn_conv2d_add_nn_relu_2 |            - |              - |      0 |
|   45 |                         vm_mod_fused_nn_adaptive_avg_pool2d_5 |            - |              - |      0 |
|   46 |                                  vm_mod_fused_nn_conv2d_add_4 |            - |              - |      0 |
|   47 |                         vm_mod_fused_nn_adaptive_avg_pool2d_1 |            - |              - |      0 |
|   48 |                          vm_mod_fused_nn_conv2d_add_nn_relu_9 |            - |              - |      0 |
|   49 |                         vm_mod_fused_nn_conv2d_add_nn_relu_12 |            - |              - |      0 |
|   50 |                              vm_mod_fused_nn_conv2d_add_add_5 |            - |              - |      0 |
|   51 |         vm_mod_fused_nn_conv2d_add_add_clip_divide_multiply_8 |            - |              - |      0 |
-----------------------------------------------------------------------------------------------------------------
Estimated total latency: - ms	Trials: 304	Used time : 900 s	Next ID: 8	

Time elapsed for measurement: 16.30 s
----------------------------------------------------------------------
------------------------------  [ Train cost model ]
----------------------------------------------------------------------
Time elapsed for training: 0.00 s
----------------------------------------------------------------------
------------------------------  [ Task Scheduler ]
----------------------------------------------------------------------
----------------------------------------------------------------------
------------------------------  [ Search ]
----------------------------------------------------------------------
Generate Sketches		#s: 1
Sample Initial Population	#s: 86	fail_ct: 1962	Time elapsed: 8.66
GA Iter: 0	Max score: 0.9928	Min score: 0.1149	#Pop: 76	#M+: 0	#M-: 0
GA Iter: 4	Max score: 1.0000	Min score: 0.9895	#Pop: 76	#M+: 1402	#M-: 0
EvolutionarySearch		#s: 76	Time elapsed: 128.04
----------------------------------------------------------------------
------------------------------  [ Measure ]
----------------------------------------------------------------------
Get 38 programs to measure:
......................................**************************************|  ID  |                       Task Description                        | Latency (ms) | Speed (GFLOPS) | Trials |
-----------------------------------------------------------------------------------------------------------------
|    0 |                          vm_mod_fused_nn_conv2d_add_nn_relu_5 |        0.004 |         786.27 |     38 |
|    1 |                                   vm_mod_fused_nn_dense_add_1 |        0.008 |         319.46 |     38 |
|    2 |                                    vm_mod_fused_nn_conv2d_add |        0.008 |        1196.78 |     38 |
|    3 |         vm_mod_fused_nn_conv2d_add_add_clip_divide_multiply_4 |        0.005 |         171.23 |     38 |
|    4 |           vm_mod_fused_nn_conv2d_add_add_clip_divide_multiply |        0.010 |        1208.29 |     38 |
|    5 |                              vm_mod_fused_nn_conv2d_add_add_3 |        0.005 |        1347.20 |     38 |
|    6 |                        vm_mod_fused_nn_conv2d_add_clip_divide |        0.003 |           1.38 |     38 |
|    7 |                          vm_mod_fused_nn_conv2d_add_nn_relu_1 |        0.004 |        7400.89 |     38 |
|    8 |                         vm_mod_fused_nn_adaptive_avg_pool2d_2 |        0.005 |          -0.00 |     38 |
|    9 |        vm_mod_fused_nn_conv2d_add_add_clip_divide_multiply_10 |            - |              - |      0 |
|   10 |                                  vm_mod_fused_nn_conv2d_add_3 |            - |              - |      0 |
|   11 |                              vm_mod_fused_nn_conv2d_add_add_1 |            - |              - |      0 |
|   12 |                          vm_mod_fused_nn_conv2d_add_nn_relu_8 |            - |              - |      0 |
|   13 |                      vm_mod_fused_nn_conv2d_add_clip_divide_3 |            - |              - |      0 |
|   14 |         vm_mod_fused_nn_conv2d_add_add_clip_divide_multiply_9 |            - |              - |      0 |
|   15 |         vm_mod_fused_nn_conv2d_add_add_clip_divide_multiply_5 |            - |              - |      0 |
|   16 |                          vm_mod_fused_nn_conv2d_add_nn_relu_4 |            - |              - |      0 |
|   17 |                      vm_mod_fused_nn_conv2d_add_clip_divide_1 |            - |              - |      0 |
|   18 |                                     vm_mod_fused_nn_dense_add |            - |              - |      0 |
|   19 |         vm_mod_fused_nn_conv2d_add_add_clip_divide_multiply_1 |            - |              - |      0 |
|   20 |                         vm_mod_fused_nn_adaptive_avg_pool2d_3 |            - |              - |      0 |
|   21 |                                vm_mod_fused_nn_conv2d_add_add |            - |              - |      0 |
|   22 |        vm_mod_fused_nn_conv2d_add_add_clip_divide_multiply_13 |            - |              - |      0 |
|   23 |                          vm_mod_fused_nn_conv2d_add_nn_relu_7 |            - |              - |      0 |
|   24 |                            vm_mod_fused_nn_conv2d_add_nn_relu |            - |              - |      0 |
|   25 |                         vm_mod_fused_nn_conv2d_add_nn_relu_10 |            - |              - |      0 |
|   26 |         vm_mod_fused_nn_conv2d_add_add_clip_divide_multiply_6 |            - |              - |      0 |
|   27 |                              vm_mod_fused_nn_conv2d_add_add_4 |            - |              - |      0 |
|   28 |                              vm_mod_fused_nn_conv2d_add_add_6 |            - |              - |      0 |
|   29 |                          vm_mod_fused_nn_conv2d_add_nn_relu_3 |            - |              - |      0 |
|   30 |         vm_mod_fused_nn_conv2d_add_add_clip_divide_multiply_2 |            - |              - |      0 |
|   31 |                         vm_mod_fused_nn_adaptive_avg_pool2d_4 |            - |              - |      0 |
|   32 |        vm_mod_fused_nn_conv2d_add_add_clip_divide_multiply_11 |            - |              - |      0 |
|   33 |                              vm_mod_fused_nn_conv2d_add_add_2 |            - |              - |      0 |
|   34 |                           vm_mod_fused_nn_adaptive_avg_pool2d |            - |              - |      0 |
|   35 |                                  vm_mod_fused_nn_conv2d_add_2 |            - |              - |      0 |
|   36 |                         vm_mod_fused_nn_conv2d_add_nn_relu_11 |            - |              - |      0 |
|   37 |                      vm_mod_fused_nn_conv2d_add_clip_divide_4 |            - |              - |      0 |
|   38 |                                  vm_mod_fused_nn_conv2d_add_1 |            - |              - |      0 |
|   39 |        vm_mod_fused_nn_conv2d_add_add_clip_divide_multiply_12 |            - |              - |      0 |
|   40 |                          vm_mod_fused_nn_conv2d_add_nn_relu_6 |            - |              - |      0 |
|   41 |         vm_mod_fused_nn_conv2d_add_add_clip_divide_multiply_7 |            - |              - |      0 |
|   42 |                      vm_mod_fused_nn_conv2d_add_clip_divide_2 |            - |              - |      0 |
|   43 |         vm_mod_fused_nn_conv2d_add_add_clip_divide_multiply_3 |            - |              - |      0 |
|   44 |                          vm_mod_fused_nn_conv2d_add_nn_relu_2 |            - |              - |      0 |
|   45 |                         vm_mod_fused_nn_adaptive_avg_pool2d_5 |            - |              - |      0 |
|   46 |                                  vm_mod_fused_nn_conv2d_add_4 |            - |              - |      0 |
|   47 |                         vm_mod_fused_nn_adaptive_avg_pool2d_1 |            - |              - |      0 |
|   48 |                          vm_mod_fused_nn_conv2d_add_nn_relu_9 |            - |              - |      0 |
|   49 |                         vm_mod_fused_nn_conv2d_add_nn_relu_12 |            - |              - |      0 |
|   50 |                              vm_mod_fused_nn_conv2d_add_add_5 |            - |              - |      0 |
|   51 |         vm_mod_fused_nn_conv2d_add_add_clip_divide_multiply_8 |            - |              - |      0 |
-----------------------------------------------------------------------------------------------------------------
Estimated total latency: - ms	Trials: 342	Used time : 932 s	Next ID: 9	

Time elapsed for measurement: 18.76 s
----------------------------------------------------------------------
------------------------------  [ Train cost model ]
----------------------------------------------------------------------
Time elapsed for training: 0.92 s
----------------------------------------------------------------------
------------------------------  [ Task Scheduler ]
----------------------------------------------------------------------
----------------------------------------------------------------------
------------------------------  [ Search ]
----------------------------------------------------------------------
Generate Sketches		#s: 1
Sample Initial Population	#s: 67	fail_ct: 1981	Time elapsed: 5.08
GA Iter: 0	Max score: 0.9998	Min score: 0.0158	#Pop: 67	#M+: 0	#M-: 0
GA Iter: 4	Max score: 1.0000	Min score: 0.9886	#Pop: 76	#M+: 1385	#M-: 0
EvolutionarySearch		#s: 76	Time elapsed: 73.78
----------------------------------------------------------------------
------------------------------  [ Measure ]
----------------------------------------------------------------------
Get 38 programs to measure:
......................................**************************************|  ID  |                       Task Description                        | Latency (ms) | Speed (GFLOPS) | Trials |
-----------------------------------------------------------------------------------------------------------------
|    0 |                          vm_mod_fused_nn_conv2d_add_nn_relu_5 |        0.004 |         786.27 |     38 |
|    1 |                                   vm_mod_fused_nn_dense_add_1 |        0.008 |         319.46 |     38 |
|    2 |                                    vm_mod_fused_nn_conv2d_add |        0.008 |        1196.78 |     38 |
|    3 |         vm_mod_fused_nn_conv2d_add_add_clip_divide_multiply_4 |        0.005 |         171.23 |     38 |
|    4 |           vm_mod_fused_nn_conv2d_add_add_clip_divide_multiply |        0.010 |        1208.29 |     38 |
|    5 |                              vm_mod_fused_nn_conv2d_add_add_3 |        0.005 |        1347.20 |     38 |
|    6 |                        vm_mod_fused_nn_conv2d_add_clip_divide |        0.003 |           1.38 |     38 |
|    7 |                          vm_mod_fused_nn_conv2d_add_nn_relu_1 |        0.004 |        7400.89 |     38 |
|    8 |                         vm_mod_fused_nn_adaptive_avg_pool2d_2 |        0.005 |          -0.00 |     38 |
|    9 |        vm_mod_fused_nn_conv2d_add_add_clip_divide_multiply_10 |        0.006 |         539.04 |     38 |
|   10 |                                  vm_mod_fused_nn_conv2d_add_3 |            - |              - |      0 |
|   11 |                              vm_mod_fused_nn_conv2d_add_add_1 |            - |              - |      0 |
|   12 |                          vm_mod_fused_nn_conv2d_add_nn_relu_8 |            - |              - |      0 |
|   13 |                      vm_mod_fused_nn_conv2d_add_clip_divide_3 |            - |              - |      0 |
|   14 |         vm_mod_fused_nn_conv2d_add_add_clip_divide_multiply_9 |            - |              - |      0 |
|   15 |         vm_mod_fused_nn_conv2d_add_add_clip_divide_multiply_5 |            - |              - |      0 |
|   16 |                          vm_mod_fused_nn_conv2d_add_nn_relu_4 |            - |              - |      0 |
|   17 |                      vm_mod_fused_nn_conv2d_add_clip_divide_1 |            - |              - |      0 |
|   18 |                                     vm_mod_fused_nn_dense_add |            - |              - |      0 |
|   19 |         vm_mod_fused_nn_conv2d_add_add_clip_divide_multiply_1 |            - |              - |      0 |
|   20 |                         vm_mod_fused_nn_adaptive_avg_pool2d_3 |            - |              - |      0 |
|   21 |                                vm_mod_fused_nn_conv2d_add_add |            - |              - |      0 |
|   22 |        vm_mod_fused_nn_conv2d_add_add_clip_divide_multiply_13 |            - |              - |      0 |
|   23 |                          vm_mod_fused_nn_conv2d_add_nn_relu_7 |            - |              - |      0 |
|   24 |                            vm_mod_fused_nn_conv2d_add_nn_relu |            - |              - |      0 |
|   25 |                         vm_mod_fused_nn_conv2d_add_nn_relu_10 |            - |              - |      0 |
|   26 |         vm_mod_fused_nn_conv2d_add_add_clip_divide_multiply_6 |            - |              - |      0 |
|   27 |                              vm_mod_fused_nn_conv2d_add_add_4 |            - |              - |      0 |
|   28 |                              vm_mod_fused_nn_conv2d_add_add_6 |            - |              - |      0 |
|   29 |                          vm_mod_fused_nn_conv2d_add_nn_relu_3 |            - |              - |      0 |
|   30 |         vm_mod_fused_nn_conv2d_add_add_clip_divide_multiply_2 |            - |              - |      0 |
|   31 |                         vm_mod_fused_nn_adaptive_avg_pool2d_4 |            - |              - |      0 |
|   32 |        vm_mod_fused_nn_conv2d_add_add_clip_divide_multiply_11 |            - |              - |      0 |
|   33 |                              vm_mod_fused_nn_conv2d_add_add_2 |            - |              - |      0 |
|   34 |                           vm_mod_fused_nn_adaptive_avg_pool2d |            - |              - |      0 |
|   35 |                                  vm_mod_fused_nn_conv2d_add_2 |            - |              - |      0 |
|   36 |                         vm_mod_fused_nn_conv2d_add_nn_relu_11 |            - |              - |      0 |
|   37 |                      vm_mod_fused_nn_conv2d_add_clip_divide_4 |            - |              - |      0 |
|   38 |                                  vm_mod_fused_nn_conv2d_add_1 |            - |              - |      0 |
|   39 |        vm_mod_fused_nn_conv2d_add_add_clip_divide_multiply_12 |            - |              - |      0 |
|   40 |                          vm_mod_fused_nn_conv2d_add_nn_relu_6 |            - |              - |      0 |
|   41 |         vm_mod_fused_nn_conv2d_add_add_clip_divide_multiply_7 |            - |              - |      0 |
|   42 |                      vm_mod_fused_nn_conv2d_add_clip_divide_2 |            - |              - |      0 |
|   43 |         vm_mod_fused_nn_conv2d_add_add_clip_divide_multiply_3 |            - |              - |      0 |
|   44 |                          vm_mod_fused_nn_conv2d_add_nn_relu_2 |            - |              - |      0 |
|   45 |                         vm_mod_fused_nn_adaptive_avg_pool2d_5 |            - |              - |      0 |
|   46 |                                  vm_mod_fused_nn_conv2d_add_4 |            - |              - |      0 |
|   47 |                         vm_mod_fused_nn_adaptive_avg_pool2d_1 |            - |              - |      0 |
|   48 |                          vm_mod_fused_nn_conv2d_add_nn_relu_9 |            - |              - |      0 |
|   49 |                         vm_mod_fused_nn_conv2d_add_nn_relu_12 |            - |              - |      0 |
|   50 |                              vm_mod_fused_nn_conv2d_add_add_5 |            - |              - |      0 |
|   51 |         vm_mod_fused_nn_conv2d_add_add_clip_divide_multiply_8 |            - |              - |      0 |
-----------------------------------------------------------------------------------------------------------------
Estimated total latency: - ms	Trials: 380	Used time : 1088 s	Next ID: 10	

Time elapsed for measurement: 18.63 s
----------------------------------------------------------------------
------------------------------  [ Train cost model ]
----------------------------------------------------------------------
Time elapsed for training: 0.00 s
----------------------------------------------------------------------
------------------------------  [ Task Scheduler ]
----------------------------------------------------------------------
----------------------------------------------------------------------
------------------------------  [ Search ]
----------------------------------------------------------------------
Generate Sketches		#s: 1
Sample Initial Population	#s: 78	fail_ct: 1970	Time elapsed: 6.16
GA Iter: 0	Max score: 0.9874	Min score: 0.0145	#Pop: 76	#M+: 0	#M-: 0
GA Iter: 4	Max score: 0.9999	Min score: 0.9881	#Pop: 76	#M+: 1399	#M-: 0
EvolutionarySearch		#s: 76	Time elapsed: 77.30
----------------------------------------------------------------------
------------------------------  [ Measure ]
----------------------------------------------------------------------
Get 38 programs to measure:
......................................**************************************|  ID  |                       Task Description                        | Latency (ms) | Speed (GFLOPS) | Trials |
-----------------------------------------------------------------------------------------------------------------
|    0 |                          vm_mod_fused_nn_conv2d_add_nn_relu_5 |        0.004 |         786.27 |     38 |
|    1 |                                   vm_mod_fused_nn_dense_add_1 |        0.008 |         319.46 |     38 |
|    2 |                                    vm_mod_fused_nn_conv2d_add |        0.008 |        1196.78 |     38 |
|    3 |         vm_mod_fused_nn_conv2d_add_add_clip_divide_multiply_4 |        0.005 |         171.23 |     38 |
|    4 |           vm_mod_fused_nn_conv2d_add_add_clip_divide_multiply |        0.010 |        1208.29 |     38 |
|    5 |                              vm_mod_fused_nn_conv2d_add_add_3 |        0.005 |        1347.20 |     38 |
|    6 |                        vm_mod_fused_nn_conv2d_add_clip_divide |        0.003 |           1.38 |     38 |
|    7 |                          vm_mod_fused_nn_conv2d_add_nn_relu_1 |        0.004 |        7400.89 |     38 |
|    8 |                         vm_mod_fused_nn_adaptive_avg_pool2d_2 |        0.005 |          -0.00 |     38 |
|    9 |        vm_mod_fused_nn_conv2d_add_add_clip_divide_multiply_10 |        0.006 |         539.04 |     38 |
|   10 |                                  vm_mod_fused_nn_conv2d_add_3 |        0.015 |        1417.07 |     38 |
|   11 |                              vm_mod_fused_nn_conv2d_add_add_1 |            - |              - |      0 |
|   12 |                          vm_mod_fused_nn_conv2d_add_nn_relu_8 |            - |              - |      0 |
|   13 |                      vm_mod_fused_nn_conv2d_add_clip_divide_3 |            - |              - |      0 |
|   14 |         vm_mod_fused_nn_conv2d_add_add_clip_divide_multiply_9 |            - |              - |      0 |
|   15 |         vm_mod_fused_nn_conv2d_add_add_clip_divide_multiply_5 |            - |              - |      0 |
|   16 |                          vm_mod_fused_nn_conv2d_add_nn_relu_4 |            - |              - |      0 |
|   17 |                      vm_mod_fused_nn_conv2d_add_clip_divide_1 |            - |              - |      0 |
|   18 |                                     vm_mod_fused_nn_dense_add |            - |              - |      0 |
|   19 |         vm_mod_fused_nn_conv2d_add_add_clip_divide_multiply_1 |            - |              - |      0 |
|   20 |                         vm_mod_fused_nn_adaptive_avg_pool2d_3 |            - |              - |      0 |
|   21 |                                vm_mod_fused_nn_conv2d_add_add |            - |              - |      0 |
|   22 |        vm_mod_fused_nn_conv2d_add_add_clip_divide_multiply_13 |            - |              - |      0 |
|   23 |                          vm_mod_fused_nn_conv2d_add_nn_relu_7 |            - |              - |      0 |
|   24 |                            vm_mod_fused_nn_conv2d_add_nn_relu |            - |              - |      0 |
|   25 |                         vm_mod_fused_nn_conv2d_add_nn_relu_10 |            - |              - |      0 |
|   26 |         vm_mod_fused_nn_conv2d_add_add_clip_divide_multiply_6 |            - |              - |      0 |
|   27 |                              vm_mod_fused_nn_conv2d_add_add_4 |            - |              - |      0 |
|   28 |                              vm_mod_fused_nn_conv2d_add_add_6 |            - |              - |      0 |
|   29 |                          vm_mod_fused_nn_conv2d_add_nn_relu_3 |            - |              - |      0 |
|   30 |         vm_mod_fused_nn_conv2d_add_add_clip_divide_multiply_2 |            - |              - |      0 |
|   31 |                         vm_mod_fused_nn_adaptive_avg_pool2d_4 |            - |              - |      0 |
|   32 |        vm_mod_fused_nn_conv2d_add_add_clip_divide_multiply_11 |            - |              - |      0 |
|   33 |                              vm_mod_fused_nn_conv2d_add_add_2 |            - |              - |      0 |
|   34 |                           vm_mod_fused_nn_adaptive_avg_pool2d |            - |              - |      0 |
|   35 |                                  vm_mod_fused_nn_conv2d_add_2 |            - |              - |      0 |
|   36 |                         vm_mod_fused_nn_conv2d_add_nn_relu_11 |            - |              - |      0 |
|   37 |                      vm_mod_fused_nn_conv2d_add_clip_divide_4 |            - |              - |      0 |
|   38 |                                  vm_mod_fused_nn_conv2d_add_1 |            - |              - |      0 |
|   39 |        vm_mod_fused_nn_conv2d_add_add_clip_divide_multiply_12 |            - |              - |      0 |
|   40 |                          vm_mod_fused_nn_conv2d_add_nn_relu_6 |            - |              - |      0 |
|   41 |         vm_mod_fused_nn_conv2d_add_add_clip_divide_multiply_7 |            - |              - |      0 |
|   42 |                      vm_mod_fused_nn_conv2d_add_clip_divide_2 |            - |              - |      0 |
|   43 |         vm_mod_fused_nn_conv2d_add_add_clip_divide_multiply_3 |            - |              - |      0 |
|   44 |                          vm_mod_fused_nn_conv2d_add_nn_relu_2 |            - |              - |      0 |
|   45 |                         vm_mod_fused_nn_adaptive_avg_pool2d_5 |            - |              - |      0 |
|   46 |                                  vm_mod_fused_nn_conv2d_add_4 |            - |              - |      0 |
|   47 |                         vm_mod_fused_nn_adaptive_avg_pool2d_1 |            - |              - |      0 |
|   48 |                          vm_mod_fused_nn_conv2d_add_nn_relu_9 |            - |              - |      0 |
|   49 |                         vm_mod_fused_nn_conv2d_add_nn_relu_12 |            - |              - |      0 |
|   50 |                              vm_mod_fused_nn_conv2d_add_add_5 |            - |              - |      0 |
|   51 |         vm_mod_fused_nn_conv2d_add_add_clip_divide_multiply_8 |            - |              - |      0 |
-----------------------------------------------------------------------------------------------------------------
Estimated total latency: - ms	Trials: 418	Used time : 1186 s	Next ID: 11	

Time elapsed for measurement: 28.76 s
----------------------------------------------------------------------
------------------------------  [ Train cost model ]
----------------------------------------------------------------------
Time elapsed for training: 1.16 s
----------------------------------------------------------------------
------------------------------  [ Task Scheduler ]
----------------------------------------------------------------------
----------------------------------------------------------------------
------------------------------  [ Search ]
----------------------------------------------------------------------
Generate Sketches		#s: 1
Sample Initial Population	#s: 71	fail_ct: 1977	Time elapsed: 7.21
GA Iter: 0	Max score: 0.9608	Min score: 0.0017	#Pop: 71	#M+: 0	#M-: 0
GA Iter: 4	Max score: 0.9996	Min score: 0.9907	#Pop: 76	#M+: 1403	#M-: 0
EvolutionarySearch		#s: 76	Time elapsed: 125.27
----------------------------------------------------------------------
------------------------------  [ Measure ]
----------------------------------------------------------------------
Get 38 programs to measure:
......................................**************************************|  ID  |                       Task Description                        | Latency (ms) | Speed (GFLOPS) | Trials |
-----------------------------------------------------------------------------------------------------------------
|    0 |                          vm_mod_fused_nn_conv2d_add_nn_relu_5 |        0.004 |         786.27 |     38 |
|    1 |                                   vm_mod_fused_nn_dense_add_1 |        0.008 |         319.46 |     38 |
|    2 |                                    vm_mod_fused_nn_conv2d_add |        0.008 |        1196.78 |     38 |
|    3 |         vm_mod_fused_nn_conv2d_add_add_clip_divide_multiply_4 |        0.005 |         171.23 |     38 |
|    4 |           vm_mod_fused_nn_conv2d_add_add_clip_divide_multiply |        0.010 |        1208.29 |     38 |
|    5 |                              vm_mod_fused_nn_conv2d_add_add_3 |        0.005 |        1347.20 |     38 |
|    6 |                        vm_mod_fused_nn_conv2d_add_clip_divide |        0.003 |           1.38 |     38 |
|    7 |                          vm_mod_fused_nn_conv2d_add_nn_relu_1 |        0.004 |        7400.89 |     38 |
|    8 |                         vm_mod_fused_nn_adaptive_avg_pool2d_2 |        0.005 |          -0.00 |     38 |
|    9 |        vm_mod_fused_nn_conv2d_add_add_clip_divide_multiply_10 |        0.006 |         539.04 |     38 |
|   10 |                                  vm_mod_fused_nn_conv2d_add_3 |        0.015 |        1417.07 |     38 |
|   11 |                              vm_mod_fused_nn_conv2d_add_add_1 |        0.004 |        2914.37 |     38 |
|   12 |                          vm_mod_fused_nn_conv2d_add_nn_relu_8 |            - |              - |      0 |
|   13 |                      vm_mod_fused_nn_conv2d_add_clip_divide_3 |            - |              - |      0 |
|   14 |         vm_mod_fused_nn_conv2d_add_add_clip_divide_multiply_9 |            - |              - |      0 |
|   15 |         vm_mod_fused_nn_conv2d_add_add_clip_divide_multiply_5 |            - |              - |      0 |
|   16 |                          vm_mod_fused_nn_conv2d_add_nn_relu_4 |            - |              - |      0 |
|   17 |                      vm_mod_fused_nn_conv2d_add_clip_divide_1 |            - |              - |      0 |
|   18 |                                     vm_mod_fused_nn_dense_add |            - |              - |      0 |
|   19 |         vm_mod_fused_nn_conv2d_add_add_clip_divide_multiply_1 |            - |              - |      0 |
|   20 |                         vm_mod_fused_nn_adaptive_avg_pool2d_3 |            - |              - |      0 |
|   21 |                                vm_mod_fused_nn_conv2d_add_add |            - |              - |      0 |
|   22 |        vm_mod_fused_nn_conv2d_add_add_clip_divide_multiply_13 |            - |              - |      0 |
|   23 |                          vm_mod_fused_nn_conv2d_add_nn_relu_7 |            - |              - |      0 |
|   24 |                            vm_mod_fused_nn_conv2d_add_nn_relu |            - |              - |      0 |
|   25 |                         vm_mod_fused_nn_conv2d_add_nn_relu_10 |            - |              - |      0 |
|   26 |         vm_mod_fused_nn_conv2d_add_add_clip_divide_multiply_6 |            - |              - |      0 |
|   27 |                              vm_mod_fused_nn_conv2d_add_add_4 |            - |              - |      0 |
|   28 |                              vm_mod_fused_nn_conv2d_add_add_6 |            - |              - |      0 |
|   29 |                          vm_mod_fused_nn_conv2d_add_nn_relu_3 |            - |              - |      0 |
|   30 |         vm_mod_fused_nn_conv2d_add_add_clip_divide_multiply_2 |            - |              - |      0 |
|   31 |                         vm_mod_fused_nn_adaptive_avg_pool2d_4 |            - |              - |      0 |
|   32 |        vm_mod_fused_nn_conv2d_add_add_clip_divide_multiply_11 |            - |              - |      0 |
|   33 |                              vm_mod_fused_nn_conv2d_add_add_2 |            - |              - |      0 |
|   34 |                           vm_mod_fused_nn_adaptive_avg_pool2d |            - |              - |      0 |
|   35 |                                  vm_mod_fused_nn_conv2d_add_2 |            - |              - |      0 |
|   36 |                         vm_mod_fused_nn_conv2d_add_nn_relu_11 |            - |              - |      0 |
|   37 |                      vm_mod_fused_nn_conv2d_add_clip_divide_4 |            - |              - |      0 |
|   38 |                                  vm_mod_fused_nn_conv2d_add_1 |            - |              - |      0 |
|   39 |        vm_mod_fused_nn_conv2d_add_add_clip_divide_multiply_12 |            - |              - |      0 |
|   40 |                          vm_mod_fused_nn_conv2d_add_nn_relu_6 |            - |              - |      0 |
|   41 |         vm_mod_fused_nn_conv2d_add_add_clip_divide_multiply_7 |            - |              - |      0 |
|   42 |                      vm_mod_fused_nn_conv2d_add_clip_divide_2 |            - |              - |      0 |
|   43 |         vm_mod_fused_nn_conv2d_add_add_clip_divide_multiply_3 |            - |              - |      0 |
|   44 |                          vm_mod_fused_nn_conv2d_add_nn_relu_2 |            - |              - |      0 |
|   45 |                         vm_mod_fused_nn_adaptive_avg_pool2d_5 |            - |              - |      0 |
|   46 |                                  vm_mod_fused_nn_conv2d_add_4 |            - |              - |      0 |
|   47 |                         vm_mod_fused_nn_adaptive_avg_pool2d_1 |            - |              - |      0 |
|   48 |                          vm_mod_fused_nn_conv2d_add_nn_relu_9 |            - |              - |      0 |
|   49 |                         vm_mod_fused_nn_conv2d_add_nn_relu_12 |            - |              - |      0 |
|   50 |                              vm_mod_fused_nn_conv2d_add_add_5 |            - |              - |      0 |
|   51 |         vm_mod_fused_nn_conv2d_add_add_clip_divide_multiply_8 |            - |              - |      0 |
-----------------------------------------------------------------------------------------------------------------
Estimated total latency: - ms	Trials: 456	Used time : 1300 s	Next ID: 12	

Time elapsed for measurement: 21.90 s
----------------------------------------------------------------------
------------------------------  [ Train cost model ]
----------------------------------------------------------------------
Time elapsed for training: 0.00 s
----------------------------------------------------------------------
------------------------------  [ Task Scheduler ]
----------------------------------------------------------------------
----------------------------------------------------------------------
------------------------------  [ Search ]
----------------------------------------------------------------------
Generate Sketches		#s: 1
Sample Initial Population	#s: 60	fail_ct: 4036	Time elapsed: 6.85
GA Iter: 0	Max score: 0.9867	Min score: 0.0632	#Pop: 60	#M+: 0	#M-: 0
GA Iter: 4	Max score: 0.9997	Min score: 0.9853	#Pop: 76	#M+: 1388	#M-: 0
EvolutionarySearch		#s: 76	Time elapsed: 53.61
----------------------------------------------------------------------
------------------------------  [ Measure ]
----------------------------------------------------------------------
Get 38 programs to measure:
......................................****Eterminate called after throwing an instance of 'tvm::runtime::InternalError'
  what():  [18:43:52] /data3/qsy/complier/tlm/src/runtime/cuda/cuda_module.cc:61: CUDAError: cuModuleUnload(module_[i]) failed with error: CUDA_ERROR_MISALIGNED_ADDRESS
Stack trace:
  0: tvm::runtime::SimpleObjAllocator::Handler<tvm::runtime::CUDAModuleNode>::Deleter_(tvm::runtime::Object*)
  1: tvm::runtime::SimpleObjAllocator::Handler<tvm::runtime::LibraryModuleNode>::Deleter_(tvm::runtime::Object*)
  2: _ZN3tvm7runtime18SimpleObjAllocator7HandlerINS0_16PackedFuncS
  3: _ZN3tvm7runtime18SimpleObjAllocator7HandlerINS0_16PackedFuncSubObjIZNS0_9profiling17WrapTimeE
  4: TVMObjectFree
  5: __pyx_tp_dealloc_3tvm_4_ffi_4_cy3_4core_PackedFuncBase(_object*)
  6: subtype_dealloc
        at /usr/local/src/conda/python-3.10.18/Objects/typeobject.c:1460
  7: _Py_DECREF
        at /usr/local/src/conda/python-3.10.18/Include/object.h:500
  8: _Py_XDECREF
        at /usr/local/src/conda/python-3.10.18/Include/object.h:567
  9: cell_dealloc
        at /usr/local/src/conda/python-3.10.18/Objects/cellobject.c:82
  10: _Py_Dealloc
        at /usr/local/src/conda/python-3.10.18/Objects/object.c:2301
  11: _Py_DECREF
        at /usr/local/src/conda/python-3.10.18/Include/object.h:500
  12: _Py_XDECREF
        at /usr/local/src/conda/python-3.10.18/Include/object.h:567
  13: tupledealloc
        at /usr/local/src/conda/python-3.10.18/Objects/tupleobject.c:276
  14: _Py_Dealloc
        at /usr/local/src/conda/python-3.10.18/Objects/object.c:2301
  15: _Py_DECREF
        at /usr/local/src/conda/python-3.10.18/Include/object.h:500
  16: func_clear
        at /usr/local/src/conda/python-3.10.18/Objects/funcobject.c:636
  17: func_dealloc
        at /usr/local/src/conda/python-3.10.18/Objects/funcobject.c:648
  18: _Py_Dealloc
        at /usr/local/src/conda/python-3.10.18/Objects/object.c:2301
  19: _Py_DECREF
        at /usr/local/src/conda/python-3.10.18/Include/object.h:500
  20: frame_dealloc
        at /usr/local/src/conda/python-3.10.18/Objects/frameobject.c:591
  21: _Py_Dealloc
        at /usr/local/src/conda/python-3.10.18/Objects/object.c:2301
  22: _Py_DECREF
        at /usr/local/src/conda/python-3.10.18/Include/object.h:500
  23: _PyEval_Vector
        at /usr/local/src/conda/python-3.10.18/Python/ceval.c:5080
  24: _PyFunction_Vectorcall
        at /usr/local/src/conda/python-3.10.18/Objects/call.c:342
  25: do_call_core
        at /usr/local/src/conda/python-3.10.18/Python/ceval.c:5945
  26: _PyEval_EvalFrameDefault
        at /usr/local/src/conda/python-3.10.18/Python/ceval.c:4277
  27: _PyEval_EvalFrame
        at /usr/local/src/conda/python-3.10.18/Include/internal/pycore_ceval.h:46
  28: _PyEval_Vector
        at /usr/local/src/conda/python-3.10.18/Python/ceval.c:5067
  29: _PyFunction_Vectorcall
        at /usr/local/src/conda/python-3.10.18/Objects/call.c:342
  30: _PyObject_VectorcallTstate
        at /usr/local/src/conda/python-3.10.18/Include/cpython/abstract.h:114
  31: PyObject_Vectorcall
        at /usr/local/src/conda/python-3.10.18/Include/cpython/abstract.h:123
  32: call_function
        at /usr/local/src/conda/python-3.10.18/Python/ceval.c:5893
  33: _PyEval_EvalFrameDefault
        at /usr/local/src/conda/python-3.10.18/Python/ceval.c:4213
  34: _PyEval_EvalFrame
        at /usr/local/src/conda/python-3.10.18/Include/internal/pycore_ceval.h:46
  35: _PyEval_Vector
        at /usr/local/src/conda/python-3.10.18/Python/ceval.c:5067
  36: PyEval_EvalCode
        at /usr/local/src/conda/python-3.10.18/Python/ceval.c:1134
  37: builtin_exec_impl
        at /usr/local/src/conda/python-3.10.18/Python/bltinmodule.c:1058
  38: builtin_exec
        at /usr/local/src/conda/python-3.10.18/Python/clinic/bltinmodule.c.h:371
  39: cfunction_vectorcall_FASTCALL
        at /usr/local/src/conda/python-3.10.18/Objects/methodobject.c:430
  40: _PyObject_VectorcallTstate
        at /usr/local/src/conda/python-3.10.18/Include/cpython/abstract.h:114
  41: PyObject_Vectorcall
        at /usr/local/src/conda/python-3.10.18/Include/cpython/abstract.h:123
  42: call_function
        at /usr/local/src/conda/python-3.10.18/Python/ceval.c:5893
  43: _PyEval_EvalFrameDefault
        at /usr/local/src/conda/python-3.10.18/Python/ceval.c:4213
  44: _PyEval_EvalFrame
        at /usr/local/src/conda/python-3.10.18/Include/internal/pycore_ceval.h:46
  45: _PyEval_Vector
        at /usr/local/src/conda/python-3.10.18/Python/ceval.c:5067
  46: _PyFunction_Vectorcall
        at /usr/local/src/conda/python-3.10.18/Objects/call.c:342
  47: _PyObject_VectorcallTstate
        at /usr/local/src/conda/python-3.10.18/Include/cpython/abstract.h:114
  48: PyObject_Vectorcall
        at /usr/local/src/conda/python-3.10.18/Include/cpython/abstract.h:123
  49: call_function
        at /usr/local/src/conda/python-3.10.18/Python/ceval.c:5893
  50: _PyEval_EvalFrameDefault
        at /usr/local/src/conda/python-3.10.18/Python/ceval.c:4213
  51: _PyEval_EvalFrame
        at /usr/local/src/conda/python-3.10.18/Include/internal/pycore_ceval.h:46
  52: _PyEval_Vector
        at /usr/local/src/conda/python-3.10.18/Python/ceval.c:5067
  53: _PyFunction_Vectorcall
        at /usr/local/src/conda/python-3.10.18/Objects/call.c:342
  54: pymain_run_module
        at /usr/local/src/conda/python-3.10.18/Modules/main.c:297
  55: pymain_run_python
        at /usr/local/src/conda/python-3.10.18/Modules/main.c:589
  56: Py_RunMain
        at /usr/local/src/conda/python-3.10.18/Modules/main.c:674
  57: Py_BytesMain
        at /usr/local/src/conda/python-3.10.18/Modules/main.c:1094
  58: __libc_start_main
        at ../csu/libc-start.c:308
  59: 0x000000000058728d
  60: 0xffffffffffffffff


|  ID  |                       Task Description                        | Latency (ms) | Speed (GFLOPS) | Trials |
-----------------------------------------------------------------------------------------------------------------
|    0 |                          vm_mod_fused_nn_conv2d_add_nn_relu_5 |        0.004 |         786.27 |     38 |
|    1 |                                   vm_mod_fused_nn_dense_add_1 |        0.008 |         319.46 |     38 |
|    2 |                                    vm_mod_fused_nn_conv2d_add |        0.008 |        1196.78 |     38 |
|    3 |         vm_mod_fused_nn_conv2d_add_add_clip_divide_multiply_4 |        0.005 |         171.23 |     38 |
|    4 |           vm_mod_fused_nn_conv2d_add_add_clip_divide_multiply |        0.010 |        1208.29 |     38 |
|    5 |                              vm_mod_fused_nn_conv2d_add_add_3 |        0.005 |        1347.20 |     38 |
|    6 |                        vm_mod_fused_nn_conv2d_add_clip_divide |        0.003 |           1.38 |     38 |
|    7 |                          vm_mod_fused_nn_conv2d_add_nn_relu_1 |        0.004 |        7400.89 |     38 |
|    8 |                         vm_mod_fused_nn_adaptive_avg_pool2d_2 |        0.005 |          -0.00 |     38 |
|    9 |        vm_mod_fused_nn_conv2d_add_add_clip_divide_multiply_10 |        0.006 |         539.04 |     38 |
|   10 |                                  vm_mod_fused_nn_conv2d_add_3 |        0.015 |        1417.07 |     38 |
|   11 |                              vm_mod_fused_nn_conv2d_add_add_1 |        0.004 |        2914.37 |     38 |
|   12 |                          vm_mod_fused_nn_conv2d_add_nn_relu_8 |        0.004 |        1286.50 |     38 |
|   13 |                      vm_mod_fused_nn_conv2d_add_clip_divide_3 |            - |              - |      0 |
|   14 |         vm_mod_fused_nn_conv2d_add_add_clip_divide_multiply_9 |            - |              - |      0 |
|   15 |         vm_mod_fused_nn_conv2d_add_add_clip_divide_multiply_5 |            - |              - |      0 |
|   16 |                          vm_mod_fused_nn_conv2d_add_nn_relu_4 |            - |              - |      0 |
|   17 |                      vm_mod_fused_nn_conv2d_add_clip_divide_1 |            - |              - |      0 |
|   18 |                                     vm_mod_fused_nn_dense_add |            - |              - |      0 |
|   19 |         vm_mod_fused_nn_conv2d_add_add_clip_divide_multiply_1 |            - |              - |      0 |
|   20 |                         vm_mod_fused_nn_adaptive_avg_pool2d_3 |            - |              - |      0 |
|   21 |                                vm_mod_fused_nn_conv2d_add_add |            - |              - |      0 |
|   22 |        vm_mod_fused_nn_conv2d_add_add_clip_divide_multiply_13 |            - |              - |      0 |
|   23 |                          vm_mod_fused_nn_conv2d_add_nn_relu_7 |            - |              - |      0 |
|   24 |                            vm_mod_fused_nn_conv2d_add_nn_relu |            - |              - |      0 |
|   25 |                         vm_mod_fused_nn_conv2d_add_nn_relu_10 |            - |              - |      0 |
|   26 |         vm_mod_fused_nn_conv2d_add_add_clip_divide_multiply_6 |            - |              - |      0 |
|   27 |                              vm_mod_fused_nn_conv2d_add_add_4 |            - |              - |      0 |
|   28 |                              vm_mod_fused_nn_conv2d_add_add_6 |            - |              - |      0 |
|   29 |                          vm_mod_fused_nn_conv2d_add_nn_relu_3 |            - |              - |      0 |
|   30 |         vm_mod_fused_nn_conv2d_add_add_clip_divide_multiply_2 |            - |              - |      0 |
|   31 |                         vm_mod_fused_nn_adaptive_avg_pool2d_4 |            - |              - |      0 |
|   32 |        vm_mod_fused_nn_conv2d_add_add_clip_divide_multiply_11 |            - |              - |      0 |
|   33 |                              vm_mod_fused_nn_conv2d_add_add_2 |            - |              - |      0 |
|   34 |                           vm_mod_fused_nn_adaptive_avg_pool2d |            - |              - |      0 |
|   35 |                                  vm_mod_fused_nn_conv2d_add_2 |            - |              - |      0 |
|   36 |                         vm_mod_fused_nn_conv2d_add_nn_relu_11 |            - |              - |      0 |
|   37 |                      vm_mod_fused_nn_conv2d_add_clip_divide_4 |            - |              - |      0 |
|   38 |                                  vm_mod_fused_nn_conv2d_add_1 |            - |              - |      0 |
|   39 |        vm_mod_fused_nn_conv2d_add_add_clip_divide_multiply_12 |            - |              - |      0 |
|   40 |                          vm_mod_fused_nn_conv2d_add_nn_relu_6 |            - |              - |      0 |
|   41 |         vm_mod_fused_nn_conv2d_add_add_clip_divide_multiply_7 |            - |              - |      0 |
|   42 |                      vm_mod_fused_nn_conv2d_add_clip_divide_2 |            - |              - |      0 |
|   43 |         vm_mod_fused_nn_conv2d_add_add_clip_divide_multiply_3 |            - |              - |      0 |
|   44 |                          vm_mod_fused_nn_conv2d_add_nn_relu_2 |            - |              - |      0 |
|   45 |                         vm_mod_fused_nn_adaptive_avg_pool2d_5 |            - |              - |      0 |
|   46 |                                  vm_mod_fused_nn_conv2d_add_4 |            - |              - |      0 |
|   47 |                         vm_mod_fused_nn_adaptive_avg_pool2d_1 |            - |              - |      0 |
|   48 |                          vm_mod_fused_nn_conv2d_add_nn_relu_9 |            - |              - |      0 |
|   49 |                         vm_mod_fused_nn_conv2d_add_nn_relu_12 |            - |              - |      0 |
|   50 |                              vm_mod_fused_nn_conv2d_add_add_5 |            - |              - |      0 |
|   51 |         vm_mod_fused_nn_conv2d_add_add_clip_divide_multiply_8 |            - |              - |      0 |
-----------------------------------------------------------------------------------------------------------------
Estimated total latency: - ms	Trials: 494	Used time : 1454 s	Next ID: 13	
*E************Eterminate called after throwing an instance of 'tvm::runtime::InternalError'
  what():  [18:43:56] /data3/qsy/complier/tlm/src/runtime/cuda/cuda_module.cc:61: CUDAError: cuModuleUnload(module_[i]) failed with error: CUDA_ERROR_MISALIGNED_ADDRESS
Stack trace:
  0: tvm::runtime::SimpleObjAllocator::Handler<tvm::runtime::CUDAModuleNode>::Deleter_(tvm::runtime::Object*)
  1: tvm::runtime::SimpleObjAllocator::Handler<tvm::runtime::LibraryModuleNode>::Deleter_(tvm::runtime::Object*)
  2: _ZN3tvm7runtime18SimpleObjAllocator7HandlerINS0_16PackedFuncS
  3: _ZN3tvm7runtime18SimpleObjAllocator7HandlerINS0_16PackedFuncSubObjIZNS0_9profiling17WrapTimeE
  4: TVMObjectFree
  5: __pyx_tp_dealloc_3tvm_4_ffi_4_cy3_4core_PackedFuncBase(_object*)
  6: subtype_dealloc
        at /usr/local/src/conda/python-3.10.18/Objects/typeobject.c:1460
  7: _Py_DECREF
        at /usr/local/src/conda/python-3.10.18/Include/object.h:500
  8: _Py_XDECREF
        at /usr/local/src/conda/python-3.10.18/Include/object.h:567
  9: cell_dealloc
        at /usr/local/src/conda/python-3.10.18/Objects/cellobject.c:82
  10: _Py_Dealloc
        at /usr/local/src/conda/python-3.10.18/Objects/object.c:2301
  11: _Py_DECREF
        at /usr/local/src/conda/python-3.10.18/Include/object.h:500
  12: _Py_XDECREF
        at /usr/local/src/conda/python-3.10.18/Include/object.h:567
  13: tupledealloc
        at /usr/local/src/conda/python-3.10.18/Objects/tupleobject.c:276
  14: _Py_Dealloc
        at /usr/local/src/conda/python-3.10.18/Objects/object.c:2301
  15: _Py_DECREF
        at /usr/local/src/conda/python-3.10.18/Include/object.h:500
  16: func_clear
        at /usr/local/src/conda/python-3.10.18/Objects/funcobject.c:636
  17: func_dealloc
        at /usr/local/src/conda/python-3.10.18/Objects/funcobject.c:648
  18: _Py_Dealloc
        at /usr/local/src/conda/python-3.10.18/Objects/object.c:2301
  19: _Py_DECREF
        at /usr/local/src/conda/python-3.10.18/Include/object.h:500
  20: frame_dealloc
        at /usr/local/src/conda/python-3.10.18/Objects/frameobject.c:591
  21: _Py_Dealloc
        at /usr/local/src/conda/python-3.10.18/Objects/object.c:2301
  22: _Py_DECREF
        at /usr/local/src/conda/python-3.10.18/Include/object.h:500
  23: _PyEval_Vector
        at /usr/local/src/conda/python-3.10.18/Python/ceval.c:5080
  24: _PyFunction_Vectorcall
        at /usr/local/src/conda/python-3.10.18/Objects/call.c:342
  25: do_call_core
        at /usr/local/src/conda/python-3.10.18/Python/ceval.c:5945
  26: _PyEval_EvalFrameDefault
        at /usr/local/src/conda/python-3.10.18/Python/ceval.c:4277
  27: _PyEval_EvalFrame
        at /usr/local/src/conda/python-3.10.18/Include/internal/pycore_ceval.h:46
  28: _PyEval_Vector
        at /usr/local/src/conda/python-3.10.18/Python/ceval.c:5067
  29: _PyFunction_Vectorcall
        at /usr/local/src/conda/python-3.10.18/Objects/call.c:342
  30: _PyObject_VectorcallTstate
        at /usr/local/src/conda/python-3.10.18/Include/cpython/abstract.h:114
  31: PyObject_Vectorcall
        at /usr/local/src/conda/python-3.10.18/Include/cpython/abstract.h:123
  32: call_function
        at /usr/local/src/conda/python-3.10.18/Python/ceval.c:5893
  33: _PyEval_EvalFrameDefault
        at /usr/local/src/conda/python-3.10.18/Python/ceval.c:4213
  34: _PyEval_EvalFrame
        at /usr/local/src/conda/python-3.10.18/Include/internal/pycore_ceval.h:46
  35: _PyEval_Vector
        at /usr/local/src/conda/python-3.10.18/Python/ceval.c:5067
  36: PyEval_EvalCode
        at /usr/local/src/conda/python-3.10.18/Python/ceval.c:1134
  37: builtin_exec_impl
        at /usr/local/src/conda/python-3.10.18/Python/bltinmodule.c:1058
  38: builtin_exec
        at /usr/local/src/conda/python-3.10.18/Python/clinic/bltinmodule.c.h:371
  39: cfunction_vectorcall_FASTCALL
        at /usr/local/src/conda/python-3.10.18/Objects/methodobject.c:430
  40: _PyObject_VectorcallTstate
        at /usr/local/src/conda/python-3.10.18/Include/cpython/abstract.h:114
  41: PyObject_Vectorcall
        at /usr/local/src/conda/python-3.10.18/Include/cpython/abstract.h:123
  42: call_function
        at /usr/local/src/conda/python-3.10.18/Python/ceval.c:5893
  43: _PyEval_EvalFrameDefault
        at /usr/local/src/conda/python-3.10.18/Python/ceval.c:4213
  44: _PyEval_EvalFrame
        at /usr/local/src/conda/python-3.10.18/Include/internal/pycore_ceval.h:46
  45: _PyEval_Vector
        at /usr/local/src/conda/python-3.10.18/Python/ceval.c:5067
  46: _PyFunction_Vectorcall
        at /usr/local/src/conda/python-3.10.18/Objects/call.c:342
  47: _PyObject_VectorcallTstate
        at /usr/local/src/conda/python-3.10.18/Include/cpython/abstract.h:114
  48: PyObject_Vectorcall
        at /usr/local/src/conda/python-3.10.18/Include/cpython/abstract.h:123
  49: call_function
        at /usr/local/src/conda/python-3.10.18/Python/ceval.c:5893
  50: _PyEval_EvalFrameDefault
        at /usr/local/src/conda/python-3.10.18/Python/ceval.c:4213
  51: _PyEval_EvalFrame
        at /usr/local/src/conda/python-3.10.18/Include/internal/pycore_ceval.h:46
  52: _PyEval_Vector
        at /usr/local/src/conda/python-3.10.18/Python/ceval.c:5067
  53: _PyFunction_Vectorcall
        at /usr/local/src/conda/python-3.10.18/Objects/call.c:342
  54: pymain_run_module
        at /usr/local/src/conda/python-3.10.18/Modules/main.c:297
  55: pymain_run_python
        at /usr/local/src/conda/python-3.10.18/Modules/main.c:589
  56: Py_RunMain
        at /usr/local/src/conda/python-3.10.18/Modules/main.c:674
  57: Py_BytesMain
        at /usr/local/src/conda/python-3.10.18/Modules/main.c:1094
  58: __libc_start_main
        at ../csu/libc-start.c:308
  59: 0x000000000058728d
  60: 0xffffffffffffffff


*E********************Eterminate called after throwing an instance of 'tvm::runtime::InternalError'
  what():  [18:44:02] /data3/qsy/complier/tlm/src/runtime/cuda/cuda_module.cc:61: CUDAError: cuModuleUnload(module_[i]) failed with error: CUDA_ERROR_MISALIGNED_ADDRESS
Stack trace:
  0: tvm::runtime::SimpleObjAllocator::Handler<tvm::runtime::CUDAModuleNode>::Deleter_(tvm::runtime::Object*)
  1: tvm::runtime::SimpleObjAllocator::Handler<tvm::runtime::LibraryModuleNode>::Deleter_(tvm::runtime::Object*)
  2: _ZN3tvm7runtime18SimpleObjAllocator7HandlerINS0_16PackedFuncS
  3: _ZN3tvm7runtime18SimpleObjAllocator7HandlerINS0_16PackedFuncSubObjIZNS0_9profiling17WrapTimeE
  4: TVMObjectFree
  5: __pyx_tp_dealloc_3tvm_4_ffi_4_cy3_4core_PackedFuncBase(_object*)
  6: subtype_dealloc
        at /usr/local/src/conda/python-3.10.18/Objects/typeobject.c:1460
  7: _Py_DECREF
        at /usr/local/src/conda/python-3.10.18/Include/object.h:500
  8: _Py_XDECREF
        at /usr/local/src/conda/python-3.10.18/Include/object.h:567
  9: cell_dealloc
        at /usr/local/src/conda/python-3.10.18/Objects/cellobject.c:82
  10: _Py_Dealloc
        at /usr/local/src/conda/python-3.10.18/Objects/object.c:2301
  11: _Py_DECREF
        at /usr/local/src/conda/python-3.10.18/Include/object.h:500
  12: _Py_XDECREF
        at /usr/local/src/conda/python-3.10.18/Include/object.h:567
  13: tupledealloc
        at /usr/local/src/conda/python-3.10.18/Objects/tupleobject.c:276
  14: _Py_Dealloc
        at /usr/local/src/conda/python-3.10.18/Objects/object.c:2301
  15: _Py_DECREF
        at /usr/local/src/conda/python-3.10.18/Include/object.h:500
  16: func_clear
        at /usr/local/src/conda/python-3.10.18/Objects/funcobject.c:636
  17: func_dealloc
        at /usr/local/src/conda/python-3.10.18/Objects/funcobject.c:648
  18: _Py_Dealloc
        at /usr/local/src/conda/python-3.10.18/Objects/object.c:2301
  19: _Py_DECREF
        at /usr/local/src/conda/python-3.10.18/Include/object.h:500
  20: frame_dealloc
        at /usr/local/src/conda/python-3.10.18/Objects/frameobject.c:591
  21: _Py_Dealloc
        at /usr/local/src/conda/python-3.10.18/Objects/object.c:2301
  22: _Py_DECREF
        at /usr/local/src/conda/python-3.10.18/Include/object.h:500
  23: _PyEval_Vector
        at /usr/local/src/conda/python-3.10.18/Python/ceval.c:5080
  24: _PyFunction_Vectorcall
        at /usr/local/src/conda/python-3.10.18/Objects/call.c:342
  25: do_call_core
        at /usr/local/src/conda/python-3.10.18/Python/ceval.c:5945
  26: _PyEval_EvalFrameDefault
        at /usr/local/src/conda/python-3.10.18/Python/ceval.c:4277
  27: _PyEval_EvalFrame
        at /usr/local/src/conda/python-3.10.18/Include/internal/pycore_ceval.h:46
  28: _PyEval_Vector
        at /usr/local/src/conda/python-3.10.18/Python/ceval.c:5067
  29: _PyFunction_Vectorcall
        at /usr/local/src/conda/python-3.10.18/Objects/call.c:342
  30: _PyObject_VectorcallTstate
        at /usr/local/src/conda/python-3.10.18/Include/cpython/abstract.h:114
  31: PyObject_Vectorcall
        at /usr/local/src/conda/python-3.10.18/Include/cpython/abstract.h:123
  32: call_function
        at /usr/local/src/conda/python-3.10.18/Python/ceval.c:5893
  33: _PyEval_EvalFrameDefault
        at /usr/local/src/conda/python-3.10.18/Python/ceval.c:4213
  34: _PyEval_EvalFrame
        at /usr/local/src/conda/python-3.10.18/Include/internal/pycore_ceval.h:46
  35: _PyEval_Vector
        at /usr/local/src/conda/python-3.10.18/Python/ceval.c:5067
  36: PyEval_EvalCode
        at /usr/local/src/conda/python-3.10.18/Python/ceval.c:1134
  37: builtin_exec_impl
        at /usr/local/src/conda/python-3.10.18/Python/bltinmodule.c:1058
  38: builtin_exec
        at /usr/local/src/conda/python-3.10.18/Python/clinic/bltinmodule.c.h:371
  39: cfunction_vectorcall_FASTCALL
        at /usr/local/src/conda/python-3.10.18/Objects/methodobject.c:430
  40: _PyObject_VectorcallTstate
        at /usr/local/src/conda/python-3.10.18/Include/cpython/abstract.h:114
  41: PyObject_Vectorcall
        at /usr/local/src/conda/python-3.10.18/Include/cpython/abstract.h:123
  42: call_function
        at /usr/local/src/conda/python-3.10.18/Python/ceval.c:5893
  43: _PyEval_EvalFrameDefault
        at /usr/local/src/conda/python-3.10.18/Python/ceval.c:4213
  44: _PyEval_EvalFrame
        at /usr/local/src/conda/python-3.10.18/Include/internal/pycore_ceval.h:46
  45: _PyEval_Vector
        at /usr/local/src/conda/python-3.10.18/Python/ceval.c:5067
  46: _PyFunction_Vectorcall
        at /usr/local/src/conda/python-3.10.18/Objects/call.c:342
  47: _PyObject_VectorcallTstate
        at /usr/local/src/conda/python-3.10.18/Include/cpython/abstract.h:114
  48: PyObject_Vectorcall
        at /usr/local/src/conda/python-3.10.18/Include/cpython/abstract.h:123
  49: call_function
        at /usr/local/src/conda/python-3.10.18/Python/ceval.c:5893
  50: _PyEval_EvalFrameDefault
        at /usr/local/src/conda/python-3.10.18/Python/ceval.c:4213
  51: _PyEval_EvalFrame
        at /usr/local/src/conda/python-3.10.18/Include/internal/pycore_ceval.h:46
  52: _PyEval_Vector
        at /usr/local/src/conda/python-3.10.18/Python/ceval.c:5067
  53: _PyFunction_Vectorcall
        at /usr/local/src/conda/python-3.10.18/Objects/call.c:342
  54: pymain_run_module
        at /usr/local/src/conda/python-3.10.18/Modules/main.c:297
  55: pymain_run_python
        at /usr/local/src/conda/python-3.10.18/Modules/main.c:589
  56: Py_RunMain
        at /usr/local/src/conda/python-3.10.18/Modules/main.c:674
  57: Py_BytesMain
        at /usr/local/src/conda/python-3.10.18/Modules/main.c:1094
  58: __libc_start_main
        at ../csu/libc-start.c:308
  59: 0x000000000058728d
  60: 0xffffffffffffffff


*E**
Time elapsed for measurement: 18.71 s
----------------------------------------------------------------------
------------------------------  [ Train cost model ]
----------------------------------------------------------------------
Time elapsed for training: 0.00 s
----------------------------------------------------------------------
------------------------------  [ Task Scheduler ]
----------------------------------------------------------------------
----------------------------------------------------------------------
------------------------------  [ Search ]
----------------------------------------------------------------------
Generate Sketches		#s: 1
Sample Initial Population	#s: 110	fail_ct: 1938	Time elapsed: 7.00
GA Iter: 0	Max score: 0.9976	Min score: 0.3076	#Pop: 76	#M+: 0	#M-: 0
GA Iter: 4	Max score: 0.9998	Min score: 0.9904	#Pop: 76	#M+: 1400	#M-: 0
EvolutionarySearch		#s: 76	Time elapsed: 86.03
----------------------------------------------------------------------
------------------------------  [ Measure ]
----------------------------------------------------------------------
Get 38 programs to measure:
......................................******************************Eterminate called after throwing an instance of 'tvm::runtime::InternalError'
  what():  [18:45:57] /data3/qsy/complier/tlm/src/runtime/cuda/cuda_module.cc:61: CUDAError: cuModuleUnload(module_[i]) failed with error: CUDA_ERROR_MISALIGNED_ADDRESS
Stack trace:
  0: tvm::runtime::SimpleObjAllocator::Handler<tvm::runtime::CUDAModuleNode>::Deleter_(tvm::runtime::Object*)
  1: tvm::runtime::SimpleObjAllocator::Handler<tvm::runtime::LibraryModuleNode>::Deleter_(tvm::runtime::Object*)
  2: _ZN3tvm7runtime18SimpleObjAllocator7HandlerINS0_16PackedFuncS
  3: _ZN3tvm7runtime18SimpleObjAllocator7HandlerINS0_16PackedFuncSubObjIZNS0_9profiling17WrapTimeE
  4: TVMObjectFree
  5: __pyx_tp_dealloc_3tvm_4_ffi_4_cy3_4core_PackedFuncBase(_object*)
  6: subtype_dealloc
        at /usr/local/src/conda/python-3.10.18/Objects/typeobject.c:1460
  7: _Py_DECREF
        at /usr/local/src/conda/python-3.10.18/Include/object.h:500
  8: _Py_XDECREF
        at /usr/local/src/conda/python-3.10.18/Include/object.h:567
  9: cell_dealloc
        at /usr/local/src/conda/python-3.10.18/Objects/cellobject.c:82
  10: _Py_Dealloc
        at /usr/local/src/conda/python-3.10.18/Objects/object.c:2301
  11: _Py_DECREF
        at /usr/local/src/conda/python-3.10.18/Include/object.h:500
  12: _Py_XDECREF
        at /usr/local/src/conda/python-3.10.18/Include/object.h:567
  13: tupledealloc
        at /usr/local/src/conda/python-3.10.18/Objects/tupleobject.c:276
  14: _Py_Dealloc
        at /usr/local/src/conda/python-3.10.18/Objects/object.c:2301
  15: _Py_DECREF
        at /usr/local/src/conda/python-3.10.18/Include/object.h:500
  16: func_clear
        at /usr/local/src/conda/python-3.10.18/Objects/funcobject.c:636
  17: func_dealloc
        at /usr/local/src/conda/python-3.10.18/Objects/funcobject.c:648
  18: _Py_Dealloc
        at /usr/local/src/conda/python-3.10.18/Objects/object.c:2301
  19: _Py_DECREF
        at /usr/local/src/conda/python-3.10.18/Include/object.h:500
  20: frame_dealloc
        at /usr/local/src/conda/python-3.10.18/Objects/frameobject.c:591
  21: _Py_Dealloc
        at /usr/local/src/conda/python-3.10.18/Objects/object.c:2301
  22: _Py_DECREF
        at /usr/local/src/conda/python-3.10.18/Include/object.h:500
  23: _PyEval_Vector
        at /usr/local/src/conda/python-3.10.18/Python/ceval.c:5080
  24: _PyFunction_Vectorcall
        at /usr/local/src/conda/python-3.10.18/Objects/call.c:342
  25: do_call_core
        at /usr/local/src/conda/python-3.10.18/Python/ceval.c:5945
  26: _PyEval_EvalFrameDefault
        at /usr/local/src/conda/python-3.10.18/Python/ceval.c:4277
  27: _PyEval_EvalFrame
        at /usr/local/src/conda/python-3.10.18/Include/internal/pycore_ceval.h:46
  28: _PyEval_Vector
        at /usr/local/src/conda/python-3.10.18/Python/ceval.c:5067
  29: _PyFunction_Vectorcall
        at /usr/local/src/conda/python-3.10.18/Objects/call.c:342
  30: _PyObject_VectorcallTstate
        at /usr/local/src/conda/python-3.10.18/Include/cpython/abstract.h:114
  31: PyObject_Vectorcall
        at /usr/local/src/conda/python-3.10.18/Include/cpython/abstract.h:123
  32: call_function
        at /usr/local/src/conda/python-3.10.18/Python/ceval.c:5893
  33: _PyEval_EvalFrameDefault
        at /usr/local/src/conda/python-3.10.18/Python/ceval.c:4213
  34: _PyEval_EvalFrame
        at /usr/local/src/conda/python-3.10.18/Include/internal/pycore_ceval.h:46
  35: _PyEval_Vector
        at /usr/local/src/conda/python-3.10.18/Python/ceval.c:5067
  36: PyEval_EvalCode
        at /usr/local/src/conda/python-3.10.18/Python/ceval.c:1134
  37: builtin_exec_impl
        at /usr/local/src/conda/python-3.10.18/Python/bltinmodule.c:1058
  38: builtin_exec
        at /usr/local/src/conda/python-3.10.18/Python/clinic/bltinmodule.c.h:371
  39: cfunction_vectorcall_FASTCALL
        at /usr/local/src/conda/python-3.10.18/Objects/methodobject.c:430
  40: _PyObject_VectorcallTstate
        at /usr/local/src/conda/python-3.10.18/Include/cpython/abstract.h:114
  41: PyObject_Vectorcall
        at /usr/local/src/conda/python-3.10.18/Include/cpython/abstract.h:123
  42: call_function
        at /usr/local/src/conda/python-3.10.18/Python/ceval.c:5893
  43: _PyEval_EvalFrameDefault
        at /usr/local/src/conda/python-3.10.18/Python/ceval.c:4213
  44: _PyEval_EvalFrame
        at /usr/local/src/conda/python-3.10.18/Include/internal/pycore_ceval.h:46
  45: _PyEval_Vector
        at /usr/local/src/conda/python-3.10.18/Python/ceval.c:5067
  46: _PyFunction_Vectorcall
        at /usr/local/src/conda/python-3.10.18/Objects/call.c:342
  47: _PyObject_VectorcallTstate
        at /usr/local/src/conda/python-3.10.18/Include/cpython/abstract.h:114
  48: PyObject_Vectorcall
        at /usr/local/src/conda/python-3.10.18/Include/cpython/abstract.h:123
  49: call_function
        at /usr/local/src/conda/python-3.10.18/Python/ceval.c:5893
  50: _PyEval_EvalFrameDefault
        at /usr/local/src/conda/python-3.10.18/Python/ceval.c:4213
  51: _PyEval_EvalFrame
        at /usr/local/src/conda/python-3.10.18/Include/internal/pycore_ceval.h:46
  52: _PyEval_Vector
        at /usr/local/src/conda/python-3.10.18/Python/ceval.c:5067
  53: _PyFunction_Vectorcall
        at /usr/local/src/conda/python-3.10.18/Objects/call.c:342
  54: pymain_run_module
        at /usr/local/src/conda/python-3.10.18/Modules/main.c:297
  55: pymain_run_python
        at /usr/local/src/conda/python-3.10.18/Modules/main.c:589
  56: Py_RunMain
        at /usr/local/src/conda/python-3.10.18/Modules/main.c:674
  57: Py_BytesMain
        at /usr/local/src/conda/python-3.10.18/Modules/main.c:1094
  58: __libc_start_main
        at ../csu/libc-start.c:308
  59: 0x000000000058728d
  60: 0xffffffffffffffff


|  ID  |                       Task Description                        | Latency (ms) | Speed (GFLOPS) | Trials |
-----------------------------------------------------------------------------------------------------------------
|    0 |                          vm_mod_fused_nn_conv2d_add_nn_relu_5 |        0.004 |         786.27 |     38 |
|    1 |                                   vm_mod_fused_nn_dense_add_1 |        0.008 |         319.46 |     38 |
|    2 |                                    vm_mod_fused_nn_conv2d_add |        0.008 |        1196.78 |     38 |
|    3 |         vm_mod_fused_nn_conv2d_add_add_clip_divide_multiply_4 |        0.005 |         171.23 |     38 |
|    4 |           vm_mod_fused_nn_conv2d_add_add_clip_divide_multiply |        0.010 |        1208.29 |     38 |
|    5 |                              vm_mod_fused_nn_conv2d_add_add_3 |        0.005 |        1347.20 |     38 |
|    6 |                        vm_mod_fused_nn_conv2d_add_clip_divide |        0.003 |           1.38 |     38 |
|    7 |                          vm_mod_fused_nn_conv2d_add_nn_relu_1 |        0.004 |        7400.89 |     38 |
|    8 |                         vm_mod_fused_nn_adaptive_avg_pool2d_2 |        0.005 |          -0.00 |     38 |
|    9 |        vm_mod_fused_nn_conv2d_add_add_clip_divide_multiply_10 |        0.006 |         539.04 |     38 |
|   10 |                                  vm_mod_fused_nn_conv2d_add_3 |        0.015 |        1417.07 |     38 |
|   11 |                              vm_mod_fused_nn_conv2d_add_add_1 |        0.004 |        2914.37 |     38 |
|   12 |                          vm_mod_fused_nn_conv2d_add_nn_relu_8 |        0.004 |        1286.50 |     38 |
|   13 |                      vm_mod_fused_nn_conv2d_add_clip_divide_3 |        0.003 |          77.72 |     38 |
|   14 |         vm_mod_fused_nn_conv2d_add_add_clip_divide_multiply_9 |            - |              - |      0 |
|   15 |         vm_mod_fused_nn_conv2d_add_add_clip_divide_multiply_5 |            - |              - |      0 |
|   16 |                          vm_mod_fused_nn_conv2d_add_nn_relu_4 |            - |              - |      0 |
|   17 |                      vm_mod_fused_nn_conv2d_add_clip_divide_1 |            - |              - |      0 |
|   18 |                                     vm_mod_fused_nn_dense_add |            - |              - |      0 |
|   19 |         vm_mod_fused_nn_conv2d_add_add_clip_divide_multiply_1 |            - |              - |      0 |
|   20 |                         vm_mod_fused_nn_adaptive_avg_pool2d_3 |            - |              - |      0 |
|   21 |                                vm_mod_fused_nn_conv2d_add_add |            - |              - |      0 |
|   22 |        vm_mod_fused_nn_conv2d_add_add_clip_divide_multiply_13 |            - |              - |      0 |
|   23 |                          vm_mod_fused_nn_conv2d_add_nn_relu_7 |            - |              - |      0 |
|   24 |                            vm_mod_fused_nn_conv2d_add_nn_relu |            - |              - |      0 |
|   25 |                         vm_mod_fused_nn_conv2d_add_nn_relu_10 |            - |              - |      0 |
|   26 |         vm_mod_fused_nn_conv2d_add_add_clip_divide_multiply_6 |            - |              - |      0 |
|   27 |                              vm_mod_fused_nn_conv2d_add_add_4 |            - |              - |      0 |
|   28 |                              vm_mod_fused_nn_conv2d_add_add_6 |            - |              - |      0 |
|   29 |                          vm_mod_fused_nn_conv2d_add_nn_relu_3 |            - |              - |      0 |
|   30 |         vm_mod_fused_nn_conv2d_add_add_clip_divide_multiply_2 |            - |              - |      0 |
|   31 |                         vm_mod_fused_nn_adaptive_avg_pool2d_4 |            - |              - |      0 |
|   32 |        vm_mod_fused_nn_conv2d_add_add_clip_divide_multiply_11 |            - |              - |      0 |
|   33 |                              vm_mod_fused_nn_conv2d_add_add_2 |            - |              - |      0 |
|   34 |                           vm_mod_fused_nn_adaptive_avg_pool2d |            - |              - |      0 |
|   35 |                                  vm_mod_fused_nn_conv2d_add_2 |            - |              - |      0 |
|   36 |                         vm_mod_fused_nn_conv2d_add_nn_relu_11 |            - |              - |      0 |
|   37 |                      vm_mod_fused_nn_conv2d_add_clip_divide_4 |            - |              - |      0 |
|   38 |                                  vm_mod_fused_nn_conv2d_add_1 |            - |              - |      0 |
|   39 |        vm_mod_fused_nn_conv2d_add_add_clip_divide_multiply_12 |            - |              - |      0 |
|   40 |                          vm_mod_fused_nn_conv2d_add_nn_relu_6 |            - |              - |      0 |
|   41 |         vm_mod_fused_nn_conv2d_add_add_clip_divide_multiply_7 |            - |              - |      0 |
|   42 |                      vm_mod_fused_nn_conv2d_add_clip_divide_2 |            - |              - |      0 |
|   43 |         vm_mod_fused_nn_conv2d_add_add_clip_divide_multiply_3 |            - |              - |      0 |
|   44 |                          vm_mod_fused_nn_conv2d_add_nn_relu_2 |            - |              - |      0 |
|   45 |                         vm_mod_fused_nn_adaptive_avg_pool2d_5 |            - |              - |      0 |
|   46 |                                  vm_mod_fused_nn_conv2d_add_4 |            - |              - |      0 |
|   47 |                         vm_mod_fused_nn_adaptive_avg_pool2d_1 |            - |              - |      0 |
|   48 |                          vm_mod_fused_nn_conv2d_add_nn_relu_9 |            - |              - |      0 |
|   49 |                         vm_mod_fused_nn_conv2d_add_nn_relu_12 |            - |              - |      0 |
|   50 |                              vm_mod_fused_nn_conv2d_add_add_5 |            - |              - |      0 |
|   51 |         vm_mod_fused_nn_conv2d_add_add_clip_divide_multiply_8 |            - |              - |      0 |
-----------------------------------------------------------------------------------------------------------------
Estimated total latency: - ms	Trials: 532	Used time : 1533 s	Next ID: 14	
*E********
Time elapsed for measurement: 23.53 s
----------------------------------------------------------------------
------------------------------  [ Train cost model ]
----------------------------------------------------------------------
Time elapsed for training: 1.53 s
----------------------------------------------------------------------
------------------------------  [ Task Scheduler ]
----------------------------------------------------------------------
----------------------------------------------------------------------
------------------------------  [ Search ]
----------------------------------------------------------------------
Generate Sketches		#s: 1
Sample Initial Population	#s: 158	fail_ct: 1890	Time elapsed: 6.43
GA Iter: 0	Max score: 0.9899	Min score: 0.4808	#Pop: 76	#M+: 0	#M-: 0
GA Iter: 4	Max score: 0.9996	Min score: 0.9900	#Pop: 76	#M+: 1393	#M-: 0
EvolutionarySearch		#s: 76	Time elapsed: 86.84
----------------------------------------------------------------------
------------------------------  [ Measure ]
----------------------------------------------------------------------
Get 38 programs to measure:
......................................**************************************|  ID  |                       Task Description                        | Latency (ms) | Speed (GFLOPS) | Trials |
-----------------------------------------------------------------------------------------------------------------
|    0 |                          vm_mod_fused_nn_conv2d_add_nn_relu_5 |        0.004 |         786.27 |     38 |
|    1 |                                   vm_mod_fused_nn_dense_add_1 |        0.008 |         319.46 |     38 |
|    2 |                                    vm_mod_fused_nn_conv2d_add |        0.008 |        1196.78 |     38 |
|    3 |         vm_mod_fused_nn_conv2d_add_add_clip_divide_multiply_4 |        0.005 |         171.23 |     38 |
|    4 |           vm_mod_fused_nn_conv2d_add_add_clip_divide_multiply |        0.010 |        1208.29 |     38 |
|    5 |                              vm_mod_fused_nn_conv2d_add_add_3 |        0.005 |        1347.20 |     38 |
|    6 |                        vm_mod_fused_nn_conv2d_add_clip_divide |        0.003 |           1.38 |     38 |
|    7 |                          vm_mod_fused_nn_conv2d_add_nn_relu_1 |        0.004 |        7400.89 |     38 |
|    8 |                         vm_mod_fused_nn_adaptive_avg_pool2d_2 |        0.005 |          -0.00 |     38 |
|    9 |        vm_mod_fused_nn_conv2d_add_add_clip_divide_multiply_10 |        0.006 |         539.04 |     38 |
|   10 |                                  vm_mod_fused_nn_conv2d_add_3 |        0.015 |        1417.07 |     38 |
|   11 |                              vm_mod_fused_nn_conv2d_add_add_1 |        0.004 |        2914.37 |     38 |
|   12 |                          vm_mod_fused_nn_conv2d_add_nn_relu_8 |        0.004 |        1286.50 |     38 |
|   13 |                      vm_mod_fused_nn_conv2d_add_clip_divide_3 |        0.003 |          77.72 |     38 |
|   14 |         vm_mod_fused_nn_conv2d_add_add_clip_divide_multiply_9 |        0.009 |        3272.86 |     38 |
|   15 |         vm_mod_fused_nn_conv2d_add_add_clip_divide_multiply_5 |            - |              - |      0 |
|   16 |                          vm_mod_fused_nn_conv2d_add_nn_relu_4 |            - |              - |      0 |
|   17 |                      vm_mod_fused_nn_conv2d_add_clip_divide_1 |            - |              - |      0 |
|   18 |                                     vm_mod_fused_nn_dense_add |            - |              - |      0 |
|   19 |         vm_mod_fused_nn_conv2d_add_add_clip_divide_multiply_1 |            - |              - |      0 |
|   20 |                         vm_mod_fused_nn_adaptive_avg_pool2d_3 |            - |              - |      0 |
|   21 |                                vm_mod_fused_nn_conv2d_add_add |            - |              - |      0 |
|   22 |        vm_mod_fused_nn_conv2d_add_add_clip_divide_multiply_13 |            - |              - |      0 |
|   23 |                          vm_mod_fused_nn_conv2d_add_nn_relu_7 |            - |              - |      0 |
|   24 |                            vm_mod_fused_nn_conv2d_add_nn_relu |            - |              - |      0 |
|   25 |                         vm_mod_fused_nn_conv2d_add_nn_relu_10 |            - |              - |      0 |
|   26 |         vm_mod_fused_nn_conv2d_add_add_clip_divide_multiply_6 |            - |              - |      0 |
|   27 |                              vm_mod_fused_nn_conv2d_add_add_4 |            - |              - |      0 |
|   28 |                              vm_mod_fused_nn_conv2d_add_add_6 |            - |              - |      0 |
|   29 |                          vm_mod_fused_nn_conv2d_add_nn_relu_3 |            - |              - |      0 |
|   30 |         vm_mod_fused_nn_conv2d_add_add_clip_divide_multiply_2 |            - |              - |      0 |
|   31 |                         vm_mod_fused_nn_adaptive_avg_pool2d_4 |            - |              - |      0 |
|   32 |        vm_mod_fused_nn_conv2d_add_add_clip_divide_multiply_11 |            - |              - |      0 |
|   33 |                              vm_mod_fused_nn_conv2d_add_add_2 |            - |              - |      0 |
|   34 |                           vm_mod_fused_nn_adaptive_avg_pool2d |            - |              - |      0 |
|   35 |                                  vm_mod_fused_nn_conv2d_add_2 |            - |              - |      0 |
|   36 |                         vm_mod_fused_nn_conv2d_add_nn_relu_11 |            - |              - |      0 |
|   37 |                      vm_mod_fused_nn_conv2d_add_clip_divide_4 |            - |              - |      0 |
|   38 |                                  vm_mod_fused_nn_conv2d_add_1 |            - |              - |      0 |
|   39 |        vm_mod_fused_nn_conv2d_add_add_clip_divide_multiply_12 |            - |              - |      0 |
|   40 |                          vm_mod_fused_nn_conv2d_add_nn_relu_6 |            - |              - |      0 |
|   41 |         vm_mod_fused_nn_conv2d_add_add_clip_divide_multiply_7 |            - |              - |      0 |
|   42 |                      vm_mod_fused_nn_conv2d_add_clip_divide_2 |            - |              - |      0 |
|   43 |         vm_mod_fused_nn_conv2d_add_add_clip_divide_multiply_3 |            - |              - |      0 |
|   44 |                          vm_mod_fused_nn_conv2d_add_nn_relu_2 |            - |              - |      0 |
|   45 |                         vm_mod_fused_nn_adaptive_avg_pool2d_5 |            - |              - |      0 |
|   46 |                                  vm_mod_fused_nn_conv2d_add_4 |            - |              - |      0 |
|   47 |                         vm_mod_fused_nn_adaptive_avg_pool2d_1 |            - |              - |      0 |
|   48 |                          vm_mod_fused_nn_conv2d_add_nn_relu_9 |            - |              - |      0 |
|   49 |                         vm_mod_fused_nn_conv2d_add_nn_relu_12 |            - |              - |      0 |
|   50 |                              vm_mod_fused_nn_conv2d_add_add_5 |            - |              - |      0 |
|   51 |         vm_mod_fused_nn_conv2d_add_add_clip_divide_multiply_8 |            - |              - |      0 |
-----------------------------------------------------------------------------------------------------------------
Estimated total latency: - ms	Trials: 570	Used time : 1652 s	Next ID: 15	

Time elapsed for measurement: 17.75 s
----------------------------------------------------------------------
------------------------------  [ Train cost model ]
----------------------------------------------------------------------
Time elapsed for training: 0.00 s
----------------------------------------------------------------------
------------------------------  [ Task Scheduler ]
----------------------------------------------------------------------
----------------------------------------------------------------------
------------------------------  [ Search ]
----------------------------------------------------------------------
Generate Sketches		#s: 1
Sample Initial Population	#s: 52	fail_ct: 1996	Time elapsed: 7.21
GA Iter: 0	Max score: 0.9700	Min score: 0.0065	#Pop: 52	#M+: 0	#M-: 0
GA Iter: 4	Max score: 1.0000	Min score: 0.9883	#Pop: 76	#M+: 1391	#M-: 0
EvolutionarySearch		#s: 76	Time elapsed: 126.09
----------------------------------------------------------------------
------------------------------  [ Measure ]
----------------------------------------------------------------------
Get 38 programs to measure:
......................................**************************************|  ID  |                       Task Description                        | Latency (ms) | Speed (GFLOPS) | Trials |
-----------------------------------------------------------------------------------------------------------------
|    0 |                          vm_mod_fused_nn_conv2d_add_nn_relu_5 |        0.004 |         786.27 |     38 |
|    1 |                                   vm_mod_fused_nn_dense_add_1 |        0.008 |         319.46 |     38 |
|    2 |                                    vm_mod_fused_nn_conv2d_add |        0.008 |        1196.78 |     38 |
|    3 |         vm_mod_fused_nn_conv2d_add_add_clip_divide_multiply_4 |        0.005 |         171.23 |     38 |
|    4 |           vm_mod_fused_nn_conv2d_add_add_clip_divide_multiply |        0.010 |        1208.29 |     38 |
|    5 |                              vm_mod_fused_nn_conv2d_add_add_3 |        0.005 |        1347.20 |     38 |
|    6 |                        vm_mod_fused_nn_conv2d_add_clip_divide |        0.003 |           1.38 |     38 |
|    7 |                          vm_mod_fused_nn_conv2d_add_nn_relu_1 |        0.004 |        7400.89 |     38 |
|    8 |                         vm_mod_fused_nn_adaptive_avg_pool2d_2 |        0.005 |          -0.00 |     38 |
|    9 |        vm_mod_fused_nn_conv2d_add_add_clip_divide_multiply_10 |        0.006 |         539.04 |     38 |
|   10 |                                  vm_mod_fused_nn_conv2d_add_3 |        0.015 |        1417.07 |     38 |
|   11 |                              vm_mod_fused_nn_conv2d_add_add_1 |        0.004 |        2914.37 |     38 |
|   12 |                          vm_mod_fused_nn_conv2d_add_nn_relu_8 |        0.004 |        1286.50 |     38 |
|   13 |                      vm_mod_fused_nn_conv2d_add_clip_divide_3 |        0.003 |          77.72 |     38 |
|   14 |         vm_mod_fused_nn_conv2d_add_add_clip_divide_multiply_9 |        0.009 |        3272.86 |     38 |
|   15 |         vm_mod_fused_nn_conv2d_add_add_clip_divide_multiply_5 |        0.008 |         751.31 |     38 |
|   16 |                          vm_mod_fused_nn_conv2d_add_nn_relu_4 |            - |              - |      0 |
|   17 |                      vm_mod_fused_nn_conv2d_add_clip_divide_1 |            - |              - |      0 |
|   18 |                                     vm_mod_fused_nn_dense_add |            - |              - |      0 |
|   19 |         vm_mod_fused_nn_conv2d_add_add_clip_divide_multiply_1 |            - |              - |      0 |
|   20 |                         vm_mod_fused_nn_adaptive_avg_pool2d_3 |            - |              - |      0 |
|   21 |                                vm_mod_fused_nn_conv2d_add_add |            - |              - |      0 |
|   22 |        vm_mod_fused_nn_conv2d_add_add_clip_divide_multiply_13 |            - |              - |      0 |
|   23 |                          vm_mod_fused_nn_conv2d_add_nn_relu_7 |            - |              - |      0 |
|   24 |                            vm_mod_fused_nn_conv2d_add_nn_relu |            - |              - |      0 |
|   25 |                         vm_mod_fused_nn_conv2d_add_nn_relu_10 |            - |              - |      0 |
|   26 |         vm_mod_fused_nn_conv2d_add_add_clip_divide_multiply_6 |            - |              - |      0 |
|   27 |                              vm_mod_fused_nn_conv2d_add_add_4 |            - |              - |      0 |
|   28 |                              vm_mod_fused_nn_conv2d_add_add_6 |            - |              - |      0 |
|   29 |                          vm_mod_fused_nn_conv2d_add_nn_relu_3 |            - |              - |      0 |
|   30 |         vm_mod_fused_nn_conv2d_add_add_clip_divide_multiply_2 |            - |              - |      0 |
|   31 |                         vm_mod_fused_nn_adaptive_avg_pool2d_4 |            - |              - |      0 |
|   32 |        vm_mod_fused_nn_conv2d_add_add_clip_divide_multiply_11 |            - |              - |      0 |
|   33 |                              vm_mod_fused_nn_conv2d_add_add_2 |            - |              - |      0 |
|   34 |                           vm_mod_fused_nn_adaptive_avg_pool2d |            - |              - |      0 |
|   35 |                                  vm_mod_fused_nn_conv2d_add_2 |            - |              - |      0 |
|   36 |                         vm_mod_fused_nn_conv2d_add_nn_relu_11 |            - |              - |      0 |
|   37 |                      vm_mod_fused_nn_conv2d_add_clip_divide_4 |            - |              - |      0 |
|   38 |                                  vm_mod_fused_nn_conv2d_add_1 |            - |              - |      0 |
|   39 |        vm_mod_fused_nn_conv2d_add_add_clip_divide_multiply_12 |            - |              - |      0 |
|   40 |                          vm_mod_fused_nn_conv2d_add_nn_relu_6 |            - |              - |      0 |
|   41 |         vm_mod_fused_nn_conv2d_add_add_clip_divide_multiply_7 |            - |              - |      0 |
|   42 |                      vm_mod_fused_nn_conv2d_add_clip_divide_2 |            - |              - |      0 |
|   43 |         vm_mod_fused_nn_conv2d_add_add_clip_divide_multiply_3 |            - |              - |      0 |
|   44 |                          vm_mod_fused_nn_conv2d_add_nn_relu_2 |            - |              - |      0 |
|   45 |                         vm_mod_fused_nn_adaptive_avg_pool2d_5 |            - |              - |      0 |
|   46 |                                  vm_mod_fused_nn_conv2d_add_4 |            - |              - |      0 |
|   47 |                         vm_mod_fused_nn_adaptive_avg_pool2d_1 |            - |              - |      0 |
|   48 |                          vm_mod_fused_nn_conv2d_add_nn_relu_9 |            - |              - |      0 |
|   49 |                         vm_mod_fused_nn_conv2d_add_nn_relu_12 |            - |              - |      0 |
|   50 |                              vm_mod_fused_nn_conv2d_add_add_5 |            - |              - |      0 |
|   51 |         vm_mod_fused_nn_conv2d_add_add_clip_divide_multiply_8 |            - |              - |      0 |
-----------------------------------------------------------------------------------------------------------------
Estimated total latency: - ms	Trials: 608	Used time : 1763 s	Next ID: 16	

Time elapsed for measurement: 21.83 s
----------------------------------------------------------------------
------------------------------  [ Train cost model ]
----------------------------------------------------------------------
Time elapsed for training: 0.00 s
----------------------------------------------------------------------
------------------------------  [ Task Scheduler ]
----------------------------------------------------------------------
----------------------------------------------------------------------
------------------------------  [ Search ]
----------------------------------------------------------------------
Generate Sketches		#s: 1
Sample Initial Population	#s: 64	fail_ct: 8128	Time elapsed: 10.12
GA Iter: 0	Max score: 0.9953	Min score: 0.0019	#Pop: 64	#M+: 0	#M-: 0
GA Iter: 4	Max score: 0.9998	Min score: 0.9884	#Pop: 76	#M+: 1396	#M-: 0
EvolutionarySearch		#s: 76	Time elapsed: 49.45
----------------------------------------------------------------------
------------------------------  [ Measure ]
----------------------------------------------------------------------
Get 38 programs to measure:
......................................***********************Eterminate called after throwing an instance of 'tvm::runtime::InternalError'
  what():  [18:51:39] /data3/qsy/complier/tlm/src/runtime/cuda/cuda_module.cc:61: CUDAError: cuModuleUnload(module_[i]) failed with error: CUDA_ERROR_MISALIGNED_ADDRESS
Stack trace:
  0: tvm::runtime::SimpleObjAllocator::Handler<tvm::runtime::CUDAModuleNode>::Deleter_(tvm::runtime::Object*)
  1: tvm::runtime::SimpleObjAllocator::Handler<tvm::runtime::LibraryModuleNode>::Deleter_(tvm::runtime::Object*)
  2: _ZN3tvm7runtime18SimpleObjAllocator7HandlerINS0_16PackedFuncS
  3: _ZN3tvm7runtime18SimpleObjAllocator7HandlerINS0_16PackedFuncSubObjIZNS0_9profiling17WrapTimeE
  4: TVMObjectFree
  5: __pyx_tp_dealloc_3tvm_4_ffi_4_cy3_4core_PackedFuncBase(_object*)
  6: subtype_dealloc
        at /usr/local/src/conda/python-3.10.18/Objects/typeobject.c:1460
  7: _Py_DECREF
        at /usr/local/src/conda/python-3.10.18/Include/object.h:500
  8: _Py_XDECREF
        at /usr/local/src/conda/python-3.10.18/Include/object.h:567
  9: cell_dealloc
        at /usr/local/src/conda/python-3.10.18/Objects/cellobject.c:82
  10: _Py_Dealloc
        at /usr/local/src/conda/python-3.10.18/Objects/object.c:2301
  11: _Py_DECREF
        at /usr/local/src/conda/python-3.10.18/Include/object.h:500
  12: _Py_XDECREF
        at /usr/local/src/conda/python-3.10.18/Include/object.h:567
  13: tupledealloc
        at /usr/local/src/conda/python-3.10.18/Objects/tupleobject.c:276
  14: _Py_Dealloc
        at /usr/local/src/conda/python-3.10.18/Objects/object.c:2301
  15: _Py_DECREF
        at /usr/local/src/conda/python-3.10.18/Include/object.h:500
  16: func_clear
        at /usr/local/src/conda/python-3.10.18/Objects/funcobject.c:636
  17: func_dealloc
        at /usr/local/src/conda/python-3.10.18/Objects/funcobject.c:648
  18: _Py_Dealloc
        at /usr/local/src/conda/python-3.10.18/Objects/object.c:2301
  19: _Py_DECREF
        at /usr/local/src/conda/python-3.10.18/Include/object.h:500
  20: frame_dealloc
        at /usr/local/src/conda/python-3.10.18/Objects/frameobject.c:591
  21: _Py_Dealloc
        at /usr/local/src/conda/python-3.10.18/Objects/object.c:2301
  22: _Py_DECREF
        at /usr/local/src/conda/python-3.10.18/Include/object.h:500
  23: _PyEval_Vector
        at /usr/local/src/conda/python-3.10.18/Python/ceval.c:5080
  24: _PyFunction_Vectorcall
        at /usr/local/src/conda/python-3.10.18/Objects/call.c:342
  25: do_call_core
        at /usr/local/src/conda/python-3.10.18/Python/ceval.c:5945
  26: _PyEval_EvalFrameDefault
        at /usr/local/src/conda/python-3.10.18/Python/ceval.c:4277
  27: _PyEval_EvalFrame
        at /usr/local/src/conda/python-3.10.18/Include/internal/pycore_ceval.h:46
  28: _PyEval_Vector
        at /usr/local/src/conda/python-3.10.18/Python/ceval.c:5067
  29: _PyFunction_Vectorcall
        at /usr/local/src/conda/python-3.10.18/Objects/call.c:342
  30: _PyObject_VectorcallTstate
        at /usr/local/src/conda/python-3.10.18/Include/cpython/abstract.h:114
  31: PyObject_Vectorcall
        at /usr/local/src/conda/python-3.10.18/Include/cpython/abstract.h:123
  32: call_function
        at /usr/local/src/conda/python-3.10.18/Python/ceval.c:5893
  33: _PyEval_EvalFrameDefault
        at /usr/local/src/conda/python-3.10.18/Python/ceval.c:4213
  34: _PyEval_EvalFrame
        at /usr/local/src/conda/python-3.10.18/Include/internal/pycore_ceval.h:46
  35: _PyEval_Vector
        at /usr/local/src/conda/python-3.10.18/Python/ceval.c:5067
  36: PyEval_EvalCode
        at /usr/local/src/conda/python-3.10.18/Python/ceval.c:1134
  37: builtin_exec_impl
        at /usr/local/src/conda/python-3.10.18/Python/bltinmodule.c:1058
  38: builtin_exec
        at /usr/local/src/conda/python-3.10.18/Python/clinic/bltinmodule.c.h:371
  39: cfunction_vectorcall_FASTCALL
        at /usr/local/src/conda/python-3.10.18/Objects/methodobject.c:430
  40: _PyObject_VectorcallTstate
        at /usr/local/src/conda/python-3.10.18/Include/cpython/abstract.h:114
  41: PyObject_Vectorcall
        at /usr/local/src/conda/python-3.10.18/Include/cpython/abstract.h:123
  42: call_function
        at /usr/local/src/conda/python-3.10.18/Python/ceval.c:5893
  43: _PyEval_EvalFrameDefault
        at /usr/local/src/conda/python-3.10.18/Python/ceval.c:4213
  44: _PyEval_EvalFrame
        at /usr/local/src/conda/python-3.10.18/Include/internal/pycore_ceval.h:46
  45: _PyEval_Vector
        at /usr/local/src/conda/python-3.10.18/Python/ceval.c:5067
  46: _PyFunction_Vectorcall
        at /usr/local/src/conda/python-3.10.18/Objects/call.c:342
  47: _PyObject_VectorcallTstate
        at /usr/local/src/conda/python-3.10.18/Include/cpython/abstract.h:114
  48: PyObject_Vectorcall
        at /usr/local/src/conda/python-3.10.18/Include/cpython/abstract.h:123
  49: call_function
        at /usr/local/src/conda/python-3.10.18/Python/ceval.c:5893
  50: _PyEval_EvalFrameDefault
        at /usr/local/src/conda/python-3.10.18/Python/ceval.c:4213
  51: _PyEval_EvalFrame
        at /usr/local/src/conda/python-3.10.18/Include/internal/pycore_ceval.h:46
  52: _PyEval_Vector
        at /usr/local/src/conda/python-3.10.18/Python/ceval.c:5067
  53: _PyFunction_Vectorcall
        at /usr/local/src/conda/python-3.10.18/Objects/call.c:342
  54: pymain_run_module
        at /usr/local/src/conda/python-3.10.18/Modules/main.c:297
  55: pymain_run_python
        at /usr/local/src/conda/python-3.10.18/Modules/main.c:589
  56: Py_RunMain
        at /usr/local/src/conda/python-3.10.18/Modules/main.c:674
  57: Py_BytesMain
        at /usr/local/src/conda/python-3.10.18/Modules/main.c:1094
  58: __libc_start_main
        at ../csu/libc-start.c:308
  59: 0x000000000058728d
  60: 0xffffffffffffffff


|  ID  |                       Task Description                        | Latency (ms) | Speed (GFLOPS) | Trials |
-----------------------------------------------------------------------------------------------------------------
|    0 |                          vm_mod_fused_nn_conv2d_add_nn_relu_5 |        0.004 |         786.27 |     38 |
|    1 |                                   vm_mod_fused_nn_dense_add_1 |        0.008 |         319.46 |     38 |
|    2 |                                    vm_mod_fused_nn_conv2d_add |        0.008 |        1196.78 |     38 |
|    3 |         vm_mod_fused_nn_conv2d_add_add_clip_divide_multiply_4 |        0.005 |         171.23 |     38 |
|    4 |           vm_mod_fused_nn_conv2d_add_add_clip_divide_multiply |        0.010 |        1208.29 |     38 |
|    5 |                              vm_mod_fused_nn_conv2d_add_add_3 |        0.005 |        1347.20 |     38 |
|    6 |                        vm_mod_fused_nn_conv2d_add_clip_divide |        0.003 |           1.38 |     38 |
|    7 |                          vm_mod_fused_nn_conv2d_add_nn_relu_1 |        0.004 |        7400.89 |     38 |
|    8 |                         vm_mod_fused_nn_adaptive_avg_pool2d_2 |        0.005 |          -0.00 |     38 |
|    9 |        vm_mod_fused_nn_conv2d_add_add_clip_divide_multiply_10 |        0.006 |         539.04 |     38 |
|   10 |                                  vm_mod_fused_nn_conv2d_add_3 |        0.015 |        1417.07 |     38 |
|   11 |                              vm_mod_fused_nn_conv2d_add_add_1 |        0.004 |        2914.37 |     38 |
|   12 |                          vm_mod_fused_nn_conv2d_add_nn_relu_8 |        0.004 |        1286.50 |     38 |
|   13 |                      vm_mod_fused_nn_conv2d_add_clip_divide_3 |        0.003 |          77.72 |     38 |
|   14 |         vm_mod_fused_nn_conv2d_add_add_clip_divide_multiply_9 |        0.009 |        3272.86 |     38 |
|   15 |         vm_mod_fused_nn_conv2d_add_add_clip_divide_multiply_5 |        0.008 |         751.31 |     38 |
|   16 |                          vm_mod_fused_nn_conv2d_add_nn_relu_4 |        0.004 |        1153.74 |     38 |
|   17 |                      vm_mod_fused_nn_conv2d_add_clip_divide_1 |            - |              - |      0 |
|   18 |                                     vm_mod_fused_nn_dense_add |            - |              - |      0 |
|   19 |         vm_mod_fused_nn_conv2d_add_add_clip_divide_multiply_1 |            - |              - |      0 |
|   20 |                         vm_mod_fused_nn_adaptive_avg_pool2d_3 |            - |              - |      0 |
|   21 |                                vm_mod_fused_nn_conv2d_add_add |            - |              - |      0 |
|   22 |        vm_mod_fused_nn_conv2d_add_add_clip_divide_multiply_13 |            - |              - |      0 |
|   23 |                          vm_mod_fused_nn_conv2d_add_nn_relu_7 |            - |              - |      0 |
|   24 |                            vm_mod_fused_nn_conv2d_add_nn_relu |            - |              - |      0 |
|   25 |                         vm_mod_fused_nn_conv2d_add_nn_relu_10 |            - |              - |      0 |
|   26 |         vm_mod_fused_nn_conv2d_add_add_clip_divide_multiply_6 |            - |              - |      0 |
|   27 |                              vm_mod_fused_nn_conv2d_add_add_4 |            - |              - |      0 |
|   28 |                              vm_mod_fused_nn_conv2d_add_add_6 |            - |              - |      0 |
|   29 |                          vm_mod_fused_nn_conv2d_add_nn_relu_3 |            - |              - |      0 |
|   30 |         vm_mod_fused_nn_conv2d_add_add_clip_divide_multiply_2 |            - |              - |      0 |
|   31 |                         vm_mod_fused_nn_adaptive_avg_pool2d_4 |            - |              - |      0 |
|   32 |        vm_mod_fused_nn_conv2d_add_add_clip_divide_multiply_11 |            - |              - |      0 |
|   33 |                              vm_mod_fused_nn_conv2d_add_add_2 |            - |              - |      0 |
|   34 |                           vm_mod_fused_nn_adaptive_avg_pool2d |            - |              - |      0 |
|   35 |                                  vm_mod_fused_nn_conv2d_add_2 |            - |              - |      0 |
|   36 |                         vm_mod_fused_nn_conv2d_add_nn_relu_11 |            - |              - |      0 |
|   37 |                      vm_mod_fused_nn_conv2d_add_clip_divide_4 |            - |              - |      0 |
|   38 |                                  vm_mod_fused_nn_conv2d_add_1 |            - |              - |      0 |
|   39 |        vm_mod_fused_nn_conv2d_add_add_clip_divide_multiply_12 |            - |              - |      0 |
|   40 |                          vm_mod_fused_nn_conv2d_add_nn_relu_6 |            - |              - |      0 |
|   41 |         vm_mod_fused_nn_conv2d_add_add_clip_divide_multiply_7 |            - |              - |      0 |
|   42 |                      vm_mod_fused_nn_conv2d_add_clip_divide_2 |            - |              - |      0 |
|   43 |         vm_mod_fused_nn_conv2d_add_add_clip_divide_multiply_3 |            - |              - |      0 |
|   44 |                          vm_mod_fused_nn_conv2d_add_nn_relu_2 |            - |              - |      0 |
|   45 |                         vm_mod_fused_nn_adaptive_avg_pool2d_5 |            - |              - |      0 |
|   46 |                                  vm_mod_fused_nn_conv2d_add_4 |            - |              - |      0 |
|   47 |                         vm_mod_fused_nn_adaptive_avg_pool2d_1 |            - |              - |      0 |
|   48 |                          vm_mod_fused_nn_conv2d_add_nn_relu_9 |            - |              - |      0 |
|   49 |                         vm_mod_fused_nn_conv2d_add_nn_relu_12 |            - |              - |      0 |
|   50 |                              vm_mod_fused_nn_conv2d_add_add_5 |            - |              - |      0 |
|   51 |         vm_mod_fused_nn_conv2d_add_add_clip_divide_multiply_8 |            - |              - |      0 |
-----------------------------------------------------------------------------------------------------------------
Estimated total latency: - ms	Trials: 646	Used time : 1918 s	Next ID: 17	
*E***************
Time elapsed for measurement: 16.67 s
----------------------------------------------------------------------
------------------------------  [ Train cost model ]
----------------------------------------------------------------------
Time elapsed for training: 1.32 s
----------------------------------------------------------------------
------------------------------  [ Task Scheduler ]
----------------------------------------------------------------------
----------------------------------------------------------------------
------------------------------  [ Search ]
----------------------------------------------------------------------
Generate Sketches		#s: 1
Sample Initial Population	#s: 64	fail_ct: 6080	Time elapsed: 7.47
GA Iter: 0	Max score: 0.9966	Min score: 0.0147	#Pop: 64	#M+: 0	#M-: 0
GA Iter: 4	Max score: 0.9997	Min score: 0.9859	#Pop: 76	#M+: 1393	#M-: 0
EvolutionarySearch		#s: 76	Time elapsed: 37.95
----------------------------------------------------------------------
------------------------------  [ Measure ]
----------------------------------------------------------------------
Get 38 programs to measure:
......................................*********Eterminate called after throwing an instance of 'tvm::runtime::InternalError'
  what():  [18:52:40] /data3/qsy/complier/tlm/src/runtime/cuda/cuda_module.cc:61: CUDAError: cuModuleUnload(module_[i]) failed with error: CUDA_ERROR_MISALIGNED_ADDRESS
Stack trace:
  0: tvm::runtime::SimpleObjAllocator::Handler<tvm::runtime::CUDAModuleNode>::Deleter_(tvm::runtime::Object*)
  1: tvm::runtime::SimpleObjAllocator::Handler<tvm::runtime::LibraryModuleNode>::Deleter_(tvm::runtime::Object*)
  2: _ZN3tvm7runtime18SimpleObjAllocator7HandlerINS0_16PackedFuncS
  3: _ZN3tvm7runtime18SimpleObjAllocator7HandlerINS0_16PackedFuncSubObjIZNS0_9profiling17WrapTimeE
  4: TVMObjectFree
  5: __pyx_tp_dealloc_3tvm_4_ffi_4_cy3_4core_PackedFuncBase(_object*)
  6: subtype_dealloc
        at /usr/local/src/conda/python-3.10.18/Objects/typeobject.c:1460
  7: _Py_DECREF
        at /usr/local/src/conda/python-3.10.18/Include/object.h:500
  8: _Py_XDECREF
        at /usr/local/src/conda/python-3.10.18/Include/object.h:567
  9: cell_dealloc
        at /usr/local/src/conda/python-3.10.18/Objects/cellobject.c:82
  10: _Py_Dealloc
        at /usr/local/src/conda/python-3.10.18/Objects/object.c:2301
  11: _Py_DECREF
        at /usr/local/src/conda/python-3.10.18/Include/object.h:500
  12: _Py_XDECREF
        at /usr/local/src/conda/python-3.10.18/Include/object.h:567
  13: tupledealloc
        at /usr/local/src/conda/python-3.10.18/Objects/tupleobject.c:276
  14: _Py_Dealloc
        at /usr/local/src/conda/python-3.10.18/Objects/object.c:2301
  15: _Py_DECREF
        at /usr/local/src/conda/python-3.10.18/Include/object.h:500
  16: func_clear
        at /usr/local/src/conda/python-3.10.18/Objects/funcobject.c:636
  17: func_dealloc
        at /usr/local/src/conda/python-3.10.18/Objects/funcobject.c:648
  18: _Py_Dealloc
        at /usr/local/src/conda/python-3.10.18/Objects/object.c:2301
  19: _Py_DECREF
        at /usr/local/src/conda/python-3.10.18/Include/object.h:500
  20: frame_dealloc
        at /usr/local/src/conda/python-3.10.18/Objects/frameobject.c:591
  21: _Py_Dealloc
        at /usr/local/src/conda/python-3.10.18/Objects/object.c:2301
  22: _Py_DECREF
        at /usr/local/src/conda/python-3.10.18/Include/object.h:500
  23: _PyEval_Vector
        at /usr/local/src/conda/python-3.10.18/Python/ceval.c:5080
  24: _PyFunction_Vectorcall
        at /usr/local/src/conda/python-3.10.18/Objects/call.c:342
  25: do_call_core
        at /usr/local/src/conda/python-3.10.18/Python/ceval.c:5945
  26: _PyEval_EvalFrameDefault
        at /usr/local/src/conda/python-3.10.18/Python/ceval.c:4277
  27: _PyEval_EvalFrame
        at /usr/local/src/conda/python-3.10.18/Include/internal/pycore_ceval.h:46
  28: _PyEval_Vector
        at /usr/local/src/conda/python-3.10.18/Python/ceval.c:5067
  29: _PyFunction_Vectorcall
        at /usr/local/src/conda/python-3.10.18/Objects/call.c:342
  30: _PyObject_VectorcallTstate
        at /usr/local/src/conda/python-3.10.18/Include/cpython/abstract.h:114
  31: PyObject_Vectorcall
        at /usr/local/src/conda/python-3.10.18/Include/cpython/abstract.h:123
  32: call_function
        at /usr/local/src/conda/python-3.10.18/Python/ceval.c:5893
  33: _PyEval_EvalFrameDefault
        at /usr/local/src/conda/python-3.10.18/Python/ceval.c:4213
  34: _PyEval_EvalFrame
        at /usr/local/src/conda/python-3.10.18/Include/internal/pycore_ceval.h:46
  35: _PyEval_Vector
        at /usr/local/src/conda/python-3.10.18/Python/ceval.c:5067
  36: PyEval_EvalCode
        at /usr/local/src/conda/python-3.10.18/Python/ceval.c:1134
  37: builtin_exec_impl
        at /usr/local/src/conda/python-3.10.18/Python/bltinmodule.c:1058
  38: builtin_exec
        at /usr/local/src/conda/python-3.10.18/Python/clinic/bltinmodule.c.h:371
  39: cfunction_vectorcall_FASTCALL
        at /usr/local/src/conda/python-3.10.18/Objects/methodobject.c:430
  40: _PyObject_VectorcallTstate
        at /usr/local/src/conda/python-3.10.18/Include/cpython/abstract.h:114
  41: PyObject_Vectorcall
        at /usr/local/src/conda/python-3.10.18/Include/cpython/abstract.h:123
  42: call_function
        at /usr/local/src/conda/python-3.10.18/Python/ceval.c:5893
  43: _PyEval_EvalFrameDefault
        at /usr/local/src/conda/python-3.10.18/Python/ceval.c:4213
  44: _PyEval_EvalFrame
        at /usr/local/src/conda/python-3.10.18/Include/internal/pycore_ceval.h:46
  45: _PyEval_Vector
        at /usr/local/src/conda/python-3.10.18/Python/ceval.c:5067
  46: _PyFunction_Vectorcall
        at /usr/local/src/conda/python-3.10.18/Objects/call.c:342
  47: _PyObject_VectorcallTstate
        at /usr/local/src/conda/python-3.10.18/Include/cpython/abstract.h:114
  48: PyObject_Vectorcall
        at /usr/local/src/conda/python-3.10.18/Include/cpython/abstract.h:123
  49: call_function
        at /usr/local/src/conda/python-3.10.18/Python/ceval.c:5893
  50: _PyEval_EvalFrameDefault
        at /usr/local/src/conda/python-3.10.18/Python/ceval.c:4213
  51: _PyEval_EvalFrame
        at /usr/local/src/conda/python-3.10.18/Include/internal/pycore_ceval.h:46
  52: _PyEval_Vector
        at /usr/local/src/conda/python-3.10.18/Python/ceval.c:5067
  53: _PyFunction_Vectorcall
        at /usr/local/src/conda/python-3.10.18/Objects/call.c:342
  54: pymain_run_module
        at /usr/local/src/conda/python-3.10.18/Modules/main.c:297
  55: pymain_run_python
        at /usr/local/src/conda/python-3.10.18/Modules/main.c:589
  56: Py_RunMain
        at /usr/local/src/conda/python-3.10.18/Modules/main.c:674
  57: Py_BytesMain
        at /usr/local/src/conda/python-3.10.18/Modules/main.c:1094
  58: __libc_start_main
        at ../csu/libc-start.c:308
  59: 0x000000000058728d
  60: 0xffffffffffffffff


|  ID  |                       Task Description                        | Latency (ms) | Speed (GFLOPS) | Trials |
-----------------------------------------------------------------------------------------------------------------
|    0 |                          vm_mod_fused_nn_conv2d_add_nn_relu_5 |        0.004 |         786.27 |     38 |
|    1 |                                   vm_mod_fused_nn_dense_add_1 |        0.008 |         319.46 |     38 |
|    2 |                                    vm_mod_fused_nn_conv2d_add |        0.008 |        1196.78 |     38 |
|    3 |         vm_mod_fused_nn_conv2d_add_add_clip_divide_multiply_4 |        0.005 |         171.23 |     38 |
|    4 |           vm_mod_fused_nn_conv2d_add_add_clip_divide_multiply |        0.010 |        1208.29 |     38 |
|    5 |                              vm_mod_fused_nn_conv2d_add_add_3 |        0.005 |        1347.20 |     38 |
|    6 |                        vm_mod_fused_nn_conv2d_add_clip_divide |        0.003 |           1.38 |     38 |
|    7 |                          vm_mod_fused_nn_conv2d_add_nn_relu_1 |        0.004 |        7400.89 |     38 |
|    8 |                         vm_mod_fused_nn_adaptive_avg_pool2d_2 |        0.005 |          -0.00 |     38 |
|    9 |        vm_mod_fused_nn_conv2d_add_add_clip_divide_multiply_10 |        0.006 |         539.04 |     38 |
|   10 |                                  vm_mod_fused_nn_conv2d_add_3 |        0.015 |        1417.07 |     38 |
|   11 |                              vm_mod_fused_nn_conv2d_add_add_1 |        0.004 |        2914.37 |     38 |
|   12 |                          vm_mod_fused_nn_conv2d_add_nn_relu_8 |        0.004 |        1286.50 |     38 |
|   13 |                      vm_mod_fused_nn_conv2d_add_clip_divide_3 |        0.003 |          77.72 |     38 |
|   14 |         vm_mod_fused_nn_conv2d_add_add_clip_divide_multiply_9 |        0.009 |        3272.86 |     38 |
|   15 |         vm_mod_fused_nn_conv2d_add_add_clip_divide_multiply_5 |        0.008 |         751.31 |     38 |
|   16 |                          vm_mod_fused_nn_conv2d_add_nn_relu_4 |        0.004 |        1153.74 |     38 |
|   17 |                      vm_mod_fused_nn_conv2d_add_clip_divide_1 |        0.002 |           3.51 |     38 |
|   18 |                                     vm_mod_fused_nn_dense_add |            - |              - |      0 |
|   19 |         vm_mod_fused_nn_conv2d_add_add_clip_divide_multiply_1 |            - |              - |      0 |
|   20 |                         vm_mod_fused_nn_adaptive_avg_pool2d_3 |            - |              - |      0 |
|   21 |                                vm_mod_fused_nn_conv2d_add_add |            - |              - |      0 |
|   22 |        vm_mod_fused_nn_conv2d_add_add_clip_divide_multiply_13 |            - |              - |      0 |
|   23 |                          vm_mod_fused_nn_conv2d_add_nn_relu_7 |            - |              - |      0 |
|   24 |                            vm_mod_fused_nn_conv2d_add_nn_relu |            - |              - |      0 |
|   25 |                         vm_mod_fused_nn_conv2d_add_nn_relu_10 |            - |              - |      0 |
|   26 |         vm_mod_fused_nn_conv2d_add_add_clip_divide_multiply_6 |            - |              - |      0 |
|   27 |                              vm_mod_fused_nn_conv2d_add_add_4 |            - |              - |      0 |
|   28 |                              vm_mod_fused_nn_conv2d_add_add_6 |            - |              - |      0 |
|   29 |                          vm_mod_fused_nn_conv2d_add_nn_relu_3 |            - |              - |      0 |
|   30 |         vm_mod_fused_nn_conv2d_add_add_clip_divide_multiply_2 |            - |              - |      0 |
|   31 |                         vm_mod_fused_nn_adaptive_avg_pool2d_4 |            - |              - |      0 |
|   32 |        vm_mod_fused_nn_conv2d_add_add_clip_divide_multiply_11 |            - |              - |      0 |
|   33 |                              vm_mod_fused_nn_conv2d_add_add_2 |            - |              - |      0 |
|   34 |                           vm_mod_fused_nn_adaptive_avg_pool2d |            - |              - |      0 |
|   35 |                                  vm_mod_fused_nn_conv2d_add_2 |            - |              - |      0 |
|   36 |                         vm_mod_fused_nn_conv2d_add_nn_relu_11 |            - |              - |      0 |
|   37 |                      vm_mod_fused_nn_conv2d_add_clip_divide_4 |            - |              - |      0 |
|   38 |                                  vm_mod_fused_nn_conv2d_add_1 |            - |              - |      0 |
|   39 |        vm_mod_fused_nn_conv2d_add_add_clip_divide_multiply_12 |            - |              - |      0 |
|   40 |                          vm_mod_fused_nn_conv2d_add_nn_relu_6 |            - |              - |      0 |
|   41 |         vm_mod_fused_nn_conv2d_add_add_clip_divide_multiply_7 |            - |              - |      0 |
|   42 |                      vm_mod_fused_nn_conv2d_add_clip_divide_2 |            - |              - |      0 |
|   43 |         vm_mod_fused_nn_conv2d_add_add_clip_divide_multiply_3 |            - |              - |      0 |
|   44 |                          vm_mod_fused_nn_conv2d_add_nn_relu_2 |            - |              - |      0 |
|   45 |                         vm_mod_fused_nn_adaptive_avg_pool2d_5 |            - |              - |      0 |
|   46 |                                  vm_mod_fused_nn_conv2d_add_4 |            - |              - |      0 |
|   47 |                         vm_mod_fused_nn_adaptive_avg_pool2d_1 |            - |              - |      0 |
|   48 |                          vm_mod_fused_nn_conv2d_add_nn_relu_9 |            - |              - |      0 |
|   49 |                         vm_mod_fused_nn_conv2d_add_nn_relu_12 |            - |              - |      0 |
|   50 |                              vm_mod_fused_nn_conv2d_add_add_5 |            - |              - |      0 |
|   51 |         vm_mod_fused_nn_conv2d_add_add_clip_divide_multiply_8 |            - |              - |      0 |
-----------------------------------------------------------------------------------------------------------------
Estimated total latency: - ms	Trials: 684	Used time : 1996 s	Next ID: 18	
*E********Eterminate called after throwing an instance of 'tvm::runtime::InternalError'
  what():  [18:52:43] /data3/qsy/complier/tlm/src/runtime/cuda/cuda_module.cc:61: CUDAError: cuModuleUnload(module_[i]) failed with error: CUDA_ERROR_MISALIGNED_ADDRESS
Stack trace:
  0: tvm::runtime::SimpleObjAllocator::Handler<tvm::runtime::CUDAModuleNode>::Deleter_(tvm::runtime::Object*)
  1: tvm::runtime::SimpleObjAllocator::Handler<tvm::runtime::LibraryModuleNode>::Deleter_(tvm::runtime::Object*)
  2: _ZN3tvm7runtime18SimpleObjAllocator7HandlerINS0_16PackedFuncS
  3: _ZN3tvm7runtime18SimpleObjAllocator7HandlerINS0_16PackedFuncSubObjIZNS0_9profiling17WrapTimeE
  4: TVMObjectFree
  5: __pyx_tp_dealloc_3tvm_4_ffi_4_cy3_4core_PackedFuncBase(_object*)
  6: subtype_dealloc
        at /usr/local/src/conda/python-3.10.18/Objects/typeobject.c:1460
  7: _Py_DECREF
        at /usr/local/src/conda/python-3.10.18/Include/object.h:500
  8: _Py_XDECREF
        at /usr/local/src/conda/python-3.10.18/Include/object.h:567
  9: cell_dealloc
        at /usr/local/src/conda/python-3.10.18/Objects/cellobject.c:82
  10: _Py_Dealloc
        at /usr/local/src/conda/python-3.10.18/Objects/object.c:2301
  11: _Py_DECREF
        at /usr/local/src/conda/python-3.10.18/Include/object.h:500
  12: _Py_XDECREF
        at /usr/local/src/conda/python-3.10.18/Include/object.h:567
  13: tupledealloc
        at /usr/local/src/conda/python-3.10.18/Objects/tupleobject.c:276
  14: _Py_Dealloc
        at /usr/local/src/conda/python-3.10.18/Objects/object.c:2301
  15: _Py_DECREF
        at /usr/local/src/conda/python-3.10.18/Include/object.h:500
  16: func_clear
        at /usr/local/src/conda/python-3.10.18/Objects/funcobject.c:636
  17: func_dealloc
        at /usr/local/src/conda/python-3.10.18/Objects/funcobject.c:648
  18: _Py_Dealloc
        at /usr/local/src/conda/python-3.10.18/Objects/object.c:2301
  19: _Py_DECREF
        at /usr/local/src/conda/python-3.10.18/Include/object.h:500
  20: frame_dealloc
        at /usr/local/src/conda/python-3.10.18/Objects/frameobject.c:591
  21: _Py_Dealloc
        at /usr/local/src/conda/python-3.10.18/Objects/object.c:2301
  22: _Py_DECREF
        at /usr/local/src/conda/python-3.10.18/Include/object.h:500
  23: _PyEval_Vector
        at /usr/local/src/conda/python-3.10.18/Python/ceval.c:5080
  24: _PyFunction_Vectorcall
        at /usr/local/src/conda/python-3.10.18/Objects/call.c:342
  25: do_call_core
        at /usr/local/src/conda/python-3.10.18/Python/ceval.c:5945
  26: _PyEval_EvalFrameDefault
        at /usr/local/src/conda/python-3.10.18/Python/ceval.c:4277
  27: _PyEval_EvalFrame
        at /usr/local/src/conda/python-3.10.18/Include/internal/pycore_ceval.h:46
  28: _PyEval_Vector
        at /usr/local/src/conda/python-3.10.18/Python/ceval.c:5067
  29: _PyFunction_Vectorcall
        at /usr/local/src/conda/python-3.10.18/Objects/call.c:342
  30: _PyObject_VectorcallTstate
        at /usr/local/src/conda/python-3.10.18/Include/cpython/abstract.h:114
  31: PyObject_Vectorcall
        at /usr/local/src/conda/python-3.10.18/Include/cpython/abstract.h:123
  32: call_function
        at /usr/local/src/conda/python-3.10.18/Python/ceval.c:5893
  33: _PyEval_EvalFrameDefault
        at /usr/local/src/conda/python-3.10.18/Python/ceval.c:4213
  34: _PyEval_EvalFrame
        at /usr/local/src/conda/python-3.10.18/Include/internal/pycore_ceval.h:46
  35: _PyEval_Vector
        at /usr/local/src/conda/python-3.10.18/Python/ceval.c:5067
  36: PyEval_EvalCode
        at /usr/local/src/conda/python-3.10.18/Python/ceval.c:1134
  37: builtin_exec_impl
        at /usr/local/src/conda/python-3.10.18/Python/bltinmodule.c:1058
  38: builtin_exec
        at /usr/local/src/conda/python-3.10.18/Python/clinic/bltinmodule.c.h:371
  39: cfunction_vectorcall_FASTCALL
        at /usr/local/src/conda/python-3.10.18/Objects/methodobject.c:430
  40: _PyObject_VectorcallTstate
        at /usr/local/src/conda/python-3.10.18/Include/cpython/abstract.h:114
  41: PyObject_Vectorcall
        at /usr/local/src/conda/python-3.10.18/Include/cpython/abstract.h:123
  42: call_function
        at /usr/local/src/conda/python-3.10.18/Python/ceval.c:5893
  43: _PyEval_EvalFrameDefault
        at /usr/local/src/conda/python-3.10.18/Python/ceval.c:4213
  44: _PyEval_EvalFrame
        at /usr/local/src/conda/python-3.10.18/Include/internal/pycore_ceval.h:46
  45: _PyEval_Vector
        at /usr/local/src/conda/python-3.10.18/Python/ceval.c:5067
  46: _PyFunction_Vectorcall
        at /usr/local/src/conda/python-3.10.18/Objects/call.c:342
  47: _PyObject_VectorcallTstate
        at /usr/local/src/conda/python-3.10.18/Include/cpython/abstract.h:114
  48: PyObject_Vectorcall
        at /usr/local/src/conda/python-3.10.18/Include/cpython/abstract.h:123
  49: call_function
        at /usr/local/src/conda/python-3.10.18/Python/ceval.c:5893
  50: _PyEval_EvalFrameDefault
        at /usr/local/src/conda/python-3.10.18/Python/ceval.c:4213
  51: _PyEval_EvalFrame
        at /usr/local/src/conda/python-3.10.18/Include/internal/pycore_ceval.h:46
  52: _PyEval_Vector
        at /usr/local/src/conda/python-3.10.18/Python/ceval.c:5067
  53: _PyFunction_Vectorcall
        at /usr/local/src/conda/python-3.10.18/Objects/call.c:342
  54: pymain_run_module
        at /usr/local/src/conda/python-3.10.18/Modules/main.c:297
  55: pymain_run_python
        at /usr/local/src/conda/python-3.10.18/Modules/main.c:589
  56: Py_RunMain
        at /usr/local/src/conda/python-3.10.18/Modules/main.c:674
  57: Py_BytesMain
        at /usr/local/src/conda/python-3.10.18/Modules/main.c:1094
  58: __libc_start_main
        at ../csu/libc-start.c:308
  59: 0x000000000058728d
  60: 0xffffffffffffffff


*E************Eterminate called after throwing an instance of 'tvm::runtime::InternalError'
  what():  [18:52:48] /data3/qsy/complier/tlm/src/runtime/cuda/cuda_module.cc:61: CUDAError: cuModuleUnload(module_[i]) failed with error: CUDA_ERROR_MISALIGNED_ADDRESS
Stack trace:
  0: tvm::runtime::SimpleObjAllocator::Handler<tvm::runtime::CUDAModuleNode>::Deleter_(tvm::runtime::Object*)
  1: tvm::runtime::SimpleObjAllocator::Handler<tvm::runtime::LibraryModuleNode>::Deleter_(tvm::runtime::Object*)
  2: _ZN3tvm7runtime18SimpleObjAllocator7HandlerINS0_16PackedFuncS
  3: _ZN3tvm7runtime18SimpleObjAllocator7HandlerINS0_16PackedFuncSubObjIZNS0_9profiling17WrapTimeE
  4: TVMObjectFree
  5: __pyx_tp_dealloc_3tvm_4_ffi_4_cy3_4core_PackedFuncBase(_object*)
  6: subtype_dealloc
        at /usr/local/src/conda/python-3.10.18/Objects/typeobject.c:1460
  7: _Py_DECREF
        at /usr/local/src/conda/python-3.10.18/Include/object.h:500
  8: _Py_XDECREF
        at /usr/local/src/conda/python-3.10.18/Include/object.h:567
  9: cell_dealloc
        at /usr/local/src/conda/python-3.10.18/Objects/cellobject.c:82
  10: _Py_Dealloc
        at /usr/local/src/conda/python-3.10.18/Objects/object.c:2301
  11: _Py_DECREF
        at /usr/local/src/conda/python-3.10.18/Include/object.h:500
  12: _Py_XDECREF
        at /usr/local/src/conda/python-3.10.18/Include/object.h:567
  13: tupledealloc
        at /usr/local/src/conda/python-3.10.18/Objects/tupleobject.c:276
  14: _Py_Dealloc
        at /usr/local/src/conda/python-3.10.18/Objects/object.c:2301
  15: _Py_DECREF
        at /usr/local/src/conda/python-3.10.18/Include/object.h:500
  16: func_clear
        at /usr/local/src/conda/python-3.10.18/Objects/funcobject.c:636
  17: func_dealloc
        at /usr/local/src/conda/python-3.10.18/Objects/funcobject.c:648
  18: _Py_Dealloc
        at /usr/local/src/conda/python-3.10.18/Objects/object.c:2301
  19: _Py_DECREF
        at /usr/local/src/conda/python-3.10.18/Include/object.h:500
  20: frame_dealloc
        at /usr/local/src/conda/python-3.10.18/Objects/frameobject.c:591
  21: _Py_Dealloc
        at /usr/local/src/conda/python-3.10.18/Objects/object.c:2301
  22: _Py_DECREF
        at /usr/local/src/conda/python-3.10.18/Include/object.h:500
  23: _PyEval_Vector
        at /usr/local/src/conda/python-3.10.18/Python/ceval.c:5080
  24: _PyFunction_Vectorcall
        at /usr/local/src/conda/python-3.10.18/Objects/call.c:342
  25: do_call_core
        at /usr/local/src/conda/python-3.10.18/Python/ceval.c:5945
  26: _PyEval_EvalFrameDefault
        at /usr/local/src/conda/python-3.10.18/Python/ceval.c:4277
  27: _PyEval_EvalFrame
        at /usr/local/src/conda/python-3.10.18/Include/internal/pycore_ceval.h:46
  28: _PyEval_Vector
        at /usr/local/src/conda/python-3.10.18/Python/ceval.c:5067
  29: _PyFunction_Vectorcall
        at /usr/local/src/conda/python-3.10.18/Objects/call.c:342
  30: _PyObject_VectorcallTstate
        at /usr/local/src/conda/python-3.10.18/Include/cpython/abstract.h:114
  31: PyObject_Vectorcall
        at /usr/local/src/conda/python-3.10.18/Include/cpython/abstract.h:123
  32: call_function
        at /usr/local/src/conda/python-3.10.18/Python/ceval.c:5893
  33: _PyEval_EvalFrameDefault
        at /usr/local/src/conda/python-3.10.18/Python/ceval.c:4213
  34: _PyEval_EvalFrame
        at /usr/local/src/conda/python-3.10.18/Include/internal/pycore_ceval.h:46
  35: _PyEval_Vector
        at /usr/local/src/conda/python-3.10.18/Python/ceval.c:5067
  36: PyEval_EvalCode
        at /usr/local/src/conda/python-3.10.18/Python/ceval.c:1134
  37: builtin_exec_impl
        at /usr/local/src/conda/python-3.10.18/Python/bltinmodule.c:1058
  38: builtin_exec
        at /usr/local/src/conda/python-3.10.18/Python/clinic/bltinmodule.c.h:371
  39: cfunction_vectorcall_FASTCALL
        at /usr/local/src/conda/python-3.10.18/Objects/methodobject.c:430
  40: _PyObject_VectorcallTstate
        at /usr/local/src/conda/python-3.10.18/Include/cpython/abstract.h:114
  41: PyObject_Vectorcall
        at /usr/local/src/conda/python-3.10.18/Include/cpython/abstract.h:123
  42: call_function
        at /usr/local/src/conda/python-3.10.18/Python/ceval.c:5893
  43: _PyEval_EvalFrameDefault
        at /usr/local/src/conda/python-3.10.18/Python/ceval.c:4213
  44: _PyEval_EvalFrame
        at /usr/local/src/conda/python-3.10.18/Include/internal/pycore_ceval.h:46
  45: _PyEval_Vector
        at /usr/local/src/conda/python-3.10.18/Python/ceval.c:5067
  46: _PyFunction_Vectorcall
        at /usr/local/src/conda/python-3.10.18/Objects/call.c:342
  47: _PyObject_VectorcallTstate
        at /usr/local/src/conda/python-3.10.18/Include/cpython/abstract.h:114
  48: PyObject_Vectorcall
        at /usr/local/src/conda/python-3.10.18/Include/cpython/abstract.h:123
  49: call_function
        at /usr/local/src/conda/python-3.10.18/Python/ceval.c:5893
  50: _PyEval_EvalFrameDefault
        at /usr/local/src/conda/python-3.10.18/Python/ceval.c:4213
  51: _PyEval_EvalFrame
        at /usr/local/src/conda/python-3.10.18/Include/internal/pycore_ceval.h:46
  52: _PyEval_Vector
        at /usr/local/src/conda/python-3.10.18/Python/ceval.c:5067
  53: _PyFunction_Vectorcall
        at /usr/local/src/conda/python-3.10.18/Objects/call.c:342
  54: pymain_run_module
        at /usr/local/src/conda/python-3.10.18/Modules/main.c:297
  55: pymain_run_python
        at /usr/local/src/conda/python-3.10.18/Modules/main.c:589
  56: Py_RunMain
        at /usr/local/src/conda/python-3.10.18/Modules/main.c:674
  57: Py_BytesMain
        at /usr/local/src/conda/python-3.10.18/Modules/main.c:1094
  58: __libc_start_main
        at ../csu/libc-start.c:308
  59: 0x000000000058728d
  60: 0xffffffffffffffff


*E******Eterminate called after throwing an instance of 'tvm::runtime::InternalError'
  what():  [18:52:50] /data3/qsy/complier/tlm/src/runtime/cuda/cuda_module.cc:61: CUDAError: cuModuleUnload(module_[i]) failed with error: CUDA_ERROR_MISALIGNED_ADDRESS
Stack trace:
  0: tvm::runtime::SimpleObjAllocator::Handler<tvm::runtime::CUDAModuleNode>::Deleter_(tvm::runtime::Object*)
  1: tvm::runtime::SimpleObjAllocator::Handler<tvm::runtime::LibraryModuleNode>::Deleter_(tvm::runtime::Object*)
  2: _ZN3tvm7runtime18SimpleObjAllocator7HandlerINS0_16PackedFuncS
  3: _ZN3tvm7runtime18SimpleObjAllocator7HandlerINS0_16PackedFuncSubObjIZNS0_9profiling17WrapTimeE
  4: TVMObjectFree
  5: __pyx_tp_dealloc_3tvm_4_ffi_4_cy3_4core_PackedFuncBase(_object*)
  6: subtype_dealloc
        at /usr/local/src/conda/python-3.10.18/Objects/typeobject.c:1460
  7: _Py_DECREF
        at /usr/local/src/conda/python-3.10.18/Include/object.h:500
  8: _Py_XDECREF
        at /usr/local/src/conda/python-3.10.18/Include/object.h:567
  9: cell_dealloc
        at /usr/local/src/conda/python-3.10.18/Objects/cellobject.c:82
  10: _Py_Dealloc
        at /usr/local/src/conda/python-3.10.18/Objects/object.c:2301
  11: _Py_DECREF
        at /usr/local/src/conda/python-3.10.18/Include/object.h:500
  12: _Py_XDECREF
        at /usr/local/src/conda/python-3.10.18/Include/object.h:567
  13: tupledealloc
        at /usr/local/src/conda/python-3.10.18/Objects/tupleobject.c:276
  14: _Py_Dealloc
        at /usr/local/src/conda/python-3.10.18/Objects/object.c:2301
  15: _Py_DECREF
        at /usr/local/src/conda/python-3.10.18/Include/object.h:500
  16: func_clear
        at /usr/local/src/conda/python-3.10.18/Objects/funcobject.c:636
  17: func_dealloc
        at /usr/local/src/conda/python-3.10.18/Objects/funcobject.c:648
  18: _Py_Dealloc
        at /usr/local/src/conda/python-3.10.18/Objects/object.c:2301
  19: _Py_DECREF
        at /usr/local/src/conda/python-3.10.18/Include/object.h:500
  20: frame_dealloc
        at /usr/local/src/conda/python-3.10.18/Objects/frameobject.c:591
  21: _Py_Dealloc
        at /usr/local/src/conda/python-3.10.18/Objects/object.c:2301
  22: _Py_DECREF
        at /usr/local/src/conda/python-3.10.18/Include/object.h:500
  23: _PyEval_Vector
        at /usr/local/src/conda/python-3.10.18/Python/ceval.c:5080
  24: _PyFunction_Vectorcall
        at /usr/local/src/conda/python-3.10.18/Objects/call.c:342
  25: do_call_core
        at /usr/local/src/conda/python-3.10.18/Python/ceval.c:5945
  26: _PyEval_EvalFrameDefault
        at /usr/local/src/conda/python-3.10.18/Python/ceval.c:4277
  27: _PyEval_EvalFrame
        at /usr/local/src/conda/python-3.10.18/Include/internal/pycore_ceval.h:46
  28: _PyEval_Vector
        at /usr/local/src/conda/python-3.10.18/Python/ceval.c:5067
  29: _PyFunction_Vectorcall
        at /usr/local/src/conda/python-3.10.18/Objects/call.c:342
  30: _PyObject_VectorcallTstate
        at /usr/local/src/conda/python-3.10.18/Include/cpython/abstract.h:114
  31: PyObject_Vectorcall
        at /usr/local/src/conda/python-3.10.18/Include/cpython/abstract.h:123
  32: call_function
        at /usr/local/src/conda/python-3.10.18/Python/ceval.c:5893
  33: _PyEval_EvalFrameDefault
        at /usr/local/src/conda/python-3.10.18/Python/ceval.c:4213
  34: _PyEval_EvalFrame
        at /usr/local/src/conda/python-3.10.18/Include/internal/pycore_ceval.h:46
  35: _PyEval_Vector
        at /usr/local/src/conda/python-3.10.18/Python/ceval.c:5067
  36: PyEval_EvalCode
        at /usr/local/src/conda/python-3.10.18/Python/ceval.c:1134
  37: builtin_exec_impl
        at /usr/local/src/conda/python-3.10.18/Python/bltinmodule.c:1058
  38: builtin_exec
        at /usr/local/src/conda/python-3.10.18/Python/clinic/bltinmodule.c.h:371
  39: cfunction_vectorcall_FASTCALL
        at /usr/local/src/conda/python-3.10.18/Objects/methodobject.c:430
  40: _PyObject_VectorcallTstate
        at /usr/local/src/conda/python-3.10.18/Include/cpython/abstract.h:114
  41: PyObject_Vectorcall
        at /usr/local/src/conda/python-3.10.18/Include/cpython/abstract.h:123
  42: call_function
        at /usr/local/src/conda/python-3.10.18/Python/ceval.c:5893
  43: _PyEval_EvalFrameDefault
        at /usr/local/src/conda/python-3.10.18/Python/ceval.c:4213
  44: _PyEval_EvalFrame
        at /usr/local/src/conda/python-3.10.18/Include/internal/pycore_ceval.h:46
  45: _PyEval_Vector
        at /usr/local/src/conda/python-3.10.18/Python/ceval.c:5067
  46: _PyFunction_Vectorcall
        at /usr/local/src/conda/python-3.10.18/Objects/call.c:342
  47: _PyObject_VectorcallTstate
        at /usr/local/src/conda/python-3.10.18/Include/cpython/abstract.h:114
  48: PyObject_Vectorcall
        at /usr/local/src/conda/python-3.10.18/Include/cpython/abstract.h:123
  49: call_function
        at /usr/local/src/conda/python-3.10.18/Python/ceval.c:5893
  50: _PyEval_EvalFrameDefault
        at /usr/local/src/conda/python-3.10.18/Python/ceval.c:4213
  51: _PyEval_EvalFrame
        at /usr/local/src/conda/python-3.10.18/Include/internal/pycore_ceval.h:46
  52: _PyEval_Vector
        at /usr/local/src/conda/python-3.10.18/Python/ceval.c:5067
  53: _PyFunction_Vectorcall
        at /usr/local/src/conda/python-3.10.18/Objects/call.c:342
  54: pymain_run_module
        at /usr/local/src/conda/python-3.10.18/Modules/main.c:297
  55: pymain_run_python
        at /usr/local/src/conda/python-3.10.18/Modules/main.c:589
  56: Py_RunMain
        at /usr/local/src/conda/python-3.10.18/Modules/main.c:674
  57: Py_BytesMain
        at /usr/local/src/conda/python-3.10.18/Modules/main.c:1094
  58: __libc_start_main
        at ../csu/libc-start.c:308
  59: 0x000000000058728d
  60: 0xffffffffffffffff


*E***
Time elapsed for measurement: 20.78 s
----------------------------------------------------------------------
------------------------------  [ Train cost model ]
----------------------------------------------------------------------
Time elapsed for training: 0.00 s
----------------------------------------------------------------------
------------------------------  [ Task Scheduler ]
----------------------------------------------------------------------
----------------------------------------------------------------------
------------------------------  [ Search ]
----------------------------------------------------------------------
Generate Sketches		#s: 1
Sample Initial Population	#s: 141	fail_ct: 1907	Time elapsed: 6.87
GA Iter: 0	Max score: 0.9954	Min score: 0.4274	#Pop: 76	#M+: 0	#M-: 0
GA Iter: 4	Max score: 1.0000	Min score: 0.9905	#Pop: 76	#M+: 1395	#M-: 0
EvolutionarySearch		#s: 76	Time elapsed: 91.66
----------------------------------------------------------------------
------------------------------  [ Measure ]
----------------------------------------------------------------------
Get 38 programs to measure:
.....................................|  ID  |                       Task Description                        | Latency (ms) | Speed (GFLOPS) | Trials |
-----------------------------------------------------------------------------------------------------------------
|    0 |                          vm_mod_fused_nn_conv2d_add_nn_relu_5 |        0.004 |         786.27 |     38 |
|    1 |                                   vm_mod_fused_nn_dense_add_1 |        0.008 |         319.46 |     38 |
|    2 |                                    vm_mod_fused_nn_conv2d_add |        0.008 |        1196.78 |     38 |
|    3 |         vm_mod_fused_nn_conv2d_add_add_clip_divide_multiply_4 |        0.005 |         171.23 |     38 |
|    4 |           vm_mod_fused_nn_conv2d_add_add_clip_divide_multiply |        0.010 |        1208.29 |     38 |
|    5 |                              vm_mod_fused_nn_conv2d_add_add_3 |        0.005 |        1347.20 |     38 |
|    6 |                        vm_mod_fused_nn_conv2d_add_clip_divide |        0.003 |           1.38 |     38 |
|    7 |                          vm_mod_fused_nn_conv2d_add_nn_relu_1 |        0.004 |        7400.89 |     38 |
|    8 |                         vm_mod_fused_nn_adaptive_avg_pool2d_2 |        0.005 |          -0.00 |     38 |
|    9 |        vm_mod_fused_nn_conv2d_add_add_clip_divide_multiply_10 |        0.006 |         539.04 |     38 |
|   10 |                                  vm_mod_fused_nn_conv2d_add_3 |        0.015 |        1417.07 |     38 |
|   11 |                              vm_mod_fused_nn_conv2d_add_add_1 |        0.004 |        2914.37 |     38 |
|   12 |                          vm_mod_fused_nn_conv2d_add_nn_relu_8 |        0.004 |        1286.50 |     38 |
|   13 |                      vm_mod_fused_nn_conv2d_add_clip_divide_3 |        0.003 |          77.72 |     38 |
|   14 |         vm_mod_fused_nn_conv2d_add_add_clip_divide_multiply_9 |        0.009 |        3272.86 |     38 |
|   15 |         vm_mod_fused_nn_conv2d_add_add_clip_divide_multiply_5 |        0.008 |         751.31 |     38 |
|   16 |                          vm_mod_fused_nn_conv2d_add_nn_relu_4 |        0.004 |        1153.74 |     38 |
|   17 |                      vm_mod_fused_nn_conv2d_add_clip_divide_1 |        0.002 |           3.51 |     38 |
|   18 |                                     vm_mod_fused_nn_dense_add |        0.011 |         226.77 |     38 |
|   19 |         vm_mod_fused_nn_conv2d_add_add_clip_divide_multiply_1 |            - |              - |      0 |
|   20 |                         vm_mod_fused_nn_adaptive_avg_pool2d_3 |            - |              - |      0 |
|   21 |                                vm_mod_fused_nn_conv2d_add_add |            - |              - |      0 |
|   22 |        vm_mod_fused_nn_conv2d_add_add_clip_divide_multiply_13 |            - |              - |      0 |
|   23 |                          vm_mod_fused_nn_conv2d_add_nn_relu_7 |            - |              - |      0 |
|   24 |                            vm_mod_fused_nn_conv2d_add_nn_relu |            - |              - |      0 |
|   25 |                         vm_mod_fused_nn_conv2d_add_nn_relu_10 |            - |              - |      0 |
|   26 |         vm_mod_fused_nn_conv2d_add_add_clip_divide_multiply_6 |            - |              - |      0 |
|   27 |                              vm_mod_fused_nn_conv2d_add_add_4 |            - |              - |      0 |
|   28 |                              vm_mod_fused_nn_conv2d_add_add_6 |            - |              - |      0 |
|   29 |                          vm_mod_fused_nn_conv2d_add_nn_relu_3 |            - |              - |      0 |
|   30 |         vm_mod_fused_nn_conv2d_add_add_clip_divide_multiply_2 |            - |              - |      0 |
|   31 |                         vm_mod_fused_nn_adaptive_avg_pool2d_4 |            - |              - |      0 |
|   32 |        vm_mod_fused_nn_conv2d_add_add_clip_divide_multiply_11 |            - |              - |      0 |
|   33 |                              vm_mod_fused_nn_conv2d_add_add_2 |            - |              - |      0 |
|   34 |                           vm_mod_fused_nn_adaptive_avg_pool2d |            - |              - |      0 |
|   35 |                                  vm_mod_fused_nn_conv2d_add_2 |            - |              - |      0 |
|   36 |                         vm_mod_fused_nn_conv2d_add_nn_relu_11 |            - |              - |      0 |
|   37 |                      vm_mod_fused_nn_conv2d_add_clip_divide_4 |            - |              - |      0 |
|   38 |                                  vm_mod_fused_nn_conv2d_add_1 |            - |              - |      0 |
|   39 |        vm_mod_fused_nn_conv2d_add_add_clip_divide_multiply_12 |            - |              - |      0 |
|   40 |                          vm_mod_fused_nn_conv2d_add_nn_relu_6 |            - |              - |      0 |
|   41 |         vm_mod_fused_nn_conv2d_add_add_clip_divide_multiply_7 |            - |              - |      0 |
|   42 |                      vm_mod_fused_nn_conv2d_add_clip_divide_2 |            - |              - |      0 |
|   43 |         vm_mod_fused_nn_conv2d_add_add_clip_divide_multiply_3 |            - |              - |      0 |
|   44 |                          vm_mod_fused_nn_conv2d_add_nn_relu_2 |            - |              - |      0 |
|   45 |                         vm_mod_fused_nn_adaptive_avg_pool2d_5 |            - |              - |      0 |
|   46 |                                  vm_mod_fused_nn_conv2d_add_4 |            - |              - |      0 |
|   47 |                         vm_mod_fused_nn_adaptive_avg_pool2d_1 |            - |              - |      0 |
|   48 |                          vm_mod_fused_nn_conv2d_add_nn_relu_9 |            - |              - |      0 |
|   49 |                         vm_mod_fused_nn_conv2d_add_nn_relu_12 |            - |              - |      0 |
|   50 |                              vm_mod_fused_nn_conv2d_add_add_5 |            - |              - |      0 |
|   51 |         vm_mod_fused_nn_conv2d_add_add_clip_divide_multiply_8 |            - |              - |      0 |
-----------------------------------------------------------------------------------------------------------------
Estimated total latency: - ms	Trials: 722	Used time : 2062 s	Next ID: 19	
.T*************************************
Time elapsed for measurement: 28.86 s
----------------------------------------------------------------------
------------------------------  [ Train cost model ]
----------------------------------------------------------------------
Time elapsed for training: 0.00 s
----------------------------------------------------------------------
------------------------------  [ Task Scheduler ]
----------------------------------------------------------------------
----------------------------------------------------------------------
------------------------------  [ Search ]
----------------------------------------------------------------------
Generate Sketches		#s: 1
Sample Initial Population	#s: 594	fail_ct: 1454	Time elapsed: 3.37
GA Iter: 0	Max score: 0.9997	Min score: 0.8809	#Pop: 76	#M+: 0	#M-: 0
GA Iter: 4	Max score: 0.9999	Min score: 0.9903	#Pop: 76	#M+: 1405	#M-: 0
EvolutionarySearch		#s: 76	Time elapsed: 11.44
----------------------------------------------------------------------
------------------------------  [ Measure ]
----------------------------------------------------------------------
Get 38 programs to measure:
......................................**************************************|  ID  |                       Task Description                        | Latency (ms) | Speed (GFLOPS) | Trials |
-----------------------------------------------------------------------------------------------------------------
|    0 |                          vm_mod_fused_nn_conv2d_add_nn_relu_5 |        0.004 |         786.27 |     38 |
|    1 |                                   vm_mod_fused_nn_dense_add_1 |        0.008 |         319.46 |     38 |
|    2 |                                    vm_mod_fused_nn_conv2d_add |        0.008 |        1196.78 |     38 |
|    3 |         vm_mod_fused_nn_conv2d_add_add_clip_divide_multiply_4 |        0.005 |         171.23 |     38 |
|    4 |           vm_mod_fused_nn_conv2d_add_add_clip_divide_multiply |        0.010 |        1208.29 |     38 |
|    5 |                              vm_mod_fused_nn_conv2d_add_add_3 |        0.005 |        1347.20 |     38 |
|    6 |                        vm_mod_fused_nn_conv2d_add_clip_divide |        0.003 |           1.38 |     38 |
|    7 |                          vm_mod_fused_nn_conv2d_add_nn_relu_1 |        0.004 |        7400.89 |     38 |
|    8 |                         vm_mod_fused_nn_adaptive_avg_pool2d_2 |        0.005 |          -0.00 |     38 |
|    9 |        vm_mod_fused_nn_conv2d_add_add_clip_divide_multiply_10 |        0.006 |         539.04 |     38 |
|   10 |                                  vm_mod_fused_nn_conv2d_add_3 |        0.015 |        1417.07 |     38 |
|   11 |                              vm_mod_fused_nn_conv2d_add_add_1 |        0.004 |        2914.37 |     38 |
|   12 |                          vm_mod_fused_nn_conv2d_add_nn_relu_8 |        0.004 |        1286.50 |     38 |
|   13 |                      vm_mod_fused_nn_conv2d_add_clip_divide_3 |        0.003 |          77.72 |     38 |
|   14 |         vm_mod_fused_nn_conv2d_add_add_clip_divide_multiply_9 |        0.009 |        3272.86 |     38 |
|   15 |         vm_mod_fused_nn_conv2d_add_add_clip_divide_multiply_5 |        0.008 |         751.31 |     38 |
|   16 |                          vm_mod_fused_nn_conv2d_add_nn_relu_4 |        0.004 |        1153.74 |     38 |
|   17 |                      vm_mod_fused_nn_conv2d_add_clip_divide_1 |        0.002 |           3.51 |     38 |
|   18 |                                     vm_mod_fused_nn_dense_add |        0.011 |         226.77 |     38 |
|   19 |         vm_mod_fused_nn_conv2d_add_add_clip_divide_multiply_1 |        0.009 |        1874.37 |     38 |
|   20 |                         vm_mod_fused_nn_adaptive_avg_pool2d_3 |            - |              - |      0 |
|   21 |                                vm_mod_fused_nn_conv2d_add_add |            - |              - |      0 |
|   22 |        vm_mod_fused_nn_conv2d_add_add_clip_divide_multiply_13 |            - |              - |      0 |
|   23 |                          vm_mod_fused_nn_conv2d_add_nn_relu_7 |            - |              - |      0 |
|   24 |                            vm_mod_fused_nn_conv2d_add_nn_relu |            - |              - |      0 |
|   25 |                         vm_mod_fused_nn_conv2d_add_nn_relu_10 |            - |              - |      0 |
|   26 |         vm_mod_fused_nn_conv2d_add_add_clip_divide_multiply_6 |            - |              - |      0 |
|   27 |                              vm_mod_fused_nn_conv2d_add_add_4 |            - |              - |      0 |
|   28 |                              vm_mod_fused_nn_conv2d_add_add_6 |            - |              - |      0 |
|   29 |                          vm_mod_fused_nn_conv2d_add_nn_relu_3 |            - |              - |      0 |
|   30 |         vm_mod_fused_nn_conv2d_add_add_clip_divide_multiply_2 |            - |              - |      0 |
|   31 |                         vm_mod_fused_nn_adaptive_avg_pool2d_4 |            - |              - |      0 |
|   32 |        vm_mod_fused_nn_conv2d_add_add_clip_divide_multiply_11 |            - |              - |      0 |
|   33 |                              vm_mod_fused_nn_conv2d_add_add_2 |            - |              - |      0 |
|   34 |                           vm_mod_fused_nn_adaptive_avg_pool2d |            - |              - |      0 |
|   35 |                                  vm_mod_fused_nn_conv2d_add_2 |            - |              - |      0 |
|   36 |                         vm_mod_fused_nn_conv2d_add_nn_relu_11 |            - |              - |      0 |
|   37 |                      vm_mod_fused_nn_conv2d_add_clip_divide_4 |            - |              - |      0 |
|   38 |                                  vm_mod_fused_nn_conv2d_add_1 |            - |              - |      0 |
|   39 |        vm_mod_fused_nn_conv2d_add_add_clip_divide_multiply_12 |            - |              - |      0 |
|   40 |                          vm_mod_fused_nn_conv2d_add_nn_relu_6 |            - |              - |      0 |
|   41 |         vm_mod_fused_nn_conv2d_add_add_clip_divide_multiply_7 |            - |              - |      0 |
|   42 |                      vm_mod_fused_nn_conv2d_add_clip_divide_2 |            - |              - |      0 |
|   43 |         vm_mod_fused_nn_conv2d_add_add_clip_divide_multiply_3 |            - |              - |      0 |
|   44 |                          vm_mod_fused_nn_conv2d_add_nn_relu_2 |            - |              - |      0 |
|   45 |                         vm_mod_fused_nn_adaptive_avg_pool2d_5 |            - |              - |      0 |
|   46 |                                  vm_mod_fused_nn_conv2d_add_4 |            - |              - |      0 |
|   47 |                         vm_mod_fused_nn_adaptive_avg_pool2d_1 |            - |              - |      0 |
|   48 |                          vm_mod_fused_nn_conv2d_add_nn_relu_9 |            - |              - |      0 |
|   49 |                         vm_mod_fused_nn_conv2d_add_nn_relu_12 |            - |              - |      0 |
|   50 |                              vm_mod_fused_nn_conv2d_add_add_5 |            - |              - |      0 |
|   51 |         vm_mod_fused_nn_conv2d_add_add_clip_divide_multiply_8 |            - |              - |      0 |
-----------------------------------------------------------------------------------------------------------------
Estimated total latency: - ms	Trials: 760	Used time : 2190 s	Next ID: 20	

Time elapsed for measurement: 16.60 s
----------------------------------------------------------------------
------------------------------  [ Train cost model ]
----------------------------------------------------------------------
Time elapsed for training: 0.00 s
----------------------------------------------------------------------
------------------------------  [ Task Scheduler ]
----------------------------------------------------------------------
----------------------------------------------------------------------
------------------------------  [ Search ]
----------------------------------------------------------------------
Generate Sketches		#s: 1
Sample Initial Population	#s: 68	fail_ct: 1980	Time elapsed: 6.64
GA Iter: 0	Max score: 0.9437	Min score: 0.0123	#Pop: 68	#M+: 0	#M-: 0
GA Iter: 4	Max score: 0.9999	Min score: 0.9883	#Pop: 76	#M+: 1385	#M-: 0
EvolutionarySearch		#s: 76	Time elapsed: 76.45
----------------------------------------------------------------------
------------------------------  [ Measure ]
----------------------------------------------------------------------
Get 38 programs to measure:
......................................**************************************|  ID  |                       Task Description                        | Latency (ms) | Speed (GFLOPS) | Trials |
-----------------------------------------------------------------------------------------------------------------
|    0 |                          vm_mod_fused_nn_conv2d_add_nn_relu_5 |        0.004 |         786.27 |     38 |
|    1 |                                   vm_mod_fused_nn_dense_add_1 |        0.008 |         319.46 |     38 |
|    2 |                                    vm_mod_fused_nn_conv2d_add |        0.008 |        1196.78 |     38 |
|    3 |         vm_mod_fused_nn_conv2d_add_add_clip_divide_multiply_4 |        0.005 |         171.23 |     38 |
|    4 |           vm_mod_fused_nn_conv2d_add_add_clip_divide_multiply |        0.010 |        1208.29 |     38 |
|    5 |                              vm_mod_fused_nn_conv2d_add_add_3 |        0.005 |        1347.20 |     38 |
|    6 |                        vm_mod_fused_nn_conv2d_add_clip_divide |        0.003 |           1.38 |     38 |
|    7 |                          vm_mod_fused_nn_conv2d_add_nn_relu_1 |        0.004 |        7400.89 |     38 |
|    8 |                         vm_mod_fused_nn_adaptive_avg_pool2d_2 |        0.005 |          -0.00 |     38 |
|    9 |        vm_mod_fused_nn_conv2d_add_add_clip_divide_multiply_10 |        0.006 |         539.04 |     38 |
|   10 |                                  vm_mod_fused_nn_conv2d_add_3 |        0.015 |        1417.07 |     38 |
|   11 |                              vm_mod_fused_nn_conv2d_add_add_1 |        0.004 |        2914.37 |     38 |
|   12 |                          vm_mod_fused_nn_conv2d_add_nn_relu_8 |        0.004 |        1286.50 |     38 |
|   13 |                      vm_mod_fused_nn_conv2d_add_clip_divide_3 |        0.003 |          77.72 |     38 |
|   14 |         vm_mod_fused_nn_conv2d_add_add_clip_divide_multiply_9 |        0.009 |        3272.86 |     38 |
|   15 |         vm_mod_fused_nn_conv2d_add_add_clip_divide_multiply_5 |        0.008 |         751.31 |     38 |
|   16 |                          vm_mod_fused_nn_conv2d_add_nn_relu_4 |        0.004 |        1153.74 |     38 |
|   17 |                      vm_mod_fused_nn_conv2d_add_clip_divide_1 |        0.002 |           3.51 |     38 |
|   18 |                                     vm_mod_fused_nn_dense_add |        0.011 |         226.77 |     38 |
|   19 |         vm_mod_fused_nn_conv2d_add_add_clip_divide_multiply_1 |        0.009 |        1874.37 |     38 |
|   20 |                         vm_mod_fused_nn_adaptive_avg_pool2d_3 |        0.004 |          -0.00 |     38 |
|   21 |                                vm_mod_fused_nn_conv2d_add_add |            - |              - |      0 |
|   22 |        vm_mod_fused_nn_conv2d_add_add_clip_divide_multiply_13 |            - |              - |      0 |
|   23 |                          vm_mod_fused_nn_conv2d_add_nn_relu_7 |            - |              - |      0 |
|   24 |                            vm_mod_fused_nn_conv2d_add_nn_relu |            - |              - |      0 |
|   25 |                         vm_mod_fused_nn_conv2d_add_nn_relu_10 |            - |              - |      0 |
|   26 |         vm_mod_fused_nn_conv2d_add_add_clip_divide_multiply_6 |            - |              - |      0 |
|   27 |                              vm_mod_fused_nn_conv2d_add_add_4 |            - |              - |      0 |
|   28 |                              vm_mod_fused_nn_conv2d_add_add_6 |            - |              - |      0 |
|   29 |                          vm_mod_fused_nn_conv2d_add_nn_relu_3 |            - |              - |      0 |
|   30 |         vm_mod_fused_nn_conv2d_add_add_clip_divide_multiply_2 |            - |              - |      0 |
|   31 |                         vm_mod_fused_nn_adaptive_avg_pool2d_4 |            - |              - |      0 |
|   32 |        vm_mod_fused_nn_conv2d_add_add_clip_divide_multiply_11 |            - |              - |      0 |
|   33 |                              vm_mod_fused_nn_conv2d_add_add_2 |            - |              - |      0 |
|   34 |                           vm_mod_fused_nn_adaptive_avg_pool2d |            - |              - |      0 |
|   35 |                                  vm_mod_fused_nn_conv2d_add_2 |            - |              - |      0 |
|   36 |                         vm_mod_fused_nn_conv2d_add_nn_relu_11 |            - |              - |      0 |
|   37 |                      vm_mod_fused_nn_conv2d_add_clip_divide_4 |            - |              - |      0 |
|   38 |                                  vm_mod_fused_nn_conv2d_add_1 |            - |              - |      0 |
|   39 |        vm_mod_fused_nn_conv2d_add_add_clip_divide_multiply_12 |            - |              - |      0 |
|   40 |                          vm_mod_fused_nn_conv2d_add_nn_relu_6 |            - |              - |      0 |
|   41 |         vm_mod_fused_nn_conv2d_add_add_clip_divide_multiply_7 |            - |              - |      0 |
|   42 |                      vm_mod_fused_nn_conv2d_add_clip_divide_2 |            - |              - |      0 |
|   43 |         vm_mod_fused_nn_conv2d_add_add_clip_divide_multiply_3 |            - |              - |      0 |
|   44 |                          vm_mod_fused_nn_conv2d_add_nn_relu_2 |            - |              - |      0 |
|   45 |                         vm_mod_fused_nn_adaptive_avg_pool2d_5 |            - |              - |      0 |
|   46 |                                  vm_mod_fused_nn_conv2d_add_4 |            - |              - |      0 |
|   47 |                         vm_mod_fused_nn_adaptive_avg_pool2d_1 |            - |              - |      0 |
|   48 |                          vm_mod_fused_nn_conv2d_add_nn_relu_9 |            - |              - |      0 |
|   49 |                         vm_mod_fused_nn_conv2d_add_nn_relu_12 |            - |              - |      0 |
|   50 |                              vm_mod_fused_nn_conv2d_add_add_5 |            - |              - |      0 |
|   51 |         vm_mod_fused_nn_conv2d_add_add_clip_divide_multiply_8 |            - |              - |      0 |
-----------------------------------------------------------------------------------------------------------------
Estimated total latency: - ms	Trials: 798	Used time : 2221 s	Next ID: 21	

Time elapsed for measurement: 23.00 s
----------------------------------------------------------------------
------------------------------  [ Train cost model ]
----------------------------------------------------------------------
Time elapsed for training: 1.67 s
----------------------------------------------------------------------
------------------------------  [ Task Scheduler ]
----------------------------------------------------------------------
----------------------------------------------------------------------
------------------------------  [ Search ]
----------------------------------------------------------------------
Generate Sketches		#s: 1
Sample Initial Population	#s: 85	fail_ct: 1963	Time elapsed: 7.76
GA Iter: 0	Max score: 0.9989	Min score: 0.0956	#Pop: 76	#M+: 0	#M-: 0
GA Iter: 4	Max score: 1.0000	Min score: 0.9888	#Pop: 76	#M+: 1392	#M-: 0
EvolutionarySearch		#s: 76	Time elapsed: 113.27
----------------------------------------------------------------------
------------------------------  [ Measure ]
----------------------------------------------------------------------
Get 38 programs to measure:
......................................**************************************|  ID  |                       Task Description                        | Latency (ms) | Speed (GFLOPS) | Trials |
-----------------------------------------------------------------------------------------------------------------
|    0 |                          vm_mod_fused_nn_conv2d_add_nn_relu_5 |        0.004 |         786.27 |     38 |
|    1 |                                   vm_mod_fused_nn_dense_add_1 |        0.008 |         319.46 |     38 |
|    2 |                                    vm_mod_fused_nn_conv2d_add |        0.008 |        1196.78 |     38 |
|    3 |         vm_mod_fused_nn_conv2d_add_add_clip_divide_multiply_4 |        0.005 |         171.23 |     38 |
|    4 |           vm_mod_fused_nn_conv2d_add_add_clip_divide_multiply |        0.010 |        1208.29 |     38 |
|    5 |                              vm_mod_fused_nn_conv2d_add_add_3 |        0.005 |        1347.20 |     38 |
|    6 |                        vm_mod_fused_nn_conv2d_add_clip_divide |        0.003 |           1.38 |     38 |
|    7 |                          vm_mod_fused_nn_conv2d_add_nn_relu_1 |        0.004 |        7400.89 |     38 |
|    8 |                         vm_mod_fused_nn_adaptive_avg_pool2d_2 |        0.005 |          -0.00 |     38 |
|    9 |        vm_mod_fused_nn_conv2d_add_add_clip_divide_multiply_10 |        0.006 |         539.04 |     38 |
|   10 |                                  vm_mod_fused_nn_conv2d_add_3 |        0.015 |        1417.07 |     38 |
|   11 |                              vm_mod_fused_nn_conv2d_add_add_1 |        0.004 |        2914.37 |     38 |
|   12 |                          vm_mod_fused_nn_conv2d_add_nn_relu_8 |        0.004 |        1286.50 |     38 |
|   13 |                      vm_mod_fused_nn_conv2d_add_clip_divide_3 |        0.003 |          77.72 |     38 |
|   14 |         vm_mod_fused_nn_conv2d_add_add_clip_divide_multiply_9 |        0.009 |        3272.86 |     38 |
|   15 |         vm_mod_fused_nn_conv2d_add_add_clip_divide_multiply_5 |        0.008 |         751.31 |     38 |
|   16 |                          vm_mod_fused_nn_conv2d_add_nn_relu_4 |        0.004 |        1153.74 |     38 |
|   17 |                      vm_mod_fused_nn_conv2d_add_clip_divide_1 |        0.002 |           3.51 |     38 |
|   18 |                                     vm_mod_fused_nn_dense_add |        0.011 |         226.77 |     38 |
|   19 |         vm_mod_fused_nn_conv2d_add_add_clip_divide_multiply_1 |        0.009 |        1874.37 |     38 |
|   20 |                         vm_mod_fused_nn_adaptive_avg_pool2d_3 |        0.004 |          -0.00 |     38 |
|   21 |                                vm_mod_fused_nn_conv2d_add_add |        0.003 |        1964.04 |     38 |
|   22 |        vm_mod_fused_nn_conv2d_add_add_clip_divide_multiply_13 |            - |              - |      0 |
|   23 |                          vm_mod_fused_nn_conv2d_add_nn_relu_7 |            - |              - |      0 |
|   24 |                            vm_mod_fused_nn_conv2d_add_nn_relu |            - |              - |      0 |
|   25 |                         vm_mod_fused_nn_conv2d_add_nn_relu_10 |            - |              - |      0 |
|   26 |         vm_mod_fused_nn_conv2d_add_add_clip_divide_multiply_6 |            - |              - |      0 |
|   27 |                              vm_mod_fused_nn_conv2d_add_add_4 |            - |              - |      0 |
|   28 |                              vm_mod_fused_nn_conv2d_add_add_6 |            - |              - |      0 |
|   29 |                          vm_mod_fused_nn_conv2d_add_nn_relu_3 |            - |              - |      0 |
|   30 |         vm_mod_fused_nn_conv2d_add_add_clip_divide_multiply_2 |            - |              - |      0 |
|   31 |                         vm_mod_fused_nn_adaptive_avg_pool2d_4 |            - |              - |      0 |
|   32 |        vm_mod_fused_nn_conv2d_add_add_clip_divide_multiply_11 |            - |              - |      0 |
|   33 |                              vm_mod_fused_nn_conv2d_add_add_2 |            - |              - |      0 |
|   34 |                           vm_mod_fused_nn_adaptive_avg_pool2d |            - |              - |      0 |
|   35 |                                  vm_mod_fused_nn_conv2d_add_2 |            - |              - |      0 |
|   36 |                         vm_mod_fused_nn_conv2d_add_nn_relu_11 |            - |              - |      0 |
|   37 |                      vm_mod_fused_nn_conv2d_add_clip_divide_4 |            - |              - |      0 |
|   38 |                                  vm_mod_fused_nn_conv2d_add_1 |            - |              - |      0 |
|   39 |        vm_mod_fused_nn_conv2d_add_add_clip_divide_multiply_12 |            - |              - |      0 |
|   40 |                          vm_mod_fused_nn_conv2d_add_nn_relu_6 |            - |              - |      0 |
|   41 |         vm_mod_fused_nn_conv2d_add_add_clip_divide_multiply_7 |            - |              - |      0 |
|   42 |                      vm_mod_fused_nn_conv2d_add_clip_divide_2 |            - |              - |      0 |
|   43 |         vm_mod_fused_nn_conv2d_add_add_clip_divide_multiply_3 |            - |              - |      0 |
|   44 |                          vm_mod_fused_nn_conv2d_add_nn_relu_2 |            - |              - |      0 |
|   45 |                         vm_mod_fused_nn_adaptive_avg_pool2d_5 |            - |              - |      0 |
|   46 |                                  vm_mod_fused_nn_conv2d_add_4 |            - |              - |      0 |
|   47 |                         vm_mod_fused_nn_adaptive_avg_pool2d_1 |            - |              - |      0 |
|   48 |                          vm_mod_fused_nn_conv2d_add_nn_relu_9 |            - |              - |      0 |
|   49 |                         vm_mod_fused_nn_conv2d_add_nn_relu_12 |            - |              - |      0 |
|   50 |                              vm_mod_fused_nn_conv2d_add_add_5 |            - |              - |      0 |
|   51 |         vm_mod_fused_nn_conv2d_add_add_clip_divide_multiply_8 |            - |              - |      0 |
-----------------------------------------------------------------------------------------------------------------
Estimated total latency: - ms	Trials: 836	Used time : 2329 s	Next ID: 22	

Time elapsed for measurement: 19.26 s
----------------------------------------------------------------------
------------------------------  [ Train cost model ]
----------------------------------------------------------------------
Time elapsed for training: 0.00 s
----------------------------------------------------------------------
------------------------------  [ Task Scheduler ]
----------------------------------------------------------------------
----------------------------------------------------------------------
------------------------------  [ Search ]
----------------------------------------------------------------------
Generate Sketches		#s: 1
Sample Initial Population	#s: 157	fail_ct: 1891	Time elapsed: 6.39
GA Iter: 0	Max score: 0.9920	Min score: 0.5552	#Pop: 76	#M+: 0	#M-: 0
GA Iter: 4	Max score: 1.0000	Min score: 0.9891	#Pop: 76	#M+: 1389	#M-: 0
EvolutionarySearch		#s: 76	Time elapsed: 79.37
----------------------------------------------------------------------
------------------------------  [ Measure ]
----------------------------------------------------------------------
Get 38 programs to measure:
......................................**************************************|  ID  |                       Task Description                        | Latency (ms) | Speed (GFLOPS) | Trials |
-----------------------------------------------------------------------------------------------------------------
|    0 |                          vm_mod_fused_nn_conv2d_add_nn_relu_5 |        0.004 |         786.27 |     38 |
|    1 |                                   vm_mod_fused_nn_dense_add_1 |        0.008 |         319.46 |     38 |
|    2 |                                    vm_mod_fused_nn_conv2d_add |        0.008 |        1196.78 |     38 |
|    3 |         vm_mod_fused_nn_conv2d_add_add_clip_divide_multiply_4 |        0.005 |         171.23 |     38 |
|    4 |           vm_mod_fused_nn_conv2d_add_add_clip_divide_multiply |        0.010 |        1208.29 |     38 |
|    5 |                              vm_mod_fused_nn_conv2d_add_add_3 |        0.005 |        1347.20 |     38 |
|    6 |                        vm_mod_fused_nn_conv2d_add_clip_divide |        0.003 |           1.38 |     38 |
|    7 |                          vm_mod_fused_nn_conv2d_add_nn_relu_1 |        0.004 |        7400.89 |     38 |
|    8 |                         vm_mod_fused_nn_adaptive_avg_pool2d_2 |        0.005 |          -0.00 |     38 |
|    9 |        vm_mod_fused_nn_conv2d_add_add_clip_divide_multiply_10 |        0.006 |         539.04 |     38 |
|   10 |                                  vm_mod_fused_nn_conv2d_add_3 |        0.015 |        1417.07 |     38 |
|   11 |                              vm_mod_fused_nn_conv2d_add_add_1 |        0.004 |        2914.37 |     38 |
|   12 |                          vm_mod_fused_nn_conv2d_add_nn_relu_8 |        0.004 |        1286.50 |     38 |
|   13 |                      vm_mod_fused_nn_conv2d_add_clip_divide_3 |        0.003 |          77.72 |     38 |
|   14 |         vm_mod_fused_nn_conv2d_add_add_clip_divide_multiply_9 |        0.009 |        3272.86 |     38 |
|   15 |         vm_mod_fused_nn_conv2d_add_add_clip_divide_multiply_5 |        0.008 |         751.31 |     38 |
|   16 |                          vm_mod_fused_nn_conv2d_add_nn_relu_4 |        0.004 |        1153.74 |     38 |
|   17 |                      vm_mod_fused_nn_conv2d_add_clip_divide_1 |        0.002 |           3.51 |     38 |
|   18 |                                     vm_mod_fused_nn_dense_add |        0.011 |         226.77 |     38 |
|   19 |         vm_mod_fused_nn_conv2d_add_add_clip_divide_multiply_1 |        0.009 |        1874.37 |     38 |
|   20 |                         vm_mod_fused_nn_adaptive_avg_pool2d_3 |        0.004 |          -0.00 |     38 |
|   21 |                                vm_mod_fused_nn_conv2d_add_add |        0.003 |        1964.04 |     38 |
|   22 |        vm_mod_fused_nn_conv2d_add_add_clip_divide_multiply_13 |        0.006 |         427.76 |     38 |
|   23 |                          vm_mod_fused_nn_conv2d_add_nn_relu_7 |            - |              - |      0 |
|   24 |                            vm_mod_fused_nn_conv2d_add_nn_relu |            - |              - |      0 |
|   25 |                         vm_mod_fused_nn_conv2d_add_nn_relu_10 |            - |              - |      0 |
|   26 |         vm_mod_fused_nn_conv2d_add_add_clip_divide_multiply_6 |            - |              - |      0 |
|   27 |                              vm_mod_fused_nn_conv2d_add_add_4 |            - |              - |      0 |
|   28 |                              vm_mod_fused_nn_conv2d_add_add_6 |            - |              - |      0 |
|   29 |                          vm_mod_fused_nn_conv2d_add_nn_relu_3 |            - |              - |      0 |
|   30 |         vm_mod_fused_nn_conv2d_add_add_clip_divide_multiply_2 |            - |              - |      0 |
|   31 |                         vm_mod_fused_nn_adaptive_avg_pool2d_4 |            - |              - |      0 |
|   32 |        vm_mod_fused_nn_conv2d_add_add_clip_divide_multiply_11 |            - |              - |      0 |
|   33 |                              vm_mod_fused_nn_conv2d_add_add_2 |            - |              - |      0 |
|   34 |                           vm_mod_fused_nn_adaptive_avg_pool2d |            - |              - |      0 |
|   35 |                                  vm_mod_fused_nn_conv2d_add_2 |            - |              - |      0 |
|   36 |                         vm_mod_fused_nn_conv2d_add_nn_relu_11 |            - |              - |      0 |
|   37 |                      vm_mod_fused_nn_conv2d_add_clip_divide_4 |            - |              - |      0 |
|   38 |                                  vm_mod_fused_nn_conv2d_add_1 |            - |              - |      0 |
|   39 |        vm_mod_fused_nn_conv2d_add_add_clip_divide_multiply_12 |            - |              - |      0 |
|   40 |                          vm_mod_fused_nn_conv2d_add_nn_relu_6 |            - |              - |      0 |
|   41 |         vm_mod_fused_nn_conv2d_add_add_clip_divide_multiply_7 |            - |              - |      0 |
|   42 |                      vm_mod_fused_nn_conv2d_add_clip_divide_2 |            - |              - |      0 |
|   43 |         vm_mod_fused_nn_conv2d_add_add_clip_divide_multiply_3 |            - |              - |      0 |
|   44 |                          vm_mod_fused_nn_conv2d_add_nn_relu_2 |            - |              - |      0 |
|   45 |                         vm_mod_fused_nn_adaptive_avg_pool2d_5 |            - |              - |      0 |
|   46 |                                  vm_mod_fused_nn_conv2d_add_4 |            - |              - |      0 |
|   47 |                         vm_mod_fused_nn_adaptive_avg_pool2d_1 |            - |              - |      0 |
|   48 |                          vm_mod_fused_nn_conv2d_add_nn_relu_9 |            - |              - |      0 |
|   49 |                         vm_mod_fused_nn_conv2d_add_nn_relu_12 |            - |              - |      0 |
|   50 |                              vm_mod_fused_nn_conv2d_add_add_5 |            - |              - |      0 |
|   51 |         vm_mod_fused_nn_conv2d_add_add_clip_divide_multiply_8 |            - |              - |      0 |
-----------------------------------------------------------------------------------------------------------------
Estimated total latency: - ms	Trials: 874	Used time : 2470 s	Next ID: 23	

Time elapsed for measurement: 22.82 s
----------------------------------------------------------------------
------------------------------  [ Train cost model ]
----------------------------------------------------------------------
Time elapsed for training: 0.00 s
----------------------------------------------------------------------
------------------------------  [ Task Scheduler ]
----------------------------------------------------------------------
----------------------------------------------------------------------
------------------------------  [ Search ]
----------------------------------------------------------------------
Generate Sketches		#s: 1
Sample Initial Population	#s: 85	fail_ct: 1963	Time elapsed: 8.02
GA Iter: 0	Max score: 0.9649	Min score: 0.1301	#Pop: 76	#M+: 0	#M-: 0
GA Iter: 4	Max score: 1.0000	Min score: 0.9883	#Pop: 76	#M+: 1387	#M-: 0
EvolutionarySearch		#s: 76	Time elapsed: 126.79
----------------------------------------------------------------------
------------------------------  [ Measure ]
----------------------------------------------------------------------
Get 38 programs to measure:
.....................................|  ID  |                       Task Description                        | Latency (ms) | Speed (GFLOPS) | Trials |
-----------------------------------------------------------------------------------------------------------------
|    0 |                          vm_mod_fused_nn_conv2d_add_nn_relu_5 |        0.004 |         786.27 |     38 |
|    1 |                                   vm_mod_fused_nn_dense_add_1 |        0.008 |         319.46 |     38 |
|    2 |                                    vm_mod_fused_nn_conv2d_add |        0.008 |        1196.78 |     38 |
|    3 |         vm_mod_fused_nn_conv2d_add_add_clip_divide_multiply_4 |        0.005 |         171.23 |     38 |
|    4 |           vm_mod_fused_nn_conv2d_add_add_clip_divide_multiply |        0.010 |        1208.29 |     38 |
|    5 |                              vm_mod_fused_nn_conv2d_add_add_3 |        0.005 |        1347.20 |     38 |
|    6 |                        vm_mod_fused_nn_conv2d_add_clip_divide |        0.003 |           1.38 |     38 |
|    7 |                          vm_mod_fused_nn_conv2d_add_nn_relu_1 |        0.004 |        7400.89 |     38 |
|    8 |                         vm_mod_fused_nn_adaptive_avg_pool2d_2 |        0.005 |          -0.00 |     38 |
|    9 |        vm_mod_fused_nn_conv2d_add_add_clip_divide_multiply_10 |        0.006 |         539.04 |     38 |
|   10 |                                  vm_mod_fused_nn_conv2d_add_3 |        0.015 |        1417.07 |     38 |
|   11 |                              vm_mod_fused_nn_conv2d_add_add_1 |        0.004 |        2914.37 |     38 |
|   12 |                          vm_mod_fused_nn_conv2d_add_nn_relu_8 |        0.004 |        1286.50 |     38 |
|   13 |                      vm_mod_fused_nn_conv2d_add_clip_divide_3 |        0.003 |          77.72 |     38 |
|   14 |         vm_mod_fused_nn_conv2d_add_add_clip_divide_multiply_9 |        0.009 |        3272.86 |     38 |
|   15 |         vm_mod_fused_nn_conv2d_add_add_clip_divide_multiply_5 |        0.008 |         751.31 |     38 |
|   16 |                          vm_mod_fused_nn_conv2d_add_nn_relu_4 |        0.004 |        1153.74 |     38 |
|   17 |                      vm_mod_fused_nn_conv2d_add_clip_divide_1 |        0.002 |           3.51 |     38 |
|   18 |                                     vm_mod_fused_nn_dense_add |        0.011 |         226.77 |     38 |
|   19 |         vm_mod_fused_nn_conv2d_add_add_clip_divide_multiply_1 |        0.009 |        1874.37 |     38 |
|   20 |                         vm_mod_fused_nn_adaptive_avg_pool2d_3 |        0.004 |          -0.00 |     38 |
|   21 |                                vm_mod_fused_nn_conv2d_add_add |        0.003 |        1964.04 |     38 |
|   22 |        vm_mod_fused_nn_conv2d_add_add_clip_divide_multiply_13 |        0.006 |         427.76 |     38 |
|   23 |                          vm_mod_fused_nn_conv2d_add_nn_relu_7 |        0.005 |        1609.05 |     38 |
|   24 |                            vm_mod_fused_nn_conv2d_add_nn_relu |            - |              - |      0 |
|   25 |                         vm_mod_fused_nn_conv2d_add_nn_relu_10 |            - |              - |      0 |
|   26 |         vm_mod_fused_nn_conv2d_add_add_clip_divide_multiply_6 |            - |              - |      0 |
|   27 |                              vm_mod_fused_nn_conv2d_add_add_4 |            - |              - |      0 |
|   28 |                              vm_mod_fused_nn_conv2d_add_add_6 |            - |              - |      0 |
|   29 |                          vm_mod_fused_nn_conv2d_add_nn_relu_3 |            - |              - |      0 |
|   30 |         vm_mod_fused_nn_conv2d_add_add_clip_divide_multiply_2 |            - |              - |      0 |
|   31 |                         vm_mod_fused_nn_adaptive_avg_pool2d_4 |            - |              - |      0 |
|   32 |        vm_mod_fused_nn_conv2d_add_add_clip_divide_multiply_11 |            - |              - |      0 |
|   33 |                              vm_mod_fused_nn_conv2d_add_add_2 |            - |              - |      0 |
|   34 |                           vm_mod_fused_nn_adaptive_avg_pool2d |            - |              - |      0 |
|   35 |                                  vm_mod_fused_nn_conv2d_add_2 |            - |              - |      0 |
|   36 |                         vm_mod_fused_nn_conv2d_add_nn_relu_11 |            - |              - |      0 |
|   37 |                      vm_mod_fused_nn_conv2d_add_clip_divide_4 |            - |              - |      0 |
|   38 |                                  vm_mod_fused_nn_conv2d_add_1 |            - |              - |      0 |
|   39 |        vm_mod_fused_nn_conv2d_add_add_clip_divide_multiply_12 |            - |              - |      0 |
|   40 |                          vm_mod_fused_nn_conv2d_add_nn_relu_6 |            - |              - |      0 |
|   41 |         vm_mod_fused_nn_conv2d_add_add_clip_divide_multiply_7 |            - |              - |      0 |
|   42 |                      vm_mod_fused_nn_conv2d_add_clip_divide_2 |            - |              - |      0 |
|   43 |         vm_mod_fused_nn_conv2d_add_add_clip_divide_multiply_3 |            - |              - |      0 |
|   44 |                          vm_mod_fused_nn_conv2d_add_nn_relu_2 |            - |              - |      0 |
|   45 |                         vm_mod_fused_nn_adaptive_avg_pool2d_5 |            - |              - |      0 |
|   46 |                                  vm_mod_fused_nn_conv2d_add_4 |            - |              - |      0 |
|   47 |                         vm_mod_fused_nn_adaptive_avg_pool2d_1 |            - |              - |      0 |
|   48 |                          vm_mod_fused_nn_conv2d_add_nn_relu_9 |            - |              - |      0 |
|   49 |                         vm_mod_fused_nn_conv2d_add_nn_relu_12 |            - |              - |      0 |
|   50 |                              vm_mod_fused_nn_conv2d_add_add_5 |            - |              - |      0 |
|   51 |         vm_mod_fused_nn_conv2d_add_add_clip_divide_multiply_8 |            - |              - |      0 |
-----------------------------------------------------------------------------------------------------------------
Estimated total latency: - ms	Trials: 912	Used time : 2579 s	Next ID: 24	
.T*************************************
Time elapsed for measurement: 29.69 s
----------------------------------------------------------------------
------------------------------  [ Train cost model ]
----------------------------------------------------------------------
Time elapsed for training: 0.00 s
----------------------------------------------------------------------
------------------------------  [ Task Scheduler ]
----------------------------------------------------------------------
----------------------------------------------------------------------
------------------------------  [ Search ]
----------------------------------------------------------------------
Generate Sketches		#s: 2
Sample Initial Population	#s: 84	fail_ct: 1964	Time elapsed: 3.35
GA Iter: 0	Max score: 0.9999	Min score: 0.0782	#Pop: 76	#M+: 0	#M-: 0
GA Iter: 4	Max score: 0.9999	Min score: 0.9508	#Pop: 76	#M+: 1402	#M-: 0
EvolutionarySearch		#s: 76	Time elapsed: 11.72
----------------------------------------------------------------------
------------------------------  [ Measure ]
----------------------------------------------------------------------
Get 38 programs to measure:
..............................E.E.E.E.E.E.E..*******************************|  ID  |                       Task Description                        | Latency (ms) | Speed (GFLOPS) | Trials |
-----------------------------------------------------------------------------------------------------------------
|    0 |                          vm_mod_fused_nn_conv2d_add_nn_relu_5 |        0.004 |         786.27 |     38 |
|    1 |                                   vm_mod_fused_nn_dense_add_1 |        0.008 |         319.46 |     38 |
|    2 |                                    vm_mod_fused_nn_conv2d_add |        0.008 |        1196.78 |     38 |
|    3 |         vm_mod_fused_nn_conv2d_add_add_clip_divide_multiply_4 |        0.005 |         171.23 |     38 |
|    4 |           vm_mod_fused_nn_conv2d_add_add_clip_divide_multiply |        0.010 |        1208.29 |     38 |
|    5 |                              vm_mod_fused_nn_conv2d_add_add_3 |        0.005 |        1347.20 |     38 |
|    6 |                        vm_mod_fused_nn_conv2d_add_clip_divide |        0.003 |           1.38 |     38 |
|    7 |                          vm_mod_fused_nn_conv2d_add_nn_relu_1 |        0.004 |        7400.89 |     38 |
|    8 |                         vm_mod_fused_nn_adaptive_avg_pool2d_2 |        0.005 |          -0.00 |     38 |
|    9 |        vm_mod_fused_nn_conv2d_add_add_clip_divide_multiply_10 |        0.006 |         539.04 |     38 |
|   10 |                                  vm_mod_fused_nn_conv2d_add_3 |        0.015 |        1417.07 |     38 |
|   11 |                              vm_mod_fused_nn_conv2d_add_add_1 |        0.004 |        2914.37 |     38 |
|   12 |                          vm_mod_fused_nn_conv2d_add_nn_relu_8 |        0.004 |        1286.50 |     38 |
|   13 |                      vm_mod_fused_nn_conv2d_add_clip_divide_3 |        0.003 |          77.72 |     38 |
|   14 |         vm_mod_fused_nn_conv2d_add_add_clip_divide_multiply_9 |        0.009 |        3272.86 |     38 |
|   15 |         vm_mod_fused_nn_conv2d_add_add_clip_divide_multiply_5 |        0.008 |         751.31 |     38 |
|   16 |                          vm_mod_fused_nn_conv2d_add_nn_relu_4 |        0.004 |        1153.74 |     38 |
|   17 |                      vm_mod_fused_nn_conv2d_add_clip_divide_1 |        0.002 |           3.51 |     38 |
|   18 |                                     vm_mod_fused_nn_dense_add |        0.011 |         226.77 |     38 |
|   19 |         vm_mod_fused_nn_conv2d_add_add_clip_divide_multiply_1 |        0.009 |        1874.37 |     38 |
|   20 |                         vm_mod_fused_nn_adaptive_avg_pool2d_3 |        0.004 |          -0.00 |     38 |
|   21 |                                vm_mod_fused_nn_conv2d_add_add |        0.003 |        1964.04 |     38 |
|   22 |        vm_mod_fused_nn_conv2d_add_add_clip_divide_multiply_13 |        0.006 |         427.76 |     38 |
|   23 |                          vm_mod_fused_nn_conv2d_add_nn_relu_7 |        0.005 |        1609.05 |     38 |
|   24 |                            vm_mod_fused_nn_conv2d_add_nn_relu |        0.003 |        1161.20 |     38 |
|   25 |                         vm_mod_fused_nn_conv2d_add_nn_relu_10 |            - |              - |      0 |
|   26 |         vm_mod_fused_nn_conv2d_add_add_clip_divide_multiply_6 |            - |              - |      0 |
|   27 |                              vm_mod_fused_nn_conv2d_add_add_4 |            - |              - |      0 |
|   28 |                              vm_mod_fused_nn_conv2d_add_add_6 |            - |              - |      0 |
|   29 |                          vm_mod_fused_nn_conv2d_add_nn_relu_3 |            - |              - |      0 |
|   30 |         vm_mod_fused_nn_conv2d_add_add_clip_divide_multiply_2 |            - |              - |      0 |
|   31 |                         vm_mod_fused_nn_adaptive_avg_pool2d_4 |            - |              - |      0 |
|   32 |        vm_mod_fused_nn_conv2d_add_add_clip_divide_multiply_11 |            - |              - |      0 |
|   33 |                              vm_mod_fused_nn_conv2d_add_add_2 |            - |              - |      0 |
|   34 |                           vm_mod_fused_nn_adaptive_avg_pool2d |            - |              - |      0 |
|   35 |                                  vm_mod_fused_nn_conv2d_add_2 |            - |              - |      0 |
|   36 |                         vm_mod_fused_nn_conv2d_add_nn_relu_11 |            - |              - |      0 |
|   37 |                      vm_mod_fused_nn_conv2d_add_clip_divide_4 |            - |              - |      0 |
|   38 |                                  vm_mod_fused_nn_conv2d_add_1 |            - |              - |      0 |
|   39 |        vm_mod_fused_nn_conv2d_add_add_clip_divide_multiply_12 |            - |              - |      0 |
|   40 |                          vm_mod_fused_nn_conv2d_add_nn_relu_6 |            - |              - |      0 |
|   41 |         vm_mod_fused_nn_conv2d_add_add_clip_divide_multiply_7 |            - |              - |      0 |
|   42 |                      vm_mod_fused_nn_conv2d_add_clip_divide_2 |            - |              - |      0 |
|   43 |         vm_mod_fused_nn_conv2d_add_add_clip_divide_multiply_3 |            - |              - |      0 |
|   44 |                          vm_mod_fused_nn_conv2d_add_nn_relu_2 |            - |              - |      0 |
|   45 |                         vm_mod_fused_nn_adaptive_avg_pool2d_5 |            - |              - |      0 |
|   46 |                                  vm_mod_fused_nn_conv2d_add_4 |            - |              - |      0 |
|   47 |                         vm_mod_fused_nn_adaptive_avg_pool2d_1 |            - |              - |      0 |
|   48 |                          vm_mod_fused_nn_conv2d_add_nn_relu_9 |            - |              - |      0 |
|   49 |                         vm_mod_fused_nn_conv2d_add_nn_relu_12 |            - |              - |      0 |
|   50 |                              vm_mod_fused_nn_conv2d_add_add_5 |            - |              - |      0 |
|   51 |         vm_mod_fused_nn_conv2d_add_add_clip_divide_multiply_8 |            - |              - |      0 |
-----------------------------------------------------------------------------------------------------------------
Estimated total latency: - ms	Trials: 950	Used time : 2743 s	Next ID: 25	

Time elapsed for measurement: 13.74 s
----------------------------------------------------------------------
------------------------------  [ Train cost model ]
----------------------------------------------------------------------
Time elapsed for training: 0.00 s
----------------------------------------------------------------------
------------------------------  [ Task Scheduler ]
----------------------------------------------------------------------
----------------------------------------------------------------------
------------------------------  [ Search ]
----------------------------------------------------------------------
Generate Sketches		#s: 1
Sample Initial Population	#s: 155	fail_ct: 1893	Time elapsed: 7.76
GA Iter: 0	Max score: 0.9959	Min score: 0.5733	#Pop: 76	#M+: 0	#M-: 0
GA Iter: 4	Max score: 1.0000	Min score: 0.9902	#Pop: 76	#M+: 1384	#M-: 0
EvolutionarySearch		#s: 76	Time elapsed: 123.11
----------------------------------------------------------------------
------------------------------  [ Measure ]
----------------------------------------------------------------------
Get 38 programs to measure:
......................................**************************************|  ID  |                       Task Description                        | Latency (ms) | Speed (GFLOPS) | Trials |
-----------------------------------------------------------------------------------------------------------------
|    0 |                          vm_mod_fused_nn_conv2d_add_nn_relu_5 |        0.004 |         786.27 |     38 |
|    1 |                                   vm_mod_fused_nn_dense_add_1 |        0.008 |         319.46 |     38 |
|    2 |                                    vm_mod_fused_nn_conv2d_add |        0.008 |        1196.78 |     38 |
|    3 |         vm_mod_fused_nn_conv2d_add_add_clip_divide_multiply_4 |        0.005 |         171.23 |     38 |
|    4 |           vm_mod_fused_nn_conv2d_add_add_clip_divide_multiply |        0.010 |        1208.29 |     38 |
|    5 |                              vm_mod_fused_nn_conv2d_add_add_3 |        0.005 |        1347.20 |     38 |
|    6 |                        vm_mod_fused_nn_conv2d_add_clip_divide |        0.003 |           1.38 |     38 |
|    7 |                          vm_mod_fused_nn_conv2d_add_nn_relu_1 |        0.004 |        7400.89 |     38 |
|    8 |                         vm_mod_fused_nn_adaptive_avg_pool2d_2 |        0.005 |          -0.00 |     38 |
|    9 |        vm_mod_fused_nn_conv2d_add_add_clip_divide_multiply_10 |        0.006 |         539.04 |     38 |
|   10 |                                  vm_mod_fused_nn_conv2d_add_3 |        0.015 |        1417.07 |     38 |
|   11 |                              vm_mod_fused_nn_conv2d_add_add_1 |        0.004 |        2914.37 |     38 |
|   12 |                          vm_mod_fused_nn_conv2d_add_nn_relu_8 |        0.004 |        1286.50 |     38 |
|   13 |                      vm_mod_fused_nn_conv2d_add_clip_divide_3 |        0.003 |          77.72 |     38 |
|   14 |         vm_mod_fused_nn_conv2d_add_add_clip_divide_multiply_9 |        0.009 |        3272.86 |     38 |
|   15 |         vm_mod_fused_nn_conv2d_add_add_clip_divide_multiply_5 |        0.008 |         751.31 |     38 |
|   16 |                          vm_mod_fused_nn_conv2d_add_nn_relu_4 |        0.004 |        1153.74 |     38 |
|   17 |                      vm_mod_fused_nn_conv2d_add_clip_divide_1 |        0.002 |           3.51 |     38 |
|   18 |                                     vm_mod_fused_nn_dense_add |        0.011 |         226.77 |     38 |
|   19 |         vm_mod_fused_nn_conv2d_add_add_clip_divide_multiply_1 |        0.009 |        1874.37 |     38 |
|   20 |                         vm_mod_fused_nn_adaptive_avg_pool2d_3 |        0.004 |          -0.00 |     38 |
|   21 |                                vm_mod_fused_nn_conv2d_add_add |        0.003 |        1964.04 |     38 |
|   22 |        vm_mod_fused_nn_conv2d_add_add_clip_divide_multiply_13 |        0.006 |         427.76 |     38 |
|   23 |                          vm_mod_fused_nn_conv2d_add_nn_relu_7 |        0.005 |        1609.05 |     38 |
|   24 |                            vm_mod_fused_nn_conv2d_add_nn_relu |        0.003 |        1161.20 |     38 |
|   25 |                         vm_mod_fused_nn_conv2d_add_nn_relu_10 |        0.004 |          27.66 |     38 |
|   26 |         vm_mod_fused_nn_conv2d_add_add_clip_divide_multiply_6 |            - |              - |      0 |
|   27 |                              vm_mod_fused_nn_conv2d_add_add_4 |            - |              - |      0 |
|   28 |                              vm_mod_fused_nn_conv2d_add_add_6 |            - |              - |      0 |
|   29 |                          vm_mod_fused_nn_conv2d_add_nn_relu_3 |            - |              - |      0 |
|   30 |         vm_mod_fused_nn_conv2d_add_add_clip_divide_multiply_2 |            - |              - |      0 |
|   31 |                         vm_mod_fused_nn_adaptive_avg_pool2d_4 |            - |              - |      0 |
|   32 |        vm_mod_fused_nn_conv2d_add_add_clip_divide_multiply_11 |            - |              - |      0 |
|   33 |                              vm_mod_fused_nn_conv2d_add_add_2 |            - |              - |      0 |
|   34 |                           vm_mod_fused_nn_adaptive_avg_pool2d |            - |              - |      0 |
|   35 |                                  vm_mod_fused_nn_conv2d_add_2 |            - |              - |      0 |
|   36 |                         vm_mod_fused_nn_conv2d_add_nn_relu_11 |            - |              - |      0 |
|   37 |                      vm_mod_fused_nn_conv2d_add_clip_divide_4 |            - |              - |      0 |
|   38 |                                  vm_mod_fused_nn_conv2d_add_1 |            - |              - |      0 |
|   39 |        vm_mod_fused_nn_conv2d_add_add_clip_divide_multiply_12 |            - |              - |      0 |
|   40 |                          vm_mod_fused_nn_conv2d_add_nn_relu_6 |            - |              - |      0 |
|   41 |         vm_mod_fused_nn_conv2d_add_add_clip_divide_multiply_7 |            - |              - |      0 |
|   42 |                      vm_mod_fused_nn_conv2d_add_clip_divide_2 |            - |              - |      0 |
|   43 |         vm_mod_fused_nn_conv2d_add_add_clip_divide_multiply_3 |            - |              - |      0 |
|   44 |                          vm_mod_fused_nn_conv2d_add_nn_relu_2 |            - |              - |      0 |
|   45 |                         vm_mod_fused_nn_adaptive_avg_pool2d_5 |            - |              - |      0 |
|   46 |                                  vm_mod_fused_nn_conv2d_add_4 |            - |              - |      0 |
|   47 |                         vm_mod_fused_nn_adaptive_avg_pool2d_1 |            - |              - |      0 |
|   48 |                          vm_mod_fused_nn_conv2d_add_nn_relu_9 |            - |              - |      0 |
|   49 |                         vm_mod_fused_nn_conv2d_add_nn_relu_12 |            - |              - |      0 |
|   50 |                              vm_mod_fused_nn_conv2d_add_add_5 |            - |              - |      0 |
|   51 |         vm_mod_fused_nn_conv2d_add_add_clip_divide_multiply_8 |            - |              - |      0 |
-----------------------------------------------------------------------------------------------------------------
Estimated total latency: - ms	Trials: 988	Used time : 2772 s	Next ID: 26	

Time elapsed for measurement: 18.46 s
----------------------------------------------------------------------
------------------------------  [ Train cost model ]
----------------------------------------------------------------------
Time elapsed for training: 2.38 s
----------------------------------------------------------------------
------------------------------  [ Task Scheduler ]
----------------------------------------------------------------------
----------------------------------------------------------------------
------------------------------  [ Search ]
----------------------------------------------------------------------
Generate Sketches		#s: 1
Sample Initial Population	#s: 124	fail_ct: 1924	Time elapsed: 5.14
GA Iter: 0	Max score: 0.9943	Min score: 0.4217	#Pop: 76	#M+: 0	#M-: 0
GA Iter: 4	Max score: 0.9998	Min score: 0.9896	#Pop: 76	#M+: 1406	#M-: 0
EvolutionarySearch		#s: 76	Time elapsed: 74.96
----------------------------------------------------------------------
------------------------------  [ Measure ]
----------------------------------------------------------------------
Get 38 programs to measure:
.....................................|  ID  |                       Task Description                        | Latency (ms) | Speed (GFLOPS) | Trials |
-----------------------------------------------------------------------------------------------------------------
|    0 |                          vm_mod_fused_nn_conv2d_add_nn_relu_5 |        0.004 |         786.27 |     38 |
|    1 |                                   vm_mod_fused_nn_dense_add_1 |        0.008 |         319.46 |     38 |
|    2 |                                    vm_mod_fused_nn_conv2d_add |        0.008 |        1196.78 |     38 |
|    3 |         vm_mod_fused_nn_conv2d_add_add_clip_divide_multiply_4 |        0.005 |         171.23 |     38 |
|    4 |           vm_mod_fused_nn_conv2d_add_add_clip_divide_multiply |        0.010 |        1208.29 |     38 |
|    5 |                              vm_mod_fused_nn_conv2d_add_add_3 |        0.005 |        1347.20 |     38 |
|    6 |                        vm_mod_fused_nn_conv2d_add_clip_divide |        0.003 |           1.38 |     38 |
|    7 |                          vm_mod_fused_nn_conv2d_add_nn_relu_1 |        0.004 |        7400.89 |     38 |
|    8 |                         vm_mod_fused_nn_adaptive_avg_pool2d_2 |        0.005 |          -0.00 |     38 |
|    9 |        vm_mod_fused_nn_conv2d_add_add_clip_divide_multiply_10 |        0.006 |         539.04 |     38 |
|   10 |                                  vm_mod_fused_nn_conv2d_add_3 |        0.015 |        1417.07 |     38 |
|   11 |                              vm_mod_fused_nn_conv2d_add_add_1 |        0.004 |        2914.37 |     38 |
|   12 |                          vm_mod_fused_nn_conv2d_add_nn_relu_8 |        0.004 |        1286.50 |     38 |
|   13 |                      vm_mod_fused_nn_conv2d_add_clip_divide_3 |        0.003 |          77.72 |     38 |
|   14 |         vm_mod_fused_nn_conv2d_add_add_clip_divide_multiply_9 |        0.009 |        3272.86 |     38 |
|   15 |         vm_mod_fused_nn_conv2d_add_add_clip_divide_multiply_5 |        0.008 |         751.31 |     38 |
|   16 |                          vm_mod_fused_nn_conv2d_add_nn_relu_4 |        0.004 |        1153.74 |     38 |
|   17 |                      vm_mod_fused_nn_conv2d_add_clip_divide_1 |        0.002 |           3.51 |     38 |
|   18 |                                     vm_mod_fused_nn_dense_add |        0.011 |         226.77 |     38 |
|   19 |         vm_mod_fused_nn_conv2d_add_add_clip_divide_multiply_1 |        0.009 |        1874.37 |     38 |
|   20 |                         vm_mod_fused_nn_adaptive_avg_pool2d_3 |        0.004 |          -0.00 |     38 |
|   21 |                                vm_mod_fused_nn_conv2d_add_add |        0.003 |        1964.04 |     38 |
|   22 |        vm_mod_fused_nn_conv2d_add_add_clip_divide_multiply_13 |        0.006 |         427.76 |     38 |
|   23 |                          vm_mod_fused_nn_conv2d_add_nn_relu_7 |        0.005 |        1609.05 |     38 |
|   24 |                            vm_mod_fused_nn_conv2d_add_nn_relu |        0.003 |        1161.20 |     38 |
|   25 |                         vm_mod_fused_nn_conv2d_add_nn_relu_10 |        0.004 |          27.66 |     38 |
|   26 |         vm_mod_fused_nn_conv2d_add_add_clip_divide_multiply_6 |        0.004 |         204.52 |     38 |
|   27 |                              vm_mod_fused_nn_conv2d_add_add_4 |            - |              - |      0 |
|   28 |                              vm_mod_fused_nn_conv2d_add_add_6 |            - |              - |      0 |
|   29 |                          vm_mod_fused_nn_conv2d_add_nn_relu_3 |            - |              - |      0 |
|   30 |         vm_mod_fused_nn_conv2d_add_add_clip_divide_multiply_2 |            - |              - |      0 |
|   31 |                         vm_mod_fused_nn_adaptive_avg_pool2d_4 |            - |              - |      0 |
|   32 |        vm_mod_fused_nn_conv2d_add_add_clip_divide_multiply_11 |            - |              - |      0 |
|   33 |                              vm_mod_fused_nn_conv2d_add_add_2 |            - |              - |      0 |
|   34 |                           vm_mod_fused_nn_adaptive_avg_pool2d |            - |              - |      0 |
|   35 |                                  vm_mod_fused_nn_conv2d_add_2 |            - |              - |      0 |
|   36 |                         vm_mod_fused_nn_conv2d_add_nn_relu_11 |            - |              - |      0 |
|   37 |                      vm_mod_fused_nn_conv2d_add_clip_divide_4 |            - |              - |      0 |
|   38 |                                  vm_mod_fused_nn_conv2d_add_1 |            - |              - |      0 |
|   39 |        vm_mod_fused_nn_conv2d_add_add_clip_divide_multiply_12 |            - |              - |      0 |
|   40 |                          vm_mod_fused_nn_conv2d_add_nn_relu_6 |            - |              - |      0 |
|   41 |         vm_mod_fused_nn_conv2d_add_add_clip_divide_multiply_7 |            - |              - |      0 |
|   42 |                      vm_mod_fused_nn_conv2d_add_clip_divide_2 |            - |              - |      0 |
|   43 |         vm_mod_fused_nn_conv2d_add_add_clip_divide_multiply_3 |            - |              - |      0 |
|   44 |                          vm_mod_fused_nn_conv2d_add_nn_relu_2 |            - |              - |      0 |
|   45 |                         vm_mod_fused_nn_adaptive_avg_pool2d_5 |            - |              - |      0 |
|   46 |                                  vm_mod_fused_nn_conv2d_add_4 |            - |              - |      0 |
|   47 |                         vm_mod_fused_nn_adaptive_avg_pool2d_1 |            - |              - |      0 |
|   48 |                          vm_mod_fused_nn_conv2d_add_nn_relu_9 |            - |              - |      0 |
|   49 |                         vm_mod_fused_nn_conv2d_add_nn_relu_12 |            - |              - |      0 |
|   50 |                              vm_mod_fused_nn_conv2d_add_add_5 |            - |              - |      0 |
|   51 |         vm_mod_fused_nn_conv2d_add_add_clip_divide_multiply_8 |            - |              - |      0 |
-----------------------------------------------------------------------------------------------------------------
Estimated total latency: - ms	Trials: 1026	Used time : 2924 s	Next ID: 27	
.T*************************************
Time elapsed for measurement: 28.34 s
----------------------------------------------------------------------
------------------------------  [ Train cost model ]
----------------------------------------------------------------------
Time elapsed for training: 0.00 s
----------------------------------------------------------------------
------------------------------  [ Task Scheduler ]
----------------------------------------------------------------------
----------------------------------------------------------------------
------------------------------  [ Search ]
----------------------------------------------------------------------
Generate Sketches		#s: 1
Sample Initial Population	#s: 109	fail_ct: 1939	Time elapsed: 5.34
GA Iter: 0	Max score: 0.9966	Min score: 0.3212	#Pop: 76	#M+: 0	#M-: 0
GA Iter: 4	Max score: 0.9996	Min score: 0.9874	#Pop: 76	#M+: 1396	#M-: 0
EvolutionarySearch		#s: 76	Time elapsed: 69.37
----------------------------------------------------------------------
------------------------------  [ Measure ]
----------------------------------------------------------------------
Get 38 programs to measure:
......................................**************************************|  ID  |                       Task Description                        | Latency (ms) | Speed (GFLOPS) | Trials |
-----------------------------------------------------------------------------------------------------------------
|    0 |                          vm_mod_fused_nn_conv2d_add_nn_relu_5 |        0.004 |         786.27 |     38 |
|    1 |                                   vm_mod_fused_nn_dense_add_1 |        0.008 |         319.46 |     38 |
|    2 |                                    vm_mod_fused_nn_conv2d_add |        0.008 |        1196.78 |     38 |
|    3 |         vm_mod_fused_nn_conv2d_add_add_clip_divide_multiply_4 |        0.005 |         171.23 |     38 |
|    4 |           vm_mod_fused_nn_conv2d_add_add_clip_divide_multiply |        0.010 |        1208.29 |     38 |
|    5 |                              vm_mod_fused_nn_conv2d_add_add_3 |        0.005 |        1347.20 |     38 |
|    6 |                        vm_mod_fused_nn_conv2d_add_clip_divide |        0.003 |           1.38 |     38 |
|    7 |                          vm_mod_fused_nn_conv2d_add_nn_relu_1 |        0.004 |        7400.89 |     38 |
|    8 |                         vm_mod_fused_nn_adaptive_avg_pool2d_2 |        0.005 |          -0.00 |     38 |
|    9 |        vm_mod_fused_nn_conv2d_add_add_clip_divide_multiply_10 |        0.006 |         539.04 |     38 |
|   10 |                                  vm_mod_fused_nn_conv2d_add_3 |        0.015 |        1417.07 |     38 |
|   11 |                              vm_mod_fused_nn_conv2d_add_add_1 |        0.004 |        2914.37 |     38 |
|   12 |                          vm_mod_fused_nn_conv2d_add_nn_relu_8 |        0.004 |        1286.50 |     38 |
|   13 |                      vm_mod_fused_nn_conv2d_add_clip_divide_3 |        0.003 |          77.72 |     38 |
|   14 |         vm_mod_fused_nn_conv2d_add_add_clip_divide_multiply_9 |        0.009 |        3272.86 |     38 |
|   15 |         vm_mod_fused_nn_conv2d_add_add_clip_divide_multiply_5 |        0.008 |         751.31 |     38 |
|   16 |                          vm_mod_fused_nn_conv2d_add_nn_relu_4 |        0.004 |        1153.74 |     38 |
|   17 |                      vm_mod_fused_nn_conv2d_add_clip_divide_1 |        0.002 |           3.51 |     38 |
|   18 |                                     vm_mod_fused_nn_dense_add |        0.011 |         226.77 |     38 |
|   19 |         vm_mod_fused_nn_conv2d_add_add_clip_divide_multiply_1 |        0.009 |        1874.37 |     38 |
|   20 |                         vm_mod_fused_nn_adaptive_avg_pool2d_3 |        0.004 |          -0.00 |     38 |
|   21 |                                vm_mod_fused_nn_conv2d_add_add |        0.003 |        1964.04 |     38 |
|   22 |        vm_mod_fused_nn_conv2d_add_add_clip_divide_multiply_13 |        0.006 |         427.76 |     38 |
|   23 |                          vm_mod_fused_nn_conv2d_add_nn_relu_7 |        0.005 |        1609.05 |     38 |
|   24 |                            vm_mod_fused_nn_conv2d_add_nn_relu |        0.003 |        1161.20 |     38 |
|   25 |                         vm_mod_fused_nn_conv2d_add_nn_relu_10 |        0.004 |          27.66 |     38 |
|   26 |         vm_mod_fused_nn_conv2d_add_add_clip_divide_multiply_6 |        0.004 |         204.52 |     38 |
|   27 |                              vm_mod_fused_nn_conv2d_add_add_4 |        0.010 |         604.96 |     38 |
|   28 |                              vm_mod_fused_nn_conv2d_add_add_6 |            - |              - |      0 |
|   29 |                          vm_mod_fused_nn_conv2d_add_nn_relu_3 |            - |              - |      0 |
|   30 |         vm_mod_fused_nn_conv2d_add_add_clip_divide_multiply_2 |            - |              - |      0 |
|   31 |                         vm_mod_fused_nn_adaptive_avg_pool2d_4 |            - |              - |      0 |
|   32 |        vm_mod_fused_nn_conv2d_add_add_clip_divide_multiply_11 |            - |              - |      0 |
|   33 |                              vm_mod_fused_nn_conv2d_add_add_2 |            - |              - |      0 |
|   34 |                           vm_mod_fused_nn_adaptive_avg_pool2d |            - |              - |      0 |
|   35 |                                  vm_mod_fused_nn_conv2d_add_2 |            - |              - |      0 |
|   36 |                         vm_mod_fused_nn_conv2d_add_nn_relu_11 |            - |              - |      0 |
|   37 |                      vm_mod_fused_nn_conv2d_add_clip_divide_4 |            - |              - |      0 |
|   38 |                                  vm_mod_fused_nn_conv2d_add_1 |            - |              - |      0 |
|   39 |        vm_mod_fused_nn_conv2d_add_add_clip_divide_multiply_12 |            - |              - |      0 |
|   40 |                          vm_mod_fused_nn_conv2d_add_nn_relu_6 |            - |              - |      0 |
|   41 |         vm_mod_fused_nn_conv2d_add_add_clip_divide_multiply_7 |            - |              - |      0 |
|   42 |                      vm_mod_fused_nn_conv2d_add_clip_divide_2 |            - |              - |      0 |
|   43 |         vm_mod_fused_nn_conv2d_add_add_clip_divide_multiply_3 |            - |              - |      0 |
|   44 |                          vm_mod_fused_nn_conv2d_add_nn_relu_2 |            - |              - |      0 |
|   45 |                         vm_mod_fused_nn_adaptive_avg_pool2d_5 |            - |              - |      0 |
|   46 |                                  vm_mod_fused_nn_conv2d_add_4 |            - |              - |      0 |
|   47 |                         vm_mod_fused_nn_adaptive_avg_pool2d_1 |            - |              - |      0 |
|   48 |                          vm_mod_fused_nn_conv2d_add_nn_relu_9 |            - |              - |      0 |
|   49 |                         vm_mod_fused_nn_conv2d_add_nn_relu_12 |            - |              - |      0 |
|   50 |                              vm_mod_fused_nn_conv2d_add_add_5 |            - |              - |      0 |
|   51 |         vm_mod_fused_nn_conv2d_add_add_clip_divide_multiply_8 |            - |              - |      0 |
-----------------------------------------------------------------------------------------------------------------
Estimated total latency: - ms	Trials: 1064	Used time : 3033 s	Next ID: 28	

Time elapsed for measurement: 21.16 s
----------------------------------------------------------------------
------------------------------  [ Train cost model ]
----------------------------------------------------------------------
Time elapsed for training: 0.00 s
----------------------------------------------------------------------
------------------------------  [ Task Scheduler ]
----------------------------------------------------------------------
----------------------------------------------------------------------
------------------------------  [ Search ]
----------------------------------------------------------------------
Generate Sketches		#s: 1
Sample Initial Population	#s: 142	fail_ct: 1906	Time elapsed: 6.57
GA Iter: 0	Max score: 0.9983	Min score: 0.5106	#Pop: 76	#M+: 0	#M-: 0
GA Iter: 4	Max score: 1.0000	Min score: 0.9867	#Pop: 76	#M+: 1384	#M-: 0
EvolutionarySearch		#s: 76	Time elapsed: 80.52
----------------------------------------------------------------------
------------------------------  [ Measure ]
----------------------------------------------------------------------
Get 38 programs to measure:
......................................**************************************|  ID  |                       Task Description                        | Latency (ms) | Speed (GFLOPS) | Trials |
-----------------------------------------------------------------------------------------------------------------
|    0 |                          vm_mod_fused_nn_conv2d_add_nn_relu_5 |        0.004 |         786.27 |     38 |
|    1 |                                   vm_mod_fused_nn_dense_add_1 |        0.008 |         319.46 |     38 |
|    2 |                                    vm_mod_fused_nn_conv2d_add |        0.008 |        1196.78 |     38 |
|    3 |         vm_mod_fused_nn_conv2d_add_add_clip_divide_multiply_4 |        0.005 |         171.23 |     38 |
|    4 |           vm_mod_fused_nn_conv2d_add_add_clip_divide_multiply |        0.010 |        1208.29 |     38 |
|    5 |                              vm_mod_fused_nn_conv2d_add_add_3 |        0.005 |        1347.20 |     38 |
|    6 |                        vm_mod_fused_nn_conv2d_add_clip_divide |        0.003 |           1.38 |     38 |
|    7 |                          vm_mod_fused_nn_conv2d_add_nn_relu_1 |        0.004 |        7400.89 |     38 |
|    8 |                         vm_mod_fused_nn_adaptive_avg_pool2d_2 |        0.005 |          -0.00 |     38 |
|    9 |        vm_mod_fused_nn_conv2d_add_add_clip_divide_multiply_10 |        0.006 |         539.04 |     38 |
|   10 |                                  vm_mod_fused_nn_conv2d_add_3 |        0.015 |        1417.07 |     38 |
|   11 |                              vm_mod_fused_nn_conv2d_add_add_1 |        0.004 |        2914.37 |     38 |
|   12 |                          vm_mod_fused_nn_conv2d_add_nn_relu_8 |        0.004 |        1286.50 |     38 |
|   13 |                      vm_mod_fused_nn_conv2d_add_clip_divide_3 |        0.003 |          77.72 |     38 |
|   14 |         vm_mod_fused_nn_conv2d_add_add_clip_divide_multiply_9 |        0.009 |        3272.86 |     38 |
|   15 |         vm_mod_fused_nn_conv2d_add_add_clip_divide_multiply_5 |        0.008 |         751.31 |     38 |
|   16 |                          vm_mod_fused_nn_conv2d_add_nn_relu_4 |        0.004 |        1153.74 |     38 |
|   17 |                      vm_mod_fused_nn_conv2d_add_clip_divide_1 |        0.002 |           3.51 |     38 |
|   18 |                                     vm_mod_fused_nn_dense_add |        0.011 |         226.77 |     38 |
|   19 |         vm_mod_fused_nn_conv2d_add_add_clip_divide_multiply_1 |        0.009 |        1874.37 |     38 |
|   20 |                         vm_mod_fused_nn_adaptive_avg_pool2d_3 |        0.004 |          -0.00 |     38 |
|   21 |                                vm_mod_fused_nn_conv2d_add_add |        0.003 |        1964.04 |     38 |
|   22 |        vm_mod_fused_nn_conv2d_add_add_clip_divide_multiply_13 |        0.006 |         427.76 |     38 |
|   23 |                          vm_mod_fused_nn_conv2d_add_nn_relu_7 |        0.005 |        1609.05 |     38 |
|   24 |                            vm_mod_fused_nn_conv2d_add_nn_relu |        0.003 |        1161.20 |     38 |
|   25 |                         vm_mod_fused_nn_conv2d_add_nn_relu_10 |        0.004 |          27.66 |     38 |
|   26 |         vm_mod_fused_nn_conv2d_add_add_clip_divide_multiply_6 |        0.004 |         204.52 |     38 |
|   27 |                              vm_mod_fused_nn_conv2d_add_add_4 |        0.010 |         604.96 |     38 |
|   28 |                              vm_mod_fused_nn_conv2d_add_add_6 |        0.021 |         701.14 |     38 |
|   29 |                          vm_mod_fused_nn_conv2d_add_nn_relu_3 |            - |              - |      0 |
|   30 |         vm_mod_fused_nn_conv2d_add_add_clip_divide_multiply_2 |            - |              - |      0 |
|   31 |                         vm_mod_fused_nn_adaptive_avg_pool2d_4 |            - |              - |      0 |
|   32 |        vm_mod_fused_nn_conv2d_add_add_clip_divide_multiply_11 |            - |              - |      0 |
|   33 |                              vm_mod_fused_nn_conv2d_add_add_2 |            - |              - |      0 |
|   34 |                           vm_mod_fused_nn_adaptive_avg_pool2d |            - |              - |      0 |
|   35 |                                  vm_mod_fused_nn_conv2d_add_2 |            - |              - |      0 |
|   36 |                         vm_mod_fused_nn_conv2d_add_nn_relu_11 |            - |              - |      0 |
|   37 |                      vm_mod_fused_nn_conv2d_add_clip_divide_4 |            - |              - |      0 |
|   38 |                                  vm_mod_fused_nn_conv2d_add_1 |            - |              - |      0 |
|   39 |        vm_mod_fused_nn_conv2d_add_add_clip_divide_multiply_12 |            - |              - |      0 |
|   40 |                          vm_mod_fused_nn_conv2d_add_nn_relu_6 |            - |              - |      0 |
|   41 |         vm_mod_fused_nn_conv2d_add_add_clip_divide_multiply_7 |            - |              - |      0 |
|   42 |                      vm_mod_fused_nn_conv2d_add_clip_divide_2 |            - |              - |      0 |
|   43 |         vm_mod_fused_nn_conv2d_add_add_clip_divide_multiply_3 |            - |              - |      0 |
|   44 |                          vm_mod_fused_nn_conv2d_add_nn_relu_2 |            - |              - |      0 |
|   45 |                         vm_mod_fused_nn_adaptive_avg_pool2d_5 |            - |              - |      0 |
|   46 |                                  vm_mod_fused_nn_conv2d_add_4 |            - |              - |      0 |
|   47 |                         vm_mod_fused_nn_adaptive_avg_pool2d_1 |            - |              - |      0 |
|   48 |                          vm_mod_fused_nn_conv2d_add_nn_relu_9 |            - |              - |      0 |
|   49 |                         vm_mod_fused_nn_conv2d_add_nn_relu_12 |            - |              - |      0 |
|   50 |                              vm_mod_fused_nn_conv2d_add_add_5 |            - |              - |      0 |
|   51 |         vm_mod_fused_nn_conv2d_add_add_clip_divide_multiply_8 |            - |              - |      0 |
-----------------------------------------------------------------------------------------------------------------
Estimated total latency: - ms	Trials: 1102	Used time : 3129 s	Next ID: 29	

Time elapsed for measurement: 21.15 s
----------------------------------------------------------------------
------------------------------  [ Train cost model ]
----------------------------------------------------------------------
Time elapsed for training: 0.00 s
----------------------------------------------------------------------
------------------------------  [ Task Scheduler ]
----------------------------------------------------------------------
----------------------------------------------------------------------
------------------------------  [ Search ]
----------------------------------------------------------------------
Generate Sketches		#s: 1
Sample Initial Population	#s: 108	fail_ct: 3988	Time elapsed: 14.41
GA Iter: 0	Max score: 0.9822	Min score: 0.2649	#Pop: 76	#M+: 0	#M-: 0
GA Iter: 4	Max score: 0.9999	Min score: 0.9897	#Pop: 76	#M+: 1394	#M-: 0
EvolutionarySearch		#s: 76	Time elapsed: 110.46
----------------------------------------------------------------------
------------------------------  [ Measure ]
----------------------------------------------------------------------
Get 38 programs to measure:
......................................**************************************|  ID  |                       Task Description                        | Latency (ms) | Speed (GFLOPS) | Trials |
-----------------------------------------------------------------------------------------------------------------
|    0 |                          vm_mod_fused_nn_conv2d_add_nn_relu_5 |        0.004 |         786.27 |     38 |
|    1 |                                   vm_mod_fused_nn_dense_add_1 |        0.008 |         319.46 |     38 |
|    2 |                                    vm_mod_fused_nn_conv2d_add |        0.008 |        1196.78 |     38 |
|    3 |         vm_mod_fused_nn_conv2d_add_add_clip_divide_multiply_4 |        0.005 |         171.23 |     38 |
|    4 |           vm_mod_fused_nn_conv2d_add_add_clip_divide_multiply |        0.010 |        1208.29 |     38 |
|    5 |                              vm_mod_fused_nn_conv2d_add_add_3 |        0.005 |        1347.20 |     38 |
|    6 |                        vm_mod_fused_nn_conv2d_add_clip_divide |        0.003 |           1.38 |     38 |
|    7 |                          vm_mod_fused_nn_conv2d_add_nn_relu_1 |        0.004 |        7400.89 |     38 |
|    8 |                         vm_mod_fused_nn_adaptive_avg_pool2d_2 |        0.005 |          -0.00 |     38 |
|    9 |        vm_mod_fused_nn_conv2d_add_add_clip_divide_multiply_10 |        0.006 |         539.04 |     38 |
|   10 |                                  vm_mod_fused_nn_conv2d_add_3 |        0.015 |        1417.07 |     38 |
|   11 |                              vm_mod_fused_nn_conv2d_add_add_1 |        0.004 |        2914.37 |     38 |
|   12 |                          vm_mod_fused_nn_conv2d_add_nn_relu_8 |        0.004 |        1286.50 |     38 |
|   13 |                      vm_mod_fused_nn_conv2d_add_clip_divide_3 |        0.003 |          77.72 |     38 |
|   14 |         vm_mod_fused_nn_conv2d_add_add_clip_divide_multiply_9 |        0.009 |        3272.86 |     38 |
|   15 |         vm_mod_fused_nn_conv2d_add_add_clip_divide_multiply_5 |        0.008 |         751.31 |     38 |
|   16 |                          vm_mod_fused_nn_conv2d_add_nn_relu_4 |        0.004 |        1153.74 |     38 |
|   17 |                      vm_mod_fused_nn_conv2d_add_clip_divide_1 |        0.002 |           3.51 |     38 |
|   18 |                                     vm_mod_fused_nn_dense_add |        0.011 |         226.77 |     38 |
|   19 |         vm_mod_fused_nn_conv2d_add_add_clip_divide_multiply_1 |        0.009 |        1874.37 |     38 |
|   20 |                         vm_mod_fused_nn_adaptive_avg_pool2d_3 |        0.004 |          -0.00 |     38 |
|   21 |                                vm_mod_fused_nn_conv2d_add_add |        0.003 |        1964.04 |     38 |
|   22 |        vm_mod_fused_nn_conv2d_add_add_clip_divide_multiply_13 |        0.006 |         427.76 |     38 |
|   23 |                          vm_mod_fused_nn_conv2d_add_nn_relu_7 |        0.005 |        1609.05 |     38 |
|   24 |                            vm_mod_fused_nn_conv2d_add_nn_relu |        0.003 |        1161.20 |     38 |
|   25 |                         vm_mod_fused_nn_conv2d_add_nn_relu_10 |        0.004 |          27.66 |     38 |
|   26 |         vm_mod_fused_nn_conv2d_add_add_clip_divide_multiply_6 |        0.004 |         204.52 |     38 |
|   27 |                              vm_mod_fused_nn_conv2d_add_add_4 |        0.010 |         604.96 |     38 |
|   28 |                              vm_mod_fused_nn_conv2d_add_add_6 |        0.021 |         701.14 |     38 |
|   29 |                          vm_mod_fused_nn_conv2d_add_nn_relu_3 |        0.004 |        2982.42 |     38 |
|   30 |         vm_mod_fused_nn_conv2d_add_add_clip_divide_multiply_2 |            - |              - |      0 |
|   31 |                         vm_mod_fused_nn_adaptive_avg_pool2d_4 |            - |              - |      0 |
|   32 |        vm_mod_fused_nn_conv2d_add_add_clip_divide_multiply_11 |            - |              - |      0 |
|   33 |                              vm_mod_fused_nn_conv2d_add_add_2 |            - |              - |      0 |
|   34 |                           vm_mod_fused_nn_adaptive_avg_pool2d |            - |              - |      0 |
|   35 |                                  vm_mod_fused_nn_conv2d_add_2 |            - |              - |      0 |
|   36 |                         vm_mod_fused_nn_conv2d_add_nn_relu_11 |            - |              - |      0 |
|   37 |                      vm_mod_fused_nn_conv2d_add_clip_divide_4 |            - |              - |      0 |
|   38 |                                  vm_mod_fused_nn_conv2d_add_1 |            - |              - |      0 |
|   39 |        vm_mod_fused_nn_conv2d_add_add_clip_divide_multiply_12 |            - |              - |      0 |
|   40 |                          vm_mod_fused_nn_conv2d_add_nn_relu_6 |            - |              - |      0 |
|   41 |         vm_mod_fused_nn_conv2d_add_add_clip_divide_multiply_7 |            - |              - |      0 |
|   42 |                      vm_mod_fused_nn_conv2d_add_clip_divide_2 |            - |              - |      0 |
|   43 |         vm_mod_fused_nn_conv2d_add_add_clip_divide_multiply_3 |            - |              - |      0 |
|   44 |                          vm_mod_fused_nn_conv2d_add_nn_relu_2 |            - |              - |      0 |
|   45 |                         vm_mod_fused_nn_adaptive_avg_pool2d_5 |            - |              - |      0 |
|   46 |                                  vm_mod_fused_nn_conv2d_add_4 |            - |              - |      0 |
|   47 |                         vm_mod_fused_nn_adaptive_avg_pool2d_1 |            - |              - |      0 |
|   48 |                          vm_mod_fused_nn_conv2d_add_nn_relu_9 |            - |              - |      0 |
|   49 |                         vm_mod_fused_nn_conv2d_add_nn_relu_12 |            - |              - |      0 |
|   50 |                              vm_mod_fused_nn_conv2d_add_add_5 |            - |              - |      0 |
|   51 |         vm_mod_fused_nn_conv2d_add_add_clip_divide_multiply_8 |            - |              - |      0 |
-----------------------------------------------------------------------------------------------------------------
Estimated total latency: - ms	Trials: 1140	Used time : 3237 s	Next ID: 30	

Time elapsed for measurement: 24.61 s
----------------------------------------------------------------------
------------------------------  [ Train cost model ]
----------------------------------------------------------------------
Time elapsed for training: 0.00 s
----------------------------------------------------------------------
------------------------------  [ Task Scheduler ]
----------------------------------------------------------------------
----------------------------------------------------------------------
------------------------------  [ Search ]
----------------------------------------------------------------------
Generate Sketches		#s: 1
Sample Initial Population	#s: 600	fail_ct: 1448	Time elapsed: 3.39
GA Iter: 0	Max score: 0.9973	Min score: 0.8833	#Pop: 76	#M+: 0	#M-: 0
GA Iter: 4	Max score: 0.9999	Min score: 0.9883	#Pop: 76	#M+: 1390	#M-: 0
EvolutionarySearch		#s: 76	Time elapsed: 11.68
----------------------------------------------------------------------
------------------------------  [ Measure ]
----------------------------------------------------------------------
Get 38 programs to measure:
......................................**************************************|  ID  |                       Task Description                        | Latency (ms) | Speed (GFLOPS) | Trials |
-----------------------------------------------------------------------------------------------------------------
|    0 |                          vm_mod_fused_nn_conv2d_add_nn_relu_5 |        0.004 |         786.27 |     38 |
|    1 |                                   vm_mod_fused_nn_dense_add_1 |        0.008 |         319.46 |     38 |
|    2 |                                    vm_mod_fused_nn_conv2d_add |        0.008 |        1196.78 |     38 |
|    3 |         vm_mod_fused_nn_conv2d_add_add_clip_divide_multiply_4 |        0.005 |         171.23 |     38 |
|    4 |           vm_mod_fused_nn_conv2d_add_add_clip_divide_multiply |        0.010 |        1208.29 |     38 |
|    5 |                              vm_mod_fused_nn_conv2d_add_add_3 |        0.005 |        1347.20 |     38 |
|    6 |                        vm_mod_fused_nn_conv2d_add_clip_divide |        0.003 |           1.38 |     38 |
|    7 |                          vm_mod_fused_nn_conv2d_add_nn_relu_1 |        0.004 |        7400.89 |     38 |
|    8 |                         vm_mod_fused_nn_adaptive_avg_pool2d_2 |        0.005 |          -0.00 |     38 |
|    9 |        vm_mod_fused_nn_conv2d_add_add_clip_divide_multiply_10 |        0.006 |         539.04 |     38 |
|   10 |                                  vm_mod_fused_nn_conv2d_add_3 |        0.015 |        1417.07 |     38 |
|   11 |                              vm_mod_fused_nn_conv2d_add_add_1 |        0.004 |        2914.37 |     38 |
|   12 |                          vm_mod_fused_nn_conv2d_add_nn_relu_8 |        0.004 |        1286.50 |     38 |
|   13 |                      vm_mod_fused_nn_conv2d_add_clip_divide_3 |        0.003 |          77.72 |     38 |
|   14 |         vm_mod_fused_nn_conv2d_add_add_clip_divide_multiply_9 |        0.009 |        3272.86 |     38 |
|   15 |         vm_mod_fused_nn_conv2d_add_add_clip_divide_multiply_5 |        0.008 |         751.31 |     38 |
|   16 |                          vm_mod_fused_nn_conv2d_add_nn_relu_4 |        0.004 |        1153.74 |     38 |
|   17 |                      vm_mod_fused_nn_conv2d_add_clip_divide_1 |        0.002 |           3.51 |     38 |
|   18 |                                     vm_mod_fused_nn_dense_add |        0.011 |         226.77 |     38 |
|   19 |         vm_mod_fused_nn_conv2d_add_add_clip_divide_multiply_1 |        0.009 |        1874.37 |     38 |
|   20 |                         vm_mod_fused_nn_adaptive_avg_pool2d_3 |        0.004 |          -0.00 |     38 |
|   21 |                                vm_mod_fused_nn_conv2d_add_add |        0.003 |        1964.04 |     38 |
|   22 |        vm_mod_fused_nn_conv2d_add_add_clip_divide_multiply_13 |        0.006 |         427.76 |     38 |
|   23 |                          vm_mod_fused_nn_conv2d_add_nn_relu_7 |        0.005 |        1609.05 |     38 |
|   24 |                            vm_mod_fused_nn_conv2d_add_nn_relu |        0.003 |        1161.20 |     38 |
|   25 |                         vm_mod_fused_nn_conv2d_add_nn_relu_10 |        0.004 |          27.66 |     38 |
|   26 |         vm_mod_fused_nn_conv2d_add_add_clip_divide_multiply_6 |        0.004 |         204.52 |     38 |
|   27 |                              vm_mod_fused_nn_conv2d_add_add_4 |        0.010 |         604.96 |     38 |
|   28 |                              vm_mod_fused_nn_conv2d_add_add_6 |        0.021 |         701.14 |     38 |
|   29 |                          vm_mod_fused_nn_conv2d_add_nn_relu_3 |        0.004 |        2982.42 |     38 |
|   30 |         vm_mod_fused_nn_conv2d_add_add_clip_divide_multiply_2 |        0.007 |         161.25 |     38 |
|   31 |                         vm_mod_fused_nn_adaptive_avg_pool2d_4 |            - |              - |      0 |
|   32 |        vm_mod_fused_nn_conv2d_add_add_clip_divide_multiply_11 |            - |              - |      0 |
|   33 |                              vm_mod_fused_nn_conv2d_add_add_2 |            - |              - |      0 |
|   34 |                           vm_mod_fused_nn_adaptive_avg_pool2d |            - |              - |      0 |
|   35 |                                  vm_mod_fused_nn_conv2d_add_2 |            - |              - |      0 |
|   36 |                         vm_mod_fused_nn_conv2d_add_nn_relu_11 |            - |              - |      0 |
|   37 |                      vm_mod_fused_nn_conv2d_add_clip_divide_4 |            - |              - |      0 |
|   38 |                                  vm_mod_fused_nn_conv2d_add_1 |            - |              - |      0 |
|   39 |        vm_mod_fused_nn_conv2d_add_add_clip_divide_multiply_12 |            - |              - |      0 |
|   40 |                          vm_mod_fused_nn_conv2d_add_nn_relu_6 |            - |              - |      0 |
|   41 |         vm_mod_fused_nn_conv2d_add_add_clip_divide_multiply_7 |            - |              - |      0 |
|   42 |                      vm_mod_fused_nn_conv2d_add_clip_divide_2 |            - |              - |      0 |
|   43 |         vm_mod_fused_nn_conv2d_add_add_clip_divide_multiply_3 |            - |              - |      0 |
|   44 |                          vm_mod_fused_nn_conv2d_add_nn_relu_2 |            - |              - |      0 |
|   45 |                         vm_mod_fused_nn_adaptive_avg_pool2d_5 |            - |              - |      0 |
|   46 |                                  vm_mod_fused_nn_conv2d_add_4 |            - |              - |      0 |
|   47 |                         vm_mod_fused_nn_adaptive_avg_pool2d_1 |            - |              - |      0 |
|   48 |                          vm_mod_fused_nn_conv2d_add_nn_relu_9 |            - |              - |      0 |
|   49 |                         vm_mod_fused_nn_conv2d_add_nn_relu_12 |            - |              - |      0 |
|   50 |                              vm_mod_fused_nn_conv2d_add_add_5 |            - |              - |      0 |
|   51 |         vm_mod_fused_nn_conv2d_add_add_clip_divide_multiply_8 |            - |              - |      0 |
-----------------------------------------------------------------------------------------------------------------
Estimated total latency: - ms	Trials: 1178	Used time : 3387 s	Next ID: 31	

Time elapsed for measurement: 15.78 s
----------------------------------------------------------------------
------------------------------  [ Train cost model ]
----------------------------------------------------------------------
Time elapsed for training: 0.00 s
----------------------------------------------------------------------
------------------------------  [ Task Scheduler ]
----------------------------------------------------------------------
----------------------------------------------------------------------
------------------------------  [ Search ]
----------------------------------------------------------------------
Generate Sketches		#s: 1
Sample Initial Population	#s: 54	fail_ct: 1994	Time elapsed: 7.25
GA Iter: 0	Max score: 0.9922	Min score: 0.0043	#Pop: 54	#M+: 0	#M-: 0
GA Iter: 4	Max score: 0.9999	Min score: 0.9890	#Pop: 76	#M+: 1395	#M-: 0
EvolutionarySearch		#s: 76	Time elapsed: 117.09
----------------------------------------------------------------------
------------------------------  [ Measure ]
----------------------------------------------------------------------
Get 38 programs to measure:
......................................**************************************|  ID  |                       Task Description                        | Latency (ms) | Speed (GFLOPS) | Trials |
-----------------------------------------------------------------------------------------------------------------
|    0 |                          vm_mod_fused_nn_conv2d_add_nn_relu_5 |        0.004 |         786.27 |     38 |
|    1 |                                   vm_mod_fused_nn_dense_add_1 |        0.008 |         319.46 |     38 |
|    2 |                                    vm_mod_fused_nn_conv2d_add |        0.008 |        1196.78 |     38 |
|    3 |         vm_mod_fused_nn_conv2d_add_add_clip_divide_multiply_4 |        0.005 |         171.23 |     38 |
|    4 |           vm_mod_fused_nn_conv2d_add_add_clip_divide_multiply |        0.010 |        1208.29 |     38 |
|    5 |                              vm_mod_fused_nn_conv2d_add_add_3 |        0.005 |        1347.20 |     38 |
|    6 |                        vm_mod_fused_nn_conv2d_add_clip_divide |        0.003 |           1.38 |     38 |
|    7 |                          vm_mod_fused_nn_conv2d_add_nn_relu_1 |        0.004 |        7400.89 |     38 |
|    8 |                         vm_mod_fused_nn_adaptive_avg_pool2d_2 |        0.005 |          -0.00 |     38 |
|    9 |        vm_mod_fused_nn_conv2d_add_add_clip_divide_multiply_10 |        0.006 |         539.04 |     38 |
|   10 |                                  vm_mod_fused_nn_conv2d_add_3 |        0.015 |        1417.07 |     38 |
|   11 |                              vm_mod_fused_nn_conv2d_add_add_1 |        0.004 |        2914.37 |     38 |
|   12 |                          vm_mod_fused_nn_conv2d_add_nn_relu_8 |        0.004 |        1286.50 |     38 |
|   13 |                      vm_mod_fused_nn_conv2d_add_clip_divide_3 |        0.003 |          77.72 |     38 |
|   14 |         vm_mod_fused_nn_conv2d_add_add_clip_divide_multiply_9 |        0.009 |        3272.86 |     38 |
|   15 |         vm_mod_fused_nn_conv2d_add_add_clip_divide_multiply_5 |        0.008 |         751.31 |     38 |
|   16 |                          vm_mod_fused_nn_conv2d_add_nn_relu_4 |        0.004 |        1153.74 |     38 |
|   17 |                      vm_mod_fused_nn_conv2d_add_clip_divide_1 |        0.002 |           3.51 |     38 |
|   18 |                                     vm_mod_fused_nn_dense_add |        0.011 |         226.77 |     38 |
|   19 |         vm_mod_fused_nn_conv2d_add_add_clip_divide_multiply_1 |        0.009 |        1874.37 |     38 |
|   20 |                         vm_mod_fused_nn_adaptive_avg_pool2d_3 |        0.004 |          -0.00 |     38 |
|   21 |                                vm_mod_fused_nn_conv2d_add_add |        0.003 |        1964.04 |     38 |
|   22 |        vm_mod_fused_nn_conv2d_add_add_clip_divide_multiply_13 |        0.006 |         427.76 |     38 |
|   23 |                          vm_mod_fused_nn_conv2d_add_nn_relu_7 |        0.005 |        1609.05 |     38 |
|   24 |                            vm_mod_fused_nn_conv2d_add_nn_relu |        0.003 |        1161.20 |     38 |
|   25 |                         vm_mod_fused_nn_conv2d_add_nn_relu_10 |        0.004 |          27.66 |     38 |
|   26 |         vm_mod_fused_nn_conv2d_add_add_clip_divide_multiply_6 |        0.004 |         204.52 |     38 |
|   27 |                              vm_mod_fused_nn_conv2d_add_add_4 |        0.010 |         604.96 |     38 |
|   28 |                              vm_mod_fused_nn_conv2d_add_add_6 |        0.021 |         701.14 |     38 |
|   29 |                          vm_mod_fused_nn_conv2d_add_nn_relu_3 |        0.004 |        2982.42 |     38 |
|   30 |         vm_mod_fused_nn_conv2d_add_add_clip_divide_multiply_2 |        0.007 |         161.25 |     38 |
|   31 |                         vm_mod_fused_nn_adaptive_avg_pool2d_4 |        0.004 |          -0.00 |     38 |
|   32 |        vm_mod_fused_nn_conv2d_add_add_clip_divide_multiply_11 |            - |              - |      0 |
|   33 |                              vm_mod_fused_nn_conv2d_add_add_2 |            - |              - |      0 |
|   34 |                           vm_mod_fused_nn_adaptive_avg_pool2d |            - |              - |      0 |
|   35 |                                  vm_mod_fused_nn_conv2d_add_2 |            - |              - |      0 |
|   36 |                         vm_mod_fused_nn_conv2d_add_nn_relu_11 |            - |              - |      0 |
|   37 |                      vm_mod_fused_nn_conv2d_add_clip_divide_4 |            - |              - |      0 |
|   38 |                                  vm_mod_fused_nn_conv2d_add_1 |            - |              - |      0 |
|   39 |        vm_mod_fused_nn_conv2d_add_add_clip_divide_multiply_12 |            - |              - |      0 |
|   40 |                          vm_mod_fused_nn_conv2d_add_nn_relu_6 |            - |              - |      0 |
|   41 |         vm_mod_fused_nn_conv2d_add_add_clip_divide_multiply_7 |            - |              - |      0 |
|   42 |                      vm_mod_fused_nn_conv2d_add_clip_divide_2 |            - |              - |      0 |
|   43 |         vm_mod_fused_nn_conv2d_add_add_clip_divide_multiply_3 |            - |              - |      0 |
|   44 |                          vm_mod_fused_nn_conv2d_add_nn_relu_2 |            - |              - |      0 |
|   45 |                         vm_mod_fused_nn_adaptive_avg_pool2d_5 |            - |              - |      0 |
|   46 |                                  vm_mod_fused_nn_conv2d_add_4 |            - |              - |      0 |
|   47 |                         vm_mod_fused_nn_adaptive_avg_pool2d_1 |            - |              - |      0 |
|   48 |                          vm_mod_fused_nn_conv2d_add_nn_relu_9 |            - |              - |      0 |
|   49 |                         vm_mod_fused_nn_conv2d_add_nn_relu_12 |            - |              - |      0 |
|   50 |                              vm_mod_fused_nn_conv2d_add_add_5 |            - |              - |      0 |
|   51 |         vm_mod_fused_nn_conv2d_add_add_clip_divide_multiply_8 |            - |              - |      0 |
-----------------------------------------------------------------------------------------------------------------
Estimated total latency: - ms	Trials: 1216	Used time : 3418 s	Next ID: 32	

Time elapsed for measurement: 29.90 s
----------------------------------------------------------------------
------------------------------  [ Train cost model ]
----------------------------------------------------------------------
Time elapsed for training: 2.45 s
----------------------------------------------------------------------
------------------------------  [ Task Scheduler ]
----------------------------------------------------------------------
----------------------------------------------------------------------
------------------------------  [ Search ]
----------------------------------------------------------------------
Generate Sketches		#s: 1
Sample Initial Population	#s: 121	fail_ct: 1927	Time elapsed: 5.62
GA Iter: 0	Max score: 0.9696	Min score: 0.4220	#Pop: 76	#M+: 0	#M-: 0
GA Iter: 4	Max score: 0.9997	Min score: 0.9898	#Pop: 76	#M+: 1385	#M-: 0
EvolutionarySearch		#s: 76	Time elapsed: 78.39
----------------------------------------------------------------------
------------------------------  [ Measure ]
----------------------------------------------------------------------
Get 38 programs to measure:
.....................................|  ID  |                       Task Description                        | Latency (ms) | Speed (GFLOPS) | Trials |
-----------------------------------------------------------------------------------------------------------------
|    0 |                          vm_mod_fused_nn_conv2d_add_nn_relu_5 |        0.004 |         786.27 |     38 |
|    1 |                                   vm_mod_fused_nn_dense_add_1 |        0.008 |         319.46 |     38 |
|    2 |                                    vm_mod_fused_nn_conv2d_add |        0.008 |        1196.78 |     38 |
|    3 |         vm_mod_fused_nn_conv2d_add_add_clip_divide_multiply_4 |        0.005 |         171.23 |     38 |
|    4 |           vm_mod_fused_nn_conv2d_add_add_clip_divide_multiply |        0.010 |        1208.29 |     38 |
|    5 |                              vm_mod_fused_nn_conv2d_add_add_3 |        0.005 |        1347.20 |     38 |
|    6 |                        vm_mod_fused_nn_conv2d_add_clip_divide |        0.003 |           1.38 |     38 |
|    7 |                          vm_mod_fused_nn_conv2d_add_nn_relu_1 |        0.004 |        7400.89 |     38 |
|    8 |                         vm_mod_fused_nn_adaptive_avg_pool2d_2 |        0.005 |          -0.00 |     38 |
|    9 |        vm_mod_fused_nn_conv2d_add_add_clip_divide_multiply_10 |        0.006 |         539.04 |     38 |
|   10 |                                  vm_mod_fused_nn_conv2d_add_3 |        0.015 |        1417.07 |     38 |
|   11 |                              vm_mod_fused_nn_conv2d_add_add_1 |        0.004 |        2914.37 |     38 |
|   12 |                          vm_mod_fused_nn_conv2d_add_nn_relu_8 |        0.004 |        1286.50 |     38 |
|   13 |                      vm_mod_fused_nn_conv2d_add_clip_divide_3 |        0.003 |          77.72 |     38 |
|   14 |         vm_mod_fused_nn_conv2d_add_add_clip_divide_multiply_9 |        0.009 |        3272.86 |     38 |
|   15 |         vm_mod_fused_nn_conv2d_add_add_clip_divide_multiply_5 |        0.008 |         751.31 |     38 |
|   16 |                          vm_mod_fused_nn_conv2d_add_nn_relu_4 |        0.004 |        1153.74 |     38 |
|   17 |                      vm_mod_fused_nn_conv2d_add_clip_divide_1 |        0.002 |           3.51 |     38 |
|   18 |                                     vm_mod_fused_nn_dense_add |        0.011 |         226.77 |     38 |
|   19 |         vm_mod_fused_nn_conv2d_add_add_clip_divide_multiply_1 |        0.009 |        1874.37 |     38 |
|   20 |                         vm_mod_fused_nn_adaptive_avg_pool2d_3 |        0.004 |          -0.00 |     38 |
|   21 |                                vm_mod_fused_nn_conv2d_add_add |        0.003 |        1964.04 |     38 |
|   22 |        vm_mod_fused_nn_conv2d_add_add_clip_divide_multiply_13 |        0.006 |         427.76 |     38 |
|   23 |                          vm_mod_fused_nn_conv2d_add_nn_relu_7 |        0.005 |        1609.05 |     38 |
|   24 |                            vm_mod_fused_nn_conv2d_add_nn_relu |        0.003 |        1161.20 |     38 |
|   25 |                         vm_mod_fused_nn_conv2d_add_nn_relu_10 |        0.004 |          27.66 |     38 |
|   26 |         vm_mod_fused_nn_conv2d_add_add_clip_divide_multiply_6 |        0.004 |         204.52 |     38 |
|   27 |                              vm_mod_fused_nn_conv2d_add_add_4 |        0.010 |         604.96 |     38 |
|   28 |                              vm_mod_fused_nn_conv2d_add_add_6 |        0.021 |         701.14 |     38 |
|   29 |                          vm_mod_fused_nn_conv2d_add_nn_relu_3 |        0.004 |        2982.42 |     38 |
|   30 |         vm_mod_fused_nn_conv2d_add_add_clip_divide_multiply_2 |        0.007 |         161.25 |     38 |
|   31 |                         vm_mod_fused_nn_adaptive_avg_pool2d_4 |        0.004 |          -0.00 |     38 |
|   32 |        vm_mod_fused_nn_conv2d_add_add_clip_divide_multiply_11 |        0.007 |         263.97 |     38 |
|   33 |                              vm_mod_fused_nn_conv2d_add_add_2 |            - |              - |      0 |
|   34 |                           vm_mod_fused_nn_adaptive_avg_pool2d |            - |              - |      0 |
|   35 |                                  vm_mod_fused_nn_conv2d_add_2 |            - |              - |      0 |
|   36 |                         vm_mod_fused_nn_conv2d_add_nn_relu_11 |            - |              - |      0 |
|   37 |                      vm_mod_fused_nn_conv2d_add_clip_divide_4 |            - |              - |      0 |
|   38 |                                  vm_mod_fused_nn_conv2d_add_1 |            - |              - |      0 |
|   39 |        vm_mod_fused_nn_conv2d_add_add_clip_divide_multiply_12 |            - |              - |      0 |
|   40 |                          vm_mod_fused_nn_conv2d_add_nn_relu_6 |            - |              - |      0 |
|   41 |         vm_mod_fused_nn_conv2d_add_add_clip_divide_multiply_7 |            - |              - |      0 |
|   42 |                      vm_mod_fused_nn_conv2d_add_clip_divide_2 |            - |              - |      0 |
|   43 |         vm_mod_fused_nn_conv2d_add_add_clip_divide_multiply_3 |            - |              - |      0 |
|   44 |                          vm_mod_fused_nn_conv2d_add_nn_relu_2 |            - |              - |      0 |
|   45 |                         vm_mod_fused_nn_adaptive_avg_pool2d_5 |            - |              - |      0 |
|   46 |                                  vm_mod_fused_nn_conv2d_add_4 |            - |              - |      0 |
|   47 |                         vm_mod_fused_nn_adaptive_avg_pool2d_1 |            - |              - |      0 |
|   48 |                          vm_mod_fused_nn_conv2d_add_nn_relu_9 |            - |              - |      0 |
|   49 |                         vm_mod_fused_nn_conv2d_add_nn_relu_12 |            - |              - |      0 |
|   50 |                              vm_mod_fused_nn_conv2d_add_add_5 |            - |              - |      0 |
|   51 |         vm_mod_fused_nn_conv2d_add_add_clip_divide_multiply_8 |            - |              - |      0 |
-----------------------------------------------------------------------------------------------------------------
Estimated total latency: - ms	Trials: 1254	Used time : 3575 s	Next ID: 33	
.T*************************************
Time elapsed for measurement: 28.36 s
----------------------------------------------------------------------
------------------------------  [ Train cost model ]
----------------------------------------------------------------------
Time elapsed for training: 0.00 s
----------------------------------------------------------------------
------------------------------  [ Task Scheduler ]
----------------------------------------------------------------------
----------------------------------------------------------------------
------------------------------  [ Search ]
----------------------------------------------------------------------
Generate Sketches		#s: 1
Sample Initial Population	#s: 601	fail_ct: 1447	Time elapsed: 3.93
GA Iter: 0	Max score: 0.9969	Min score: 0.8830	#Pop: 76	#M+: 0	#M-: 0
GA Iter: 4	Max score: 0.9999	Min score: 0.9893	#Pop: 76	#M+: 1407	#M-: 0
EvolutionarySearch		#s: 76	Time elapsed: 13.00
----------------------------------------------------------------------
------------------------------  [ Measure ]
----------------------------------------------------------------------
Get 38 programs to measure:
......................................**************************************|  ID  |                       Task Description                        | Latency (ms) | Speed (GFLOPS) | Trials |
-----------------------------------------------------------------------------------------------------------------
|    0 |                          vm_mod_fused_nn_conv2d_add_nn_relu_5 |        0.004 |         786.27 |     38 |
|    1 |                                   vm_mod_fused_nn_dense_add_1 |        0.008 |         319.46 |     38 |
|    2 |                                    vm_mod_fused_nn_conv2d_add |        0.008 |        1196.78 |     38 |
|    3 |         vm_mod_fused_nn_conv2d_add_add_clip_divide_multiply_4 |        0.005 |         171.23 |     38 |
|    4 |           vm_mod_fused_nn_conv2d_add_add_clip_divide_multiply |        0.010 |        1208.29 |     38 |
|    5 |                              vm_mod_fused_nn_conv2d_add_add_3 |        0.005 |        1347.20 |     38 |
|    6 |                        vm_mod_fused_nn_conv2d_add_clip_divide |        0.003 |           1.38 |     38 |
|    7 |                          vm_mod_fused_nn_conv2d_add_nn_relu_1 |        0.004 |        7400.89 |     38 |
|    8 |                         vm_mod_fused_nn_adaptive_avg_pool2d_2 |        0.005 |          -0.00 |     38 |
|    9 |        vm_mod_fused_nn_conv2d_add_add_clip_divide_multiply_10 |        0.006 |         539.04 |     38 |
|   10 |                                  vm_mod_fused_nn_conv2d_add_3 |        0.015 |        1417.07 |     38 |
|   11 |                              vm_mod_fused_nn_conv2d_add_add_1 |        0.004 |        2914.37 |     38 |
|   12 |                          vm_mod_fused_nn_conv2d_add_nn_relu_8 |        0.004 |        1286.50 |     38 |
|   13 |                      vm_mod_fused_nn_conv2d_add_clip_divide_3 |        0.003 |          77.72 |     38 |
|   14 |         vm_mod_fused_nn_conv2d_add_add_clip_divide_multiply_9 |        0.009 |        3272.86 |     38 |
|   15 |         vm_mod_fused_nn_conv2d_add_add_clip_divide_multiply_5 |        0.008 |         751.31 |     38 |
|   16 |                          vm_mod_fused_nn_conv2d_add_nn_relu_4 |        0.004 |        1153.74 |     38 |
|   17 |                      vm_mod_fused_nn_conv2d_add_clip_divide_1 |        0.002 |           3.51 |     38 |
|   18 |                                     vm_mod_fused_nn_dense_add |        0.011 |         226.77 |     38 |
|   19 |         vm_mod_fused_nn_conv2d_add_add_clip_divide_multiply_1 |        0.009 |        1874.37 |     38 |
|   20 |                         vm_mod_fused_nn_adaptive_avg_pool2d_3 |        0.004 |          -0.00 |     38 |
|   21 |                                vm_mod_fused_nn_conv2d_add_add |        0.003 |        1964.04 |     38 |
|   22 |        vm_mod_fused_nn_conv2d_add_add_clip_divide_multiply_13 |        0.006 |         427.76 |     38 |
|   23 |                          vm_mod_fused_nn_conv2d_add_nn_relu_7 |        0.005 |        1609.05 |     38 |
|   24 |                            vm_mod_fused_nn_conv2d_add_nn_relu |        0.003 |        1161.20 |     38 |
|   25 |                         vm_mod_fused_nn_conv2d_add_nn_relu_10 |        0.004 |          27.66 |     38 |
|   26 |         vm_mod_fused_nn_conv2d_add_add_clip_divide_multiply_6 |        0.004 |         204.52 |     38 |
|   27 |                              vm_mod_fused_nn_conv2d_add_add_4 |        0.010 |         604.96 |     38 |
|   28 |                              vm_mod_fused_nn_conv2d_add_add_6 |        0.021 |         701.14 |     38 |
|   29 |                          vm_mod_fused_nn_conv2d_add_nn_relu_3 |        0.004 |        2982.42 |     38 |
|   30 |         vm_mod_fused_nn_conv2d_add_add_clip_divide_multiply_2 |        0.007 |         161.25 |     38 |
|   31 |                         vm_mod_fused_nn_adaptive_avg_pool2d_4 |        0.004 |          -0.00 |     38 |
|   32 |        vm_mod_fused_nn_conv2d_add_add_clip_divide_multiply_11 |        0.007 |         263.97 |     38 |
|   33 |                              vm_mod_fused_nn_conv2d_add_add_2 |        0.006 |        1174.77 |     38 |
|   34 |                           vm_mod_fused_nn_adaptive_avg_pool2d |            - |              - |      0 |
|   35 |                                  vm_mod_fused_nn_conv2d_add_2 |            - |              - |      0 |
|   36 |                         vm_mod_fused_nn_conv2d_add_nn_relu_11 |            - |              - |      0 |
|   37 |                      vm_mod_fused_nn_conv2d_add_clip_divide_4 |            - |              - |      0 |
|   38 |                                  vm_mod_fused_nn_conv2d_add_1 |            - |              - |      0 |
|   39 |        vm_mod_fused_nn_conv2d_add_add_clip_divide_multiply_12 |            - |              - |      0 |
|   40 |                          vm_mod_fused_nn_conv2d_add_nn_relu_6 |            - |              - |      0 |
|   41 |         vm_mod_fused_nn_conv2d_add_add_clip_divide_multiply_7 |            - |              - |      0 |
|   42 |                      vm_mod_fused_nn_conv2d_add_clip_divide_2 |            - |              - |      0 |
|   43 |         vm_mod_fused_nn_conv2d_add_add_clip_divide_multiply_3 |            - |              - |      0 |
|   44 |                          vm_mod_fused_nn_conv2d_add_nn_relu_2 |            - |              - |      0 |
|   45 |                         vm_mod_fused_nn_adaptive_avg_pool2d_5 |            - |              - |      0 |
|   46 |                                  vm_mod_fused_nn_conv2d_add_4 |            - |              - |      0 |
|   47 |                         vm_mod_fused_nn_adaptive_avg_pool2d_1 |            - |              - |      0 |
|   48 |                          vm_mod_fused_nn_conv2d_add_nn_relu_9 |            - |              - |      0 |
|   49 |                         vm_mod_fused_nn_conv2d_add_nn_relu_12 |            - |              - |      0 |
|   50 |                              vm_mod_fused_nn_conv2d_add_add_5 |            - |              - |      0 |
|   51 |         vm_mod_fused_nn_conv2d_add_add_clip_divide_multiply_8 |            - |              - |      0 |
-----------------------------------------------------------------------------------------------------------------
Estimated total latency: - ms	Trials: 1292	Used time : 3687 s	Next ID: 34	

Time elapsed for measurement: 15.89 s
----------------------------------------------------------------------
------------------------------  [ Train cost model ]
----------------------------------------------------------------------
Time elapsed for training: 0.00 s
----------------------------------------------------------------------
------------------------------  [ Task Scheduler ]
----------------------------------------------------------------------
----------------------------------------------------------------------
------------------------------  [ Search ]
----------------------------------------------------------------------
Generate Sketches		#s: 1
Sample Initial Population	#s: 111	fail_ct: 1937	Time elapsed: 5.28
GA Iter: 0	Max score: 0.9982	Min score: 0.3967	#Pop: 76	#M+: 0	#M-: 0
GA Iter: 4	Max score: 0.9999	Min score: 0.9899	#Pop: 76	#M+: 1387	#M-: 0
EvolutionarySearch		#s: 76	Time elapsed: 74.54
----------------------------------------------------------------------
------------------------------  [ Measure ]
----------------------------------------------------------------------
Get 38 programs to measure:
......................................**************************************|  ID  |                       Task Description                        | Latency (ms) | Speed (GFLOPS) | Trials |
-----------------------------------------------------------------------------------------------------------------
|    0 |                          vm_mod_fused_nn_conv2d_add_nn_relu_5 |        0.004 |         786.27 |     38 |
|    1 |                                   vm_mod_fused_nn_dense_add_1 |        0.008 |         319.46 |     38 |
|    2 |                                    vm_mod_fused_nn_conv2d_add |        0.008 |        1196.78 |     38 |
|    3 |         vm_mod_fused_nn_conv2d_add_add_clip_divide_multiply_4 |        0.005 |         171.23 |     38 |
|    4 |           vm_mod_fused_nn_conv2d_add_add_clip_divide_multiply |        0.010 |        1208.29 |     38 |
|    5 |                              vm_mod_fused_nn_conv2d_add_add_3 |        0.005 |        1347.20 |     38 |
|    6 |                        vm_mod_fused_nn_conv2d_add_clip_divide |        0.003 |           1.38 |     38 |
|    7 |                          vm_mod_fused_nn_conv2d_add_nn_relu_1 |        0.004 |        7400.89 |     38 |
|    8 |                         vm_mod_fused_nn_adaptive_avg_pool2d_2 |        0.005 |          -0.00 |     38 |
|    9 |        vm_mod_fused_nn_conv2d_add_add_clip_divide_multiply_10 |        0.006 |         539.04 |     38 |
|   10 |                                  vm_mod_fused_nn_conv2d_add_3 |        0.015 |        1417.07 |     38 |
|   11 |                              vm_mod_fused_nn_conv2d_add_add_1 |        0.004 |        2914.37 |     38 |
|   12 |                          vm_mod_fused_nn_conv2d_add_nn_relu_8 |        0.004 |        1286.50 |     38 |
|   13 |                      vm_mod_fused_nn_conv2d_add_clip_divide_3 |        0.003 |          77.72 |     38 |
|   14 |         vm_mod_fused_nn_conv2d_add_add_clip_divide_multiply_9 |        0.009 |        3272.86 |     38 |
|   15 |         vm_mod_fused_nn_conv2d_add_add_clip_divide_multiply_5 |        0.008 |         751.31 |     38 |
|   16 |                          vm_mod_fused_nn_conv2d_add_nn_relu_4 |        0.004 |        1153.74 |     38 |
|   17 |                      vm_mod_fused_nn_conv2d_add_clip_divide_1 |        0.002 |           3.51 |     38 |
|   18 |                                     vm_mod_fused_nn_dense_add |        0.011 |         226.77 |     38 |
|   19 |         vm_mod_fused_nn_conv2d_add_add_clip_divide_multiply_1 |        0.009 |        1874.37 |     38 |
|   20 |                         vm_mod_fused_nn_adaptive_avg_pool2d_3 |        0.004 |          -0.00 |     38 |
|   21 |                                vm_mod_fused_nn_conv2d_add_add |        0.003 |        1964.04 |     38 |
|   22 |        vm_mod_fused_nn_conv2d_add_add_clip_divide_multiply_13 |        0.006 |         427.76 |     38 |
|   23 |                          vm_mod_fused_nn_conv2d_add_nn_relu_7 |        0.005 |        1609.05 |     38 |
|   24 |                            vm_mod_fused_nn_conv2d_add_nn_relu |        0.003 |        1161.20 |     38 |
|   25 |                         vm_mod_fused_nn_conv2d_add_nn_relu_10 |        0.004 |          27.66 |     38 |
|   26 |         vm_mod_fused_nn_conv2d_add_add_clip_divide_multiply_6 |        0.004 |         204.52 |     38 |
|   27 |                              vm_mod_fused_nn_conv2d_add_add_4 |        0.010 |         604.96 |     38 |
|   28 |                              vm_mod_fused_nn_conv2d_add_add_6 |        0.021 |         701.14 |     38 |
|   29 |                          vm_mod_fused_nn_conv2d_add_nn_relu_3 |        0.004 |        2982.42 |     38 |
|   30 |         vm_mod_fused_nn_conv2d_add_add_clip_divide_multiply_2 |        0.007 |         161.25 |     38 |
|   31 |                         vm_mod_fused_nn_adaptive_avg_pool2d_4 |        0.004 |          -0.00 |     38 |
|   32 |        vm_mod_fused_nn_conv2d_add_add_clip_divide_multiply_11 |        0.007 |         263.97 |     38 |
|   33 |                              vm_mod_fused_nn_conv2d_add_add_2 |        0.006 |        1174.77 |     38 |
|   34 |                           vm_mod_fused_nn_adaptive_avg_pool2d |        0.008 |          -0.00 |     38 |
|   35 |                                  vm_mod_fused_nn_conv2d_add_2 |            - |              - |      0 |
|   36 |                         vm_mod_fused_nn_conv2d_add_nn_relu_11 |            - |              - |      0 |
|   37 |                      vm_mod_fused_nn_conv2d_add_clip_divide_4 |            - |              - |      0 |
|   38 |                                  vm_mod_fused_nn_conv2d_add_1 |            - |              - |      0 |
|   39 |        vm_mod_fused_nn_conv2d_add_add_clip_divide_multiply_12 |            - |              - |      0 |
|   40 |                          vm_mod_fused_nn_conv2d_add_nn_relu_6 |            - |              - |      0 |
|   41 |         vm_mod_fused_nn_conv2d_add_add_clip_divide_multiply_7 |            - |              - |      0 |
|   42 |                      vm_mod_fused_nn_conv2d_add_clip_divide_2 |            - |              - |      0 |
|   43 |         vm_mod_fused_nn_conv2d_add_add_clip_divide_multiply_3 |            - |              - |      0 |
|   44 |                          vm_mod_fused_nn_conv2d_add_nn_relu_2 |            - |              - |      0 |
|   45 |                         vm_mod_fused_nn_adaptive_avg_pool2d_5 |            - |              - |      0 |
|   46 |                                  vm_mod_fused_nn_conv2d_add_4 |            - |              - |      0 |
|   47 |                         vm_mod_fused_nn_adaptive_avg_pool2d_1 |            - |              - |      0 |
|   48 |                          vm_mod_fused_nn_conv2d_add_nn_relu_9 |            - |              - |      0 |
|   49 |                         vm_mod_fused_nn_conv2d_add_nn_relu_12 |            - |              - |      0 |
|   50 |                              vm_mod_fused_nn_conv2d_add_add_5 |            - |              - |      0 |
|   51 |         vm_mod_fused_nn_conv2d_add_add_clip_divide_multiply_8 |            - |              - |      0 |
-----------------------------------------------------------------------------------------------------------------
Estimated total latency: - ms	Trials: 1330	Used time : 3720 s	Next ID: 35	

Time elapsed for measurement: 19.06 s
----------------------------------------------------------------------
------------------------------  [ Train cost model ]
----------------------------------------------------------------------
Time elapsed for training: 0.00 s
----------------------------------------------------------------------
------------------------------  [ Task Scheduler ]
----------------------------------------------------------------------
----------------------------------------------------------------------
------------------------------  [ Search ]
----------------------------------------------------------------------
Generate Sketches		#s: 2
Sample Initial Population	#s: 87	fail_ct: 1961	Time elapsed: 3.27
GA Iter: 0	Max score: 0.9977	Min score: 0.0826	#Pop: 76	#M+: 0	#M-: 0
GA Iter: 4	Max score: 0.9998	Min score: 0.9622	#Pop: 76	#M+: 1400	#M-: 0
EvolutionarySearch		#s: 76	Time elapsed: 12.84
----------------------------------------------------------------------
------------------------------  [ Measure ]
----------------------------------------------------------------------
Get 38 programs to measure:
.................................E.E.E.E..**********************************|  ID  |                       Task Description                        | Latency (ms) | Speed (GFLOPS) | Trials |
-----------------------------------------------------------------------------------------------------------------
|    0 |                          vm_mod_fused_nn_conv2d_add_nn_relu_5 |        0.004 |         786.27 |     38 |
|    1 |                                   vm_mod_fused_nn_dense_add_1 |        0.008 |         319.46 |     38 |
|    2 |                                    vm_mod_fused_nn_conv2d_add |        0.008 |        1196.78 |     38 |
|    3 |         vm_mod_fused_nn_conv2d_add_add_clip_divide_multiply_4 |        0.005 |         171.23 |     38 |
|    4 |           vm_mod_fused_nn_conv2d_add_add_clip_divide_multiply |        0.010 |        1208.29 |     38 |
|    5 |                              vm_mod_fused_nn_conv2d_add_add_3 |        0.005 |        1347.20 |     38 |
|    6 |                        vm_mod_fused_nn_conv2d_add_clip_divide |        0.003 |           1.38 |     38 |
|    7 |                          vm_mod_fused_nn_conv2d_add_nn_relu_1 |        0.004 |        7400.89 |     38 |
|    8 |                         vm_mod_fused_nn_adaptive_avg_pool2d_2 |        0.005 |          -0.00 |     38 |
|    9 |        vm_mod_fused_nn_conv2d_add_add_clip_divide_multiply_10 |        0.006 |         539.04 |     38 |
|   10 |                                  vm_mod_fused_nn_conv2d_add_3 |        0.015 |        1417.07 |     38 |
|   11 |                              vm_mod_fused_nn_conv2d_add_add_1 |        0.004 |        2914.37 |     38 |
|   12 |                          vm_mod_fused_nn_conv2d_add_nn_relu_8 |        0.004 |        1286.50 |     38 |
|   13 |                      vm_mod_fused_nn_conv2d_add_clip_divide_3 |        0.003 |          77.72 |     38 |
|   14 |         vm_mod_fused_nn_conv2d_add_add_clip_divide_multiply_9 |        0.009 |        3272.86 |     38 |
|   15 |         vm_mod_fused_nn_conv2d_add_add_clip_divide_multiply_5 |        0.008 |         751.31 |     38 |
|   16 |                          vm_mod_fused_nn_conv2d_add_nn_relu_4 |        0.004 |        1153.74 |     38 |
|   17 |                      vm_mod_fused_nn_conv2d_add_clip_divide_1 |        0.002 |           3.51 |     38 |
|   18 |                                     vm_mod_fused_nn_dense_add |        0.011 |         226.77 |     38 |
|   19 |         vm_mod_fused_nn_conv2d_add_add_clip_divide_multiply_1 |        0.009 |        1874.37 |     38 |
|   20 |                         vm_mod_fused_nn_adaptive_avg_pool2d_3 |        0.004 |          -0.00 |     38 |
|   21 |                                vm_mod_fused_nn_conv2d_add_add |        0.003 |        1964.04 |     38 |
|   22 |        vm_mod_fused_nn_conv2d_add_add_clip_divide_multiply_13 |        0.006 |         427.76 |     38 |
|   23 |                          vm_mod_fused_nn_conv2d_add_nn_relu_7 |        0.005 |        1609.05 |     38 |
|   24 |                            vm_mod_fused_nn_conv2d_add_nn_relu |        0.003 |        1161.20 |     38 |
|   25 |                         vm_mod_fused_nn_conv2d_add_nn_relu_10 |        0.004 |          27.66 |     38 |
|   26 |         vm_mod_fused_nn_conv2d_add_add_clip_divide_multiply_6 |        0.004 |         204.52 |     38 |
|   27 |                              vm_mod_fused_nn_conv2d_add_add_4 |        0.010 |         604.96 |     38 |
|   28 |                              vm_mod_fused_nn_conv2d_add_add_6 |        0.021 |         701.14 |     38 |
|   29 |                          vm_mod_fused_nn_conv2d_add_nn_relu_3 |        0.004 |        2982.42 |     38 |
|   30 |         vm_mod_fused_nn_conv2d_add_add_clip_divide_multiply_2 |        0.007 |         161.25 |     38 |
|   31 |                         vm_mod_fused_nn_adaptive_avg_pool2d_4 |        0.004 |          -0.00 |     38 |
|   32 |        vm_mod_fused_nn_conv2d_add_add_clip_divide_multiply_11 |        0.007 |         263.97 |     38 |
|   33 |                              vm_mod_fused_nn_conv2d_add_add_2 |        0.006 |        1174.77 |     38 |
|   34 |                           vm_mod_fused_nn_adaptive_avg_pool2d |        0.008 |          -0.00 |     38 |
|   35 |                                  vm_mod_fused_nn_conv2d_add_2 |        0.005 |        1471.65 |     38 |
|   36 |                         vm_mod_fused_nn_conv2d_add_nn_relu_11 |            - |              - |      0 |
|   37 |                      vm_mod_fused_nn_conv2d_add_clip_divide_4 |            - |              - |      0 |
|   38 |                                  vm_mod_fused_nn_conv2d_add_1 |            - |              - |      0 |
|   39 |        vm_mod_fused_nn_conv2d_add_add_clip_divide_multiply_12 |            - |              - |      0 |
|   40 |                          vm_mod_fused_nn_conv2d_add_nn_relu_6 |            - |              - |      0 |
|   41 |         vm_mod_fused_nn_conv2d_add_add_clip_divide_multiply_7 |            - |              - |      0 |
|   42 |                      vm_mod_fused_nn_conv2d_add_clip_divide_2 |            - |              - |      0 |
|   43 |         vm_mod_fused_nn_conv2d_add_add_clip_divide_multiply_3 |            - |              - |      0 |
|   44 |                          vm_mod_fused_nn_conv2d_add_nn_relu_2 |            - |              - |      0 |
|   45 |                         vm_mod_fused_nn_adaptive_avg_pool2d_5 |            - |              - |      0 |
|   46 |                                  vm_mod_fused_nn_conv2d_add_4 |            - |              - |      0 |
|   47 |                         vm_mod_fused_nn_adaptive_avg_pool2d_1 |            - |              - |      0 |
|   48 |                          vm_mod_fused_nn_conv2d_add_nn_relu_9 |            - |              - |      0 |
|   49 |                         vm_mod_fused_nn_conv2d_add_nn_relu_12 |            - |              - |      0 |
|   50 |                              vm_mod_fused_nn_conv2d_add_add_5 |            - |              - |      0 |
|   51 |         vm_mod_fused_nn_conv2d_add_add_clip_divide_multiply_8 |            - |              - |      0 |
-----------------------------------------------------------------------------------------------------------------
Estimated total latency: - ms	Trials: 1368	Used time : 3819 s	Next ID: 36	

Time elapsed for measurement: 14.83 s
----------------------------------------------------------------------
------------------------------  [ Train cost model ]
----------------------------------------------------------------------
Time elapsed for training: 0.00 s
----------------------------------------------------------------------
------------------------------  [ Task Scheduler ]
----------------------------------------------------------------------
----------------------------------------------------------------------
------------------------------  [ Search ]
----------------------------------------------------------------------
Generate Sketches		#s: 1
Sample Initial Population	#s: 54	fail_ct: 4042	Time elapsed: 9.63
GA Iter: 0	Max score: 0.9915	Min score: 0.0371	#Pop: 54	#M+: 0	#M-: 0
GA Iter: 4	Max score: 1.0000	Min score: 0.9875	#Pop: 76	#M+: 1383	#M-: 0
EvolutionarySearch		#s: 76	Time elapsed: 57.23
----------------------------------------------------------------------
------------------------------  [ Measure ]
----------------------------------------------------------------------
Get 38 programs to measure:
......................................*****************Eterminate called after throwing an instance of 'tvm::runtime::InternalError'
  what():  [19:23:57] /data3/qsy/complier/tlm/src/runtime/cuda/cuda_module.cc:61: CUDAError: cuModuleUnload(module_[i]) failed with error: CUDA_ERROR_MISALIGNED_ADDRESS
Stack trace:
  0: tvm::runtime::SimpleObjAllocator::Handler<tvm::runtime::CUDAModuleNode>::Deleter_(tvm::runtime::Object*)
  1: tvm::runtime::SimpleObjAllocator::Handler<tvm::runtime::LibraryModuleNode>::Deleter_(tvm::runtime::Object*)
  2: _ZN3tvm7runtime18SimpleObjAllocator7HandlerINS0_16PackedFuncS
  3: _ZN3tvm7runtime18SimpleObjAllocator7HandlerINS0_16PackedFuncSubObjIZNS0_9profiling17WrapTimeE
  4: TVMObjectFree
  5: __pyx_tp_dealloc_3tvm_4_ffi_4_cy3_4core_PackedFuncBase(_object*)
  6: subtype_dealloc
        at /usr/local/src/conda/python-3.10.18/Objects/typeobject.c:1460
  7: _Py_DECREF
        at /usr/local/src/conda/python-3.10.18/Include/object.h:500
  8: _Py_XDECREF
        at /usr/local/src/conda/python-3.10.18/Include/object.h:567
  9: cell_dealloc
        at /usr/local/src/conda/python-3.10.18/Objects/cellobject.c:82
  10: _Py_Dealloc
        at /usr/local/src/conda/python-3.10.18/Objects/object.c:2301
  11: _Py_DECREF
        at /usr/local/src/conda/python-3.10.18/Include/object.h:500
  12: _Py_XDECREF
        at /usr/local/src/conda/python-3.10.18/Include/object.h:567
  13: tupledealloc
        at /usr/local/src/conda/python-3.10.18/Objects/tupleobject.c:276
  14: _Py_Dealloc
        at /usr/local/src/conda/python-3.10.18/Objects/object.c:2301
  15: _Py_DECREF
        at /usr/local/src/conda/python-3.10.18/Include/object.h:500
  16: func_clear
        at /usr/local/src/conda/python-3.10.18/Objects/funcobject.c:636
  17: func_dealloc
        at /usr/local/src/conda/python-3.10.18/Objects/funcobject.c:648
  18: _Py_Dealloc
        at /usr/local/src/conda/python-3.10.18/Objects/object.c:2301
  19: _Py_DECREF
        at /usr/local/src/conda/python-3.10.18/Include/object.h:500
  20: frame_dealloc
        at /usr/local/src/conda/python-3.10.18/Objects/frameobject.c:591
  21: _Py_Dealloc
        at /usr/local/src/conda/python-3.10.18/Objects/object.c:2301
  22: _Py_DECREF
        at /usr/local/src/conda/python-3.10.18/Include/object.h:500
  23: _PyEval_Vector
        at /usr/local/src/conda/python-3.10.18/Python/ceval.c:5080
  24: _PyFunction_Vectorcall
        at /usr/local/src/conda/python-3.10.18/Objects/call.c:342
  25: do_call_core
        at /usr/local/src/conda/python-3.10.18/Python/ceval.c:5945
  26: _PyEval_EvalFrameDefault
        at /usr/local/src/conda/python-3.10.18/Python/ceval.c:4277
  27: _PyEval_EvalFrame
        at /usr/local/src/conda/python-3.10.18/Include/internal/pycore_ceval.h:46
  28: _PyEval_Vector
        at /usr/local/src/conda/python-3.10.18/Python/ceval.c:5067
  29: _PyFunction_Vectorcall
        at /usr/local/src/conda/python-3.10.18/Objects/call.c:342
  30: _PyObject_VectorcallTstate
        at /usr/local/src/conda/python-3.10.18/Include/cpython/abstract.h:114
  31: PyObject_Vectorcall
        at /usr/local/src/conda/python-3.10.18/Include/cpython/abstract.h:123
  32: call_function
        at /usr/local/src/conda/python-3.10.18/Python/ceval.c:5893
  33: _PyEval_EvalFrameDefault
        at /usr/local/src/conda/python-3.10.18/Python/ceval.c:4213
  34: _PyEval_EvalFrame
        at /usr/local/src/conda/python-3.10.18/Include/internal/pycore_ceval.h:46
  35: _PyEval_Vector
        at /usr/local/src/conda/python-3.10.18/Python/ceval.c:5067
  36: PyEval_EvalCode
        at /usr/local/src/conda/python-3.10.18/Python/ceval.c:1134
  37: builtin_exec_impl
        at /usr/local/src/conda/python-3.10.18/Python/bltinmodule.c:1058
  38: builtin_exec
        at /usr/local/src/conda/python-3.10.18/Python/clinic/bltinmodule.c.h:371
  39: cfunction_vectorcall_FASTCALL
        at /usr/local/src/conda/python-3.10.18/Objects/methodobject.c:430
  40: _PyObject_VectorcallTstate
        at /usr/local/src/conda/python-3.10.18/Include/cpython/abstract.h:114
  41: PyObject_Vectorcall
        at /usr/local/src/conda/python-3.10.18/Include/cpython/abstract.h:123
  42: call_function
        at /usr/local/src/conda/python-3.10.18/Python/ceval.c:5893
  43: _PyEval_EvalFrameDefault
        at /usr/local/src/conda/python-3.10.18/Python/ceval.c:4213
  44: _PyEval_EvalFrame
        at /usr/local/src/conda/python-3.10.18/Include/internal/pycore_ceval.h:46
  45: _PyEval_Vector
        at /usr/local/src/conda/python-3.10.18/Python/ceval.c:5067
  46: _PyFunction_Vectorcall
        at /usr/local/src/conda/python-3.10.18/Objects/call.c:342
  47: _PyObject_VectorcallTstate
        at /usr/local/src/conda/python-3.10.18/Include/cpython/abstract.h:114
  48: PyObject_Vectorcall
        at /usr/local/src/conda/python-3.10.18/Include/cpython/abstract.h:123
  49: call_function
        at /usr/local/src/conda/python-3.10.18/Python/ceval.c:5893
  50: _PyEval_EvalFrameDefault
        at /usr/local/src/conda/python-3.10.18/Python/ceval.c:4213
  51: _PyEval_EvalFrame
        at /usr/local/src/conda/python-3.10.18/Include/internal/pycore_ceval.h:46
  52: _PyEval_Vector
        at /usr/local/src/conda/python-3.10.18/Python/ceval.c:5067
  53: _PyFunction_Vectorcall
        at /usr/local/src/conda/python-3.10.18/Objects/call.c:342
  54: pymain_run_module
        at /usr/local/src/conda/python-3.10.18/Modules/main.c:297
  55: pymain_run_python
        at /usr/local/src/conda/python-3.10.18/Modules/main.c:589
  56: Py_RunMain
        at /usr/local/src/conda/python-3.10.18/Modules/main.c:674
  57: Py_BytesMain
        at /usr/local/src/conda/python-3.10.18/Modules/main.c:1094
  58: __libc_start_main
        at ../csu/libc-start.c:308
  59: 0x000000000058728d
  60: 0xffffffffffffffff


|  ID  |                       Task Description                        | Latency (ms) | Speed (GFLOPS) | Trials |
-----------------------------------------------------------------------------------------------------------------
|    0 |                          vm_mod_fused_nn_conv2d_add_nn_relu_5 |        0.004 |         786.27 |     38 |
|    1 |                                   vm_mod_fused_nn_dense_add_1 |        0.008 |         319.46 |     38 |
|    2 |                                    vm_mod_fused_nn_conv2d_add |        0.008 |        1196.78 |     38 |
|    3 |         vm_mod_fused_nn_conv2d_add_add_clip_divide_multiply_4 |        0.005 |         171.23 |     38 |
|    4 |           vm_mod_fused_nn_conv2d_add_add_clip_divide_multiply |        0.010 |        1208.29 |     38 |
|    5 |                              vm_mod_fused_nn_conv2d_add_add_3 |        0.005 |        1347.20 |     38 |
|    6 |                        vm_mod_fused_nn_conv2d_add_clip_divide |        0.003 |           1.38 |     38 |
|    7 |                          vm_mod_fused_nn_conv2d_add_nn_relu_1 |        0.004 |        7400.89 |     38 |
|    8 |                         vm_mod_fused_nn_adaptive_avg_pool2d_2 |        0.005 |          -0.00 |     38 |
|    9 |        vm_mod_fused_nn_conv2d_add_add_clip_divide_multiply_10 |        0.006 |         539.04 |     38 |
|   10 |                                  vm_mod_fused_nn_conv2d_add_3 |        0.015 |        1417.07 |     38 |
|   11 |                              vm_mod_fused_nn_conv2d_add_add_1 |        0.004 |        2914.37 |     38 |
|   12 |                          vm_mod_fused_nn_conv2d_add_nn_relu_8 |        0.004 |        1286.50 |     38 |
|   13 |                      vm_mod_fused_nn_conv2d_add_clip_divide_3 |        0.003 |          77.72 |     38 |
|   14 |         vm_mod_fused_nn_conv2d_add_add_clip_divide_multiply_9 |        0.009 |        3272.86 |     38 |
|   15 |         vm_mod_fused_nn_conv2d_add_add_clip_divide_multiply_5 |        0.008 |         751.31 |     38 |
|   16 |                          vm_mod_fused_nn_conv2d_add_nn_relu_4 |        0.004 |        1153.74 |     38 |
|   17 |                      vm_mod_fused_nn_conv2d_add_clip_divide_1 |        0.002 |           3.51 |     38 |
|   18 |                                     vm_mod_fused_nn_dense_add |        0.011 |         226.77 |     38 |
|   19 |         vm_mod_fused_nn_conv2d_add_add_clip_divide_multiply_1 |        0.009 |        1874.37 |     38 |
|   20 |                         vm_mod_fused_nn_adaptive_avg_pool2d_3 |        0.004 |          -0.00 |     38 |
|   21 |                                vm_mod_fused_nn_conv2d_add_add |        0.003 |        1964.04 |     38 |
|   22 |        vm_mod_fused_nn_conv2d_add_add_clip_divide_multiply_13 |        0.006 |         427.76 |     38 |
|   23 |                          vm_mod_fused_nn_conv2d_add_nn_relu_7 |        0.005 |        1609.05 |     38 |
|   24 |                            vm_mod_fused_nn_conv2d_add_nn_relu |        0.003 |        1161.20 |     38 |
|   25 |                         vm_mod_fused_nn_conv2d_add_nn_relu_10 |        0.004 |          27.66 |     38 |
|   26 |         vm_mod_fused_nn_conv2d_add_add_clip_divide_multiply_6 |        0.004 |         204.52 |     38 |
|   27 |                              vm_mod_fused_nn_conv2d_add_add_4 |        0.010 |         604.96 |     38 |
|   28 |                              vm_mod_fused_nn_conv2d_add_add_6 |        0.021 |         701.14 |     38 |
|   29 |                          vm_mod_fused_nn_conv2d_add_nn_relu_3 |        0.004 |        2982.42 |     38 |
|   30 |         vm_mod_fused_nn_conv2d_add_add_clip_divide_multiply_2 |        0.007 |         161.25 |     38 |
|   31 |                         vm_mod_fused_nn_adaptive_avg_pool2d_4 |        0.004 |          -0.00 |     38 |
|   32 |        vm_mod_fused_nn_conv2d_add_add_clip_divide_multiply_11 |        0.007 |         263.97 |     38 |
|   33 |                              vm_mod_fused_nn_conv2d_add_add_2 |        0.006 |        1174.77 |     38 |
|   34 |                           vm_mod_fused_nn_adaptive_avg_pool2d |        0.008 |          -0.00 |     38 |
|   35 |                                  vm_mod_fused_nn_conv2d_add_2 |        0.005 |        1471.65 |     38 |
|   36 |                         vm_mod_fused_nn_conv2d_add_nn_relu_11 |        0.007 |          32.89 |     38 |
|   37 |                      vm_mod_fused_nn_conv2d_add_clip_divide_4 |            - |              - |      0 |
|   38 |                                  vm_mod_fused_nn_conv2d_add_1 |            - |              - |      0 |
|   39 |        vm_mod_fused_nn_conv2d_add_add_clip_divide_multiply_12 |            - |              - |      0 |
|   40 |                          vm_mod_fused_nn_conv2d_add_nn_relu_6 |            - |              - |      0 |
|   41 |         vm_mod_fused_nn_conv2d_add_add_clip_divide_multiply_7 |            - |              - |      0 |
|   42 |                      vm_mod_fused_nn_conv2d_add_clip_divide_2 |            - |              - |      0 |
|   43 |         vm_mod_fused_nn_conv2d_add_add_clip_divide_multiply_3 |            - |              - |      0 |
|   44 |                          vm_mod_fused_nn_conv2d_add_nn_relu_2 |            - |              - |      0 |
|   45 |                         vm_mod_fused_nn_adaptive_avg_pool2d_5 |            - |              - |      0 |
|   46 |                                  vm_mod_fused_nn_conv2d_add_4 |            - |              - |      0 |
|   47 |                         vm_mod_fused_nn_adaptive_avg_pool2d_1 |            - |              - |      0 |
|   48 |                          vm_mod_fused_nn_conv2d_add_nn_relu_9 |            - |              - |      0 |
|   49 |                         vm_mod_fused_nn_conv2d_add_nn_relu_12 |            - |              - |      0 |
|   50 |                              vm_mod_fused_nn_conv2d_add_add_5 |            - |              - |      0 |
|   51 |         vm_mod_fused_nn_conv2d_add_add_clip_divide_multiply_8 |            - |              - |      0 |
-----------------------------------------------------------------------------------------------------------------
Estimated total latency: - ms	Trials: 1406	Used time : 3850 s	Next ID: 37	
*E******Eterminate called after throwing an instance of 'tvm::runtime::InternalError'
  what():  [19:23:59] /data3/qsy/complier/tlm/src/runtime/cuda/cuda_module.cc:61: CUDAError: cuModuleUnload(module_[i]) failed with error: CUDA_ERROR_MISALIGNED_ADDRESS
Stack trace:
  0: tvm::runtime::SimpleObjAllocator::Handler<tvm::runtime::CUDAModuleNode>::Deleter_(tvm::runtime::Object*)
  1: tvm::runtime::SimpleObjAllocator::Handler<tvm::runtime::LibraryModuleNode>::Deleter_(tvm::runtime::Object*)
  2: _ZN3tvm7runtime18SimpleObjAllocator7HandlerINS0_16PackedFuncS
  3: _ZN3tvm7runtime18SimpleObjAllocator7HandlerINS0_16PackedFuncSubObjIZNS0_9profiling17WrapTimeE
  4: TVMObjectFree
  5: __pyx_tp_dealloc_3tvm_4_ffi_4_cy3_4core_PackedFuncBase(_object*)
  6: subtype_dealloc
        at /usr/local/src/conda/python-3.10.18/Objects/typeobject.c:1460
  7: _Py_DECREF
        at /usr/local/src/conda/python-3.10.18/Include/object.h:500
  8: _Py_XDECREF
        at /usr/local/src/conda/python-3.10.18/Include/object.h:567
  9: cell_dealloc
        at /usr/local/src/conda/python-3.10.18/Objects/cellobject.c:82
  10: _Py_Dealloc
        at /usr/local/src/conda/python-3.10.18/Objects/object.c:2301
  11: _Py_DECREF
        at /usr/local/src/conda/python-3.10.18/Include/object.h:500
  12: _Py_XDECREF
        at /usr/local/src/conda/python-3.10.18/Include/object.h:567
  13: tupledealloc
        at /usr/local/src/conda/python-3.10.18/Objects/tupleobject.c:276
  14: _Py_Dealloc
        at /usr/local/src/conda/python-3.10.18/Objects/object.c:2301
  15: _Py_DECREF
        at /usr/local/src/conda/python-3.10.18/Include/object.h:500
  16: func_clear
        at /usr/local/src/conda/python-3.10.18/Objects/funcobject.c:636
  17: func_dealloc
        at /usr/local/src/conda/python-3.10.18/Objects/funcobject.c:648
  18: _Py_Dealloc
        at /usr/local/src/conda/python-3.10.18/Objects/object.c:2301
  19: _Py_DECREF
        at /usr/local/src/conda/python-3.10.18/Include/object.h:500
  20: frame_dealloc
        at /usr/local/src/conda/python-3.10.18/Objects/frameobject.c:591
  21: _Py_Dealloc
        at /usr/local/src/conda/python-3.10.18/Objects/object.c:2301
  22: _Py_DECREF
        at /usr/local/src/conda/python-3.10.18/Include/object.h:500
  23: _PyEval_Vector
        at /usr/local/src/conda/python-3.10.18/Python/ceval.c:5080
  24: _PyFunction_Vectorcall
        at /usr/local/src/conda/python-3.10.18/Objects/call.c:342
  25: do_call_core
        at /usr/local/src/conda/python-3.10.18/Python/ceval.c:5945
  26: _PyEval_EvalFrameDefault
        at /usr/local/src/conda/python-3.10.18/Python/ceval.c:4277
  27: _PyEval_EvalFrame
        at /usr/local/src/conda/python-3.10.18/Include/internal/pycore_ceval.h:46
  28: _PyEval_Vector
        at /usr/local/src/conda/python-3.10.18/Python/ceval.c:5067
  29: _PyFunction_Vectorcall
        at /usr/local/src/conda/python-3.10.18/Objects/call.c:342
  30: _PyObject_VectorcallTstate
        at /usr/local/src/conda/python-3.10.18/Include/cpython/abstract.h:114
  31: PyObject_Vectorcall
        at /usr/local/src/conda/python-3.10.18/Include/cpython/abstract.h:123
  32: call_function
        at /usr/local/src/conda/python-3.10.18/Python/ceval.c:5893
  33: _PyEval_EvalFrameDefault
        at /usr/local/src/conda/python-3.10.18/Python/ceval.c:4213
  34: _PyEval_EvalFrame
        at /usr/local/src/conda/python-3.10.18/Include/internal/pycore_ceval.h:46
  35: _PyEval_Vector
        at /usr/local/src/conda/python-3.10.18/Python/ceval.c:5067
  36: PyEval_EvalCode
        at /usr/local/src/conda/python-3.10.18/Python/ceval.c:1134
  37: builtin_exec_impl
        at /usr/local/src/conda/python-3.10.18/Python/bltinmodule.c:1058
  38: builtin_exec
        at /usr/local/src/conda/python-3.10.18/Python/clinic/bltinmodule.c.h:371
  39: cfunction_vectorcall_FASTCALL
        at /usr/local/src/conda/python-3.10.18/Objects/methodobject.c:430
  40: _PyObject_VectorcallTstate
        at /usr/local/src/conda/python-3.10.18/Include/cpython/abstract.h:114
  41: PyObject_Vectorcall
        at /usr/local/src/conda/python-3.10.18/Include/cpython/abstract.h:123
  42: call_function
        at /usr/local/src/conda/python-3.10.18/Python/ceval.c:5893
  43: _PyEval_EvalFrameDefault
        at /usr/local/src/conda/python-3.10.18/Python/ceval.c:4213
  44: _PyEval_EvalFrame
        at /usr/local/src/conda/python-3.10.18/Include/internal/pycore_ceval.h:46
  45: _PyEval_Vector
        at /usr/local/src/conda/python-3.10.18/Python/ceval.c:5067
  46: _PyFunction_Vectorcall
        at /usr/local/src/conda/python-3.10.18/Objects/call.c:342
  47: _PyObject_VectorcallTstate
        at /usr/local/src/conda/python-3.10.18/Include/cpython/abstract.h:114
  48: PyObject_Vectorcall
        at /usr/local/src/conda/python-3.10.18/Include/cpython/abstract.h:123
  49: call_function
        at /usr/local/src/conda/python-3.10.18/Python/ceval.c:5893
  50: _PyEval_EvalFrameDefault
        at /usr/local/src/conda/python-3.10.18/Python/ceval.c:4213
  51: _PyEval_EvalFrame
        at /usr/local/src/conda/python-3.10.18/Include/internal/pycore_ceval.h:46
  52: _PyEval_Vector
        at /usr/local/src/conda/python-3.10.18/Python/ceval.c:5067
  53: _PyFunction_Vectorcall
        at /usr/local/src/conda/python-3.10.18/Objects/call.c:342
  54: pymain_run_module
        at /usr/local/src/conda/python-3.10.18/Modules/main.c:297
  55: pymain_run_python
        at /usr/local/src/conda/python-3.10.18/Modules/main.c:589
  56: Py_RunMain
        at /usr/local/src/conda/python-3.10.18/Modules/main.c:674
  57: Py_BytesMain
        at /usr/local/src/conda/python-3.10.18/Modules/main.c:1094
  58: __libc_start_main
        at ../csu/libc-start.c:308
  59: 0x000000000058728d
  60: 0xffffffffffffffff


*E**********Eterminate called after throwing an instance of 'tvm::runtime::InternalError'
  what():  [19:24:03] /data3/qsy/complier/tlm/src/runtime/cuda/cuda_module.cc:61: CUDAError: cuModuleUnload(module_[i]) failed with error: CUDA_ERROR_MISALIGNED_ADDRESS
Stack trace:
  0: tvm::runtime::SimpleObjAllocator::Handler<tvm::runtime::CUDAModuleNode>::Deleter_(tvm::runtime::Object*)
  1: tvm::runtime::SimpleObjAllocator::Handler<tvm::runtime::LibraryModuleNode>::Deleter_(tvm::runtime::Object*)
  2: _ZN3tvm7runtime18SimpleObjAllocator7HandlerINS0_16PackedFuncS
  3: _ZN3tvm7runtime18SimpleObjAllocator7HandlerINS0_16PackedFuncSubObjIZNS0_9profiling17WrapTimeE
  4: TVMObjectFree
  5: __pyx_tp_dealloc_3tvm_4_ffi_4_cy3_4core_PackedFuncBase(_object*)
  6: subtype_dealloc
        at /usr/local/src/conda/python-3.10.18/Objects/typeobject.c:1460
  7: _Py_DECREF
        at /usr/local/src/conda/python-3.10.18/Include/object.h:500
  8: _Py_XDECREF
        at /usr/local/src/conda/python-3.10.18/Include/object.h:567
  9: cell_dealloc
        at /usr/local/src/conda/python-3.10.18/Objects/cellobject.c:82
  10: _Py_Dealloc
        at /usr/local/src/conda/python-3.10.18/Objects/object.c:2301
  11: _Py_DECREF
        at /usr/local/src/conda/python-3.10.18/Include/object.h:500
  12: _Py_XDECREF
        at /usr/local/src/conda/python-3.10.18/Include/object.h:567
  13: tupledealloc
        at /usr/local/src/conda/python-3.10.18/Objects/tupleobject.c:276
  14: _Py_Dealloc
        at /usr/local/src/conda/python-3.10.18/Objects/object.c:2301
  15: _Py_DECREF
        at /usr/local/src/conda/python-3.10.18/Include/object.h:500
  16: func_clear
        at /usr/local/src/conda/python-3.10.18/Objects/funcobject.c:636
  17: func_dealloc
        at /usr/local/src/conda/python-3.10.18/Objects/funcobject.c:648
  18: _Py_Dealloc
        at /usr/local/src/conda/python-3.10.18/Objects/object.c:2301
  19: _Py_DECREF
        at /usr/local/src/conda/python-3.10.18/Include/object.h:500
  20: frame_dealloc
        at /usr/local/src/conda/python-3.10.18/Objects/frameobject.c:591
  21: _Py_Dealloc
        at /usr/local/src/conda/python-3.10.18/Objects/object.c:2301
  22: _Py_DECREF
        at /usr/local/src/conda/python-3.10.18/Include/object.h:500
  23: _PyEval_Vector
        at /usr/local/src/conda/python-3.10.18/Python/ceval.c:5080
  24: _PyFunction_Vectorcall
        at /usr/local/src/conda/python-3.10.18/Objects/call.c:342
  25: do_call_core
        at /usr/local/src/conda/python-3.10.18/Python/ceval.c:5945
  26: _PyEval_EvalFrameDefault
        at /usr/local/src/conda/python-3.10.18/Python/ceval.c:4277
  27: _PyEval_EvalFrame
        at /usr/local/src/conda/python-3.10.18/Include/internal/pycore_ceval.h:46
  28: _PyEval_Vector
        at /usr/local/src/conda/python-3.10.18/Python/ceval.c:5067
  29: _PyFunction_Vectorcall
        at /usr/local/src/conda/python-3.10.18/Objects/call.c:342
  30: _PyObject_VectorcallTstate
        at /usr/local/src/conda/python-3.10.18/Include/cpython/abstract.h:114
  31: PyObject_Vectorcall
        at /usr/local/src/conda/python-3.10.18/Include/cpython/abstract.h:123
  32: call_function
        at /usr/local/src/conda/python-3.10.18/Python/ceval.c:5893
  33: _PyEval_EvalFrameDefault
        at /usr/local/src/conda/python-3.10.18/Python/ceval.c:4213
  34: _PyEval_EvalFrame
        at /usr/local/src/conda/python-3.10.18/Include/internal/pycore_ceval.h:46
  35: _PyEval_Vector
        at /usr/local/src/conda/python-3.10.18/Python/ceval.c:5067
  36: PyEval_EvalCode
        at /usr/local/src/conda/python-3.10.18/Python/ceval.c:1134
  37: builtin_exec_impl
        at /usr/local/src/conda/python-3.10.18/Python/bltinmodule.c:1058
  38: builtin_exec
        at /usr/local/src/conda/python-3.10.18/Python/clinic/bltinmodule.c.h:371
  39: cfunction_vectorcall_FASTCALL
        at /usr/local/src/conda/python-3.10.18/Objects/methodobject.c:430
  40: _PyObject_VectorcallTstate
        at /usr/local/src/conda/python-3.10.18/Include/cpython/abstract.h:114
  41: PyObject_Vectorcall
        at /usr/local/src/conda/python-3.10.18/Include/cpython/abstract.h:123
  42: call_function
        at /usr/local/src/conda/python-3.10.18/Python/ceval.c:5893
  43: _PyEval_EvalFrameDefault
        at /usr/local/src/conda/python-3.10.18/Python/ceval.c:4213
  44: _PyEval_EvalFrame
        at /usr/local/src/conda/python-3.10.18/Include/internal/pycore_ceval.h:46
  45: _PyEval_Vector
        at /usr/local/src/conda/python-3.10.18/Python/ceval.c:5067
  46: _PyFunction_Vectorcall
        at /usr/local/src/conda/python-3.10.18/Objects/call.c:342
  47: _PyObject_VectorcallTstate
        at /usr/local/src/conda/python-3.10.18/Include/cpython/abstract.h:114
  48: PyObject_Vectorcall
        at /usr/local/src/conda/python-3.10.18/Include/cpython/abstract.h:123
  49: call_function
        at /usr/local/src/conda/python-3.10.18/Python/ceval.c:5893
  50: _PyEval_EvalFrameDefault
        at /usr/local/src/conda/python-3.10.18/Python/ceval.c:4213
  51: _PyEval_EvalFrame
        at /usr/local/src/conda/python-3.10.18/Include/internal/pycore_ceval.h:46
  52: _PyEval_Vector
        at /usr/local/src/conda/python-3.10.18/Python/ceval.c:5067
  53: _PyFunction_Vectorcall
        at /usr/local/src/conda/python-3.10.18/Objects/call.c:342
  54: pymain_run_module
        at /usr/local/src/conda/python-3.10.18/Modules/main.c:297
  55: pymain_run_python
        at /usr/local/src/conda/python-3.10.18/Modules/main.c:589
  56: Py_RunMain
        at /usr/local/src/conda/python-3.10.18/Modules/main.c:674
  57: Py_BytesMain
        at /usr/local/src/conda/python-3.10.18/Modules/main.c:1094
  58: __libc_start_main
        at ../csu/libc-start.c:308
  59: 0x000000000058728d
  60: 0xffffffffffffffff


*E*Eterminate called after throwing an instance of 'tvm::runtime::InternalError'
  what():  [19:24:04] /data3/qsy/complier/tlm/src/runtime/cuda/cuda_module.cc:61: CUDAError: cuModuleUnload(module_[i]) failed with error: CUDA_ERROR_MISALIGNED_ADDRESS
Stack trace:
  0: tvm::runtime::SimpleObjAllocator::Handler<tvm::runtime::CUDAModuleNode>::Deleter_(tvm::runtime::Object*)
  1: tvm::runtime::SimpleObjAllocator::Handler<tvm::runtime::LibraryModuleNode>::Deleter_(tvm::runtime::Object*)
  2: _ZN3tvm7runtime18SimpleObjAllocator7HandlerINS0_16PackedFuncS
  3: _ZN3tvm7runtime18SimpleObjAllocator7HandlerINS0_16PackedFuncSubObjIZNS0_9profiling17WrapTimeE
  4: TVMObjectFree
  5: __pyx_tp_dealloc_3tvm_4_ffi_4_cy3_4core_PackedFuncBase(_object*)
  6: subtype_dealloc
        at /usr/local/src/conda/python-3.10.18/Objects/typeobject.c:1460
  7: _Py_DECREF
        at /usr/local/src/conda/python-3.10.18/Include/object.h:500
  8: _Py_XDECREF
        at /usr/local/src/conda/python-3.10.18/Include/object.h:567
  9: cell_dealloc
        at /usr/local/src/conda/python-3.10.18/Objects/cellobject.c:82
  10: _Py_Dealloc
        at /usr/local/src/conda/python-3.10.18/Objects/object.c:2301
  11: _Py_DECREF
        at /usr/local/src/conda/python-3.10.18/Include/object.h:500
  12: _Py_XDECREF
        at /usr/local/src/conda/python-3.10.18/Include/object.h:567
  13: tupledealloc
        at /usr/local/src/conda/python-3.10.18/Objects/tupleobject.c:276
  14: _Py_Dealloc
        at /usr/local/src/conda/python-3.10.18/Objects/object.c:2301
  15: _Py_DECREF
        at /usr/local/src/conda/python-3.10.18/Include/object.h:500
  16: func_clear
        at /usr/local/src/conda/python-3.10.18/Objects/funcobject.c:636
  17: func_dealloc
        at /usr/local/src/conda/python-3.10.18/Objects/funcobject.c:648
  18: _Py_Dealloc
        at /usr/local/src/conda/python-3.10.18/Objects/object.c:2301
  19: _Py_DECREF
        at /usr/local/src/conda/python-3.10.18/Include/object.h:500
  20: frame_dealloc
        at /usr/local/src/conda/python-3.10.18/Objects/frameobject.c:591
  21: _Py_Dealloc
        at /usr/local/src/conda/python-3.10.18/Objects/object.c:2301
  22: _Py_DECREF
        at /usr/local/src/conda/python-3.10.18/Include/object.h:500
  23: _PyEval_Vector
        at /usr/local/src/conda/python-3.10.18/Python/ceval.c:5080
  24: _PyFunction_Vectorcall
        at /usr/local/src/conda/python-3.10.18/Objects/call.c:342
  25: do_call_core
        at /usr/local/src/conda/python-3.10.18/Python/ceval.c:5945
  26: _PyEval_EvalFrameDefault
        at /usr/local/src/conda/python-3.10.18/Python/ceval.c:4277
  27: _PyEval_EvalFrame
        at /usr/local/src/conda/python-3.10.18/Include/internal/pycore_ceval.h:46
  28: _PyEval_Vector
        at /usr/local/src/conda/python-3.10.18/Python/ceval.c:5067
  29: _PyFunction_Vectorcall
        at /usr/local/src/conda/python-3.10.18/Objects/call.c:342
  30: _PyObject_VectorcallTstate
        at /usr/local/src/conda/python-3.10.18/Include/cpython/abstract.h:114
  31: PyObject_Vectorcall
        at /usr/local/src/conda/python-3.10.18/Include/cpython/abstract.h:123
  32: call_function
        at /usr/local/src/conda/python-3.10.18/Python/ceval.c:5893
  33: _PyEval_EvalFrameDefault
        at /usr/local/src/conda/python-3.10.18/Python/ceval.c:4213
  34: _PyEval_EvalFrame
        at /usr/local/src/conda/python-3.10.18/Include/internal/pycore_ceval.h:46
  35: _PyEval_Vector
        at /usr/local/src/conda/python-3.10.18/Python/ceval.c:5067
  36: PyEval_EvalCode
        at /usr/local/src/conda/python-3.10.18/Python/ceval.c:1134
  37: builtin_exec_impl
        at /usr/local/src/conda/python-3.10.18/Python/bltinmodule.c:1058
  38: builtin_exec
        at /usr/local/src/conda/python-3.10.18/Python/clinic/bltinmodule.c.h:371
  39: cfunction_vectorcall_FASTCALL
        at /usr/local/src/conda/python-3.10.18/Objects/methodobject.c:430
  40: _PyObject_VectorcallTstate
        at /usr/local/src/conda/python-3.10.18/Include/cpython/abstract.h:114
  41: PyObject_Vectorcall
        at /usr/local/src/conda/python-3.10.18/Include/cpython/abstract.h:123
  42: call_function
        at /usr/local/src/conda/python-3.10.18/Python/ceval.c:5893
  43: _PyEval_EvalFrameDefault
        at /usr/local/src/conda/python-3.10.18/Python/ceval.c:4213
  44: _PyEval_EvalFrame
        at /usr/local/src/conda/python-3.10.18/Include/internal/pycore_ceval.h:46
  45: _PyEval_Vector
        at /usr/local/src/conda/python-3.10.18/Python/ceval.c:5067
  46: _PyFunction_Vectorcall
        at /usr/local/src/conda/python-3.10.18/Objects/call.c:342
  47: _PyObject_VectorcallTstate
        at /usr/local/src/conda/python-3.10.18/Include/cpython/abstract.h:114
  48: PyObject_Vectorcall
        at /usr/local/src/conda/python-3.10.18/Include/cpython/abstract.h:123
  49: call_function
        at /usr/local/src/conda/python-3.10.18/Python/ceval.c:5893
  50: _PyEval_EvalFrameDefault
        at /usr/local/src/conda/python-3.10.18/Python/ceval.c:4213
  51: _PyEval_EvalFrame
        at /usr/local/src/conda/python-3.10.18/Include/internal/pycore_ceval.h:46
  52: _PyEval_Vector
        at /usr/local/src/conda/python-3.10.18/Python/ceval.c:5067
  53: _PyFunction_Vectorcall
        at /usr/local/src/conda/python-3.10.18/Objects/call.c:342
  54: pymain_run_module
        at /usr/local/src/conda/python-3.10.18/Modules/main.c:297
  55: pymain_run_python
        at /usr/local/src/conda/python-3.10.18/Modules/main.c:589
  56: Py_RunMain
        at /usr/local/src/conda/python-3.10.18/Modules/main.c:674
  57: Py_BytesMain
        at /usr/local/src/conda/python-3.10.18/Modules/main.c:1094
  58: __libc_start_main
        at ../csu/libc-start.c:308
  59: 0x000000000058728d
  60: 0xffffffffffffffff


*E****
Time elapsed for measurement: 19.13 s
----------------------------------------------------------------------
------------------------------  [ Train cost model ]
----------------------------------------------------------------------
Time elapsed for training: 0.00 s
----------------------------------------------------------------------
------------------------------  [ Task Scheduler ]
----------------------------------------------------------------------
----------------------------------------------------------------------
------------------------------  [ Search ]
----------------------------------------------------------------------
Generate Sketches		#s: 1
Sample Initial Population	#s: 137	fail_ct: 1911	Time elapsed: 5.69
GA Iter: 0	Max score: 0.9919	Min score: 0.4276	#Pop: 76	#M+: 0	#M-: 0
GA Iter: 4	Max score: 0.9999	Min score: 0.9894	#Pop: 76	#M+: 1399	#M-: 0
EvolutionarySearch		#s: 76	Time elapsed: 77.73
----------------------------------------------------------------------
------------------------------  [ Measure ]
----------------------------------------------------------------------
Get 38 programs to measure:
......................................**************************************|  ID  |                       Task Description                        | Latency (ms) | Speed (GFLOPS) | Trials |
-----------------------------------------------------------------------------------------------------------------
|    0 |                          vm_mod_fused_nn_conv2d_add_nn_relu_5 |        0.004 |         786.27 |     38 |
|    1 |                                   vm_mod_fused_nn_dense_add_1 |        0.008 |         319.46 |     38 |
|    2 |                                    vm_mod_fused_nn_conv2d_add |        0.008 |        1196.78 |     38 |
|    3 |         vm_mod_fused_nn_conv2d_add_add_clip_divide_multiply_4 |        0.005 |         171.23 |     38 |
|    4 |           vm_mod_fused_nn_conv2d_add_add_clip_divide_multiply |        0.010 |        1208.29 |     38 |
|    5 |                              vm_mod_fused_nn_conv2d_add_add_3 |        0.005 |        1347.20 |     38 |
|    6 |                        vm_mod_fused_nn_conv2d_add_clip_divide |        0.003 |           1.38 |     38 |
|    7 |                          vm_mod_fused_nn_conv2d_add_nn_relu_1 |        0.004 |        7400.89 |     38 |
|    8 |                         vm_mod_fused_nn_adaptive_avg_pool2d_2 |        0.005 |          -0.00 |     38 |
|    9 |        vm_mod_fused_nn_conv2d_add_add_clip_divide_multiply_10 |        0.006 |         539.04 |     38 |
|   10 |                                  vm_mod_fused_nn_conv2d_add_3 |        0.015 |        1417.07 |     38 |
|   11 |                              vm_mod_fused_nn_conv2d_add_add_1 |        0.004 |        2914.37 |     38 |
|   12 |                          vm_mod_fused_nn_conv2d_add_nn_relu_8 |        0.004 |        1286.50 |     38 |
|   13 |                      vm_mod_fused_nn_conv2d_add_clip_divide_3 |        0.003 |          77.72 |     38 |
|   14 |         vm_mod_fused_nn_conv2d_add_add_clip_divide_multiply_9 |        0.009 |        3272.86 |     38 |
|   15 |         vm_mod_fused_nn_conv2d_add_add_clip_divide_multiply_5 |        0.008 |         751.31 |     38 |
|   16 |                          vm_mod_fused_nn_conv2d_add_nn_relu_4 |        0.004 |        1153.74 |     38 |
|   17 |                      vm_mod_fused_nn_conv2d_add_clip_divide_1 |        0.002 |           3.51 |     38 |
|   18 |                                     vm_mod_fused_nn_dense_add |        0.011 |         226.77 |     38 |
|   19 |         vm_mod_fused_nn_conv2d_add_add_clip_divide_multiply_1 |        0.009 |        1874.37 |     38 |
|   20 |                         vm_mod_fused_nn_adaptive_avg_pool2d_3 |        0.004 |          -0.00 |     38 |
|   21 |                                vm_mod_fused_nn_conv2d_add_add |        0.003 |        1964.04 |     38 |
|   22 |        vm_mod_fused_nn_conv2d_add_add_clip_divide_multiply_13 |        0.006 |         427.76 |     38 |
|   23 |                          vm_mod_fused_nn_conv2d_add_nn_relu_7 |        0.005 |        1609.05 |     38 |
|   24 |                            vm_mod_fused_nn_conv2d_add_nn_relu |        0.003 |        1161.20 |     38 |
|   25 |                         vm_mod_fused_nn_conv2d_add_nn_relu_10 |        0.004 |          27.66 |     38 |
|   26 |         vm_mod_fused_nn_conv2d_add_add_clip_divide_multiply_6 |        0.004 |         204.52 |     38 |
|   27 |                              vm_mod_fused_nn_conv2d_add_add_4 |        0.010 |         604.96 |     38 |
|   28 |                              vm_mod_fused_nn_conv2d_add_add_6 |        0.021 |         701.14 |     38 |
|   29 |                          vm_mod_fused_nn_conv2d_add_nn_relu_3 |        0.004 |        2982.42 |     38 |
|   30 |         vm_mod_fused_nn_conv2d_add_add_clip_divide_multiply_2 |        0.007 |         161.25 |     38 |
|   31 |                         vm_mod_fused_nn_adaptive_avg_pool2d_4 |        0.004 |          -0.00 |     38 |
|   32 |        vm_mod_fused_nn_conv2d_add_add_clip_divide_multiply_11 |        0.007 |         263.97 |     38 |
|   33 |                              vm_mod_fused_nn_conv2d_add_add_2 |        0.006 |        1174.77 |     38 |
|   34 |                           vm_mod_fused_nn_adaptive_avg_pool2d |        0.008 |          -0.00 |     38 |
|   35 |                                  vm_mod_fused_nn_conv2d_add_2 |        0.005 |        1471.65 |     38 |
|   36 |                         vm_mod_fused_nn_conv2d_add_nn_relu_11 |        0.007 |          32.89 |     38 |
|   37 |                      vm_mod_fused_nn_conv2d_add_clip_divide_4 |        0.004 |         103.53 |     38 |
|   38 |                                  vm_mod_fused_nn_conv2d_add_1 |            - |              - |      0 |
|   39 |        vm_mod_fused_nn_conv2d_add_add_clip_divide_multiply_12 |            - |              - |      0 |
|   40 |                          vm_mod_fused_nn_conv2d_add_nn_relu_6 |            - |              - |      0 |
|   41 |         vm_mod_fused_nn_conv2d_add_add_clip_divide_multiply_7 |            - |              - |      0 |
|   42 |                      vm_mod_fused_nn_conv2d_add_clip_divide_2 |            - |              - |      0 |
|   43 |         vm_mod_fused_nn_conv2d_add_add_clip_divide_multiply_3 |            - |              - |      0 |
|   44 |                          vm_mod_fused_nn_conv2d_add_nn_relu_2 |            - |              - |      0 |
|   45 |                         vm_mod_fused_nn_adaptive_avg_pool2d_5 |            - |              - |      0 |
|   46 |                                  vm_mod_fused_nn_conv2d_add_4 |            - |              - |      0 |
|   47 |                         vm_mod_fused_nn_adaptive_avg_pool2d_1 |            - |              - |      0 |
|   48 |                          vm_mod_fused_nn_conv2d_add_nn_relu_9 |            - |              - |      0 |
|   49 |                         vm_mod_fused_nn_conv2d_add_nn_relu_12 |            - |              - |      0 |
|   50 |                              vm_mod_fused_nn_conv2d_add_add_5 |            - |              - |      0 |
|   51 |         vm_mod_fused_nn_conv2d_add_add_clip_divide_multiply_8 |            - |              - |      0 |
-----------------------------------------------------------------------------------------------------------------
Estimated total latency: - ms	Trials: 1444	Used time : 3936 s	Next ID: 38	

Time elapsed for measurement: 17.64 s
----------------------------------------------------------------------
------------------------------  [ Train cost model ]
----------------------------------------------------------------------
Time elapsed for training: 0.00 s
----------------------------------------------------------------------
------------------------------  [ Task Scheduler ]
----------------------------------------------------------------------
----------------------------------------------------------------------
------------------------------  [ Search ]
----------------------------------------------------------------------
Generate Sketches		#s: 1
Sample Initial Population	#s: 108	fail_ct: 1940	Time elapsed: 6.64
GA Iter: 0	Max score: 0.9998	Min score: 0.3355	#Pop: 76	#M+: 0	#M-: 0
GA Iter: 4	Max score: 0.9999	Min score: 0.9892	#Pop: 76	#M+: 1410	#M-: 0
EvolutionarySearch		#s: 76	Time elapsed: 84.53
----------------------------------------------------------------------
------------------------------  [ Measure ]
----------------------------------------------------------------------
Get 38 programs to measure:
......................................**************************************|  ID  |                       Task Description                        | Latency (ms) | Speed (GFLOPS) | Trials |
-----------------------------------------------------------------------------------------------------------------
|    0 |                          vm_mod_fused_nn_conv2d_add_nn_relu_5 |        0.004 |         786.27 |     38 |
|    1 |                                   vm_mod_fused_nn_dense_add_1 |        0.008 |         319.46 |     38 |
|    2 |                                    vm_mod_fused_nn_conv2d_add |        0.008 |        1196.78 |     38 |
|    3 |         vm_mod_fused_nn_conv2d_add_add_clip_divide_multiply_4 |        0.005 |         171.23 |     38 |
|    4 |           vm_mod_fused_nn_conv2d_add_add_clip_divide_multiply |        0.010 |        1208.29 |     38 |
|    5 |                              vm_mod_fused_nn_conv2d_add_add_3 |        0.005 |        1347.20 |     38 |
|    6 |                        vm_mod_fused_nn_conv2d_add_clip_divide |        0.003 |           1.38 |     38 |
|    7 |                          vm_mod_fused_nn_conv2d_add_nn_relu_1 |        0.004 |        7400.89 |     38 |
|    8 |                         vm_mod_fused_nn_adaptive_avg_pool2d_2 |        0.005 |          -0.00 |     38 |
|    9 |        vm_mod_fused_nn_conv2d_add_add_clip_divide_multiply_10 |        0.006 |         539.04 |     38 |
|   10 |                                  vm_mod_fused_nn_conv2d_add_3 |        0.015 |        1417.07 |     38 |
|   11 |                              vm_mod_fused_nn_conv2d_add_add_1 |        0.004 |        2914.37 |     38 |
|   12 |                          vm_mod_fused_nn_conv2d_add_nn_relu_8 |        0.004 |        1286.50 |     38 |
|   13 |                      vm_mod_fused_nn_conv2d_add_clip_divide_3 |        0.003 |          77.72 |     38 |
|   14 |         vm_mod_fused_nn_conv2d_add_add_clip_divide_multiply_9 |        0.009 |        3272.86 |     38 |
|   15 |         vm_mod_fused_nn_conv2d_add_add_clip_divide_multiply_5 |        0.008 |         751.31 |     38 |
|   16 |                          vm_mod_fused_nn_conv2d_add_nn_relu_4 |        0.004 |        1153.74 |     38 |
|   17 |                      vm_mod_fused_nn_conv2d_add_clip_divide_1 |        0.002 |           3.51 |     38 |
|   18 |                                     vm_mod_fused_nn_dense_add |        0.011 |         226.77 |     38 |
|   19 |         vm_mod_fused_nn_conv2d_add_add_clip_divide_multiply_1 |        0.009 |        1874.37 |     38 |
|   20 |                         vm_mod_fused_nn_adaptive_avg_pool2d_3 |        0.004 |          -0.00 |     38 |
|   21 |                                vm_mod_fused_nn_conv2d_add_add |        0.003 |        1964.04 |     38 |
|   22 |        vm_mod_fused_nn_conv2d_add_add_clip_divide_multiply_13 |        0.006 |         427.76 |     38 |
|   23 |                          vm_mod_fused_nn_conv2d_add_nn_relu_7 |        0.005 |        1609.05 |     38 |
|   24 |                            vm_mod_fused_nn_conv2d_add_nn_relu |        0.003 |        1161.20 |     38 |
|   25 |                         vm_mod_fused_nn_conv2d_add_nn_relu_10 |        0.004 |          27.66 |     38 |
|   26 |         vm_mod_fused_nn_conv2d_add_add_clip_divide_multiply_6 |        0.004 |         204.52 |     38 |
|   27 |                              vm_mod_fused_nn_conv2d_add_add_4 |        0.010 |         604.96 |     38 |
|   28 |                              vm_mod_fused_nn_conv2d_add_add_6 |        0.021 |         701.14 |     38 |
|   29 |                          vm_mod_fused_nn_conv2d_add_nn_relu_3 |        0.004 |        2982.42 |     38 |
|   30 |         vm_mod_fused_nn_conv2d_add_add_clip_divide_multiply_2 |        0.007 |         161.25 |     38 |
|   31 |                         vm_mod_fused_nn_adaptive_avg_pool2d_4 |        0.004 |          -0.00 |     38 |
|   32 |        vm_mod_fused_nn_conv2d_add_add_clip_divide_multiply_11 |        0.007 |         263.97 |     38 |
|   33 |                              vm_mod_fused_nn_conv2d_add_add_2 |        0.006 |        1174.77 |     38 |
|   34 |                           vm_mod_fused_nn_adaptive_avg_pool2d |        0.008 |          -0.00 |     38 |
|   35 |                                  vm_mod_fused_nn_conv2d_add_2 |        0.005 |        1471.65 |     38 |
|   36 |                         vm_mod_fused_nn_conv2d_add_nn_relu_11 |        0.007 |          32.89 |     38 |
|   37 |                      vm_mod_fused_nn_conv2d_add_clip_divide_4 |        0.004 |         103.53 |     38 |
|   38 |                                  vm_mod_fused_nn_conv2d_add_1 |        0.004 |        1240.09 |     38 |
|   39 |        vm_mod_fused_nn_conv2d_add_add_clip_divide_multiply_12 |            - |              - |      0 |
|   40 |                          vm_mod_fused_nn_conv2d_add_nn_relu_6 |            - |              - |      0 |
|   41 |         vm_mod_fused_nn_conv2d_add_add_clip_divide_multiply_7 |            - |              - |      0 |
|   42 |                      vm_mod_fused_nn_conv2d_add_clip_divide_2 |            - |              - |      0 |
|   43 |         vm_mod_fused_nn_conv2d_add_add_clip_divide_multiply_3 |            - |              - |      0 |
|   44 |                          vm_mod_fused_nn_conv2d_add_nn_relu_2 |            - |              - |      0 |
|   45 |                         vm_mod_fused_nn_adaptive_avg_pool2d_5 |            - |              - |      0 |
|   46 |                                  vm_mod_fused_nn_conv2d_add_4 |            - |              - |      0 |
|   47 |                         vm_mod_fused_nn_adaptive_avg_pool2d_1 |            - |              - |      0 |
|   48 |                          vm_mod_fused_nn_conv2d_add_nn_relu_9 |            - |              - |      0 |
|   49 |                         vm_mod_fused_nn_conv2d_add_nn_relu_12 |            - |              - |      0 |
|   50 |                              vm_mod_fused_nn_conv2d_add_add_5 |            - |              - |      0 |
|   51 |         vm_mod_fused_nn_conv2d_add_add_clip_divide_multiply_8 |            - |              - |      0 |
-----------------------------------------------------------------------------------------------------------------
Estimated total latency: - ms	Trials: 1482	Used time : 4038 s	Next ID: 39	

Time elapsed for measurement: 20.95 s
----------------------------------------------------------------------
------------------------------  [ Train cost model ]
----------------------------------------------------------------------
Time elapsed for training: 2.18 s
----------------------------------------------------------------------
------------------------------  [ Task Scheduler ]
----------------------------------------------------------------------
----------------------------------------------------------------------
------------------------------  [ Search ]
----------------------------------------------------------------------
Generate Sketches		#s: 2
Sample Initial Population	#s: 498	fail_ct: 1550	Time elapsed: 9.34
GA Iter: 0	Max score: 0.9979	Min score: 0.8424	#Pop: 76	#M+: 0	#M-: 0
GA Iter: 4	Max score: 0.9999	Min score: 0.9881	#Pop: 76	#M+: 1385	#M-: 0
EvolutionarySearch		#s: 76	Time elapsed: 49.92
----------------------------------------------------------------------
------------------------------  [ Measure ]
----------------------------------------------------------------------
Get 38 programs to measure:
.E...........E......E..E..................******************Eterminate called after throwing an instance of 'tvm::runtime::InternalError'
  what():  [19:28:55] /data3/qsy/complier/tlm/src/runtime/cuda/cuda_module.cc:61: CUDAError: cuModuleUnload(module_[i]) failed with error: CUDA_ERROR_MISALIGNED_ADDRESS
Stack trace:
  0: tvm::runtime::SimpleObjAllocator::Handler<tvm::runtime::CUDAModuleNode>::Deleter_(tvm::runtime::Object*)
  1: tvm::runtime::SimpleObjAllocator::Handler<tvm::runtime::LibraryModuleNode>::Deleter_(tvm::runtime::Object*)
  2: _ZN3tvm7runtime18SimpleObjAllocator7HandlerINS0_16PackedFuncS
  3: _ZN3tvm7runtime18SimpleObjAllocator7HandlerINS0_16PackedFuncSubObjIZNS0_9profiling17WrapTimeE
  4: TVMObjectFree
  5: __pyx_tp_dealloc_3tvm_4_ffi_4_cy3_4core_PackedFuncBase(_object*)
  6: subtype_dealloc
        at /usr/local/src/conda/python-3.10.18/Objects/typeobject.c:1460
  7: _Py_DECREF
        at /usr/local/src/conda/python-3.10.18/Include/object.h:500
  8: _Py_XDECREF
        at /usr/local/src/conda/python-3.10.18/Include/object.h:567
  9: cell_dealloc
        at /usr/local/src/conda/python-3.10.18/Objects/cellobject.c:82
  10: _Py_Dealloc
        at /usr/local/src/conda/python-3.10.18/Objects/object.c:2301
  11: _Py_DECREF
        at /usr/local/src/conda/python-3.10.18/Include/object.h:500
  12: _Py_XDECREF
        at /usr/local/src/conda/python-3.10.18/Include/object.h:567
  13: tupledealloc
        at /usr/local/src/conda/python-3.10.18/Objects/tupleobject.c:276
  14: _Py_Dealloc
        at /usr/local/src/conda/python-3.10.18/Objects/object.c:2301
  15: _Py_DECREF
        at /usr/local/src/conda/python-3.10.18/Include/object.h:500
  16: func_clear
        at /usr/local/src/conda/python-3.10.18/Objects/funcobject.c:636
  17: func_dealloc
        at /usr/local/src/conda/python-3.10.18/Objects/funcobject.c:648
  18: _Py_Dealloc
        at /usr/local/src/conda/python-3.10.18/Objects/object.c:2301
  19: _Py_DECREF
        at /usr/local/src/conda/python-3.10.18/Include/object.h:500
  20: frame_dealloc
        at /usr/local/src/conda/python-3.10.18/Objects/frameobject.c:591
  21: _Py_Dealloc
        at /usr/local/src/conda/python-3.10.18/Objects/object.c:2301
  22: _Py_DECREF
        at /usr/local/src/conda/python-3.10.18/Include/object.h:500
  23: _PyEval_Vector
        at /usr/local/src/conda/python-3.10.18/Python/ceval.c:5080
  24: _PyFunction_Vectorcall
        at /usr/local/src/conda/python-3.10.18/Objects/call.c:342
  25: do_call_core
        at /usr/local/src/conda/python-3.10.18/Python/ceval.c:5945
  26: _PyEval_EvalFrameDefault
        at /usr/local/src/conda/python-3.10.18/Python/ceval.c:4277
  27: _PyEval_EvalFrame
        at /usr/local/src/conda/python-3.10.18/Include/internal/pycore_ceval.h:46
  28: _PyEval_Vector
        at /usr/local/src/conda/python-3.10.18/Python/ceval.c:5067
  29: _PyFunction_Vectorcall
        at /usr/local/src/conda/python-3.10.18/Objects/call.c:342
  30: _PyObject_VectorcallTstate
        at /usr/local/src/conda/python-3.10.18/Include/cpython/abstract.h:114
  31: PyObject_Vectorcall
        at /usr/local/src/conda/python-3.10.18/Include/cpython/abstract.h:123
  32: call_function
        at /usr/local/src/conda/python-3.10.18/Python/ceval.c:5893
  33: _PyEval_EvalFrameDefault
        at /usr/local/src/conda/python-3.10.18/Python/ceval.c:4213
  34: _PyEval_EvalFrame
        at /usr/local/src/conda/python-3.10.18/Include/internal/pycore_ceval.h:46
  35: _PyEval_Vector
        at /usr/local/src/conda/python-3.10.18/Python/ceval.c:5067
  36: PyEval_EvalCode
        at /usr/local/src/conda/python-3.10.18/Python/ceval.c:1134
  37: builtin_exec_impl
        at /usr/local/src/conda/python-3.10.18/Python/bltinmodule.c:1058
  38: builtin_exec
        at /usr/local/src/conda/python-3.10.18/Python/clinic/bltinmodule.c.h:371
  39: cfunction_vectorcall_FASTCALL
        at /usr/local/src/conda/python-3.10.18/Objects/methodobject.c:430
  40: _PyObject_VectorcallTstate
        at /usr/local/src/conda/python-3.10.18/Include/cpython/abstract.h:114
  41: PyObject_Vectorcall
        at /usr/local/src/conda/python-3.10.18/Include/cpython/abstract.h:123
  42: call_function
        at /usr/local/src/conda/python-3.10.18/Python/ceval.c:5893
  43: _PyEval_EvalFrameDefault
        at /usr/local/src/conda/python-3.10.18/Python/ceval.c:4213
  44: _PyEval_EvalFrame
        at /usr/local/src/conda/python-3.10.18/Include/internal/pycore_ceval.h:46
  45: _PyEval_Vector
        at /usr/local/src/conda/python-3.10.18/Python/ceval.c:5067
  46: _PyFunction_Vectorcall
        at /usr/local/src/conda/python-3.10.18/Objects/call.c:342
  47: _PyObject_VectorcallTstate
        at /usr/local/src/conda/python-3.10.18/Include/cpython/abstract.h:114
  48: PyObject_Vectorcall
        at /usr/local/src/conda/python-3.10.18/Include/cpython/abstract.h:123
  49: call_function
        at /usr/local/src/conda/python-3.10.18/Python/ceval.c:5893
  50: _PyEval_EvalFrameDefault
        at /usr/local/src/conda/python-3.10.18/Python/ceval.c:4213
  51: _PyEval_EvalFrame
        at /usr/local/src/conda/python-3.10.18/Include/internal/pycore_ceval.h:46
  52: _PyEval_Vector
        at /usr/local/src/conda/python-3.10.18/Python/ceval.c:5067
  53: _PyFunction_Vectorcall
        at /usr/local/src/conda/python-3.10.18/Objects/call.c:342
  54: pymain_run_module
        at /usr/local/src/conda/python-3.10.18/Modules/main.c:297
  55: pymain_run_python
        at /usr/local/src/conda/python-3.10.18/Modules/main.c:589
  56: Py_RunMain
        at /usr/local/src/conda/python-3.10.18/Modules/main.c:674
  57: Py_BytesMain
        at /usr/local/src/conda/python-3.10.18/Modules/main.c:1094
  58: __libc_start_main
        at ../csu/libc-start.c:308
  59: 0x000000000058728d
  60: 0xffffffffffffffff


|  ID  |                       Task Description                        | Latency (ms) | Speed (GFLOPS) | Trials |
-----------------------------------------------------------------------------------------------------------------
|    0 |                          vm_mod_fused_nn_conv2d_add_nn_relu_5 |        0.004 |         786.27 |     38 |
|    1 |                                   vm_mod_fused_nn_dense_add_1 |        0.008 |         319.46 |     38 |
|    2 |                                    vm_mod_fused_nn_conv2d_add |        0.008 |        1196.78 |     38 |
|    3 |         vm_mod_fused_nn_conv2d_add_add_clip_divide_multiply_4 |        0.005 |         171.23 |     38 |
|    4 |           vm_mod_fused_nn_conv2d_add_add_clip_divide_multiply |        0.010 |        1208.29 |     38 |
|    5 |                              vm_mod_fused_nn_conv2d_add_add_3 |        0.005 |        1347.20 |     38 |
|    6 |                        vm_mod_fused_nn_conv2d_add_clip_divide |        0.003 |           1.38 |     38 |
|    7 |                          vm_mod_fused_nn_conv2d_add_nn_relu_1 |        0.004 |        7400.89 |     38 |
|    8 |                         vm_mod_fused_nn_adaptive_avg_pool2d_2 |        0.005 |          -0.00 |     38 |
|    9 |        vm_mod_fused_nn_conv2d_add_add_clip_divide_multiply_10 |        0.006 |         539.04 |     38 |
|   10 |                                  vm_mod_fused_nn_conv2d_add_3 |        0.015 |        1417.07 |     38 |
|   11 |                              vm_mod_fused_nn_conv2d_add_add_1 |        0.004 |        2914.37 |     38 |
|   12 |                          vm_mod_fused_nn_conv2d_add_nn_relu_8 |        0.004 |        1286.50 |     38 |
|   13 |                      vm_mod_fused_nn_conv2d_add_clip_divide_3 |        0.003 |          77.72 |     38 |
|   14 |         vm_mod_fused_nn_conv2d_add_add_clip_divide_multiply_9 |        0.009 |        3272.86 |     38 |
|   15 |         vm_mod_fused_nn_conv2d_add_add_clip_divide_multiply_5 |        0.008 |         751.31 |     38 |
|   16 |                          vm_mod_fused_nn_conv2d_add_nn_relu_4 |        0.004 |        1153.74 |     38 |
|   17 |                      vm_mod_fused_nn_conv2d_add_clip_divide_1 |        0.002 |           3.51 |     38 |
|   18 |                                     vm_mod_fused_nn_dense_add |        0.011 |         226.77 |     38 |
|   19 |         vm_mod_fused_nn_conv2d_add_add_clip_divide_multiply_1 |        0.009 |        1874.37 |     38 |
|   20 |                         vm_mod_fused_nn_adaptive_avg_pool2d_3 |        0.004 |          -0.00 |     38 |
|   21 |                                vm_mod_fused_nn_conv2d_add_add |        0.003 |        1964.04 |     38 |
|   22 |        vm_mod_fused_nn_conv2d_add_add_clip_divide_multiply_13 |        0.006 |         427.76 |     38 |
|   23 |                          vm_mod_fused_nn_conv2d_add_nn_relu_7 |        0.005 |        1609.05 |     38 |
|   24 |                            vm_mod_fused_nn_conv2d_add_nn_relu |        0.003 |        1161.20 |     38 |
|   25 |                         vm_mod_fused_nn_conv2d_add_nn_relu_10 |        0.004 |          27.66 |     38 |
|   26 |         vm_mod_fused_nn_conv2d_add_add_clip_divide_multiply_6 |        0.004 |         204.52 |     38 |
|   27 |                              vm_mod_fused_nn_conv2d_add_add_4 |        0.010 |         604.96 |     38 |
|   28 |                              vm_mod_fused_nn_conv2d_add_add_6 |        0.021 |         701.14 |     38 |
|   29 |                          vm_mod_fused_nn_conv2d_add_nn_relu_3 |        0.004 |        2982.42 |     38 |
|   30 |         vm_mod_fused_nn_conv2d_add_add_clip_divide_multiply_2 |        0.007 |         161.25 |     38 |
|   31 |                         vm_mod_fused_nn_adaptive_avg_pool2d_4 |        0.004 |          -0.00 |     38 |
|   32 |        vm_mod_fused_nn_conv2d_add_add_clip_divide_multiply_11 |        0.007 |         263.97 |     38 |
|   33 |                              vm_mod_fused_nn_conv2d_add_add_2 |        0.006 |        1174.77 |     38 |
|   34 |                           vm_mod_fused_nn_adaptive_avg_pool2d |        0.008 |          -0.00 |     38 |
|   35 |                                  vm_mod_fused_nn_conv2d_add_2 |        0.005 |        1471.65 |     38 |
|   36 |                         vm_mod_fused_nn_conv2d_add_nn_relu_11 |        0.007 |          32.89 |     38 |
|   37 |                      vm_mod_fused_nn_conv2d_add_clip_divide_4 |        0.004 |         103.53 |     38 |
|   38 |                                  vm_mod_fused_nn_conv2d_add_1 |        0.004 |        1240.09 |     38 |
|   39 |        vm_mod_fused_nn_conv2d_add_add_clip_divide_multiply_12 |        0.008 |        1911.99 |     38 |
|   40 |                          vm_mod_fused_nn_conv2d_add_nn_relu_6 |            - |              - |      0 |
|   41 |         vm_mod_fused_nn_conv2d_add_add_clip_divide_multiply_7 |            - |              - |      0 |
|   42 |                      vm_mod_fused_nn_conv2d_add_clip_divide_2 |            - |              - |      0 |
|   43 |         vm_mod_fused_nn_conv2d_add_add_clip_divide_multiply_3 |            - |              - |      0 |
|   44 |                          vm_mod_fused_nn_conv2d_add_nn_relu_2 |            - |              - |      0 |
|   45 |                         vm_mod_fused_nn_adaptive_avg_pool2d_5 |            - |              - |      0 |
|   46 |                                  vm_mod_fused_nn_conv2d_add_4 |            - |              - |      0 |
|   47 |                         vm_mod_fused_nn_adaptive_avg_pool2d_1 |            - |              - |      0 |
|   48 |                          vm_mod_fused_nn_conv2d_add_nn_relu_9 |            - |              - |      0 |
|   49 |                         vm_mod_fused_nn_conv2d_add_nn_relu_12 |            - |              - |      0 |
|   50 |                              vm_mod_fused_nn_conv2d_add_add_5 |            - |              - |      0 |
|   51 |         vm_mod_fused_nn_conv2d_add_add_clip_divide_multiply_8 |            - |              - |      0 |
-----------------------------------------------------------------------------------------------------------------
Estimated total latency: - ms	Trials: 1520	Used time : 4152 s	Next ID: 40	
*E*Eterminate called after throwing an instance of 'tvm::runtime::InternalError'
  what():  [19:28:56] /data3/qsy/complier/tlm/src/runtime/cuda/cuda_module.cc:61: CUDAError: cuModuleUnload(module_[i]) failed with error: CUDA_ERROR_MISALIGNED_ADDRESS
Stack trace:
  0: tvm::runtime::SimpleObjAllocator::Handler<tvm::runtime::CUDAModuleNode>::Deleter_(tvm::runtime::Object*)
  1: tvm::runtime::SimpleObjAllocator::Handler<tvm::runtime::LibraryModuleNode>::Deleter_(tvm::runtime::Object*)
  2: _ZN3tvm7runtime18SimpleObjAllocator7HandlerINS0_16PackedFuncS
  3: _ZN3tvm7runtime18SimpleObjAllocator7HandlerINS0_16PackedFuncSubObjIZNS0_9profiling17WrapTimeE
  4: TVMObjectFree
  5: __pyx_tp_dealloc_3tvm_4_ffi_4_cy3_4core_PackedFuncBase(_object*)
  6: subtype_dealloc
        at /usr/local/src/conda/python-3.10.18/Objects/typeobject.c:1460
  7: _Py_DECREF
        at /usr/local/src/conda/python-3.10.18/Include/object.h:500
  8: _Py_XDECREF
        at /usr/local/src/conda/python-3.10.18/Include/object.h:567
  9: cell_dealloc
        at /usr/local/src/conda/python-3.10.18/Objects/cellobject.c:82
  10: _Py_Dealloc
        at /usr/local/src/conda/python-3.10.18/Objects/object.c:2301
  11: _Py_DECREF
        at /usr/local/src/conda/python-3.10.18/Include/object.h:500
  12: _Py_XDECREF
        at /usr/local/src/conda/python-3.10.18/Include/object.h:567
  13: tupledealloc
        at /usr/local/src/conda/python-3.10.18/Objects/tupleobject.c:276
  14: _Py_Dealloc
        at /usr/local/src/conda/python-3.10.18/Objects/object.c:2301
  15: _Py_DECREF
        at /usr/local/src/conda/python-3.10.18/Include/object.h:500
  16: func_clear
        at /usr/local/src/conda/python-3.10.18/Objects/funcobject.c:636
  17: func_dealloc
        at /usr/local/src/conda/python-3.10.18/Objects/funcobject.c:648
  18: _Py_Dealloc
        at /usr/local/src/conda/python-3.10.18/Objects/object.c:2301
  19: _Py_DECREF
        at /usr/local/src/conda/python-3.10.18/Include/object.h:500
  20: frame_dealloc
        at /usr/local/src/conda/python-3.10.18/Objects/frameobject.c:591
  21: _Py_Dealloc
        at /usr/local/src/conda/python-3.10.18/Objects/object.c:2301
  22: _Py_DECREF
        at /usr/local/src/conda/python-3.10.18/Include/object.h:500
  23: _PyEval_Vector
        at /usr/local/src/conda/python-3.10.18/Python/ceval.c:5080
  24: _PyFunction_Vectorcall
        at /usr/local/src/conda/python-3.10.18/Objects/call.c:342
  25: do_call_core
        at /usr/local/src/conda/python-3.10.18/Python/ceval.c:5945
  26: _PyEval_EvalFrameDefault
        at /usr/local/src/conda/python-3.10.18/Python/ceval.c:4277
  27: _PyEval_EvalFrame
        at /usr/local/src/conda/python-3.10.18/Include/internal/pycore_ceval.h:46
  28: _PyEval_Vector
        at /usr/local/src/conda/python-3.10.18/Python/ceval.c:5067
  29: _PyFunction_Vectorcall
        at /usr/local/src/conda/python-3.10.18/Objects/call.c:342
  30: _PyObject_VectorcallTstate
        at /usr/local/src/conda/python-3.10.18/Include/cpython/abstract.h:114
  31: PyObject_Vectorcall
        at /usr/local/src/conda/python-3.10.18/Include/cpython/abstract.h:123
  32: call_function
        at /usr/local/src/conda/python-3.10.18/Python/ceval.c:5893
  33: _PyEval_EvalFrameDefault
        at /usr/local/src/conda/python-3.10.18/Python/ceval.c:4213
  34: _PyEval_EvalFrame
        at /usr/local/src/conda/python-3.10.18/Include/internal/pycore_ceval.h:46
  35: _PyEval_Vector
        at /usr/local/src/conda/python-3.10.18/Python/ceval.c:5067
  36: PyEval_EvalCode
        at /usr/local/src/conda/python-3.10.18/Python/ceval.c:1134
  37: builtin_exec_impl
        at /usr/local/src/conda/python-3.10.18/Python/bltinmodule.c:1058
  38: builtin_exec
        at /usr/local/src/conda/python-3.10.18/Python/clinic/bltinmodule.c.h:371
  39: cfunction_vectorcall_FASTCALL
        at /usr/local/src/conda/python-3.10.18/Objects/methodobject.c:430
  40: _PyObject_VectorcallTstate
        at /usr/local/src/conda/python-3.10.18/Include/cpython/abstract.h:114
  41: PyObject_Vectorcall
        at /usr/local/src/conda/python-3.10.18/Include/cpython/abstract.h:123
  42: call_function
        at /usr/local/src/conda/python-3.10.18/Python/ceval.c:5893
  43: _PyEval_EvalFrameDefault
        at /usr/local/src/conda/python-3.10.18/Python/ceval.c:4213
  44: _PyEval_EvalFrame
        at /usr/local/src/conda/python-3.10.18/Include/internal/pycore_ceval.h:46
  45: _PyEval_Vector
        at /usr/local/src/conda/python-3.10.18/Python/ceval.c:5067
  46: _PyFunction_Vectorcall
        at /usr/local/src/conda/python-3.10.18/Objects/call.c:342
  47: _PyObject_VectorcallTstate
        at /usr/local/src/conda/python-3.10.18/Include/cpython/abstract.h:114
  48: PyObject_Vectorcall
        at /usr/local/src/conda/python-3.10.18/Include/cpython/abstract.h:123
  49: call_function
        at /usr/local/src/conda/python-3.10.18/Python/ceval.c:5893
  50: _PyEval_EvalFrameDefault
        at /usr/local/src/conda/python-3.10.18/Python/ceval.c:4213
  51: _PyEval_EvalFrame
        at /usr/local/src/conda/python-3.10.18/Include/internal/pycore_ceval.h:46
  52: _PyEval_Vector
        at /usr/local/src/conda/python-3.10.18/Python/ceval.c:5067
  53: _PyFunction_Vectorcall
        at /usr/local/src/conda/python-3.10.18/Objects/call.c:342
  54: pymain_run_module
        at /usr/local/src/conda/python-3.10.18/Modules/main.c:297
  55: pymain_run_python
        at /usr/local/src/conda/python-3.10.18/Modules/main.c:589
  56: Py_RunMain
        at /usr/local/src/conda/python-3.10.18/Modules/main.c:674
  57: Py_BytesMain
        at /usr/local/src/conda/python-3.10.18/Modules/main.c:1094
  58: __libc_start_main
        at ../csu/libc-start.c:308
  59: 0x000000000058728d
  60: 0xffffffffffffffff


*E***************
Time elapsed for measurement: 20.49 s
----------------------------------------------------------------------
------------------------------  [ Train cost model ]
----------------------------------------------------------------------
Time elapsed for training: 0.00 s
----------------------------------------------------------------------
------------------------------  [ Task Scheduler ]
----------------------------------------------------------------------
----------------------------------------------------------------------
------------------------------  [ Search ]
----------------------------------------------------------------------
Generate Sketches		#s: 1
Sample Initial Population	#s: 154	fail_ct: 1894	Time elapsed: 7.16
GA Iter: 0	Max score: 0.9986	Min score: 0.4782	#Pop: 76	#M+: 0	#M-: 0
GA Iter: 4	Max score: 0.9998	Min score: 0.9903	#Pop: 76	#M+: 1389	#M-: 0
EvolutionarySearch		#s: 76	Time elapsed: 91.04
----------------------------------------------------------------------
------------------------------  [ Measure ]
----------------------------------------------------------------------
Get 38 programs to measure:
......................................**************************************|  ID  |                       Task Description                        | Latency (ms) | Speed (GFLOPS) | Trials |
-----------------------------------------------------------------------------------------------------------------
|    0 |                          vm_mod_fused_nn_conv2d_add_nn_relu_5 |        0.004 |         786.27 |     38 |
|    1 |                                   vm_mod_fused_nn_dense_add_1 |        0.008 |         319.46 |     38 |
|    2 |                                    vm_mod_fused_nn_conv2d_add |        0.008 |        1196.78 |     38 |
|    3 |         vm_mod_fused_nn_conv2d_add_add_clip_divide_multiply_4 |        0.005 |         171.23 |     38 |
|    4 |           vm_mod_fused_nn_conv2d_add_add_clip_divide_multiply |        0.010 |        1208.29 |     38 |
|    5 |                              vm_mod_fused_nn_conv2d_add_add_3 |        0.005 |        1347.20 |     38 |
|    6 |                        vm_mod_fused_nn_conv2d_add_clip_divide |        0.003 |           1.38 |     38 |
|    7 |                          vm_mod_fused_nn_conv2d_add_nn_relu_1 |        0.004 |        7400.89 |     38 |
|    8 |                         vm_mod_fused_nn_adaptive_avg_pool2d_2 |        0.005 |          -0.00 |     38 |
|    9 |        vm_mod_fused_nn_conv2d_add_add_clip_divide_multiply_10 |        0.006 |         539.04 |     38 |
|   10 |                                  vm_mod_fused_nn_conv2d_add_3 |        0.015 |        1417.07 |     38 |
|   11 |                              vm_mod_fused_nn_conv2d_add_add_1 |        0.004 |        2914.37 |     38 |
|   12 |                          vm_mod_fused_nn_conv2d_add_nn_relu_8 |        0.004 |        1286.50 |     38 |
|   13 |                      vm_mod_fused_nn_conv2d_add_clip_divide_3 |        0.003 |          77.72 |     38 |
|   14 |         vm_mod_fused_nn_conv2d_add_add_clip_divide_multiply_9 |        0.009 |        3272.86 |     38 |
|   15 |         vm_mod_fused_nn_conv2d_add_add_clip_divide_multiply_5 |        0.008 |         751.31 |     38 |
|   16 |                          vm_mod_fused_nn_conv2d_add_nn_relu_4 |        0.004 |        1153.74 |     38 |
|   17 |                      vm_mod_fused_nn_conv2d_add_clip_divide_1 |        0.002 |           3.51 |     38 |
|   18 |                                     vm_mod_fused_nn_dense_add |        0.011 |         226.77 |     38 |
|   19 |         vm_mod_fused_nn_conv2d_add_add_clip_divide_multiply_1 |        0.009 |        1874.37 |     38 |
|   20 |                         vm_mod_fused_nn_adaptive_avg_pool2d_3 |        0.004 |          -0.00 |     38 |
|   21 |                                vm_mod_fused_nn_conv2d_add_add |        0.003 |        1964.04 |     38 |
|   22 |        vm_mod_fused_nn_conv2d_add_add_clip_divide_multiply_13 |        0.006 |         427.76 |     38 |
|   23 |                          vm_mod_fused_nn_conv2d_add_nn_relu_7 |        0.005 |        1609.05 |     38 |
|   24 |                            vm_mod_fused_nn_conv2d_add_nn_relu |        0.003 |        1161.20 |     38 |
|   25 |                         vm_mod_fused_nn_conv2d_add_nn_relu_10 |        0.004 |          27.66 |     38 |
|   26 |         vm_mod_fused_nn_conv2d_add_add_clip_divide_multiply_6 |        0.004 |         204.52 |     38 |
|   27 |                              vm_mod_fused_nn_conv2d_add_add_4 |        0.010 |         604.96 |     38 |
|   28 |                              vm_mod_fused_nn_conv2d_add_add_6 |        0.021 |         701.14 |     38 |
|   29 |                          vm_mod_fused_nn_conv2d_add_nn_relu_3 |        0.004 |        2982.42 |     38 |
|   30 |         vm_mod_fused_nn_conv2d_add_add_clip_divide_multiply_2 |        0.007 |         161.25 |     38 |
|   31 |                         vm_mod_fused_nn_adaptive_avg_pool2d_4 |        0.004 |          -0.00 |     38 |
|   32 |        vm_mod_fused_nn_conv2d_add_add_clip_divide_multiply_11 |        0.007 |         263.97 |     38 |
|   33 |                              vm_mod_fused_nn_conv2d_add_add_2 |        0.006 |        1174.77 |     38 |
|   34 |                           vm_mod_fused_nn_adaptive_avg_pool2d |        0.008 |          -0.00 |     38 |
|   35 |                                  vm_mod_fused_nn_conv2d_add_2 |        0.005 |        1471.65 |     38 |
|   36 |                         vm_mod_fused_nn_conv2d_add_nn_relu_11 |        0.007 |          32.89 |     38 |
|   37 |                      vm_mod_fused_nn_conv2d_add_clip_divide_4 |        0.004 |         103.53 |     38 |
|   38 |                                  vm_mod_fused_nn_conv2d_add_1 |        0.004 |        1240.09 |     38 |
|   39 |        vm_mod_fused_nn_conv2d_add_add_clip_divide_multiply_12 |        0.008 |        1911.99 |     38 |
|   40 |                          vm_mod_fused_nn_conv2d_add_nn_relu_6 |        0.003 |           1.02 |     38 |
|   41 |         vm_mod_fused_nn_conv2d_add_add_clip_divide_multiply_7 |            - |              - |      0 |
|   42 |                      vm_mod_fused_nn_conv2d_add_clip_divide_2 |            - |              - |      0 |
|   43 |         vm_mod_fused_nn_conv2d_add_add_clip_divide_multiply_3 |            - |              - |      0 |
|   44 |                          vm_mod_fused_nn_conv2d_add_nn_relu_2 |            - |              - |      0 |
|   45 |                         vm_mod_fused_nn_adaptive_avg_pool2d_5 |            - |              - |      0 |
|   46 |                                  vm_mod_fused_nn_conv2d_add_4 |            - |              - |      0 |
|   47 |                         vm_mod_fused_nn_adaptive_avg_pool2d_1 |            - |              - |      0 |
|   48 |                          vm_mod_fused_nn_conv2d_add_nn_relu_9 |            - |              - |      0 |
|   49 |                         vm_mod_fused_nn_conv2d_add_nn_relu_12 |            - |              - |      0 |
|   50 |                              vm_mod_fused_nn_conv2d_add_add_5 |            - |              - |      0 |
|   51 |         vm_mod_fused_nn_conv2d_add_add_clip_divide_multiply_8 |            - |              - |      0 |
-----------------------------------------------------------------------------------------------------------------
Estimated total latency: - ms	Trials: 1558	Used time : 4232 s	Next ID: 41	

Time elapsed for measurement: 21.25 s
----------------------------------------------------------------------
------------------------------  [ Train cost model ]
----------------------------------------------------------------------
Time elapsed for training: 0.00 s
----------------------------------------------------------------------
------------------------------  [ Task Scheduler ]
----------------------------------------------------------------------
----------------------------------------------------------------------
------------------------------  [ Search ]
----------------------------------------------------------------------
Generate Sketches		#s: 1
Sample Initial Population	#s: 61	fail_ct: 4035	Time elapsed: 6.53
GA Iter: 0	Max score: 0.9897	Min score: 0.0020	#Pop: 61	#M+: 0	#M-: 0
GA Iter: 4	Max score: 0.9998	Min score: 0.9897	#Pop: 76	#M+: 1385	#M-: 0
EvolutionarySearch		#s: 76	Time elapsed: 54.80
----------------------------------------------------------------------
------------------------------  [ Measure ]
----------------------------------------------------------------------
Get 38 programs to measure:
......................................*******************Eterminate called after throwing an instance of 'tvm::runtime::InternalError'
  what():  [19:32:15] /data3/qsy/complier/tlm/src/runtime/cuda/cuda_module.cc:61: CUDAError: cuModuleUnload(module_[i]) failed with error: CUDA_ERROR_MISALIGNED_ADDRESS
Stack trace:
  0: tvm::runtime::SimpleObjAllocator::Handler<tvm::runtime::CUDAModuleNode>::Deleter_(tvm::runtime::Object*)
  1: tvm::runtime::SimpleObjAllocator::Handler<tvm::runtime::LibraryModuleNode>::Deleter_(tvm::runtime::Object*)
  2: _ZN3tvm7runtime18SimpleObjAllocator7HandlerINS0_16PackedFuncS
  3: _ZN3tvm7runtime18SimpleObjAllocator7HandlerINS0_16PackedFuncSubObjIZNS0_9profiling17WrapTimeE
  4: TVMObjectFree
  5: __pyx_tp_dealloc_3tvm_4_ffi_4_cy3_4core_PackedFuncBase(_object*)
  6: subtype_dealloc
        at /usr/local/src/conda/python-3.10.18/Objects/typeobject.c:1460
  7: _Py_DECREF
        at /usr/local/src/conda/python-3.10.18/Include/object.h:500
  8: _Py_XDECREF
        at /usr/local/src/conda/python-3.10.18/Include/object.h:567
  9: cell_dealloc
        at /usr/local/src/conda/python-3.10.18/Objects/cellobject.c:82
  10: _Py_Dealloc
        at /usr/local/src/conda/python-3.10.18/Objects/object.c:2301
  11: _Py_DECREF
        at /usr/local/src/conda/python-3.10.18/Include/object.h:500
  12: _Py_XDECREF
        at /usr/local/src/conda/python-3.10.18/Include/object.h:567
  13: tupledealloc
        at /usr/local/src/conda/python-3.10.18/Objects/tupleobject.c:276
  14: _Py_Dealloc
        at /usr/local/src/conda/python-3.10.18/Objects/object.c:2301
  15: _Py_DECREF
        at /usr/local/src/conda/python-3.10.18/Include/object.h:500
  16: func_clear
        at /usr/local/src/conda/python-3.10.18/Objects/funcobject.c:636
  17: func_dealloc
        at /usr/local/src/conda/python-3.10.18/Objects/funcobject.c:648
  18: _Py_Dealloc
        at /usr/local/src/conda/python-3.10.18/Objects/object.c:2301
  19: _Py_DECREF
        at /usr/local/src/conda/python-3.10.18/Include/object.h:500
  20: frame_dealloc
        at /usr/local/src/conda/python-3.10.18/Objects/frameobject.c:591
  21: _Py_Dealloc
        at /usr/local/src/conda/python-3.10.18/Objects/object.c:2301
  22: _Py_DECREF
        at /usr/local/src/conda/python-3.10.18/Include/object.h:500
  23: _PyEval_Vector
        at /usr/local/src/conda/python-3.10.18/Python/ceval.c:5080
  24: _PyFunction_Vectorcall
        at /usr/local/src/conda/python-3.10.18/Objects/call.c:342
  25: do_call_core
        at /usr/local/src/conda/python-3.10.18/Python/ceval.c:5945
  26: _PyEval_EvalFrameDefault
        at /usr/local/src/conda/python-3.10.18/Python/ceval.c:4277
  27: _PyEval_EvalFrame
        at /usr/local/src/conda/python-3.10.18/Include/internal/pycore_ceval.h:46
  28: _PyEval_Vector
        at /usr/local/src/conda/python-3.10.18/Python/ceval.c:5067
  29: _PyFunction_Vectorcall
        at /usr/local/src/conda/python-3.10.18/Objects/call.c:342
  30: _PyObject_VectorcallTstate
        at /usr/local/src/conda/python-3.10.18/Include/cpython/abstract.h:114
  31: PyObject_Vectorcall
        at /usr/local/src/conda/python-3.10.18/Include/cpython/abstract.h:123
  32: call_function
        at /usr/local/src/conda/python-3.10.18/Python/ceval.c:5893
  33: _PyEval_EvalFrameDefault
        at /usr/local/src/conda/python-3.10.18/Python/ceval.c:4213
  34: _PyEval_EvalFrame
        at /usr/local/src/conda/python-3.10.18/Include/internal/pycore_ceval.h:46
  35: _PyEval_Vector
        at /usr/local/src/conda/python-3.10.18/Python/ceval.c:5067
  36: PyEval_EvalCode
        at /usr/local/src/conda/python-3.10.18/Python/ceval.c:1134
  37: builtin_exec_impl
        at /usr/local/src/conda/python-3.10.18/Python/bltinmodule.c:1058
  38: builtin_exec
        at /usr/local/src/conda/python-3.10.18/Python/clinic/bltinmodule.c.h:371
  39: cfunction_vectorcall_FASTCALL
        at /usr/local/src/conda/python-3.10.18/Objects/methodobject.c:430
  40: _PyObject_VectorcallTstate
        at /usr/local/src/conda/python-3.10.18/Include/cpython/abstract.h:114
  41: PyObject_Vectorcall
        at /usr/local/src/conda/python-3.10.18/Include/cpython/abstract.h:123
  42: call_function
        at /usr/local/src/conda/python-3.10.18/Python/ceval.c:5893
  43: _PyEval_EvalFrameDefault
        at /usr/local/src/conda/python-3.10.18/Python/ceval.c:4213
  44: _PyEval_EvalFrame
        at /usr/local/src/conda/python-3.10.18/Include/internal/pycore_ceval.h:46
  45: _PyEval_Vector
        at /usr/local/src/conda/python-3.10.18/Python/ceval.c:5067
  46: _PyFunction_Vectorcall
        at /usr/local/src/conda/python-3.10.18/Objects/call.c:342
  47: _PyObject_VectorcallTstate
        at /usr/local/src/conda/python-3.10.18/Include/cpython/abstract.h:114
  48: PyObject_Vectorcall
        at /usr/local/src/conda/python-3.10.18/Include/cpython/abstract.h:123
  49: call_function
        at /usr/local/src/conda/python-3.10.18/Python/ceval.c:5893
  50: _PyEval_EvalFrameDefault
        at /usr/local/src/conda/python-3.10.18/Python/ceval.c:4213
  51: _PyEval_EvalFrame
        at /usr/local/src/conda/python-3.10.18/Include/internal/pycore_ceval.h:46
  52: _PyEval_Vector
        at /usr/local/src/conda/python-3.10.18/Python/ceval.c:5067
  53: _PyFunction_Vectorcall
        at /usr/local/src/conda/python-3.10.18/Objects/call.c:342
  54: pymain_run_module
        at /usr/local/src/conda/python-3.10.18/Modules/main.c:297
  55: pymain_run_python
        at /usr/local/src/conda/python-3.10.18/Modules/main.c:589
  56: Py_RunMain
        at /usr/local/src/conda/python-3.10.18/Modules/main.c:674
  57: Py_BytesMain
        at /usr/local/src/conda/python-3.10.18/Modules/main.c:1094
  58: __libc_start_main
        at ../csu/libc-start.c:308
  59: 0x000000000058728d
  60: 0xffffffffffffffff


|  ID  |                       Task Description                        | Latency (ms) | Speed (GFLOPS) | Trials |
-----------------------------------------------------------------------------------------------------------------
|    0 |                          vm_mod_fused_nn_conv2d_add_nn_relu_5 |        0.004 |         786.27 |     38 |
|    1 |                                   vm_mod_fused_nn_dense_add_1 |        0.008 |         319.46 |     38 |
|    2 |                                    vm_mod_fused_nn_conv2d_add |        0.008 |        1196.78 |     38 |
|    3 |         vm_mod_fused_nn_conv2d_add_add_clip_divide_multiply_4 |        0.005 |         171.23 |     38 |
|    4 |           vm_mod_fused_nn_conv2d_add_add_clip_divide_multiply |        0.010 |        1208.29 |     38 |
|    5 |                              vm_mod_fused_nn_conv2d_add_add_3 |        0.005 |        1347.20 |     38 |
|    6 |                        vm_mod_fused_nn_conv2d_add_clip_divide |        0.003 |           1.38 |     38 |
|    7 |                          vm_mod_fused_nn_conv2d_add_nn_relu_1 |        0.004 |        7400.89 |     38 |
|    8 |                         vm_mod_fused_nn_adaptive_avg_pool2d_2 |        0.005 |          -0.00 |     38 |
|    9 |        vm_mod_fused_nn_conv2d_add_add_clip_divide_multiply_10 |        0.006 |         539.04 |     38 |
|   10 |                                  vm_mod_fused_nn_conv2d_add_3 |        0.015 |        1417.07 |     38 |
|   11 |                              vm_mod_fused_nn_conv2d_add_add_1 |        0.004 |        2914.37 |     38 |
|   12 |                          vm_mod_fused_nn_conv2d_add_nn_relu_8 |        0.004 |        1286.50 |     38 |
|   13 |                      vm_mod_fused_nn_conv2d_add_clip_divide_3 |        0.003 |          77.72 |     38 |
|   14 |         vm_mod_fused_nn_conv2d_add_add_clip_divide_multiply_9 |        0.009 |        3272.86 |     38 |
|   15 |         vm_mod_fused_nn_conv2d_add_add_clip_divide_multiply_5 |        0.008 |         751.31 |     38 |
|   16 |                          vm_mod_fused_nn_conv2d_add_nn_relu_4 |        0.004 |        1153.74 |     38 |
|   17 |                      vm_mod_fused_nn_conv2d_add_clip_divide_1 |        0.002 |           3.51 |     38 |
|   18 |                                     vm_mod_fused_nn_dense_add |        0.011 |         226.77 |     38 |
|   19 |         vm_mod_fused_nn_conv2d_add_add_clip_divide_multiply_1 |        0.009 |        1874.37 |     38 |
|   20 |                         vm_mod_fused_nn_adaptive_avg_pool2d_3 |        0.004 |          -0.00 |     38 |
|   21 |                                vm_mod_fused_nn_conv2d_add_add |        0.003 |        1964.04 |     38 |
|   22 |        vm_mod_fused_nn_conv2d_add_add_clip_divide_multiply_13 |        0.006 |         427.76 |     38 |
|   23 |                          vm_mod_fused_nn_conv2d_add_nn_relu_7 |        0.005 |        1609.05 |     38 |
|   24 |                            vm_mod_fused_nn_conv2d_add_nn_relu |        0.003 |        1161.20 |     38 |
|   25 |                         vm_mod_fused_nn_conv2d_add_nn_relu_10 |        0.004 |          27.66 |     38 |
|   26 |         vm_mod_fused_nn_conv2d_add_add_clip_divide_multiply_6 |        0.004 |         204.52 |     38 |
|   27 |                              vm_mod_fused_nn_conv2d_add_add_4 |        0.010 |         604.96 |     38 |
|   28 |                              vm_mod_fused_nn_conv2d_add_add_6 |        0.021 |         701.14 |     38 |
|   29 |                          vm_mod_fused_nn_conv2d_add_nn_relu_3 |        0.004 |        2982.42 |     38 |
|   30 |         vm_mod_fused_nn_conv2d_add_add_clip_divide_multiply_2 |        0.007 |         161.25 |     38 |
|   31 |                         vm_mod_fused_nn_adaptive_avg_pool2d_4 |        0.004 |          -0.00 |     38 |
|   32 |        vm_mod_fused_nn_conv2d_add_add_clip_divide_multiply_11 |        0.007 |         263.97 |     38 |
|   33 |                              vm_mod_fused_nn_conv2d_add_add_2 |        0.006 |        1174.77 |     38 |
|   34 |                           vm_mod_fused_nn_adaptive_avg_pool2d |        0.008 |          -0.00 |     38 |
|   35 |                                  vm_mod_fused_nn_conv2d_add_2 |        0.005 |        1471.65 |     38 |
|   36 |                         vm_mod_fused_nn_conv2d_add_nn_relu_11 |        0.007 |          32.89 |     38 |
|   37 |                      vm_mod_fused_nn_conv2d_add_clip_divide_4 |        0.004 |         103.53 |     38 |
|   38 |                                  vm_mod_fused_nn_conv2d_add_1 |        0.004 |        1240.09 |     38 |
|   39 |        vm_mod_fused_nn_conv2d_add_add_clip_divide_multiply_12 |        0.008 |        1911.99 |     38 |
|   40 |                          vm_mod_fused_nn_conv2d_add_nn_relu_6 |        0.003 |           1.02 |     38 |
|   41 |         vm_mod_fused_nn_conv2d_add_add_clip_divide_multiply_7 |        0.010 |        1610.72 |     38 |
|   42 |                      vm_mod_fused_nn_conv2d_add_clip_divide_2 |            - |              - |      0 |
|   43 |         vm_mod_fused_nn_conv2d_add_add_clip_divide_multiply_3 |            - |              - |      0 |
|   44 |                          vm_mod_fused_nn_conv2d_add_nn_relu_2 |            - |              - |      0 |
|   45 |                         vm_mod_fused_nn_adaptive_avg_pool2d_5 |            - |              - |      0 |
|   46 |                                  vm_mod_fused_nn_conv2d_add_4 |            - |              - |      0 |
|   47 |                         vm_mod_fused_nn_adaptive_avg_pool2d_1 |            - |              - |      0 |
|   48 |                          vm_mod_fused_nn_conv2d_add_nn_relu_9 |            - |              - |      0 |
|   49 |                         vm_mod_fused_nn_conv2d_add_nn_relu_12 |            - |              - |      0 |
|   50 |                              vm_mod_fused_nn_conv2d_add_add_5 |            - |              - |      0 |
|   51 |         vm_mod_fused_nn_conv2d_add_add_clip_divide_multiply_8 |            - |              - |      0 |
-----------------------------------------------------------------------------------------------------------------
Estimated total latency: - ms	Trials: 1596	Used time : 4352 s	Next ID: 42	
*E***Eterminate called after throwing an instance of 'tvm::runtime::InternalError'
  what():  [19:32:17] /data3/qsy/complier/tlm/src/runtime/cuda/cuda_module.cc:61: CUDAError: cuModuleUnload(module_[i]) failed with error: CUDA_ERROR_MISALIGNED_ADDRESS
Stack trace:
  0: tvm::runtime::SimpleObjAllocator::Handler<tvm::runtime::CUDAModuleNode>::Deleter_(tvm::runtime::Object*)
  1: tvm::runtime::SimpleObjAllocator::Handler<tvm::runtime::LibraryModuleNode>::Deleter_(tvm::runtime::Object*)
  2: _ZN3tvm7runtime18SimpleObjAllocator7HandlerINS0_16PackedFuncS
  3: _ZN3tvm7runtime18SimpleObjAllocator7HandlerINS0_16PackedFuncSubObjIZNS0_9profiling17WrapTimeE
  4: TVMObjectFree
  5: __pyx_tp_dealloc_3tvm_4_ffi_4_cy3_4core_PackedFuncBase(_object*)
  6: subtype_dealloc
        at /usr/local/src/conda/python-3.10.18/Objects/typeobject.c:1460
  7: _Py_DECREF
        at /usr/local/src/conda/python-3.10.18/Include/object.h:500
  8: _Py_XDECREF
        at /usr/local/src/conda/python-3.10.18/Include/object.h:567
  9: cell_dealloc
        at /usr/local/src/conda/python-3.10.18/Objects/cellobject.c:82
  10: _Py_Dealloc
        at /usr/local/src/conda/python-3.10.18/Objects/object.c:2301
  11: _Py_DECREF
        at /usr/local/src/conda/python-3.10.18/Include/object.h:500
  12: _Py_XDECREF
        at /usr/local/src/conda/python-3.10.18/Include/object.h:567
  13: tupledealloc
        at /usr/local/src/conda/python-3.10.18/Objects/tupleobject.c:276
  14: _Py_Dealloc
        at /usr/local/src/conda/python-3.10.18/Objects/object.c:2301
  15: _Py_DECREF
        at /usr/local/src/conda/python-3.10.18/Include/object.h:500
  16: func_clear
        at /usr/local/src/conda/python-3.10.18/Objects/funcobject.c:636
  17: func_dealloc
        at /usr/local/src/conda/python-3.10.18/Objects/funcobject.c:648
  18: _Py_Dealloc
        at /usr/local/src/conda/python-3.10.18/Objects/object.c:2301
  19: _Py_DECREF
        at /usr/local/src/conda/python-3.10.18/Include/object.h:500
  20: frame_dealloc
        at /usr/local/src/conda/python-3.10.18/Objects/frameobject.c:591
  21: _Py_Dealloc
        at /usr/local/src/conda/python-3.10.18/Objects/object.c:2301
  22: _Py_DECREF
        at /usr/local/src/conda/python-3.10.18/Include/object.h:500
  23: _PyEval_Vector
        at /usr/local/src/conda/python-3.10.18/Python/ceval.c:5080
  24: _PyFunction_Vectorcall
        at /usr/local/src/conda/python-3.10.18/Objects/call.c:342
  25: do_call_core
        at /usr/local/src/conda/python-3.10.18/Python/ceval.c:5945
  26: _PyEval_EvalFrameDefault
        at /usr/local/src/conda/python-3.10.18/Python/ceval.c:4277
  27: _PyEval_EvalFrame
        at /usr/local/src/conda/python-3.10.18/Include/internal/pycore_ceval.h:46
  28: _PyEval_Vector
        at /usr/local/src/conda/python-3.10.18/Python/ceval.c:5067
  29: _PyFunction_Vectorcall
        at /usr/local/src/conda/python-3.10.18/Objects/call.c:342
  30: _PyObject_VectorcallTstate
        at /usr/local/src/conda/python-3.10.18/Include/cpython/abstract.h:114
  31: PyObject_Vectorcall
        at /usr/local/src/conda/python-3.10.18/Include/cpython/abstract.h:123
  32: call_function
        at /usr/local/src/conda/python-3.10.18/Python/ceval.c:5893
  33: _PyEval_EvalFrameDefault
        at /usr/local/src/conda/python-3.10.18/Python/ceval.c:4213
  34: _PyEval_EvalFrame
        at /usr/local/src/conda/python-3.10.18/Include/internal/pycore_ceval.h:46
  35: _PyEval_Vector
        at /usr/local/src/conda/python-3.10.18/Python/ceval.c:5067
  36: PyEval_EvalCode
        at /usr/local/src/conda/python-3.10.18/Python/ceval.c:1134
  37: builtin_exec_impl
        at /usr/local/src/conda/python-3.10.18/Python/bltinmodule.c:1058
  38: builtin_exec
        at /usr/local/src/conda/python-3.10.18/Python/clinic/bltinmodule.c.h:371
  39: cfunction_vectorcall_FASTCALL
        at /usr/local/src/conda/python-3.10.18/Objects/methodobject.c:430
  40: _PyObject_VectorcallTstate
        at /usr/local/src/conda/python-3.10.18/Include/cpython/abstract.h:114
  41: PyObject_Vectorcall
        at /usr/local/src/conda/python-3.10.18/Include/cpython/abstract.h:123
  42: call_function
        at /usr/local/src/conda/python-3.10.18/Python/ceval.c:5893
  43: _PyEval_EvalFrameDefault
        at /usr/local/src/conda/python-3.10.18/Python/ceval.c:4213
  44: _PyEval_EvalFrame
        at /usr/local/src/conda/python-3.10.18/Include/internal/pycore_ceval.h:46
  45: _PyEval_Vector
        at /usr/local/src/conda/python-3.10.18/Python/ceval.c:5067
  46: _PyFunction_Vectorcall
        at /usr/local/src/conda/python-3.10.18/Objects/call.c:342
  47: _PyObject_VectorcallTstate
        at /usr/local/src/conda/python-3.10.18/Include/cpython/abstract.h:114
  48: PyObject_Vectorcall
        at /usr/local/src/conda/python-3.10.18/Include/cpython/abstract.h:123
  49: call_function
        at /usr/local/src/conda/python-3.10.18/Python/ceval.c:5893
  50: _PyEval_EvalFrameDefault
        at /usr/local/src/conda/python-3.10.18/Python/ceval.c:4213
  51: _PyEval_EvalFrame
        at /usr/local/src/conda/python-3.10.18/Include/internal/pycore_ceval.h:46
  52: _PyEval_Vector
        at /usr/local/src/conda/python-3.10.18/Python/ceval.c:5067
  53: _PyFunction_Vectorcall
        at /usr/local/src/conda/python-3.10.18/Objects/call.c:342
  54: pymain_run_module
        at /usr/local/src/conda/python-3.10.18/Modules/main.c:297
  55: pymain_run_python
        at /usr/local/src/conda/python-3.10.18/Modules/main.c:589
  56: Py_RunMain
        at /usr/local/src/conda/python-3.10.18/Modules/main.c:674
  57: Py_BytesMain
        at /usr/local/src/conda/python-3.10.18/Modules/main.c:1094
  58: __libc_start_main
        at ../csu/libc-start.c:308
  59: 0x000000000058728d
  60: 0xffffffffffffffff


*E****************
Time elapsed for measurement: 19.55 s
----------------------------------------------------------------------
------------------------------  [ Train cost model ]
----------------------------------------------------------------------
Time elapsed for training: 0.00 s
----------------------------------------------------------------------
------------------------------  [ Task Scheduler ]
----------------------------------------------------------------------
----------------------------------------------------------------------
------------------------------  [ Search ]
----------------------------------------------------------------------
Generate Sketches		#s: 1
Sample Initial Population	#s: 154	fail_ct: 1894	Time elapsed: 6.71
GA Iter: 0	Max score: 0.9957	Min score: 0.5569	#Pop: 76	#M+: 0	#M-: 0
GA Iter: 4	Max score: 1.0000	Min score: 0.9898	#Pop: 76	#M+: 1395	#M-: 0
EvolutionarySearch		#s: 76	Time elapsed: 87.28
----------------------------------------------------------------------
------------------------------  [ Measure ]
----------------------------------------------------------------------
Get 38 programs to measure:
......................................**************************************|  ID  |                       Task Description                        | Latency (ms) | Speed (GFLOPS) | Trials |
-----------------------------------------------------------------------------------------------------------------
|    0 |                          vm_mod_fused_nn_conv2d_add_nn_relu_5 |        0.004 |         786.27 |     38 |
|    1 |                                   vm_mod_fused_nn_dense_add_1 |        0.008 |         319.46 |     38 |
|    2 |                                    vm_mod_fused_nn_conv2d_add |        0.008 |        1196.78 |     38 |
|    3 |         vm_mod_fused_nn_conv2d_add_add_clip_divide_multiply_4 |        0.005 |         171.23 |     38 |
|    4 |           vm_mod_fused_nn_conv2d_add_add_clip_divide_multiply |        0.010 |        1208.29 |     38 |
|    5 |                              vm_mod_fused_nn_conv2d_add_add_3 |        0.005 |        1347.20 |     38 |
|    6 |                        vm_mod_fused_nn_conv2d_add_clip_divide |        0.003 |           1.38 |     38 |
|    7 |                          vm_mod_fused_nn_conv2d_add_nn_relu_1 |        0.004 |        7400.89 |     38 |
|    8 |                         vm_mod_fused_nn_adaptive_avg_pool2d_2 |        0.005 |          -0.00 |     38 |
|    9 |        vm_mod_fused_nn_conv2d_add_add_clip_divide_multiply_10 |        0.006 |         539.04 |     38 |
|   10 |                                  vm_mod_fused_nn_conv2d_add_3 |        0.015 |        1417.07 |     38 |
|   11 |                              vm_mod_fused_nn_conv2d_add_add_1 |        0.004 |        2914.37 |     38 |
|   12 |                          vm_mod_fused_nn_conv2d_add_nn_relu_8 |        0.004 |        1286.50 |     38 |
|   13 |                      vm_mod_fused_nn_conv2d_add_clip_divide_3 |        0.003 |          77.72 |     38 |
|   14 |         vm_mod_fused_nn_conv2d_add_add_clip_divide_multiply_9 |        0.009 |        3272.86 |     38 |
|   15 |         vm_mod_fused_nn_conv2d_add_add_clip_divide_multiply_5 |        0.008 |         751.31 |     38 |
|   16 |                          vm_mod_fused_nn_conv2d_add_nn_relu_4 |        0.004 |        1153.74 |     38 |
|   17 |                      vm_mod_fused_nn_conv2d_add_clip_divide_1 |        0.002 |           3.51 |     38 |
|   18 |                                     vm_mod_fused_nn_dense_add |        0.011 |         226.77 |     38 |
|   19 |         vm_mod_fused_nn_conv2d_add_add_clip_divide_multiply_1 |        0.009 |        1874.37 |     38 |
|   20 |                         vm_mod_fused_nn_adaptive_avg_pool2d_3 |        0.004 |          -0.00 |     38 |
|   21 |                                vm_mod_fused_nn_conv2d_add_add |        0.003 |        1964.04 |     38 |
|   22 |        vm_mod_fused_nn_conv2d_add_add_clip_divide_multiply_13 |        0.006 |         427.76 |     38 |
|   23 |                          vm_mod_fused_nn_conv2d_add_nn_relu_7 |        0.005 |        1609.05 |     38 |
|   24 |                            vm_mod_fused_nn_conv2d_add_nn_relu |        0.003 |        1161.20 |     38 |
|   25 |                         vm_mod_fused_nn_conv2d_add_nn_relu_10 |        0.004 |          27.66 |     38 |
|   26 |         vm_mod_fused_nn_conv2d_add_add_clip_divide_multiply_6 |        0.004 |         204.52 |     38 |
|   27 |                              vm_mod_fused_nn_conv2d_add_add_4 |        0.010 |         604.96 |     38 |
|   28 |                              vm_mod_fused_nn_conv2d_add_add_6 |        0.021 |         701.14 |     38 |
|   29 |                          vm_mod_fused_nn_conv2d_add_nn_relu_3 |        0.004 |        2982.42 |     38 |
|   30 |         vm_mod_fused_nn_conv2d_add_add_clip_divide_multiply_2 |        0.007 |         161.25 |     38 |
|   31 |                         vm_mod_fused_nn_adaptive_avg_pool2d_4 |        0.004 |          -0.00 |     38 |
|   32 |        vm_mod_fused_nn_conv2d_add_add_clip_divide_multiply_11 |        0.007 |         263.97 |     38 |
|   33 |                              vm_mod_fused_nn_conv2d_add_add_2 |        0.006 |        1174.77 |     38 |
|   34 |                           vm_mod_fused_nn_adaptive_avg_pool2d |        0.008 |          -0.00 |     38 |
|   35 |                                  vm_mod_fused_nn_conv2d_add_2 |        0.005 |        1471.65 |     38 |
|   36 |                         vm_mod_fused_nn_conv2d_add_nn_relu_11 |        0.007 |          32.89 |     38 |
|   37 |                      vm_mod_fused_nn_conv2d_add_clip_divide_4 |        0.004 |         103.53 |     38 |
|   38 |                                  vm_mod_fused_nn_conv2d_add_1 |        0.004 |        1240.09 |     38 |
|   39 |        vm_mod_fused_nn_conv2d_add_add_clip_divide_multiply_12 |        0.008 |        1911.99 |     38 |
|   40 |                          vm_mod_fused_nn_conv2d_add_nn_relu_6 |        0.003 |           1.02 |     38 |
|   41 |         vm_mod_fused_nn_conv2d_add_add_clip_divide_multiply_7 |        0.010 |        1610.72 |     38 |
|   42 |                      vm_mod_fused_nn_conv2d_add_clip_divide_2 |        0.003 |          38.08 |     38 |
|   43 |         vm_mod_fused_nn_conv2d_add_add_clip_divide_multiply_3 |            - |              - |      0 |
|   44 |                          vm_mod_fused_nn_conv2d_add_nn_relu_2 |            - |              - |      0 |
|   45 |                         vm_mod_fused_nn_adaptive_avg_pool2d_5 |            - |              - |      0 |
|   46 |                                  vm_mod_fused_nn_conv2d_add_4 |            - |              - |      0 |
|   47 |                         vm_mod_fused_nn_adaptive_avg_pool2d_1 |            - |              - |      0 |
|   48 |                          vm_mod_fused_nn_conv2d_add_nn_relu_9 |            - |              - |      0 |
|   49 |                         vm_mod_fused_nn_conv2d_add_nn_relu_12 |            - |              - |      0 |
|   50 |                              vm_mod_fused_nn_conv2d_add_add_5 |            - |              - |      0 |
|   51 |         vm_mod_fused_nn_conv2d_add_add_clip_divide_multiply_8 |            - |              - |      0 |
-----------------------------------------------------------------------------------------------------------------
Estimated total latency: - ms	Trials: 1634	Used time : 4433 s	Next ID: 43	

Time elapsed for measurement: 28.99 s
----------------------------------------------------------------------
------------------------------  [ Train cost model ]
----------------------------------------------------------------------
Time elapsed for training: 0.00 s
----------------------------------------------------------------------
------------------------------  [ Task Scheduler ]
----------------------------------------------------------------------
----------------------------------------------------------------------
------------------------------  [ Search ]
----------------------------------------------------------------------
Generate Sketches		#s: 1
Sample Initial Population	#s: 61	fail_ct: 4035	Time elapsed: 15.15
GA Iter: 0	Max score: 0.9780	Min score: 0.0056	#Pop: 61	#M+: 0	#M-: 0
GA Iter: 4	Max score: 0.9997	Min score: 0.9873	#Pop: 76	#M+: 1388	#M-: 0
EvolutionarySearch		#s: 76	Time elapsed: 105.60
----------------------------------------------------------------------
------------------------------  [ Measure ]
----------------------------------------------------------------------
Get 38 programs to measure:
......................................**************************************|  ID  |                       Task Description                        | Latency (ms) | Speed (GFLOPS) | Trials |
-----------------------------------------------------------------------------------------------------------------
|    0 |                          vm_mod_fused_nn_conv2d_add_nn_relu_5 |        0.004 |         786.27 |     38 |
|    1 |                                   vm_mod_fused_nn_dense_add_1 |        0.008 |         319.46 |     38 |
|    2 |                                    vm_mod_fused_nn_conv2d_add |        0.008 |        1196.78 |     38 |
|    3 |         vm_mod_fused_nn_conv2d_add_add_clip_divide_multiply_4 |        0.005 |         171.23 |     38 |
|    4 |           vm_mod_fused_nn_conv2d_add_add_clip_divide_multiply |        0.010 |        1208.29 |     38 |
|    5 |                              vm_mod_fused_nn_conv2d_add_add_3 |        0.005 |        1347.20 |     38 |
|    6 |                        vm_mod_fused_nn_conv2d_add_clip_divide |        0.003 |           1.38 |     38 |
|    7 |                          vm_mod_fused_nn_conv2d_add_nn_relu_1 |        0.004 |        7400.89 |     38 |
|    8 |                         vm_mod_fused_nn_adaptive_avg_pool2d_2 |        0.005 |          -0.00 |     38 |
|    9 |        vm_mod_fused_nn_conv2d_add_add_clip_divide_multiply_10 |        0.006 |         539.04 |     38 |
|   10 |                                  vm_mod_fused_nn_conv2d_add_3 |        0.015 |        1417.07 |     38 |
|   11 |                              vm_mod_fused_nn_conv2d_add_add_1 |        0.004 |        2914.37 |     38 |
|   12 |                          vm_mod_fused_nn_conv2d_add_nn_relu_8 |        0.004 |        1286.50 |     38 |
|   13 |                      vm_mod_fused_nn_conv2d_add_clip_divide_3 |        0.003 |          77.72 |     38 |
|   14 |         vm_mod_fused_nn_conv2d_add_add_clip_divide_multiply_9 |        0.009 |        3272.86 |     38 |
|   15 |         vm_mod_fused_nn_conv2d_add_add_clip_divide_multiply_5 |        0.008 |         751.31 |     38 |
|   16 |                          vm_mod_fused_nn_conv2d_add_nn_relu_4 |        0.004 |        1153.74 |     38 |
|   17 |                      vm_mod_fused_nn_conv2d_add_clip_divide_1 |        0.002 |           3.51 |     38 |
|   18 |                                     vm_mod_fused_nn_dense_add |        0.011 |         226.77 |     38 |
|   19 |         vm_mod_fused_nn_conv2d_add_add_clip_divide_multiply_1 |        0.009 |        1874.37 |     38 |
|   20 |                         vm_mod_fused_nn_adaptive_avg_pool2d_3 |        0.004 |          -0.00 |     38 |
|   21 |                                vm_mod_fused_nn_conv2d_add_add |        0.003 |        1964.04 |     38 |
|   22 |        vm_mod_fused_nn_conv2d_add_add_clip_divide_multiply_13 |        0.006 |         427.76 |     38 |
|   23 |                          vm_mod_fused_nn_conv2d_add_nn_relu_7 |        0.005 |        1609.05 |     38 |
|   24 |                            vm_mod_fused_nn_conv2d_add_nn_relu |        0.003 |        1161.20 |     38 |
|   25 |                         vm_mod_fused_nn_conv2d_add_nn_relu_10 |        0.004 |          27.66 |     38 |
|   26 |         vm_mod_fused_nn_conv2d_add_add_clip_divide_multiply_6 |        0.004 |         204.52 |     38 |
|   27 |                              vm_mod_fused_nn_conv2d_add_add_4 |        0.010 |         604.96 |     38 |
|   28 |                              vm_mod_fused_nn_conv2d_add_add_6 |        0.021 |         701.14 |     38 |
|   29 |                          vm_mod_fused_nn_conv2d_add_nn_relu_3 |        0.004 |        2982.42 |     38 |
|   30 |         vm_mod_fused_nn_conv2d_add_add_clip_divide_multiply_2 |        0.007 |         161.25 |     38 |
|   31 |                         vm_mod_fused_nn_adaptive_avg_pool2d_4 |        0.004 |          -0.00 |     38 |
|   32 |        vm_mod_fused_nn_conv2d_add_add_clip_divide_multiply_11 |        0.007 |         263.97 |     38 |
|   33 |                              vm_mod_fused_nn_conv2d_add_add_2 |        0.006 |        1174.77 |     38 |
|   34 |                           vm_mod_fused_nn_adaptive_avg_pool2d |        0.008 |          -0.00 |     38 |
|   35 |                                  vm_mod_fused_nn_conv2d_add_2 |        0.005 |        1471.65 |     38 |
|   36 |                         vm_mod_fused_nn_conv2d_add_nn_relu_11 |        0.007 |          32.89 |     38 |
|   37 |                      vm_mod_fused_nn_conv2d_add_clip_divide_4 |        0.004 |         103.53 |     38 |
|   38 |                                  vm_mod_fused_nn_conv2d_add_1 |        0.004 |        1240.09 |     38 |
|   39 |        vm_mod_fused_nn_conv2d_add_add_clip_divide_multiply_12 |        0.008 |        1911.99 |     38 |
|   40 |                          vm_mod_fused_nn_conv2d_add_nn_relu_6 |        0.003 |           1.02 |     38 |
|   41 |         vm_mod_fused_nn_conv2d_add_add_clip_divide_multiply_7 |        0.010 |        1610.72 |     38 |
|   42 |                      vm_mod_fused_nn_conv2d_add_clip_divide_2 |        0.003 |          38.08 |     38 |
|   43 |         vm_mod_fused_nn_conv2d_add_add_clip_divide_multiply_3 |        0.010 |         650.92 |     38 |
|   44 |                          vm_mod_fused_nn_conv2d_add_nn_relu_2 |            - |              - |      0 |
|   45 |                         vm_mod_fused_nn_adaptive_avg_pool2d_5 |            - |              - |      0 |
|   46 |                                  vm_mod_fused_nn_conv2d_add_4 |            - |              - |      0 |
|   47 |                         vm_mod_fused_nn_adaptive_avg_pool2d_1 |            - |              - |      0 |
|   48 |                          vm_mod_fused_nn_conv2d_add_nn_relu_9 |            - |              - |      0 |
|   49 |                         vm_mod_fused_nn_conv2d_add_nn_relu_12 |            - |              - |      0 |
|   50 |                              vm_mod_fused_nn_conv2d_add_add_5 |            - |              - |      0 |
|   51 |         vm_mod_fused_nn_conv2d_add_add_clip_divide_multiply_8 |            - |              - |      0 |
-----------------------------------------------------------------------------------------------------------------
Estimated total latency: - ms	Trials: 1672	Used time : 4556 s	Next ID: 44	

Time elapsed for measurement: 22.97 s
----------------------------------------------------------------------
------------------------------  [ Train cost model ]
----------------------------------------------------------------------
Time elapsed for training: 0.00 s
----------------------------------------------------------------------
------------------------------  [ Task Scheduler ]
----------------------------------------------------------------------
----------------------------------------------------------------------
------------------------------  [ Search ]
----------------------------------------------------------------------
Generate Sketches		#s: 1
Sample Initial Population	#s: 706	fail_ct: 1342	Time elapsed: 3.33
GA Iter: 0	Max score: 0.9987	Min score: 0.8597	#Pop: 76	#M+: 0	#M-: 0
GA Iter: 4	Max score: 0.9999	Min score: 0.9908	#Pop: 76	#M+: 1393	#M-: 0
EvolutionarySearch		#s: 76	Time elapsed: 11.78
----------------------------------------------------------------------
------------------------------  [ Measure ]
----------------------------------------------------------------------
Get 38 programs to measure:
......................................**************************************|  ID  |                       Task Description                        | Latency (ms) | Speed (GFLOPS) | Trials |
-----------------------------------------------------------------------------------------------------------------
|    0 |                          vm_mod_fused_nn_conv2d_add_nn_relu_5 |        0.004 |         786.27 |     38 |
|    1 |                                   vm_mod_fused_nn_dense_add_1 |        0.008 |         319.46 |     38 |
|    2 |                                    vm_mod_fused_nn_conv2d_add |        0.008 |        1196.78 |     38 |
|    3 |         vm_mod_fused_nn_conv2d_add_add_clip_divide_multiply_4 |        0.005 |         171.23 |     38 |
|    4 |           vm_mod_fused_nn_conv2d_add_add_clip_divide_multiply |        0.010 |        1208.29 |     38 |
|    5 |                              vm_mod_fused_nn_conv2d_add_add_3 |        0.005 |        1347.20 |     38 |
|    6 |                        vm_mod_fused_nn_conv2d_add_clip_divide |        0.003 |           1.38 |     38 |
|    7 |                          vm_mod_fused_nn_conv2d_add_nn_relu_1 |        0.004 |        7400.89 |     38 |
|    8 |                         vm_mod_fused_nn_adaptive_avg_pool2d_2 |        0.005 |          -0.00 |     38 |
|    9 |        vm_mod_fused_nn_conv2d_add_add_clip_divide_multiply_10 |        0.006 |         539.04 |     38 |
|   10 |                                  vm_mod_fused_nn_conv2d_add_3 |        0.015 |        1417.07 |     38 |
|   11 |                              vm_mod_fused_nn_conv2d_add_add_1 |        0.004 |        2914.37 |     38 |
|   12 |                          vm_mod_fused_nn_conv2d_add_nn_relu_8 |        0.004 |        1286.50 |     38 |
|   13 |                      vm_mod_fused_nn_conv2d_add_clip_divide_3 |        0.003 |          77.72 |     38 |
|   14 |         vm_mod_fused_nn_conv2d_add_add_clip_divide_multiply_9 |        0.009 |        3272.86 |     38 |
|   15 |         vm_mod_fused_nn_conv2d_add_add_clip_divide_multiply_5 |        0.008 |         751.31 |     38 |
|   16 |                          vm_mod_fused_nn_conv2d_add_nn_relu_4 |        0.004 |        1153.74 |     38 |
|   17 |                      vm_mod_fused_nn_conv2d_add_clip_divide_1 |        0.002 |           3.51 |     38 |
|   18 |                                     vm_mod_fused_nn_dense_add |        0.011 |         226.77 |     38 |
|   19 |         vm_mod_fused_nn_conv2d_add_add_clip_divide_multiply_1 |        0.009 |        1874.37 |     38 |
|   20 |                         vm_mod_fused_nn_adaptive_avg_pool2d_3 |        0.004 |          -0.00 |     38 |
|   21 |                                vm_mod_fused_nn_conv2d_add_add |        0.003 |        1964.04 |     38 |
|   22 |        vm_mod_fused_nn_conv2d_add_add_clip_divide_multiply_13 |        0.006 |         427.76 |     38 |
|   23 |                          vm_mod_fused_nn_conv2d_add_nn_relu_7 |        0.005 |        1609.05 |     38 |
|   24 |                            vm_mod_fused_nn_conv2d_add_nn_relu |        0.003 |        1161.20 |     38 |
|   25 |                         vm_mod_fused_nn_conv2d_add_nn_relu_10 |        0.004 |          27.66 |     38 |
|   26 |         vm_mod_fused_nn_conv2d_add_add_clip_divide_multiply_6 |        0.004 |         204.52 |     38 |
|   27 |                              vm_mod_fused_nn_conv2d_add_add_4 |        0.010 |         604.96 |     38 |
|   28 |                              vm_mod_fused_nn_conv2d_add_add_6 |        0.021 |         701.14 |     38 |
|   29 |                          vm_mod_fused_nn_conv2d_add_nn_relu_3 |        0.004 |        2982.42 |     38 |
|   30 |         vm_mod_fused_nn_conv2d_add_add_clip_divide_multiply_2 |        0.007 |         161.25 |     38 |
|   31 |                         vm_mod_fused_nn_adaptive_avg_pool2d_4 |        0.004 |          -0.00 |     38 |
|   32 |        vm_mod_fused_nn_conv2d_add_add_clip_divide_multiply_11 |        0.007 |         263.97 |     38 |
|   33 |                              vm_mod_fused_nn_conv2d_add_add_2 |        0.006 |        1174.77 |     38 |
|   34 |                           vm_mod_fused_nn_adaptive_avg_pool2d |        0.008 |          -0.00 |     38 |
|   35 |                                  vm_mod_fused_nn_conv2d_add_2 |        0.005 |        1471.65 |     38 |
|   36 |                         vm_mod_fused_nn_conv2d_add_nn_relu_11 |        0.007 |          32.89 |     38 |
|   37 |                      vm_mod_fused_nn_conv2d_add_clip_divide_4 |        0.004 |         103.53 |     38 |
|   38 |                                  vm_mod_fused_nn_conv2d_add_1 |        0.004 |        1240.09 |     38 |
|   39 |        vm_mod_fused_nn_conv2d_add_add_clip_divide_multiply_12 |        0.008 |        1911.99 |     38 |
|   40 |                          vm_mod_fused_nn_conv2d_add_nn_relu_6 |        0.003 |           1.02 |     38 |
|   41 |         vm_mod_fused_nn_conv2d_add_add_clip_divide_multiply_7 |        0.010 |        1610.72 |     38 |
|   42 |                      vm_mod_fused_nn_conv2d_add_clip_divide_2 |        0.003 |          38.08 |     38 |
|   43 |         vm_mod_fused_nn_conv2d_add_add_clip_divide_multiply_3 |        0.010 |         650.92 |     38 |
|   44 |                          vm_mod_fused_nn_conv2d_add_nn_relu_2 |        0.005 |         859.89 |     38 |
|   45 |                         vm_mod_fused_nn_adaptive_avg_pool2d_5 |            - |              - |      0 |
|   46 |                                  vm_mod_fused_nn_conv2d_add_4 |            - |              - |      0 |
|   47 |                         vm_mod_fused_nn_adaptive_avg_pool2d_1 |            - |              - |      0 |
|   48 |                          vm_mod_fused_nn_conv2d_add_nn_relu_9 |            - |              - |      0 |
|   49 |                         vm_mod_fused_nn_conv2d_add_nn_relu_12 |            - |              - |      0 |
|   50 |                              vm_mod_fused_nn_conv2d_add_add_5 |            - |              - |      0 |
|   51 |         vm_mod_fused_nn_conv2d_add_add_clip_divide_multiply_8 |            - |              - |      0 |
-----------------------------------------------------------------------------------------------------------------
Estimated total latency: - ms	Trials: 1710	Used time : 4700 s	Next ID: 45	

Time elapsed for measurement: 16.18 s
----------------------------------------------------------------------
------------------------------  [ Train cost model ]
----------------------------------------------------------------------
Time elapsed for training: 0.00 s
----------------------------------------------------------------------
------------------------------  [ Task Scheduler ]
----------------------------------------------------------------------
----------------------------------------------------------------------
------------------------------  [ Search ]
----------------------------------------------------------------------
Generate Sketches		#s: 1
Sample Initial Population	#s: 100	fail_ct: 1948	Time elapsed: 5.09
GA Iter: 0	Max score: 0.9977	Min score: 0.2828	#Pop: 76	#M+: 0	#M-: 0
GA Iter: 4	Max score: 0.9999	Min score: 0.9897	#Pop: 76	#M+: 1397	#M-: 0
EvolutionarySearch		#s: 76	Time elapsed: 71.76
----------------------------------------------------------------------
------------------------------  [ Measure ]
----------------------------------------------------------------------
Get 38 programs to measure:
......................................********Eterminate called after throwing an instance of 'tvm::runtime::InternalError'
  what():  [19:38:48] /data3/qsy/complier/tlm/src/runtime/cuda/cuda_module.cc:61: CUDAError: cuModuleUnload(module_[i]) failed with error: CUDA_ERROR_MISALIGNED_ADDRESS
Stack trace:
  0: tvm::runtime::SimpleObjAllocator::Handler<tvm::runtime::CUDAModuleNode>::Deleter_(tvm::runtime::Object*)
  1: tvm::runtime::SimpleObjAllocator::Handler<tvm::runtime::LibraryModuleNode>::Deleter_(tvm::runtime::Object*)
  2: _ZN3tvm7runtime18SimpleObjAllocator7HandlerINS0_16PackedFuncS
  3: _ZN3tvm7runtime18SimpleObjAllocator7HandlerINS0_16PackedFuncSubObjIZNS0_9profiling17WrapTimeE
  4: TVMObjectFree
  5: __pyx_tp_dealloc_3tvm_4_ffi_4_cy3_4core_PackedFuncBase(_object*)
  6: subtype_dealloc
        at /usr/local/src/conda/python-3.10.18/Objects/typeobject.c:1460
  7: _Py_DECREF
        at /usr/local/src/conda/python-3.10.18/Include/object.h:500
  8: _Py_XDECREF
        at /usr/local/src/conda/python-3.10.18/Include/object.h:567
  9: cell_dealloc
        at /usr/local/src/conda/python-3.10.18/Objects/cellobject.c:82
  10: _Py_Dealloc
        at /usr/local/src/conda/python-3.10.18/Objects/object.c:2301
  11: _Py_DECREF
        at /usr/local/src/conda/python-3.10.18/Include/object.h:500
  12: _Py_XDECREF
        at /usr/local/src/conda/python-3.10.18/Include/object.h:567
  13: tupledealloc
        at /usr/local/src/conda/python-3.10.18/Objects/tupleobject.c:276
  14: _Py_Dealloc
        at /usr/local/src/conda/python-3.10.18/Objects/object.c:2301
  15: _Py_DECREF
        at /usr/local/src/conda/python-3.10.18/Include/object.h:500
  16: func_clear
        at /usr/local/src/conda/python-3.10.18/Objects/funcobject.c:636
  17: func_dealloc
        at /usr/local/src/conda/python-3.10.18/Objects/funcobject.c:648
  18: _Py_Dealloc
        at /usr/local/src/conda/python-3.10.18/Objects/object.c:2301
  19: _Py_DECREF
        at /usr/local/src/conda/python-3.10.18/Include/object.h:500
  20: frame_dealloc
        at /usr/local/src/conda/python-3.10.18/Objects/frameobject.c:591
  21: _Py_Dealloc
        at /usr/local/src/conda/python-3.10.18/Objects/object.c:2301
  22: _Py_DECREF
        at /usr/local/src/conda/python-3.10.18/Include/object.h:500
  23: _PyEval_Vector
        at /usr/local/src/conda/python-3.10.18/Python/ceval.c:5080
  24: _PyFunction_Vectorcall
        at /usr/local/src/conda/python-3.10.18/Objects/call.c:342
  25: do_call_core
        at /usr/local/src/conda/python-3.10.18/Python/ceval.c:5945
  26: _PyEval_EvalFrameDefault
        at /usr/local/src/conda/python-3.10.18/Python/ceval.c:4277
  27: _PyEval_EvalFrame
        at /usr/local/src/conda/python-3.10.18/Include/internal/pycore_ceval.h:46
  28: _PyEval_Vector
        at /usr/local/src/conda/python-3.10.18/Python/ceval.c:5067
  29: _PyFunction_Vectorcall
        at /usr/local/src/conda/python-3.10.18/Objects/call.c:342
  30: _PyObject_VectorcallTstate
        at /usr/local/src/conda/python-3.10.18/Include/cpython/abstract.h:114
  31: PyObject_Vectorcall
        at /usr/local/src/conda/python-3.10.18/Include/cpython/abstract.h:123
  32: call_function
        at /usr/local/src/conda/python-3.10.18/Python/ceval.c:5893
  33: _PyEval_EvalFrameDefault
        at /usr/local/src/conda/python-3.10.18/Python/ceval.c:4213
  34: _PyEval_EvalFrame
        at /usr/local/src/conda/python-3.10.18/Include/internal/pycore_ceval.h:46
  35: _PyEval_Vector
        at /usr/local/src/conda/python-3.10.18/Python/ceval.c:5067
  36: PyEval_EvalCode
        at /usr/local/src/conda/python-3.10.18/Python/ceval.c:1134
  37: builtin_exec_impl
        at /usr/local/src/conda/python-3.10.18/Python/bltinmodule.c:1058
  38: builtin_exec
        at /usr/local/src/conda/python-3.10.18/Python/clinic/bltinmodule.c.h:371
  39: cfunction_vectorcall_FASTCALL
        at /usr/local/src/conda/python-3.10.18/Objects/methodobject.c:430
  40: _PyObject_VectorcallTstate
        at /usr/local/src/conda/python-3.10.18/Include/cpython/abstract.h:114
  41: PyObject_Vectorcall
        at /usr/local/src/conda/python-3.10.18/Include/cpython/abstract.h:123
  42: call_function
        at /usr/local/src/conda/python-3.10.18/Python/ceval.c:5893
  43: _PyEval_EvalFrameDefault
        at /usr/local/src/conda/python-3.10.18/Python/ceval.c:4213
  44: _PyEval_EvalFrame
        at /usr/local/src/conda/python-3.10.18/Include/internal/pycore_ceval.h:46
  45: _PyEval_Vector
        at /usr/local/src/conda/python-3.10.18/Python/ceval.c:5067
  46: _PyFunction_Vectorcall
        at /usr/local/src/conda/python-3.10.18/Objects/call.c:342
  47: _PyObject_VectorcallTstate
        at /usr/local/src/conda/python-3.10.18/Include/cpython/abstract.h:114
  48: PyObject_Vectorcall
        at /usr/local/src/conda/python-3.10.18/Include/cpython/abstract.h:123
  49: call_function
        at /usr/local/src/conda/python-3.10.18/Python/ceval.c:5893
  50: _PyEval_EvalFrameDefault
        at /usr/local/src/conda/python-3.10.18/Python/ceval.c:4213
  51: _PyEval_EvalFrame
        at /usr/local/src/conda/python-3.10.18/Include/internal/pycore_ceval.h:46
  52: _PyEval_Vector
        at /usr/local/src/conda/python-3.10.18/Python/ceval.c:5067
  53: _PyFunction_Vectorcall
        at /usr/local/src/conda/python-3.10.18/Objects/call.c:342
  54: pymain_run_module
        at /usr/local/src/conda/python-3.10.18/Modules/main.c:297
  55: pymain_run_python
        at /usr/local/src/conda/python-3.10.18/Modules/main.c:589
  56: Py_RunMain
        at /usr/local/src/conda/python-3.10.18/Modules/main.c:674
  57: Py_BytesMain
        at /usr/local/src/conda/python-3.10.18/Modules/main.c:1094
  58: __libc_start_main
        at ../csu/libc-start.c:308
  59: 0x000000000058728d
  60: 0xffffffffffffffff


|  ID  |                       Task Description                        | Latency (ms) | Speed (GFLOPS) | Trials |
-----------------------------------------------------------------------------------------------------------------
|    0 |                          vm_mod_fused_nn_conv2d_add_nn_relu_5 |        0.004 |         786.27 |     38 |
|    1 |                                   vm_mod_fused_nn_dense_add_1 |        0.008 |         319.46 |     38 |
|    2 |                                    vm_mod_fused_nn_conv2d_add |        0.008 |        1196.78 |     38 |
|    3 |         vm_mod_fused_nn_conv2d_add_add_clip_divide_multiply_4 |        0.005 |         171.23 |     38 |
|    4 |           vm_mod_fused_nn_conv2d_add_add_clip_divide_multiply |        0.010 |        1208.29 |     38 |
|    5 |                              vm_mod_fused_nn_conv2d_add_add_3 |        0.005 |        1347.20 |     38 |
|    6 |                        vm_mod_fused_nn_conv2d_add_clip_divide |        0.003 |           1.38 |     38 |
|    7 |                          vm_mod_fused_nn_conv2d_add_nn_relu_1 |        0.004 |        7400.89 |     38 |
|    8 |                         vm_mod_fused_nn_adaptive_avg_pool2d_2 |        0.005 |          -0.00 |     38 |
|    9 |        vm_mod_fused_nn_conv2d_add_add_clip_divide_multiply_10 |        0.006 |         539.04 |     38 |
|   10 |                                  vm_mod_fused_nn_conv2d_add_3 |        0.015 |        1417.07 |     38 |
|   11 |                              vm_mod_fused_nn_conv2d_add_add_1 |        0.004 |        2914.37 |     38 |
|   12 |                          vm_mod_fused_nn_conv2d_add_nn_relu_8 |        0.004 |        1286.50 |     38 |
|   13 |                      vm_mod_fused_nn_conv2d_add_clip_divide_3 |        0.003 |          77.72 |     38 |
|   14 |         vm_mod_fused_nn_conv2d_add_add_clip_divide_multiply_9 |        0.009 |        3272.86 |     38 |
|   15 |         vm_mod_fused_nn_conv2d_add_add_clip_divide_multiply_5 |        0.008 |         751.31 |     38 |
|   16 |                          vm_mod_fused_nn_conv2d_add_nn_relu_4 |        0.004 |        1153.74 |     38 |
|   17 |                      vm_mod_fused_nn_conv2d_add_clip_divide_1 |        0.002 |           3.51 |     38 |
|   18 |                                     vm_mod_fused_nn_dense_add |        0.011 |         226.77 |     38 |
|   19 |         vm_mod_fused_nn_conv2d_add_add_clip_divide_multiply_1 |        0.009 |        1874.37 |     38 |
|   20 |                         vm_mod_fused_nn_adaptive_avg_pool2d_3 |        0.004 |          -0.00 |     38 |
|   21 |                                vm_mod_fused_nn_conv2d_add_add |        0.003 |        1964.04 |     38 |
|   22 |        vm_mod_fused_nn_conv2d_add_add_clip_divide_multiply_13 |        0.006 |         427.76 |     38 |
|   23 |                          vm_mod_fused_nn_conv2d_add_nn_relu_7 |        0.005 |        1609.05 |     38 |
|   24 |                            vm_mod_fused_nn_conv2d_add_nn_relu |        0.003 |        1161.20 |     38 |
|   25 |                         vm_mod_fused_nn_conv2d_add_nn_relu_10 |        0.004 |          27.66 |     38 |
|   26 |         vm_mod_fused_nn_conv2d_add_add_clip_divide_multiply_6 |        0.004 |         204.52 |     38 |
|   27 |                              vm_mod_fused_nn_conv2d_add_add_4 |        0.010 |         604.96 |     38 |
|   28 |                              vm_mod_fused_nn_conv2d_add_add_6 |        0.021 |         701.14 |     38 |
|   29 |                          vm_mod_fused_nn_conv2d_add_nn_relu_3 |        0.004 |        2982.42 |     38 |
|   30 |         vm_mod_fused_nn_conv2d_add_add_clip_divide_multiply_2 |        0.007 |         161.25 |     38 |
|   31 |                         vm_mod_fused_nn_adaptive_avg_pool2d_4 |        0.004 |          -0.00 |     38 |
|   32 |        vm_mod_fused_nn_conv2d_add_add_clip_divide_multiply_11 |        0.007 |         263.97 |     38 |
|   33 |                              vm_mod_fused_nn_conv2d_add_add_2 |        0.006 |        1174.77 |     38 |
|   34 |                           vm_mod_fused_nn_adaptive_avg_pool2d |        0.008 |          -0.00 |     38 |
|   35 |                                  vm_mod_fused_nn_conv2d_add_2 |        0.005 |        1471.65 |     38 |
|   36 |                         vm_mod_fused_nn_conv2d_add_nn_relu_11 |        0.007 |          32.89 |     38 |
|   37 |                      vm_mod_fused_nn_conv2d_add_clip_divide_4 |        0.004 |         103.53 |     38 |
|   38 |                                  vm_mod_fused_nn_conv2d_add_1 |        0.004 |        1240.09 |     38 |
|   39 |        vm_mod_fused_nn_conv2d_add_add_clip_divide_multiply_12 |        0.008 |        1911.99 |     38 |
|   40 |                          vm_mod_fused_nn_conv2d_add_nn_relu_6 |        0.003 |           1.02 |     38 |
|   41 |         vm_mod_fused_nn_conv2d_add_add_clip_divide_multiply_7 |        0.010 |        1610.72 |     38 |
|   42 |                      vm_mod_fused_nn_conv2d_add_clip_divide_2 |        0.003 |          38.08 |     38 |
|   43 |         vm_mod_fused_nn_conv2d_add_add_clip_divide_multiply_3 |        0.010 |         650.92 |     38 |
|   44 |                          vm_mod_fused_nn_conv2d_add_nn_relu_2 |        0.005 |         859.89 |     38 |
|   45 |                         vm_mod_fused_nn_adaptive_avg_pool2d_5 |        0.004 |          -0.00 |     38 |
|   46 |                                  vm_mod_fused_nn_conv2d_add_4 |            - |              - |      0 |
|   47 |                         vm_mod_fused_nn_adaptive_avg_pool2d_1 |            - |              - |      0 |
|   48 |                          vm_mod_fused_nn_conv2d_add_nn_relu_9 |            - |              - |      0 |
|   49 |                         vm_mod_fused_nn_conv2d_add_nn_relu_12 |            - |              - |      0 |
|   50 |                              vm_mod_fused_nn_conv2d_add_add_5 |            - |              - |      0 |
|   51 |         vm_mod_fused_nn_conv2d_add_add_clip_divide_multiply_8 |            - |              - |      0 |
-----------------------------------------------------------------------------------------------------------------
Estimated total latency: - ms	Trials: 1748	Used time : 4731 s	Next ID: 46	
*E******************************
Time elapsed for measurement: 19.47 s
----------------------------------------------------------------------
------------------------------  [ Train cost model ]
----------------------------------------------------------------------
Time elapsed for training: 0.00 s
----------------------------------------------------------------------
------------------------------  [ Task Scheduler ]
----------------------------------------------------------------------
----------------------------------------------------------------------
------------------------------  [ Search ]
----------------------------------------------------------------------
Generate Sketches		#s: 1
Sample Initial Population	#s: 643	fail_ct: 1405	Time elapsed: 3.97
GA Iter: 0	Max score: 0.9948	Min score: 0.8543	#Pop: 76	#M+: 0	#M-: 0
GA Iter: 4	Max score: 0.9999	Min score: 0.9912	#Pop: 76	#M+: 1384	#M-: 0
EvolutionarySearch		#s: 76	Time elapsed: 12.59
----------------------------------------------------------------------
------------------------------  [ Measure ]
----------------------------------------------------------------------
Get 38 programs to measure:
......................................**************************************|  ID  |                       Task Description                        | Latency (ms) | Speed (GFLOPS) | Trials |
-----------------------------------------------------------------------------------------------------------------
|    0 |                          vm_mod_fused_nn_conv2d_add_nn_relu_5 |        0.004 |         786.27 |     38 |
|    1 |                                   vm_mod_fused_nn_dense_add_1 |        0.008 |         319.46 |     38 |
|    2 |                                    vm_mod_fused_nn_conv2d_add |        0.008 |        1196.78 |     38 |
|    3 |         vm_mod_fused_nn_conv2d_add_add_clip_divide_multiply_4 |        0.005 |         171.23 |     38 |
|    4 |           vm_mod_fused_nn_conv2d_add_add_clip_divide_multiply |        0.010 |        1208.29 |     38 |
|    5 |                              vm_mod_fused_nn_conv2d_add_add_3 |        0.005 |        1347.20 |     38 |
|    6 |                        vm_mod_fused_nn_conv2d_add_clip_divide |        0.003 |           1.38 |     38 |
|    7 |                          vm_mod_fused_nn_conv2d_add_nn_relu_1 |        0.004 |        7400.89 |     38 |
|    8 |                         vm_mod_fused_nn_adaptive_avg_pool2d_2 |        0.005 |          -0.00 |     38 |
|    9 |        vm_mod_fused_nn_conv2d_add_add_clip_divide_multiply_10 |        0.006 |         539.04 |     38 |
|   10 |                                  vm_mod_fused_nn_conv2d_add_3 |        0.015 |        1417.07 |     38 |
|   11 |                              vm_mod_fused_nn_conv2d_add_add_1 |        0.004 |        2914.37 |     38 |
|   12 |                          vm_mod_fused_nn_conv2d_add_nn_relu_8 |        0.004 |        1286.50 |     38 |
|   13 |                      vm_mod_fused_nn_conv2d_add_clip_divide_3 |        0.003 |          77.72 |     38 |
|   14 |         vm_mod_fused_nn_conv2d_add_add_clip_divide_multiply_9 |        0.009 |        3272.86 |     38 |
|   15 |         vm_mod_fused_nn_conv2d_add_add_clip_divide_multiply_5 |        0.008 |         751.31 |     38 |
|   16 |                          vm_mod_fused_nn_conv2d_add_nn_relu_4 |        0.004 |        1153.74 |     38 |
|   17 |                      vm_mod_fused_nn_conv2d_add_clip_divide_1 |        0.002 |           3.51 |     38 |
|   18 |                                     vm_mod_fused_nn_dense_add |        0.011 |         226.77 |     38 |
|   19 |         vm_mod_fused_nn_conv2d_add_add_clip_divide_multiply_1 |        0.009 |        1874.37 |     38 |
|   20 |                         vm_mod_fused_nn_adaptive_avg_pool2d_3 |        0.004 |          -0.00 |     38 |
|   21 |                                vm_mod_fused_nn_conv2d_add_add |        0.003 |        1964.04 |     38 |
|   22 |        vm_mod_fused_nn_conv2d_add_add_clip_divide_multiply_13 |        0.006 |         427.76 |     38 |
|   23 |                          vm_mod_fused_nn_conv2d_add_nn_relu_7 |        0.005 |        1609.05 |     38 |
|   24 |                            vm_mod_fused_nn_conv2d_add_nn_relu |        0.003 |        1161.20 |     38 |
|   25 |                         vm_mod_fused_nn_conv2d_add_nn_relu_10 |        0.004 |          27.66 |     38 |
|   26 |         vm_mod_fused_nn_conv2d_add_add_clip_divide_multiply_6 |        0.004 |         204.52 |     38 |
|   27 |                              vm_mod_fused_nn_conv2d_add_add_4 |        0.010 |         604.96 |     38 |
|   28 |                              vm_mod_fused_nn_conv2d_add_add_6 |        0.021 |         701.14 |     38 |
|   29 |                          vm_mod_fused_nn_conv2d_add_nn_relu_3 |        0.004 |        2982.42 |     38 |
|   30 |         vm_mod_fused_nn_conv2d_add_add_clip_divide_multiply_2 |        0.007 |         161.25 |     38 |
|   31 |                         vm_mod_fused_nn_adaptive_avg_pool2d_4 |        0.004 |          -0.00 |     38 |
|   32 |        vm_mod_fused_nn_conv2d_add_add_clip_divide_multiply_11 |        0.007 |         263.97 |     38 |
|   33 |                              vm_mod_fused_nn_conv2d_add_add_2 |        0.006 |        1174.77 |     38 |
|   34 |                           vm_mod_fused_nn_adaptive_avg_pool2d |        0.008 |          -0.00 |     38 |
|   35 |                                  vm_mod_fused_nn_conv2d_add_2 |        0.005 |        1471.65 |     38 |
|   36 |                         vm_mod_fused_nn_conv2d_add_nn_relu_11 |        0.007 |          32.89 |     38 |
|   37 |                      vm_mod_fused_nn_conv2d_add_clip_divide_4 |        0.004 |         103.53 |     38 |
|   38 |                                  vm_mod_fused_nn_conv2d_add_1 |        0.004 |        1240.09 |     38 |
|   39 |        vm_mod_fused_nn_conv2d_add_add_clip_divide_multiply_12 |        0.008 |        1911.99 |     38 |
|   40 |                          vm_mod_fused_nn_conv2d_add_nn_relu_6 |        0.003 |           1.02 |     38 |
|   41 |         vm_mod_fused_nn_conv2d_add_add_clip_divide_multiply_7 |        0.010 |        1610.72 |     38 |
|   42 |                      vm_mod_fused_nn_conv2d_add_clip_divide_2 |        0.003 |          38.08 |     38 |
|   43 |         vm_mod_fused_nn_conv2d_add_add_clip_divide_multiply_3 |        0.010 |         650.92 |     38 |
|   44 |                          vm_mod_fused_nn_conv2d_add_nn_relu_2 |        0.005 |         859.89 |     38 |
|   45 |                         vm_mod_fused_nn_adaptive_avg_pool2d_5 |        0.004 |          -0.00 |     38 |
|   46 |                                  vm_mod_fused_nn_conv2d_add_4 |        0.006 |        1650.53 |     38 |
|   47 |                         vm_mod_fused_nn_adaptive_avg_pool2d_1 |            - |              - |      0 |
|   48 |                          vm_mod_fused_nn_conv2d_add_nn_relu_9 |            - |              - |      0 |
|   49 |                         vm_mod_fused_nn_conv2d_add_nn_relu_12 |            - |              - |      0 |
|   50 |                              vm_mod_fused_nn_conv2d_add_add_5 |            - |              - |      0 |
|   51 |         vm_mod_fused_nn_conv2d_add_add_clip_divide_multiply_8 |            - |              - |      0 |
-----------------------------------------------------------------------------------------------------------------
Estimated total latency: - ms	Trials: 1786	Used time : 4828 s	Next ID: 47	

Time elapsed for measurement: 16.82 s
----------------------------------------------------------------------
------------------------------  [ Train cost model ]
----------------------------------------------------------------------
Time elapsed for training: 2.29 s
----------------------------------------------------------------------
------------------------------  [ Task Scheduler ]
----------------------------------------------------------------------
----------------------------------------------------------------------
------------------------------  [ Search ]
----------------------------------------------------------------------
Generate Sketches		#s: 2
Sample Initial Population	#s: 459	fail_ct: 1589	Time elapsed: 9.20
GA Iter: 0	Max score: 0.9992	Min score: 0.8123	#Pop: 76	#M+: 0	#M-: 0
GA Iter: 4	Max score: 0.9999	Min score: 0.9900	#Pop: 76	#M+: 1404	#M-: 0
EvolutionarySearch		#s: 76	Time elapsed: 51.94
----------------------------------------------------------------------
------------------------------  [ Measure ]
----------------------------------------------------------------------
Get 38 programs to measure:
.....E.................................*************************************|  ID  |                       Task Description                        | Latency (ms) | Speed (GFLOPS) | Trials |
-----------------------------------------------------------------------------------------------------------------
|    0 |                          vm_mod_fused_nn_conv2d_add_nn_relu_5 |        0.004 |         786.27 |     38 |
|    1 |                                   vm_mod_fused_nn_dense_add_1 |        0.008 |         319.46 |     38 |
|    2 |                                    vm_mod_fused_nn_conv2d_add |        0.008 |        1196.78 |     38 |
|    3 |         vm_mod_fused_nn_conv2d_add_add_clip_divide_multiply_4 |        0.005 |         171.23 |     38 |
|    4 |           vm_mod_fused_nn_conv2d_add_add_clip_divide_multiply |        0.010 |        1208.29 |     38 |
|    5 |                              vm_mod_fused_nn_conv2d_add_add_3 |        0.005 |        1347.20 |     38 |
|    6 |                        vm_mod_fused_nn_conv2d_add_clip_divide |        0.003 |           1.38 |     38 |
|    7 |                          vm_mod_fused_nn_conv2d_add_nn_relu_1 |        0.004 |        7400.89 |     38 |
|    8 |                         vm_mod_fused_nn_adaptive_avg_pool2d_2 |        0.005 |          -0.00 |     38 |
|    9 |        vm_mod_fused_nn_conv2d_add_add_clip_divide_multiply_10 |        0.006 |         539.04 |     38 |
|   10 |                                  vm_mod_fused_nn_conv2d_add_3 |        0.015 |        1417.07 |     38 |
|   11 |                              vm_mod_fused_nn_conv2d_add_add_1 |        0.004 |        2914.37 |     38 |
|   12 |                          vm_mod_fused_nn_conv2d_add_nn_relu_8 |        0.004 |        1286.50 |     38 |
|   13 |                      vm_mod_fused_nn_conv2d_add_clip_divide_3 |        0.003 |          77.72 |     38 |
|   14 |         vm_mod_fused_nn_conv2d_add_add_clip_divide_multiply_9 |        0.009 |        3272.86 |     38 |
|   15 |         vm_mod_fused_nn_conv2d_add_add_clip_divide_multiply_5 |        0.008 |         751.31 |     38 |
|   16 |                          vm_mod_fused_nn_conv2d_add_nn_relu_4 |        0.004 |        1153.74 |     38 |
|   17 |                      vm_mod_fused_nn_conv2d_add_clip_divide_1 |        0.002 |           3.51 |     38 |
|   18 |                                     vm_mod_fused_nn_dense_add |        0.011 |         226.77 |     38 |
|   19 |         vm_mod_fused_nn_conv2d_add_add_clip_divide_multiply_1 |        0.009 |        1874.37 |     38 |
|   20 |                         vm_mod_fused_nn_adaptive_avg_pool2d_3 |        0.004 |          -0.00 |     38 |
|   21 |                                vm_mod_fused_nn_conv2d_add_add |        0.003 |        1964.04 |     38 |
|   22 |        vm_mod_fused_nn_conv2d_add_add_clip_divide_multiply_13 |        0.006 |         427.76 |     38 |
|   23 |                          vm_mod_fused_nn_conv2d_add_nn_relu_7 |        0.005 |        1609.05 |     38 |
|   24 |                            vm_mod_fused_nn_conv2d_add_nn_relu |        0.003 |        1161.20 |     38 |
|   25 |                         vm_mod_fused_nn_conv2d_add_nn_relu_10 |        0.004 |          27.66 |     38 |
|   26 |         vm_mod_fused_nn_conv2d_add_add_clip_divide_multiply_6 |        0.004 |         204.52 |     38 |
|   27 |                              vm_mod_fused_nn_conv2d_add_add_4 |        0.010 |         604.96 |     38 |
|   28 |                              vm_mod_fused_nn_conv2d_add_add_6 |        0.021 |         701.14 |     38 |
|   29 |                          vm_mod_fused_nn_conv2d_add_nn_relu_3 |        0.004 |        2982.42 |     38 |
|   30 |         vm_mod_fused_nn_conv2d_add_add_clip_divide_multiply_2 |        0.007 |         161.25 |     38 |
|   31 |                         vm_mod_fused_nn_adaptive_avg_pool2d_4 |        0.004 |          -0.00 |     38 |
|   32 |        vm_mod_fused_nn_conv2d_add_add_clip_divide_multiply_11 |        0.007 |         263.97 |     38 |
|   33 |                              vm_mod_fused_nn_conv2d_add_add_2 |        0.006 |        1174.77 |     38 |
|   34 |                           vm_mod_fused_nn_adaptive_avg_pool2d |        0.008 |          -0.00 |     38 |
|   35 |                                  vm_mod_fused_nn_conv2d_add_2 |        0.005 |        1471.65 |     38 |
|   36 |                         vm_mod_fused_nn_conv2d_add_nn_relu_11 |        0.007 |          32.89 |     38 |
|   37 |                      vm_mod_fused_nn_conv2d_add_clip_divide_4 |        0.004 |         103.53 |     38 |
|   38 |                                  vm_mod_fused_nn_conv2d_add_1 |        0.004 |        1240.09 |     38 |
|   39 |        vm_mod_fused_nn_conv2d_add_add_clip_divide_multiply_12 |        0.008 |        1911.99 |     38 |
|   40 |                          vm_mod_fused_nn_conv2d_add_nn_relu_6 |        0.003 |           1.02 |     38 |
|   41 |         vm_mod_fused_nn_conv2d_add_add_clip_divide_multiply_7 |        0.010 |        1610.72 |     38 |
|   42 |                      vm_mod_fused_nn_conv2d_add_clip_divide_2 |        0.003 |          38.08 |     38 |
|   43 |         vm_mod_fused_nn_conv2d_add_add_clip_divide_multiply_3 |        0.010 |         650.92 |     38 |
|   44 |                          vm_mod_fused_nn_conv2d_add_nn_relu_2 |        0.005 |         859.89 |     38 |
|   45 |                         vm_mod_fused_nn_adaptive_avg_pool2d_5 |        0.004 |          -0.00 |     38 |
|   46 |                                  vm_mod_fused_nn_conv2d_add_4 |        0.006 |        1650.53 |     38 |
|   47 |                         vm_mod_fused_nn_adaptive_avg_pool2d_1 |        0.008 |          -0.00 |     38 |
|   48 |                          vm_mod_fused_nn_conv2d_add_nn_relu_9 |            - |              - |      0 |
|   49 |                         vm_mod_fused_nn_conv2d_add_nn_relu_12 |            - |              - |      0 |
|   50 |                              vm_mod_fused_nn_conv2d_add_add_5 |            - |              - |      0 |
|   51 |         vm_mod_fused_nn_conv2d_add_add_clip_divide_multiply_8 |            - |              - |      0 |
-----------------------------------------------------------------------------------------------------------------
Estimated total latency: - ms	Trials: 1824	Used time : 4864 s	Next ID: 48	

Time elapsed for measurement: 17.17 s
----------------------------------------------------------------------
------------------------------  [ Train cost model ]
----------------------------------------------------------------------
Time elapsed for training: 0.00 s
----------------------------------------------------------------------
------------------------------  [ Task Scheduler ]
----------------------------------------------------------------------
----------------------------------------------------------------------
------------------------------  [ Search ]
----------------------------------------------------------------------
Generate Sketches		#s: 2
Sample Initial Population	#s: 84	fail_ct: 1964	Time elapsed: 3.00
GA Iter: 0	Max score: 0.9976	Min score: 0.1413	#Pop: 76	#M+: 0	#M-: 0
GA Iter: 4	Max score: 0.9995	Min score: 0.9528	#Pop: 76	#M+: 1388	#M-: 0
EvolutionarySearch		#s: 76	Time elapsed: 11.05
----------------------------------------------------------------------
------------------------------  [ Measure ]
----------------------------------------------------------------------
Get 38 programs to measure:
.................................E.E.E.E..**********************************|  ID  |                       Task Description                        | Latency (ms) | Speed (GFLOPS) | Trials |
-----------------------------------------------------------------------------------------------------------------
|    0 |                          vm_mod_fused_nn_conv2d_add_nn_relu_5 |        0.004 |         786.27 |     38 |
|    1 |                                   vm_mod_fused_nn_dense_add_1 |        0.008 |         319.46 |     38 |
|    2 |                                    vm_mod_fused_nn_conv2d_add |        0.008 |        1196.78 |     38 |
|    3 |         vm_mod_fused_nn_conv2d_add_add_clip_divide_multiply_4 |        0.005 |         171.23 |     38 |
|    4 |           vm_mod_fused_nn_conv2d_add_add_clip_divide_multiply |        0.010 |        1208.29 |     38 |
|    5 |                              vm_mod_fused_nn_conv2d_add_add_3 |        0.005 |        1347.20 |     38 |
|    6 |                        vm_mod_fused_nn_conv2d_add_clip_divide |        0.003 |           1.38 |     38 |
|    7 |                          vm_mod_fused_nn_conv2d_add_nn_relu_1 |        0.004 |        7400.89 |     38 |
|    8 |                         vm_mod_fused_nn_adaptive_avg_pool2d_2 |        0.005 |          -0.00 |     38 |
|    9 |        vm_mod_fused_nn_conv2d_add_add_clip_divide_multiply_10 |        0.006 |         539.04 |     38 |
|   10 |                                  vm_mod_fused_nn_conv2d_add_3 |        0.015 |        1417.07 |     38 |
|   11 |                              vm_mod_fused_nn_conv2d_add_add_1 |        0.004 |        2914.37 |     38 |
|   12 |                          vm_mod_fused_nn_conv2d_add_nn_relu_8 |        0.004 |        1286.50 |     38 |
|   13 |                      vm_mod_fused_nn_conv2d_add_clip_divide_3 |        0.003 |          77.72 |     38 |
|   14 |         vm_mod_fused_nn_conv2d_add_add_clip_divide_multiply_9 |        0.009 |        3272.86 |     38 |
|   15 |         vm_mod_fused_nn_conv2d_add_add_clip_divide_multiply_5 |        0.008 |         751.31 |     38 |
|   16 |                          vm_mod_fused_nn_conv2d_add_nn_relu_4 |        0.004 |        1153.74 |     38 |
|   17 |                      vm_mod_fused_nn_conv2d_add_clip_divide_1 |        0.002 |           3.51 |     38 |
|   18 |                                     vm_mod_fused_nn_dense_add |        0.011 |         226.77 |     38 |
|   19 |         vm_mod_fused_nn_conv2d_add_add_clip_divide_multiply_1 |        0.009 |        1874.37 |     38 |
|   20 |                         vm_mod_fused_nn_adaptive_avg_pool2d_3 |        0.004 |          -0.00 |     38 |
|   21 |                                vm_mod_fused_nn_conv2d_add_add |        0.003 |        1964.04 |     38 |
|   22 |        vm_mod_fused_nn_conv2d_add_add_clip_divide_multiply_13 |        0.006 |         427.76 |     38 |
|   23 |                          vm_mod_fused_nn_conv2d_add_nn_relu_7 |        0.005 |        1609.05 |     38 |
|   24 |                            vm_mod_fused_nn_conv2d_add_nn_relu |        0.003 |        1161.20 |     38 |
|   25 |                         vm_mod_fused_nn_conv2d_add_nn_relu_10 |        0.004 |          27.66 |     38 |
|   26 |         vm_mod_fused_nn_conv2d_add_add_clip_divide_multiply_6 |        0.004 |         204.52 |     38 |
|   27 |                              vm_mod_fused_nn_conv2d_add_add_4 |        0.010 |         604.96 |     38 |
|   28 |                              vm_mod_fused_nn_conv2d_add_add_6 |        0.021 |         701.14 |     38 |
|   29 |                          vm_mod_fused_nn_conv2d_add_nn_relu_3 |        0.004 |        2982.42 |     38 |
|   30 |         vm_mod_fused_nn_conv2d_add_add_clip_divide_multiply_2 |        0.007 |         161.25 |     38 |
|   31 |                         vm_mod_fused_nn_adaptive_avg_pool2d_4 |        0.004 |          -0.00 |     38 |
|   32 |        vm_mod_fused_nn_conv2d_add_add_clip_divide_multiply_11 |        0.007 |         263.97 |     38 |
|   33 |                              vm_mod_fused_nn_conv2d_add_add_2 |        0.006 |        1174.77 |     38 |
|   34 |                           vm_mod_fused_nn_adaptive_avg_pool2d |        0.008 |          -0.00 |     38 |
|   35 |                                  vm_mod_fused_nn_conv2d_add_2 |        0.005 |        1471.65 |     38 |
|   36 |                         vm_mod_fused_nn_conv2d_add_nn_relu_11 |        0.007 |          32.89 |     38 |
|   37 |                      vm_mod_fused_nn_conv2d_add_clip_divide_4 |        0.004 |         103.53 |     38 |
|   38 |                                  vm_mod_fused_nn_conv2d_add_1 |        0.004 |        1240.09 |     38 |
|   39 |        vm_mod_fused_nn_conv2d_add_add_clip_divide_multiply_12 |        0.008 |        1911.99 |     38 |
|   40 |                          vm_mod_fused_nn_conv2d_add_nn_relu_6 |        0.003 |           1.02 |     38 |
|   41 |         vm_mod_fused_nn_conv2d_add_add_clip_divide_multiply_7 |        0.010 |        1610.72 |     38 |
|   42 |                      vm_mod_fused_nn_conv2d_add_clip_divide_2 |        0.003 |          38.08 |     38 |
|   43 |         vm_mod_fused_nn_conv2d_add_add_clip_divide_multiply_3 |        0.010 |         650.92 |     38 |
|   44 |                          vm_mod_fused_nn_conv2d_add_nn_relu_2 |        0.005 |         859.89 |     38 |
|   45 |                         vm_mod_fused_nn_adaptive_avg_pool2d_5 |        0.004 |          -0.00 |     38 |
|   46 |                                  vm_mod_fused_nn_conv2d_add_4 |        0.006 |        1650.53 |     38 |
|   47 |                         vm_mod_fused_nn_adaptive_avg_pool2d_1 |        0.008 |          -0.00 |     38 |
|   48 |                          vm_mod_fused_nn_conv2d_add_nn_relu_9 |        0.002 |           3.40 |     38 |
|   49 |                         vm_mod_fused_nn_conv2d_add_nn_relu_12 |            - |              - |      0 |
|   50 |                              vm_mod_fused_nn_conv2d_add_add_5 |            - |              - |      0 |
|   51 |         vm_mod_fused_nn_conv2d_add_add_clip_divide_multiply_8 |            - |              - |      0 |
-----------------------------------------------------------------------------------------------------------------
Estimated total latency: - ms	Trials: 1862	Used time : 4942 s	Next ID: 49	

Time elapsed for measurement: 16.11 s
----------------------------------------------------------------------
------------------------------  [ Train cost model ]
----------------------------------------------------------------------
Time elapsed for training: 0.00 s
----------------------------------------------------------------------
------------------------------  [ Task Scheduler ]
----------------------------------------------------------------------
----------------------------------------------------------------------
------------------------------  [ Search ]
----------------------------------------------------------------------
Generate Sketches		#s: 1
Sample Initial Population	#s: 78	fail_ct: 1970	Time elapsed: 5.34
GA Iter: 0	Max score: 0.9913	Min score: 0.0291	#Pop: 76	#M+: 0	#M-: 0
GA Iter: 4	Max score: 0.9995	Min score: 0.9889	#Pop: 76	#M+: 1396	#M-: 0
EvolutionarySearch		#s: 76	Time elapsed: 75.90
----------------------------------------------------------------------
------------------------------  [ Measure ]
----------------------------------------------------------------------
Get 38 programs to measure:
......................................**************************************|  ID  |                       Task Description                        | Latency (ms) | Speed (GFLOPS) | Trials |
-----------------------------------------------------------------------------------------------------------------
|    0 |                          vm_mod_fused_nn_conv2d_add_nn_relu_5 |        0.004 |         786.27 |     38 |
|    1 |                                   vm_mod_fused_nn_dense_add_1 |        0.008 |         319.46 |     38 |
|    2 |                                    vm_mod_fused_nn_conv2d_add |        0.008 |        1196.78 |     38 |
|    3 |         vm_mod_fused_nn_conv2d_add_add_clip_divide_multiply_4 |        0.005 |         171.23 |     38 |
|    4 |           vm_mod_fused_nn_conv2d_add_add_clip_divide_multiply |        0.010 |        1208.29 |     38 |
|    5 |                              vm_mod_fused_nn_conv2d_add_add_3 |        0.005 |        1347.20 |     38 |
|    6 |                        vm_mod_fused_nn_conv2d_add_clip_divide |        0.003 |           1.38 |     38 |
|    7 |                          vm_mod_fused_nn_conv2d_add_nn_relu_1 |        0.004 |        7400.89 |     38 |
|    8 |                         vm_mod_fused_nn_adaptive_avg_pool2d_2 |        0.005 |          -0.00 |     38 |
|    9 |        vm_mod_fused_nn_conv2d_add_add_clip_divide_multiply_10 |        0.006 |         539.04 |     38 |
|   10 |                                  vm_mod_fused_nn_conv2d_add_3 |        0.015 |        1417.07 |     38 |
|   11 |                              vm_mod_fused_nn_conv2d_add_add_1 |        0.004 |        2914.37 |     38 |
|   12 |                          vm_mod_fused_nn_conv2d_add_nn_relu_8 |        0.004 |        1286.50 |     38 |
|   13 |                      vm_mod_fused_nn_conv2d_add_clip_divide_3 |        0.003 |          77.72 |     38 |
|   14 |         vm_mod_fused_nn_conv2d_add_add_clip_divide_multiply_9 |        0.009 |        3272.86 |     38 |
|   15 |         vm_mod_fused_nn_conv2d_add_add_clip_divide_multiply_5 |        0.008 |         751.31 |     38 |
|   16 |                          vm_mod_fused_nn_conv2d_add_nn_relu_4 |        0.004 |        1153.74 |     38 |
|   17 |                      vm_mod_fused_nn_conv2d_add_clip_divide_1 |        0.002 |           3.51 |     38 |
|   18 |                                     vm_mod_fused_nn_dense_add |        0.011 |         226.77 |     38 |
|   19 |         vm_mod_fused_nn_conv2d_add_add_clip_divide_multiply_1 |        0.009 |        1874.37 |     38 |
|   20 |                         vm_mod_fused_nn_adaptive_avg_pool2d_3 |        0.004 |          -0.00 |     38 |
|   21 |                                vm_mod_fused_nn_conv2d_add_add |        0.003 |        1964.04 |     38 |
|   22 |        vm_mod_fused_nn_conv2d_add_add_clip_divide_multiply_13 |        0.006 |         427.76 |     38 |
|   23 |                          vm_mod_fused_nn_conv2d_add_nn_relu_7 |        0.005 |        1609.05 |     38 |
|   24 |                            vm_mod_fused_nn_conv2d_add_nn_relu |        0.003 |        1161.20 |     38 |
|   25 |                         vm_mod_fused_nn_conv2d_add_nn_relu_10 |        0.004 |          27.66 |     38 |
|   26 |         vm_mod_fused_nn_conv2d_add_add_clip_divide_multiply_6 |        0.004 |         204.52 |     38 |
|   27 |                              vm_mod_fused_nn_conv2d_add_add_4 |        0.010 |         604.96 |     38 |
|   28 |                              vm_mod_fused_nn_conv2d_add_add_6 |        0.021 |         701.14 |     38 |
|   29 |                          vm_mod_fused_nn_conv2d_add_nn_relu_3 |        0.004 |        2982.42 |     38 |
|   30 |         vm_mod_fused_nn_conv2d_add_add_clip_divide_multiply_2 |        0.007 |         161.25 |     38 |
|   31 |                         vm_mod_fused_nn_adaptive_avg_pool2d_4 |        0.004 |          -0.00 |     38 |
|   32 |        vm_mod_fused_nn_conv2d_add_add_clip_divide_multiply_11 |        0.007 |         263.97 |     38 |
|   33 |                              vm_mod_fused_nn_conv2d_add_add_2 |        0.006 |        1174.77 |     38 |
|   34 |                           vm_mod_fused_nn_adaptive_avg_pool2d |        0.008 |          -0.00 |     38 |
|   35 |                                  vm_mod_fused_nn_conv2d_add_2 |        0.005 |        1471.65 |     38 |
|   36 |                         vm_mod_fused_nn_conv2d_add_nn_relu_11 |        0.007 |          32.89 |     38 |
|   37 |                      vm_mod_fused_nn_conv2d_add_clip_divide_4 |        0.004 |         103.53 |     38 |
|   38 |                                  vm_mod_fused_nn_conv2d_add_1 |        0.004 |        1240.09 |     38 |
|   39 |        vm_mod_fused_nn_conv2d_add_add_clip_divide_multiply_12 |        0.008 |        1911.99 |     38 |
|   40 |                          vm_mod_fused_nn_conv2d_add_nn_relu_6 |        0.003 |           1.02 |     38 |
|   41 |         vm_mod_fused_nn_conv2d_add_add_clip_divide_multiply_7 |        0.010 |        1610.72 |     38 |
|   42 |                      vm_mod_fused_nn_conv2d_add_clip_divide_2 |        0.003 |          38.08 |     38 |
|   43 |         vm_mod_fused_nn_conv2d_add_add_clip_divide_multiply_3 |        0.010 |         650.92 |     38 |
|   44 |                          vm_mod_fused_nn_conv2d_add_nn_relu_2 |        0.005 |         859.89 |     38 |
|   45 |                         vm_mod_fused_nn_adaptive_avg_pool2d_5 |        0.004 |          -0.00 |     38 |
|   46 |                                  vm_mod_fused_nn_conv2d_add_4 |        0.006 |        1650.53 |     38 |
|   47 |                         vm_mod_fused_nn_adaptive_avg_pool2d_1 |        0.008 |          -0.00 |     38 |
|   48 |                          vm_mod_fused_nn_conv2d_add_nn_relu_9 |        0.002 |           3.40 |     38 |
|   49 |                         vm_mod_fused_nn_conv2d_add_nn_relu_12 |        0.007 |          67.26 |     38 |
|   50 |                              vm_mod_fused_nn_conv2d_add_add_5 |            - |              - |      0 |
|   51 |         vm_mod_fused_nn_conv2d_add_add_clip_divide_multiply_8 |            - |              - |      0 |
-----------------------------------------------------------------------------------------------------------------
Estimated total latency: - ms	Trials: 1900	Used time : 4972 s	Next ID: 50	

Time elapsed for measurement: 17.84 s
----------------------------------------------------------------------
------------------------------  [ Train cost model ]
----------------------------------------------------------------------
Time elapsed for training: 0.00 s
----------------------------------------------------------------------
------------------------------  [ Task Scheduler ]
----------------------------------------------------------------------
----------------------------------------------------------------------
------------------------------  [ Search ]
----------------------------------------------------------------------
Generate Sketches		#s: 1
Sample Initial Population	#s: 88	fail_ct: 1960	Time elapsed: 8.72
GA Iter: 0	Max score: 0.9916	Min score: 0.1697	#Pop: 76	#M+: 0	#M-: 0
GA Iter: 4	Max score: 1.0000	Min score: 0.9890	#Pop: 76	#M+: 1395	#M-: 0
EvolutionarySearch		#s: 76	Time elapsed: 128.41
----------------------------------------------------------------------
------------------------------  [ Measure ]
----------------------------------------------------------------------
Get 38 programs to measure:
......................................**************************************|  ID  |                       Task Description                        | Latency (ms) | Speed (GFLOPS) | Trials |
-----------------------------------------------------------------------------------------------------------------
|    0 |                          vm_mod_fused_nn_conv2d_add_nn_relu_5 |        0.004 |         786.27 |     38 |
|    1 |                                   vm_mod_fused_nn_dense_add_1 |        0.008 |         319.46 |     38 |
|    2 |                                    vm_mod_fused_nn_conv2d_add |        0.008 |        1196.78 |     38 |
|    3 |         vm_mod_fused_nn_conv2d_add_add_clip_divide_multiply_4 |        0.005 |         171.23 |     38 |
|    4 |           vm_mod_fused_nn_conv2d_add_add_clip_divide_multiply |        0.010 |        1208.29 |     38 |
|    5 |                              vm_mod_fused_nn_conv2d_add_add_3 |        0.005 |        1347.20 |     38 |
|    6 |                        vm_mod_fused_nn_conv2d_add_clip_divide |        0.003 |           1.38 |     38 |
|    7 |                          vm_mod_fused_nn_conv2d_add_nn_relu_1 |        0.004 |        7400.89 |     38 |
|    8 |                         vm_mod_fused_nn_adaptive_avg_pool2d_2 |        0.005 |          -0.00 |     38 |
|    9 |        vm_mod_fused_nn_conv2d_add_add_clip_divide_multiply_10 |        0.006 |         539.04 |     38 |
|   10 |                                  vm_mod_fused_nn_conv2d_add_3 |        0.015 |        1417.07 |     38 |
|   11 |                              vm_mod_fused_nn_conv2d_add_add_1 |        0.004 |        2914.37 |     38 |
|   12 |                          vm_mod_fused_nn_conv2d_add_nn_relu_8 |        0.004 |        1286.50 |     38 |
|   13 |                      vm_mod_fused_nn_conv2d_add_clip_divide_3 |        0.003 |          77.72 |     38 |
|   14 |         vm_mod_fused_nn_conv2d_add_add_clip_divide_multiply_9 |        0.009 |        3272.86 |     38 |
|   15 |         vm_mod_fused_nn_conv2d_add_add_clip_divide_multiply_5 |        0.008 |         751.31 |     38 |
|   16 |                          vm_mod_fused_nn_conv2d_add_nn_relu_4 |        0.004 |        1153.74 |     38 |
|   17 |                      vm_mod_fused_nn_conv2d_add_clip_divide_1 |        0.002 |           3.51 |     38 |
|   18 |                                     vm_mod_fused_nn_dense_add |        0.011 |         226.77 |     38 |
|   19 |         vm_mod_fused_nn_conv2d_add_add_clip_divide_multiply_1 |        0.009 |        1874.37 |     38 |
|   20 |                         vm_mod_fused_nn_adaptive_avg_pool2d_3 |        0.004 |          -0.00 |     38 |
|   21 |                                vm_mod_fused_nn_conv2d_add_add |        0.003 |        1964.04 |     38 |
|   22 |        vm_mod_fused_nn_conv2d_add_add_clip_divide_multiply_13 |        0.006 |         427.76 |     38 |
|   23 |                          vm_mod_fused_nn_conv2d_add_nn_relu_7 |        0.005 |        1609.05 |     38 |
|   24 |                            vm_mod_fused_nn_conv2d_add_nn_relu |        0.003 |        1161.20 |     38 |
|   25 |                         vm_mod_fused_nn_conv2d_add_nn_relu_10 |        0.004 |          27.66 |     38 |
|   26 |         vm_mod_fused_nn_conv2d_add_add_clip_divide_multiply_6 |        0.004 |         204.52 |     38 |
|   27 |                              vm_mod_fused_nn_conv2d_add_add_4 |        0.010 |         604.96 |     38 |
|   28 |                              vm_mod_fused_nn_conv2d_add_add_6 |        0.021 |         701.14 |     38 |
|   29 |                          vm_mod_fused_nn_conv2d_add_nn_relu_3 |        0.004 |        2982.42 |     38 |
|   30 |         vm_mod_fused_nn_conv2d_add_add_clip_divide_multiply_2 |        0.007 |         161.25 |     38 |
|   31 |                         vm_mod_fused_nn_adaptive_avg_pool2d_4 |        0.004 |          -0.00 |     38 |
|   32 |        vm_mod_fused_nn_conv2d_add_add_clip_divide_multiply_11 |        0.007 |         263.97 |     38 |
|   33 |                              vm_mod_fused_nn_conv2d_add_add_2 |        0.006 |        1174.77 |     38 |
|   34 |                           vm_mod_fused_nn_adaptive_avg_pool2d |        0.008 |          -0.00 |     38 |
|   35 |                                  vm_mod_fused_nn_conv2d_add_2 |        0.005 |        1471.65 |     38 |
|   36 |                         vm_mod_fused_nn_conv2d_add_nn_relu_11 |        0.007 |          32.89 |     38 |
|   37 |                      vm_mod_fused_nn_conv2d_add_clip_divide_4 |        0.004 |         103.53 |     38 |
|   38 |                                  vm_mod_fused_nn_conv2d_add_1 |        0.004 |        1240.09 |     38 |
|   39 |        vm_mod_fused_nn_conv2d_add_add_clip_divide_multiply_12 |        0.008 |        1911.99 |     38 |
|   40 |                          vm_mod_fused_nn_conv2d_add_nn_relu_6 |        0.003 |           1.02 |     38 |
|   41 |         vm_mod_fused_nn_conv2d_add_add_clip_divide_multiply_7 |        0.010 |        1610.72 |     38 |
|   42 |                      vm_mod_fused_nn_conv2d_add_clip_divide_2 |        0.003 |          38.08 |     38 |
|   43 |         vm_mod_fused_nn_conv2d_add_add_clip_divide_multiply_3 |        0.010 |         650.92 |     38 |
|   44 |                          vm_mod_fused_nn_conv2d_add_nn_relu_2 |        0.005 |         859.89 |     38 |
|   45 |                         vm_mod_fused_nn_adaptive_avg_pool2d_5 |        0.004 |          -0.00 |     38 |
|   46 |                                  vm_mod_fused_nn_conv2d_add_4 |        0.006 |        1650.53 |     38 |
|   47 |                         vm_mod_fused_nn_adaptive_avg_pool2d_1 |        0.008 |          -0.00 |     38 |
|   48 |                          vm_mod_fused_nn_conv2d_add_nn_relu_9 |        0.002 |           3.40 |     38 |
|   49 |                         vm_mod_fused_nn_conv2d_add_nn_relu_12 |        0.007 |          67.26 |     38 |
|   50 |                              vm_mod_fused_nn_conv2d_add_add_5 |        0.010 |        2854.25 |     38 |
|   51 |         vm_mod_fused_nn_conv2d_add_add_clip_divide_multiply_8 |            - |              - |      0 |
-----------------------------------------------------------------------------------------------------------------
Estimated total latency: - ms	Trials: 1938	Used time : 5072 s	Next ID: 51	

Time elapsed for measurement: 23.14 s
----------------------------------------------------------------------
------------------------------  [ Train cost model ]
----------------------------------------------------------------------
Time elapsed for training: 0.00 s
----------------------------------------------------------------------
------------------------------  [ Task Scheduler ]
----------------------------------------------------------------------
----------------------------------------------------------------------
------------------------------  [ Search ]
----------------------------------------------------------------------
Sample Initial Population	#s: 94	fail_ct: 1954	Time elapsed: 5.29
GA Iter: 0	Max score: 0.9988	Min score: 0.2195	#Pop: 76	#M+: 0	#M-: 0
GA Iter: 4	Max score: 0.9997	Min score: 0.9878	#Pop: 76	#M+: 1396	#M-: 0
EvolutionarySearch		#s: 76	Time elapsed: 71.52
----------------------------------------------------------------------
------------------------------  [ Measure ]
----------------------------------------------------------------------
Get 38 programs to measure:
......................................**************************************|  ID  |                       Task Description                        | Latency (ms) | Speed (GFLOPS) | Trials |
-----------------------------------------------------------------------------------------------------------------
|    0 |                          vm_mod_fused_nn_conv2d_add_nn_relu_5 |        0.004 |         786.27 |     38 |
|    1 |                                   vm_mod_fused_nn_dense_add_1 |        0.008 |         319.46 |     38 |
|    2 |                                    vm_mod_fused_nn_conv2d_add |        0.008 |        1196.78 |     38 |
|    3 |         vm_mod_fused_nn_conv2d_add_add_clip_divide_multiply_4 |        0.005 |         171.23 |     38 |
|    4 |           vm_mod_fused_nn_conv2d_add_add_clip_divide_multiply |        0.010 |        1208.29 |     38 |
|    5 |                              vm_mod_fused_nn_conv2d_add_add_3 |        0.005 |        1347.20 |     38 |
|    6 |                        vm_mod_fused_nn_conv2d_add_clip_divide |        0.003 |           1.38 |     38 |
|    7 |                          vm_mod_fused_nn_conv2d_add_nn_relu_1 |        0.004 |        7400.89 |     38 |
|    8 |                         vm_mod_fused_nn_adaptive_avg_pool2d_2 |        0.005 |          -0.00 |     38 |
|    9 |        vm_mod_fused_nn_conv2d_add_add_clip_divide_multiply_10 |        0.006 |         539.04 |     38 |
|   10 |                                  vm_mod_fused_nn_conv2d_add_3 |        0.015 |        1417.07 |     38 |
|   11 |                              vm_mod_fused_nn_conv2d_add_add_1 |        0.004 |        2914.37 |     38 |
|   12 |                          vm_mod_fused_nn_conv2d_add_nn_relu_8 |        0.004 |        1286.50 |     38 |
|   13 |                      vm_mod_fused_nn_conv2d_add_clip_divide_3 |        0.003 |          77.72 |     38 |
|   14 |         vm_mod_fused_nn_conv2d_add_add_clip_divide_multiply_9 |        0.009 |        3272.86 |     38 |
|   15 |         vm_mod_fused_nn_conv2d_add_add_clip_divide_multiply_5 |        0.008 |         751.31 |     38 |
|   16 |                          vm_mod_fused_nn_conv2d_add_nn_relu_4 |        0.004 |        1153.74 |     38 |
|   17 |                      vm_mod_fused_nn_conv2d_add_clip_divide_1 |        0.002 |           3.51 |     38 |
|   18 |                                     vm_mod_fused_nn_dense_add |        0.011 |         226.77 |     38 |
|   19 |         vm_mod_fused_nn_conv2d_add_add_clip_divide_multiply_1 |        0.009 |        1874.37 |     38 |
|   20 |                         vm_mod_fused_nn_adaptive_avg_pool2d_3 |        0.004 |          -0.00 |     38 |
|   21 |                                vm_mod_fused_nn_conv2d_add_add |        0.003 |        1964.04 |     38 |
|   22 |        vm_mod_fused_nn_conv2d_add_add_clip_divide_multiply_13 |        0.006 |         427.76 |     38 |
|   23 |                          vm_mod_fused_nn_conv2d_add_nn_relu_7 |        0.005 |        1609.05 |     38 |
|   24 |                            vm_mod_fused_nn_conv2d_add_nn_relu |        0.003 |        1161.20 |     38 |
|   25 |                         vm_mod_fused_nn_conv2d_add_nn_relu_10 |        0.004 |          27.66 |     38 |
|   26 |         vm_mod_fused_nn_conv2d_add_add_clip_divide_multiply_6 |        0.004 |         204.52 |     38 |
|   27 |                              vm_mod_fused_nn_conv2d_add_add_4 |        0.010 |         604.96 |     38 |
|   28 |                              vm_mod_fused_nn_conv2d_add_add_6 |        0.021 |         701.14 |     38 |
|   29 |                          vm_mod_fused_nn_conv2d_add_nn_relu_3 |        0.004 |        2982.42 |     38 |
|   30 |         vm_mod_fused_nn_conv2d_add_add_clip_divide_multiply_2 |        0.007 |         161.25 |     38 |
|   31 |                         vm_mod_fused_nn_adaptive_avg_pool2d_4 |        0.004 |          -0.00 |     38 |
|   32 |        vm_mod_fused_nn_conv2d_add_add_clip_divide_multiply_11 |        0.007 |         263.97 |     38 |
|   33 |                              vm_mod_fused_nn_conv2d_add_add_2 |        0.006 |        1174.77 |     38 |
|   34 |                           vm_mod_fused_nn_adaptive_avg_pool2d |        0.008 |          -0.00 |     38 |
|   35 |                                  vm_mod_fused_nn_conv2d_add_2 |        0.005 |        1471.65 |     38 |
|   36 |                         vm_mod_fused_nn_conv2d_add_nn_relu_11 |        0.007 |          32.89 |     38 |
|   37 |                      vm_mod_fused_nn_conv2d_add_clip_divide_4 |        0.004 |         103.53 |     38 |
|   38 |                                  vm_mod_fused_nn_conv2d_add_1 |        0.004 |        1240.09 |     38 |
|   39 |        vm_mod_fused_nn_conv2d_add_add_clip_divide_multiply_12 |        0.008 |        1911.99 |     38 |
|   40 |                          vm_mod_fused_nn_conv2d_add_nn_relu_6 |        0.003 |           1.02 |     38 |
|   41 |         vm_mod_fused_nn_conv2d_add_add_clip_divide_multiply_7 |        0.010 |        1610.72 |     38 |
|   42 |                      vm_mod_fused_nn_conv2d_add_clip_divide_2 |        0.003 |          38.08 |     38 |
|   43 |         vm_mod_fused_nn_conv2d_add_add_clip_divide_multiply_3 |        0.010 |         650.92 |     38 |
|   44 |                          vm_mod_fused_nn_conv2d_add_nn_relu_2 |        0.005 |         859.89 |     38 |
|   45 |                         vm_mod_fused_nn_adaptive_avg_pool2d_5 |        0.004 |          -0.00 |     38 |
|   46 |                                  vm_mod_fused_nn_conv2d_add_4 |        0.006 |        1650.53 |     38 |
|   47 |                         vm_mod_fused_nn_adaptive_avg_pool2d_1 |        0.008 |          -0.00 |     38 |
|   48 |                          vm_mod_fused_nn_conv2d_add_nn_relu_9 |        0.002 |           3.40 |     38 |
|   49 |                         vm_mod_fused_nn_conv2d_add_nn_relu_12 |        0.007 |          67.26 |     38 |
|   50 |                              vm_mod_fused_nn_conv2d_add_add_5 |        0.010 |        2854.25 |     38 |
|   51 |         vm_mod_fused_nn_conv2d_add_add_clip_divide_multiply_8 |        0.006 |         392.41 |     38 |
-----------------------------------------------------------------------------------------------------------------
Estimated total latency: 0.461 ms	Trials: 1976	Used time : 5232 s	Next ID: 28	

Time elapsed for measurement: 27.32 s
----------------------------------------------------------------------
------------------------------  [ Train cost model ]
----------------------------------------------------------------------
Time elapsed for training: 0.00 s
Tuning Time:
 ID |                  Name | Time (min) | Percentage 
------------------------------------------------------
    |                 Total |    90.3399 |   100.0000 
  1 |                Tuning |    88.9392 |    98.4495 
  2 | PostTuningCompilation |     0.8291 |     0.9178 
  3 |        TaskExtraction |     0.5716 |     0.6327 
------------------------------------------------------
Evaluate inference time cost...
Execution time summary:
 mean (ms)   median (ms)    max (ms)     min (ms)     std (ms)  
   0.4637       0.4636       0.4638       0.4636       0.0000   
               
