nohup: ignoring input
Workload: resnext_50
AutoScheduler log: /home/qsy/workspace/complier/llm_compiler/result/resnext_50_1x3x224x224_4090.json
==== Task 0: vm_mod_fused_nn_conv2d_add_nn_relu_5 (weight 1 key: ["58c3988207a50b52374f3f946faf477c", [1, 56, 56, 256], [3, 3, 8, 256], [1, 1, 1, 256], [1, 28, 28, 256]]) =====
p0 = PLACEHOLDER [1, 56, 56, 256]
pad_temp(i0, i1, i2, i3) = tir.if_then_else(((((i1 >= 1) && (i1 < 57)) && (i2 >= 1)) && (i2 < 57)), p0[i0, (i1 - 1), (i2 - 1), i3], 0f)
p1 = PLACEHOLDER [3, 3, 8, 256]
group_conv2d_nhwc(nn, yy, xx, ff) += (pad_temp[nn, ((yy*2) + ry), ((xx*2) + rx), ((floordiv(ff, 8)*8) + rc)]*p1[ry, rx, rc, ff])
p2 = PLACEHOLDER [1, 1, 1, 256]
T_add(ax0, ax1, ax2, ax3) = (group_conv2d_nhwc[ax0, ax1, ax2, ax3] + p2[ax0, 0, 0, ax3])
T_relu(ax0, ax1, ax2, ax3) = max(T_add[ax0, ax1, ax2, ax3], 0f)

==== Task 1: vm_mod_fused_nn_conv2d_add (weight 1 key: ["cb7a0e9e733d26ffc00e7f6c9cc0f879", [1, 56, 56, 64], [1, 1, 64, 256], [1, 1, 1, 256], [1, 56, 56, 256]]) =====
p0 = PLACEHOLDER [1, 56, 56, 64]
pad_temp(i0, i1, i2, i3) = p0[i0, i1, i2, i3]
p1 = PLACEHOLDER [1, 1, 64, 256]
conv2d_nhwc(nn, yy, xx, ff) += (pad_temp[nn, (yy + ry), (xx + rx), rc]*p1[ry, rx, rc, ff])
p2 = PLACEHOLDER [1, 1, 1, 256]
T_add(ax0, ax1, ax2, ax3) = (conv2d_nhwc[ax0, ax1, ax2, ax3] + p2[ax0, 0, 0, ax3])

==== Task 2: vm_mod_fused_nn_conv2d_add_nn_relu_1 (weight 1 key: ["6d628209072e3e3dd8f49359935acea6", [1, 56, 56, 64], [1, 1, 64, 128], [1, 1, 1, 128], [1, 56, 56, 128]]) =====
p0 = PLACEHOLDER [1, 56, 56, 64]
pad_temp(i0, i1, i2, i3) = p0[i0, i1, i2, i3]
p1 = PLACEHOLDER [1, 1, 64, 128]
conv2d_nhwc(nn, yy, xx, ff) += (pad_temp[nn, (yy + ry), (xx + rx), rc]*p1[ry, rx, rc, ff])
p2 = PLACEHOLDER [1, 1, 1, 128]
T_add(ax0, ax1, ax2, ax3) = (conv2d_nhwc[ax0, ax1, ax2, ax3] + p2[ax0, 0, 0, ax3])
T_relu(ax0, ax1, ax2, ax3) = max(T_add[ax0, ax1, ax2, ax3], 0f)

==== Task 3: vm_mod_fused_nn_dense_add (weight 1 key: ["00a059b856ac30ac172b6252254479a6", [1, 2048], [1000, 2048], [1, 1000], [1, 1000]]) =====
p0 = PLACEHOLDER [1, 2048]
p1 = PLACEHOLDER [1000, 2048]
T_matmul_NT(i, j) += (p0[i, k]*p1[j, k])
p2 = PLACEHOLDER [1, 1000]
T_add(ax0, ax1) = (T_matmul_NT[ax0, ax1] + p2[ax0, ax1])

==== Task 4: vm_mod_fused_nn_conv2d_add_3 (weight 1 key: ["cb5e1bf27549411a1320749a1d8e07ca", [1, 14, 14, 1024], [1, 1, 1024, 2048], [1, 1, 1, 2048], [1, 7, 7, 2048]]) =====
p0 = PLACEHOLDER [1, 14, 14, 1024]
pad_temp(i0, i1, i2, i3) = p0[i0, i1, i2, i3]
p1 = PLACEHOLDER [1, 1, 1024, 2048]
conv2d_nhwc(nn, yy, xx, ff) += (pad_temp[nn, ((yy*2) + ry), ((xx*2) + rx), rc]*p1[ry, rx, rc, ff])
p2 = PLACEHOLDER [1, 1, 1, 2048]
T_add(ax0, ax1, ax2, ax3) = (conv2d_nhwc[ax0, ax1, ax2, ax3] + p2[ax0, 0, 0, ax3])

==== Task 5: vm_mod_fused_nn_conv2d_add_nn_relu_8 (weight 1 key: ["6d628209072e3e3dd8f49359935acea6", [1, 28, 28, 512], [1, 1, 512, 512], [1, 1, 1, 512], [1, 28, 28, 512]]) =====
p0 = PLACEHOLDER [1, 28, 28, 512]
pad_temp(i0, i1, i2, i3) = p0[i0, i1, i2, i3]
p1 = PLACEHOLDER [1, 1, 512, 512]
conv2d_nhwc(nn, yy, xx, ff) += (pad_temp[nn, (yy + ry), (xx + rx), rc]*p1[ry, rx, rc, ff])
p2 = PLACEHOLDER [1, 1, 1, 512]
T_add(ax0, ax1, ax2, ax3) = (conv2d_nhwc[ax0, ax1, ax2, ax3] + p2[ax0, 0, 0, ax3])
T_relu(ax0, ax1, ax2, ax3) = max(T_add[ax0, ax1, ax2, ax3], 0f)

==== Task 6: vm_mod_fused_nn_conv2d_add_add_nn_relu_3 (weight 3 key: ["09e1468652ad0039f0b726123db6e54d", [1, 7, 7, 1024], [1, 1, 1024, 2048], [1, 1, 1, 2048], [1, 7, 7, 2048], [1, 7, 7, 2048]]) =====
p0 = PLACEHOLDER [1, 7, 7, 1024]
pad_temp(i0, i1, i2, i3) = p0[i0, i1, i2, i3]
p1 = PLACEHOLDER [1, 1, 1024, 2048]
conv2d_nhwc(nn, yy, xx, ff) += (pad_temp[nn, (yy + ry), (xx + rx), rc]*p1[ry, rx, rc, ff])
p2 = PLACEHOLDER [1, 1, 1, 2048]
T_add(ax0, ax1, ax2, ax3) = (conv2d_nhwc[ax0, ax1, ax2, ax3] + p2[ax0, 0, 0, ax3])
p3 = PLACEHOLDER [1, 7, 7, 2048]
T_add(ax0, ax1, ax2, ax3) = (T_add[ax0, ax1, ax2, ax3] + p3[ax0, ax1, ax2, ax3])
T_relu(ax0, ax1, ax2, ax3) = max(T_add[ax0, ax1, ax2, ax3], 0f)

==== Task 7: vm_mod_fused_nn_conv2d_add_nn_relu_4 (weight 1 key: ["6d628209072e3e3dd8f49359935acea6", [1, 56, 56, 256], [1, 1, 256, 256], [1, 1, 1, 256], [1, 56, 56, 256]]) =====
p0 = PLACEHOLDER [1, 56, 56, 256]
pad_temp(i0, i1, i2, i3) = p0[i0, i1, i2, i3]
p1 = PLACEHOLDER [1, 1, 256, 256]
conv2d_nhwc(nn, yy, xx, ff) += (pad_temp[nn, (yy + ry), (xx + rx), rc]*p1[ry, rx, rc, ff])
p2 = PLACEHOLDER [1, 1, 1, 256]
T_add(ax0, ax1, ax2, ax3) = (conv2d_nhwc[ax0, ax1, ax2, ax3] + p2[ax0, 0, 0, ax3])
T_relu(ax0, ax1, ax2, ax3) = max(T_add[ax0, ax1, ax2, ax3], 0f)

==== Task 8: vm_mod_fused_nn_conv2d_add_add_nn_relu (weight 3 key: ["09e1468652ad0039f0b726123db6e54d", [1, 56, 56, 128], [1, 1, 128, 256], [1, 1, 1, 256], [1, 56, 56, 256], [1, 56, 56, 256]]) =====
p0 = PLACEHOLDER [1, 56, 56, 128]
pad_temp(i0, i1, i2, i3) = p0[i0, i1, i2, i3]
p1 = PLACEHOLDER [1, 1, 128, 256]
conv2d_nhwc(nn, yy, xx, ff) += (pad_temp[nn, (yy + ry), (xx + rx), rc]*p1[ry, rx, rc, ff])
p2 = PLACEHOLDER [1, 1, 1, 256]
T_add(ax0, ax1, ax2, ax3) = (conv2d_nhwc[ax0, ax1, ax2, ax3] + p2[ax0, 0, 0, ax3])
p3 = PLACEHOLDER [1, 56, 56, 256]
T_add(ax0, ax1, ax2, ax3) = (T_add[ax0, ax1, ax2, ax3] + p3[ax0, ax1, ax2, ax3])
T_relu(ax0, ax1, ax2, ax3) = max(T_add[ax0, ax1, ax2, ax3], 0f)

==== Task 9: vm_mod_fused_nn_conv2d_add_add_nn_relu_1 (weight 4 key: ["09e1468652ad0039f0b726123db6e54d", [1, 28, 28, 256], [1, 1, 256, 512], [1, 1, 1, 512], [1, 28, 28, 512], [1, 28, 28, 512]]) =====
p0 = PLACEHOLDER [1, 28, 28, 256]
pad_temp(i0, i1, i2, i3) = p0[i0, i1, i2, i3]
p1 = PLACEHOLDER [1, 1, 256, 512]
conv2d_nhwc(nn, yy, xx, ff) += (pad_temp[nn, (yy + ry), (xx + rx), rc]*p1[ry, rx, rc, ff])
p2 = PLACEHOLDER [1, 1, 1, 512]
T_add(ax0, ax1, ax2, ax3) = (conv2d_nhwc[ax0, ax1, ax2, ax3] + p2[ax0, 0, 0, ax3])
p3 = PLACEHOLDER [1, 28, 28, 512]
T_add(ax0, ax1, ax2, ax3) = (T_add[ax0, ax1, ax2, ax3] + p3[ax0, ax1, ax2, ax3])
T_relu(ax0, ax1, ax2, ax3) = max(T_add[ax0, ax1, ax2, ax3], 0f)

==== Task 10: vm_mod_fused_nn_conv2d_add_nn_relu_14 (weight 2 key: ["6d628209072e3e3dd8f49359935acea6", [1, 7, 7, 2048], [1, 1, 2048, 1024], [1, 1, 1, 1024], [1, 7, 7, 1024]]) =====
p0 = PLACEHOLDER [1, 7, 7, 2048]
pad_temp(i0, i1, i2, i3) = p0[i0, i1, i2, i3]
p1 = PLACEHOLDER [1, 1, 2048, 1024]
conv2d_nhwc(nn, yy, xx, ff) += (pad_temp[nn, (yy + ry), (xx + rx), rc]*p1[ry, rx, rc, ff])
p2 = PLACEHOLDER [1, 1, 1, 1024]
T_add(ax0, ax1, ax2, ax3) = (conv2d_nhwc[ax0, ax1, ax2, ax3] + p2[ax0, 0, 0, ax3])
T_relu(ax0, ax1, ax2, ax3) = max(T_add[ax0, ax1, ax2, ax3], 0f)

==== Task 11: vm_mod_fused_nn_conv2d_add_2 (weight 1 key: ["cb5e1bf27549411a1320749a1d8e07ca", [1, 28, 28, 512], [1, 1, 512, 1024], [1, 1, 1, 1024], [1, 14, 14, 1024]]) =====
p0 = PLACEHOLDER [1, 28, 28, 512]
pad_temp(i0, i1, i2, i3) = p0[i0, i1, i2, i3]
p1 = PLACEHOLDER [1, 1, 512, 1024]
conv2d_nhwc(nn, yy, xx, ff) += (pad_temp[nn, ((yy*2) + ry), ((xx*2) + rx), rc]*p1[ry, rx, rc, ff])
p2 = PLACEHOLDER [1, 1, 1, 1024]
T_add(ax0, ax1, ax2, ax3) = (conv2d_nhwc[ax0, ax1, ax2, ax3] + p2[ax0, 0, 0, ax3])

==== Task 12: vm_mod_fused_nn_conv2d_add_nn_relu (weight 1 key: ["07f9fcad27bdd3233f86fe35a5185d33", [1, 224, 224, 3], [7, 7, 3, 64], [1, 1, 1, 64], [1, 112, 112, 64]]) =====
p0 = PLACEHOLDER [1, 224, 224, 3]
pad_temp(i0, i1, i2, i3) = tir.if_then_else(((((i1 >= 3) && (i1 < 227)) && (i2 >= 3)) && (i2 < 227)), p0[i0, (i1 - 3), (i2 - 3), i3], 0f)
p1 = PLACEHOLDER [7, 7, 3, 64]
conv2d_nhwc(nn, yy, xx, ff) += (pad_temp[nn, ((yy*2) + ry), ((xx*2) + rx), rc]*p1[ry, rx, rc, ff])
p2 = PLACEHOLDER [1, 1, 1, 64]
T_add(ax0, ax1, ax2, ax3) = (conv2d_nhwc[ax0, ax1, ax2, ax3] + p2[ax0, 0, 0, ax3])
T_relu(ax0, ax1, ax2, ax3) = max(T_add[ax0, ax1, ax2, ax3], 0f)

==== Task 13: vm_mod_fused_nn_conv2d_add_nn_relu_7 (weight 3 key: ["65e2ad17cb5a065ab0570b5b136a3586", [1, 28, 28, 256], [3, 3, 8, 256], [1, 1, 1, 256], [1, 28, 28, 256]]) =====
p0 = PLACEHOLDER [1, 28, 28, 256]
pad_temp(i0, i1, i2, i3) = tir.if_then_else(((((i1 >= 1) && (i1 < 29)) && (i2 >= 1)) && (i2 < 29)), p0[i0, (i1 - 1), (i2 - 1), i3], 0f)
p1 = PLACEHOLDER [3, 3, 8, 256]
group_conv2d_nhwc(nn, yy, xx, ff) += (pad_temp[nn, (yy + ry), (xx + rx), ((floordiv(ff, 8)*8) + rc)]*p1[ry, rx, rc, ff])
p2 = PLACEHOLDER [1, 1, 1, 256]
T_add(ax0, ax1, ax2, ax3) = (group_conv2d_nhwc[ax0, ax1, ax2, ax3] + p2[ax0, 0, 0, ax3])
T_relu(ax0, ax1, ax2, ax3) = max(T_add[ax0, ax1, ax2, ax3], 0f)

==== Task 14: vm_mod_fused_nn_conv2d_add_nn_relu_10 (weight 5 key: ["6d628209072e3e3dd8f49359935acea6", [1, 14, 14, 1024], [1, 1, 1024, 512], [1, 1, 1, 512], [1, 14, 14, 512]]) =====
p0 = PLACEHOLDER [1, 14, 14, 1024]
pad_temp(i0, i1, i2, i3) = p0[i0, i1, i2, i3]
p1 = PLACEHOLDER [1, 1, 1024, 512]
conv2d_nhwc(nn, yy, xx, ff) += (pad_temp[nn, (yy + ry), (xx + rx), rc]*p1[ry, rx, rc, ff])
p2 = PLACEHOLDER [1, 1, 1, 512]
T_add(ax0, ax1, ax2, ax3) = (conv2d_nhwc[ax0, ax1, ax2, ax3] + p2[ax0, 0, 0, ax3])
T_relu(ax0, ax1, ax2, ax3) = max(T_add[ax0, ax1, ax2, ax3], 0f)

==== Task 15: vm_mod_fused_nn_conv2d_add_nn_relu_13 (weight 1 key: ["c029d461d0d3c9e2ec58b071bb61bdca", [1, 14, 14, 1024], [3, 3, 32, 1024], [1, 1, 1, 1024], [1, 7, 7, 1024]]) =====
p0 = PLACEHOLDER [1, 14, 14, 1024]
pad_temp(i0, i1, i2, i3) = tir.if_then_else(((((i1 >= 1) && (i1 < 15)) && (i2 >= 1)) && (i2 < 15)), p0[i0, (i1 - 1), (i2 - 1), i3], 0f)
p1 = PLACEHOLDER [3, 3, 32, 1024]
group_conv2d_nhwc(nn, yy, xx, ff) += (pad_temp[nn, ((yy*2) + ry), ((xx*2) + rx), ((floordiv(ff, 32)*32) + rc)]*p1[ry, rx, rc, ff])
p2 = PLACEHOLDER [1, 1, 1, 1024]
T_add(ax0, ax1, ax2, ax3) = (group_conv2d_nhwc[ax0, ax1, ax2, ax3] + p2[ax0, 0, 0, ax3])
T_relu(ax0, ax1, ax2, ax3) = max(T_add[ax0, ax1, ax2, ax3], 0f)

==== Task 16: vm_mod_fused_nn_conv2d_add_nn_relu_3 (weight 2 key: ["6d628209072e3e3dd8f49359935acea6", [1, 56, 56, 256], [1, 1, 256, 128], [1, 1, 1, 128], [1, 56, 56, 128]]) =====
p0 = PLACEHOLDER [1, 56, 56, 256]
pad_temp(i0, i1, i2, i3) = p0[i0, i1, i2, i3]
p1 = PLACEHOLDER [1, 1, 256, 128]
conv2d_nhwc(nn, yy, xx, ff) += (pad_temp[nn, (yy + ry), (xx + rx), rc]*p1[ry, rx, rc, ff])
p2 = PLACEHOLDER [1, 1, 1, 128]
T_add(ax0, ax1, ax2, ax3) = (conv2d_nhwc[ax0, ax1, ax2, ax3] + p2[ax0, 0, 0, ax3])
T_relu(ax0, ax1, ax2, ax3) = max(T_add[ax0, ax1, ax2, ax3], 0f)

==== Task 17: vm_mod_fused_nn_conv2d_add_nn_relu_15 (weight 2 key: ["59c1ae449ba210b74d48c849aa8fdb8d", [1, 7, 7, 1024], [3, 3, 32, 1024], [1, 1, 1, 1024], [1, 7, 7, 1024]]) =====
p0 = PLACEHOLDER [1, 7, 7, 1024]
pad_temp(i0, i1, i2, i3) = tir.if_then_else(((((i1 >= 1) && (i1 < 8)) && (i2 >= 1)) && (i2 < 8)), p0[i0, (i1 - 1), (i2 - 1), i3], 0f)
p1 = PLACEHOLDER [3, 3, 32, 1024]
group_conv2d_nhwc(nn, yy, xx, ff) += (pad_temp[nn, (yy + ry), (xx + rx), ((floordiv(ff, 32)*32) + rc)]*p1[ry, rx, rc, ff])
p2 = PLACEHOLDER [1, 1, 1, 1024]
T_add(ax0, ax1, ax2, ax3) = (group_conv2d_nhwc[ax0, ax1, ax2, ax3] + p2[ax0, 0, 0, ax3])
T_relu(ax0, ax1, ax2, ax3) = max(T_add[ax0, ax1, ax2, ax3], 0f)

==== Task 18: vm_mod_fused_nn_conv2d_add_nn_relu_11 (weight 5 key: ["2340566ffa1a1380d67da3f29afd7cfa", [1, 14, 14, 512], [3, 3, 16, 512], [1, 1, 1, 512], [1, 14, 14, 512]]) =====
p0 = PLACEHOLDER [1, 14, 14, 512]
pad_temp(i0, i1, i2, i3) = tir.if_then_else(((((i1 >= 1) && (i1 < 15)) && (i2 >= 1)) && (i2 < 15)), p0[i0, (i1 - 1), (i2 - 1), i3], 0f)
p1 = PLACEHOLDER [3, 3, 16, 512]
group_conv2d_nhwc(nn, yy, xx, ff) += (pad_temp[nn, (yy + ry), (xx + rx), ((floordiv(ff, 16)*16) + rc)]*p1[ry, rx, rc, ff])
p2 = PLACEHOLDER [1, 1, 1, 512]
T_add(ax0, ax1, ax2, ax3) = (group_conv2d_nhwc[ax0, ax1, ax2, ax3] + p2[ax0, 0, 0, ax3])
T_relu(ax0, ax1, ax2, ax3) = max(T_add[ax0, ax1, ax2, ax3], 0f)

==== Task 19: vm_mod_fused_nn_conv2d_add_1 (weight 1 key: ["cb5e1bf27549411a1320749a1d8e07ca", [1, 56, 56, 256], [1, 1, 256, 512], [1, 1, 1, 512], [1, 28, 28, 512]]) =====
p0 = PLACEHOLDER [1, 56, 56, 256]
pad_temp(i0, i1, i2, i3) = p0[i0, i1, i2, i3]
p1 = PLACEHOLDER [1, 1, 256, 512]
conv2d_nhwc(nn, yy, xx, ff) += (pad_temp[nn, ((yy*2) + ry), ((xx*2) + rx), rc]*p1[ry, rx, rc, ff])
p2 = PLACEHOLDER [1, 1, 1, 512]
T_add(ax0, ax1, ax2, ax3) = (conv2d_nhwc[ax0, ax1, ax2, ax3] + p2[ax0, 0, 0, ax3])

==== Task 20: vm_mod_fused_nn_conv2d_add_nn_relu_6 (weight 3 key: ["6d628209072e3e3dd8f49359935acea6", [1, 28, 28, 512], [1, 1, 512, 256], [1, 1, 1, 256], [1, 28, 28, 256]]) =====
p0 = PLACEHOLDER [1, 28, 28, 512]
pad_temp(i0, i1, i2, i3) = p0[i0, i1, i2, i3]
p1 = PLACEHOLDER [1, 1, 512, 256]
conv2d_nhwc(nn, yy, xx, ff) += (pad_temp[nn, (yy + ry), (xx + rx), rc]*p1[ry, rx, rc, ff])
p2 = PLACEHOLDER [1, 1, 1, 256]
T_add(ax0, ax1, ax2, ax3) = (conv2d_nhwc[ax0, ax1, ax2, ax3] + p2[ax0, 0, 0, ax3])
T_relu(ax0, ax1, ax2, ax3) = max(T_add[ax0, ax1, ax2, ax3], 0f)

==== Task 21: vm_mod_fused_nn_adaptive_avg_pool2d (weight 1 key: ["8c53ca2904398da2889aa7508082d7bb", [1, 7, 7, 2048], [1, 1, 1, 2048]]) =====
p0 = PLACEHOLDER [1, 7, 7, 2048]
adaptive_pool_sum(ax0, ax1, ax2, ax3) += p0[ax0, ((ax1*7) + rv0), ((ax2*7) + rv1), ax3]
adaptive_pool_avg(ax0, ax1, ax2, ax3) = (adaptive_pool_sum[ax0, ax1, ax2, ax3]/(float32((select((bool)1, ((ax1 + 1)*7), (((ax1 + 1)*7) + 1)) - (ax1*7)))*float32((select((bool)1, ((ax2 + 1)*7), (((ax2 + 1)*7) + 1)) - (ax2*7)))))

==== Task 22: vm_mod_fused_nn_conv2d_add_add_nn_relu_2 (weight 6 key: ["09e1468652ad0039f0b726123db6e54d", [1, 14, 14, 512], [1, 1, 512, 1024], [1, 1, 1, 1024], [1, 14, 14, 1024], [1, 14, 14, 1024]]) =====
p0 = PLACEHOLDER [1, 14, 14, 512]
pad_temp(i0, i1, i2, i3) = p0[i0, i1, i2, i3]
p1 = PLACEHOLDER [1, 1, 512, 1024]
conv2d_nhwc(nn, yy, xx, ff) += (pad_temp[nn, (yy + ry), (xx + rx), rc]*p1[ry, rx, rc, ff])
p2 = PLACEHOLDER [1, 1, 1, 1024]
T_add(ax0, ax1, ax2, ax3) = (conv2d_nhwc[ax0, ax1, ax2, ax3] + p2[ax0, 0, 0, ax3])
p3 = PLACEHOLDER [1, 14, 14, 1024]
T_add(ax0, ax1, ax2, ax3) = (T_add[ax0, ax1, ax2, ax3] + p3[ax0, ax1, ax2, ax3])
T_relu(ax0, ax1, ax2, ax3) = max(T_add[ax0, ax1, ax2, ax3], 0f)

==== Task 23: vm_mod_fused_nn_max_pool2d (weight 1 key: ["c219de5fa5fe694343f2826ebe8e47ce", [1, 112, 112, 64], [1, 56, 56, 64]]) =====
p0 = PLACEHOLDER [1, 112, 112, 64]
pad_temp(ax0, ax1, ax2, ax3) = tir.if_then_else(((((ax1 >= 1) && (ax1 < 113)) && (ax2 >= 1)) && (ax2 < 113)), p0[ax0, (ax1 - 1), (ax2 - 1), ax3], -3.40282e+38f)
pool_max(ax0, ax1, ax2, ax3) max= pad_temp[ax0, ((ax1*2) + rv0), ((ax2*2) + rv1), ax3]

==== Task 24: vm_mod_fused_nn_conv2d_add_nn_relu_2 (weight 3 key: ["b87e32cdadda0c00f606b3024e694845", [1, 56, 56, 128], [3, 3, 4, 128], [1, 1, 1, 128], [1, 56, 56, 128]]) =====
p0 = PLACEHOLDER [1, 56, 56, 128]
pad_temp(i0, i1, i2, i3) = tir.if_then_else(((((i1 >= 1) && (i1 < 57)) && (i2 >= 1)) && (i2 < 57)), p0[i0, (i1 - 1), (i2 - 1), i3], 0f)
p1 = PLACEHOLDER [3, 3, 4, 128]
group_conv2d_nhwc(nn, yy, xx, ff) += (pad_temp[nn, (yy + ry), (xx + rx), ((floordiv(ff, 4)*4) + rc)]*p1[ry, rx, rc, ff])
p2 = PLACEHOLDER [1, 1, 1, 128]
T_add(ax0, ax1, ax2, ax3) = (group_conv2d_nhwc[ax0, ax1, ax2, ax3] + p2[ax0, 0, 0, ax3])
T_relu(ax0, ax1, ax2, ax3) = max(T_add[ax0, ax1, ax2, ax3], 0f)

==== Task 25: vm_mod_fused_nn_conv2d_add_nn_relu_12 (weight 1 key: ["6d628209072e3e3dd8f49359935acea6", [1, 14, 14, 1024], [1, 1, 1024, 1024], [1, 1, 1, 1024], [1, 14, 14, 1024]]) =====
p0 = PLACEHOLDER [1, 14, 14, 1024]
pad_temp(i0, i1, i2, i3) = p0[i0, i1, i2, i3]
p1 = PLACEHOLDER [1, 1, 1024, 1024]
conv2d_nhwc(nn, yy, xx, ff) += (pad_temp[nn, (yy + ry), (xx + rx), rc]*p1[ry, rx, rc, ff])
p2 = PLACEHOLDER [1, 1, 1, 1024]
T_add(ax0, ax1, ax2, ax3) = (conv2d_nhwc[ax0, ax1, ax2, ax3] + p2[ax0, 0, 0, ax3])
T_relu(ax0, ax1, ax2, ax3) = max(T_add[ax0, ax1, ax2, ax3], 0f)

==== Task 26: vm_mod_fused_nn_conv2d_add_nn_relu_9 (weight 1 key: ["c0d6de658b91f9917b1ce73a7d8f18f8", [1, 28, 28, 512], [3, 3, 16, 512], [1, 1, 1, 512], [1, 14, 14, 512]]) =====
----------------------------------------------------------------------
------------------------------  [ Task Scheduler ]
----------------------------------------------------------------------
----------------------------------------------------------------------
------------------------------  [ Search ]
----------------------------------------------------------------------
Generate Sketches		#s: 1
Sample Initial Population	#s: 51	fail_ct: 4045	Time elapsed: 15.90
GA Iter: 0	Max score: 0.9202	Min score: 0.0074	#Pop: 51	#M+: 0	#M-: 0
GA Iter: 4	Max score: 1.0000	Min score: 0.9805	#Pop: 128	#M+: 1398	#M-: 0
EvolutionarySearch		#s: 128	Time elapsed: 111.01
----------------------------------------------------------------------
------------------------------  [ Measure ]
----------------------------------------------------------------------
Get 64 programs to measure:
..............................................................p0 = PLACEHOLDER [1, 28, 28, 512]
pad_temp(i0, i1, i2, i3) = tir.if_then_else(((((i1 >= 1) && (i1 < 29)) && (i2 >= 1)) && (i2 < 29)), p0[i0, (i1 - 1), (i2 - 1), i3], 0f)
p1 = PLACEHOLDER [3, 3, 16, 512]
group_conv2d_nhwc(nn, yy, xx, ff) += (pad_temp[nn, ((yy*2) + ry), ((xx*2) + rx), ((floordiv(ff, 16)*16) + rc)]*p1[ry, rx, rc, ff])
p2 = PLACEHOLDER [1, 1, 1, 512]
T_add(ax0, ax1, ax2, ax3) = (group_conv2d_nhwc[ax0, ax1, ax2, ax3] + p2[ax0, 0, 0, ax3])
T_relu(ax0, ax1, ax2, ax3) = max(T_add[ax0, ax1, ax2, ax3], 0f)

|  ID  |                       Task Description                        | Latency (ms) | Speed (GFLOPS) | Trials |
-----------------------------------------------------------------------------------------------------------------
|    0 |                          vm_mod_fused_nn_conv2d_add_nn_relu_5 |            - |              - |      0 |
|    1 |                                    vm_mod_fused_nn_conv2d_add |            - |              - |      0 |
|    2 |                          vm_mod_fused_nn_conv2d_add_nn_relu_1 |            - |              - |      0 |
|    3 |                                     vm_mod_fused_nn_dense_add |            - |              - |      0 |
|    4 |                                  vm_mod_fused_nn_conv2d_add_3 |            - |              - |      0 |
|    5 |                          vm_mod_fused_nn_conv2d_add_nn_relu_8 |            - |              - |      0 |
|    6 |                      vm_mod_fused_nn_conv2d_add_add_nn_relu_3 |            - |              - |      0 |
|    7 |                          vm_mod_fused_nn_conv2d_add_nn_relu_4 |            - |              - |      0 |
|    8 |                        vm_mod_fused_nn_conv2d_add_add_nn_relu |            - |              - |      0 |
|    9 |                      vm_mod_fused_nn_conv2d_add_add_nn_relu_1 |            - |              - |      0 |
|   10 |                         vm_mod_fused_nn_conv2d_add_nn_relu_14 |            - |              - |      0 |
|   11 |                                  vm_mod_fused_nn_conv2d_add_2 |            - |              - |      0 |
|   12 |                            vm_mod_fused_nn_conv2d_add_nn_relu |            - |              - |      0 |
|   13 |                          vm_mod_fused_nn_conv2d_add_nn_relu_7 |            - |              - |      0 |
|   14 |                         vm_mod_fused_nn_conv2d_add_nn_relu_10 |            - |              - |      0 |
|   15 |                         vm_mod_fused_nn_conv2d_add_nn_relu_13 |            - |              - |      0 |
|   16 |                          vm_mod_fused_nn_conv2d_add_nn_relu_3 |            - |              - |      0 |
|   17 |                         vm_mod_fused_nn_conv2d_add_nn_relu_15 |            - |              - |      0 |
|   18 |                         vm_mod_fused_nn_conv2d_add_nn_relu_11 |            - |              - |      0 |
|   19 |                                  vm_mod_fused_nn_conv2d_add_1 |            - |              - |      0 |
|   20 |                          vm_mod_fused_nn_conv2d_add_nn_relu_6 |            - |              - |      0 |
|   21 |                           vm_mod_fused_nn_adaptive_avg_pool2d |            - |              - |      0 |
|   22 |                      vm_mod_fused_nn_conv2d_add_add_nn_relu_2 |            - |              - |      0 |
|   23 |                                    vm_mod_fused_nn_max_pool2d |            - |              - |      0 |
|   24 |                          vm_mod_fused_nn_conv2d_add_nn_relu_2 |            - |              - |      0 |
|   25 |                         vm_mod_fused_nn_conv2d_add_nn_relu_12 |            - |              - |      0 |
|   26 |                          vm_mod_fused_nn_conv2d_add_nn_relu_9 |            - |              - |      0 |
-----------------------------------------------------------------------------------------------------------------
Estimated total latency: - ms	Trials: 0	Used time : 0 s	Next ID: 0	
.T.T**************************************************************
Time elapsed for measurement: 40.52 s
----------------------------------------------------------------------
------------------------------  [ Train cost model ]
----------------------------------------------------------------------
Time elapsed for training: 1.02 s
----------------------------------------------------------------------
------------------------------  [ Task Scheduler ]
----------------------------------------------------------------------
----------------------------------------------------------------------
------------------------------  [ Search ]
----------------------------------------------------------------------
Generate Sketches		#s: 1
Sample Initial Population	#s: 70	fail_ct: 1978	Time elapsed: 7.17
GA Iter: 0	Max score: 0.9991	Min score: 0.0083	#Pop: 70	#M+: 0	#M-: 0
GA Iter: 4	Max score: 0.9998	Min score: 0.9785	#Pop: 128	#M+: 1392	#M-: 0
EvolutionarySearch		#s: 128	Time elapsed: 80.61
----------------------------------------------------------------------
------------------------------  [ Measure ]
----------------------------------------------------------------------
Get 64 programs to measure:
...............................................................|  ID  |                       Task Description                        | Latency (ms) | Speed (GFLOPS) | Trials |
-----------------------------------------------------------------------------------------------------------------
|    0 |                          vm_mod_fused_nn_conv2d_add_nn_relu_5 |        0.006 |        5038.86 |     64 |
|    1 |                                    vm_mod_fused_nn_conv2d_add |            - |              - |      0 |
|    2 |                          vm_mod_fused_nn_conv2d_add_nn_relu_1 |            - |              - |      0 |
|    3 |                                     vm_mod_fused_nn_dense_add |            - |              - |      0 |
|    4 |                                  vm_mod_fused_nn_conv2d_add_3 |            - |              - |      0 |
|    5 |                          vm_mod_fused_nn_conv2d_add_nn_relu_8 |            - |              - |      0 |
|    6 |                      vm_mod_fused_nn_conv2d_add_add_nn_relu_3 |            - |              - |      0 |
|    7 |                          vm_mod_fused_nn_conv2d_add_nn_relu_4 |            - |              - |      0 |
|    8 |                        vm_mod_fused_nn_conv2d_add_add_nn_relu |            - |              - |      0 |
|    9 |                      vm_mod_fused_nn_conv2d_add_add_nn_relu_1 |            - |              - |      0 |
|   10 |                         vm_mod_fused_nn_conv2d_add_nn_relu_14 |            - |              - |      0 |
|   11 |                                  vm_mod_fused_nn_conv2d_add_2 |            - |              - |      0 |
|   12 |                            vm_mod_fused_nn_conv2d_add_nn_relu |            - |              - |      0 |
|   13 |                          vm_mod_fused_nn_conv2d_add_nn_relu_7 |            - |              - |      0 |
|   14 |                         vm_mod_fused_nn_conv2d_add_nn_relu_10 |            - |              - |      0 |
|   15 |                         vm_mod_fused_nn_conv2d_add_nn_relu_13 |            - |              - |      0 |
|   16 |                          vm_mod_fused_nn_conv2d_add_nn_relu_3 |            - |              - |      0 |
|   17 |                         vm_mod_fused_nn_conv2d_add_nn_relu_15 |            - |              - |      0 |
|   18 |                         vm_mod_fused_nn_conv2d_add_nn_relu_11 |            - |              - |      0 |
|   19 |                                  vm_mod_fused_nn_conv2d_add_1 |            - |              - |      0 |
|   20 |                          vm_mod_fused_nn_conv2d_add_nn_relu_6 |            - |              - |      0 |
|   21 |                           vm_mod_fused_nn_adaptive_avg_pool2d |            - |              - |      0 |
|   22 |                      vm_mod_fused_nn_conv2d_add_add_nn_relu_2 |            - |              - |      0 |
|   23 |                                    vm_mod_fused_nn_max_pool2d |            - |              - |      0 |
|   24 |                          vm_mod_fused_nn_conv2d_add_nn_relu_2 |            - |              - |      0 |
|   25 |                         vm_mod_fused_nn_conv2d_add_nn_relu_12 |            - |              - |      0 |
|   26 |                          vm_mod_fused_nn_conv2d_add_nn_relu_9 |            - |              - |      0 |
-----------------------------------------------------------------------------------------------------------------
Estimated total latency: - ms	Trials: 64	Used time : 169 s	Next ID: 1	
.T***************************************************************
Time elapsed for measurement: 37.93 s
----------------------------------------------------------------------
------------------------------  [ Train cost model ]
----------------------------------------------------------------------
Time elapsed for training: 3.15 s
----------------------------------------------------------------------
------------------------------  [ Task Scheduler ]
----------------------------------------------------------------------
----------------------------------------------------------------------
------------------------------  [ Search ]
----------------------------------------------------------------------
Generate Sketches		#s: 1
Sample Initial Population	#s: 78	fail_ct: 1970	Time elapsed: 7.52
GA Iter: 0	Max score: 0.9617	Min score: 0.0139	#Pop: 78	#M+: 0	#M-: 0
GA Iter: 4	Max score: 1.0000	Min score: 0.9781	#Pop: 128	#M+: 1391	#M-: 0
EvolutionarySearch		#s: 128	Time elapsed: 77.66
----------------------------------------------------------------------
------------------------------  [ Measure ]
----------------------------------------------------------------------
Get 64 programs to measure:
...............................................................|  ID  |                       Task Description                        | Latency (ms) | Speed (GFLOPS) | Trials |
-----------------------------------------------------------------------------------------------------------------
|    0 |                          vm_mod_fused_nn_conv2d_add_nn_relu_5 |        0.006 |        5038.86 |     64 |
|    1 |                                    vm_mod_fused_nn_conv2d_add |        0.012 |        8679.29 |     64 |
|    2 |                          vm_mod_fused_nn_conv2d_add_nn_relu_1 |            - |              - |      0 |
|    3 |                                     vm_mod_fused_nn_dense_add |            - |              - |      0 |
|    4 |                                  vm_mod_fused_nn_conv2d_add_3 |            - |              - |      0 |
|    5 |                          vm_mod_fused_nn_conv2d_add_nn_relu_8 |            - |              - |      0 |
|    6 |                      vm_mod_fused_nn_conv2d_add_add_nn_relu_3 |            - |              - |      0 |
|    7 |                          vm_mod_fused_nn_conv2d_add_nn_relu_4 |            - |              - |      0 |
|    8 |                        vm_mod_fused_nn_conv2d_add_add_nn_relu |            - |              - |      0 |
|    9 |                      vm_mod_fused_nn_conv2d_add_add_nn_relu_1 |            - |              - |      0 |
|   10 |                         vm_mod_fused_nn_conv2d_add_nn_relu_14 |            - |              - |      0 |
|   11 |                                  vm_mod_fused_nn_conv2d_add_2 |            - |              - |      0 |
|   12 |                            vm_mod_fused_nn_conv2d_add_nn_relu |            - |              - |      0 |
|   13 |                          vm_mod_fused_nn_conv2d_add_nn_relu_7 |            - |              - |      0 |
|   14 |                         vm_mod_fused_nn_conv2d_add_nn_relu_10 |            - |              - |      0 |
|   15 |                         vm_mod_fused_nn_conv2d_add_nn_relu_13 |            - |              - |      0 |
|   16 |                          vm_mod_fused_nn_conv2d_add_nn_relu_3 |            - |              - |      0 |
|   17 |                         vm_mod_fused_nn_conv2d_add_nn_relu_15 |            - |              - |      0 |
|   18 |                         vm_mod_fused_nn_conv2d_add_nn_relu_11 |            - |              - |      0 |
|   19 |                                  vm_mod_fused_nn_conv2d_add_1 |            - |              - |      0 |
|   20 |                          vm_mod_fused_nn_conv2d_add_nn_relu_6 |            - |              - |      0 |
|   21 |                           vm_mod_fused_nn_adaptive_avg_pool2d |            - |              - |      0 |
|   22 |                      vm_mod_fused_nn_conv2d_add_add_nn_relu_2 |            - |              - |      0 |
|   23 |                                    vm_mod_fused_nn_max_pool2d |            - |              - |      0 |
|   24 |                          vm_mod_fused_nn_conv2d_add_nn_relu_2 |            - |              - |      0 |
|   25 |                         vm_mod_fused_nn_conv2d_add_nn_relu_12 |            - |              - |      0 |
|   26 |                          vm_mod_fused_nn_conv2d_add_nn_relu_9 |            - |              - |      0 |
-----------------------------------------------------------------------------------------------------------------
Estimated total latency: - ms	Trials: 128	Used time : 298 s	Next ID: 2	
.T***************************************************************
Time elapsed for measurement: 37.45 s
----------------------------------------------------------------------
------------------------------  [ Train cost model ]
----------------------------------------------------------------------
Time elapsed for training: 3.29 s
----------------------------------------------------------------------
------------------------------  [ Task Scheduler ]
----------------------------------------------------------------------
----------------------------------------------------------------------
------------------------------  [ Search ]
----------------------------------------------------------------------
Generate Sketches		#s: 2
Sample Initial Population	#s: 69	fail_ct: 1979	Time elapsed: 3.82
GA Iter: 0	Max score: 0.9736	Min score: 0.0055	#Pop: 69	#M+: 0	#M-: 0
GA Iter: 4	Max score: 0.9998	Min score: 0.8799	#Pop: 128	#M+: 1397	#M-: 0
EvolutionarySearch		#s: 128	Time elapsed: 12.83
----------------------------------------------------------------------
------------------------------  [ Measure ]
----------------------------------------------------------------------
Get 64 programs to measure:
................................................................**Eterminate called after throwing an instance of 'tvm::runtime::InternalError'
  what():  [10:28:48] /data3/qsy/complier/tlm/src/runtime/cuda/cuda_module.cc:61: CUDAError: cuModuleUnload(module_[i]) failed with error: CUDA_ERROR_MISALIGNED_ADDRESS
Stack trace:
  0: tvm::runtime::SimpleObjAllocator::Handler<tvm::runtime::CUDAModuleNode>::Deleter_(tvm::runtime::Object*)
  1: tvm::runtime::SimpleObjAllocator::Handler<tvm::runtime::LibraryModuleNode>::Deleter_(tvm::runtime::Object*)
  2: _ZN3tvm7runtime18SimpleObjAllocator7HandlerINS0_16PackedFuncS
  3: _ZN3tvm7runtime18SimpleObjAllocator7HandlerINS0_16PackedFuncSubObjIZNS0_9profiling17WrapTimeE
  4: TVMObjectFree
  5: __pyx_tp_dealloc_3tvm_4_ffi_4_cy3_4core_PackedFuncBase(_object*)
  6: subtype_dealloc
        at /usr/local/src/conda/python-3.10.18/Objects/typeobject.c:1460
  7: _Py_DECREF
        at /usr/local/src/conda/python-3.10.18/Include/object.h:500
  8: _Py_XDECREF
        at /usr/local/src/conda/python-3.10.18/Include/object.h:567
  9: cell_dealloc
        at /usr/local/src/conda/python-3.10.18/Objects/cellobject.c:82
  10: _Py_Dealloc
        at /usr/local/src/conda/python-3.10.18/Objects/object.c:2301
  11: _Py_DECREF
        at /usr/local/src/conda/python-3.10.18/Include/object.h:500
  12: _Py_XDECREF
        at /usr/local/src/conda/python-3.10.18/Include/object.h:567
  13: tupledealloc
        at /usr/local/src/conda/python-3.10.18/Objects/tupleobject.c:276
  14: _Py_Dealloc
        at /usr/local/src/conda/python-3.10.18/Objects/object.c:2301
  15: _Py_DECREF
        at /usr/local/src/conda/python-3.10.18/Include/object.h:500
  16: func_clear
        at /usr/local/src/conda/python-3.10.18/Objects/funcobject.c:636
  17: func_dealloc
        at /usr/local/src/conda/python-3.10.18/Objects/funcobject.c:648
  18: _Py_Dealloc
        at /usr/local/src/conda/python-3.10.18/Objects/object.c:2301
  19: _Py_DECREF
        at /usr/local/src/conda/python-3.10.18/Include/object.h:500
  20: frame_dealloc
        at /usr/local/src/conda/python-3.10.18/Objects/frameobject.c:591
  21: _Py_Dealloc
        at /usr/local/src/conda/python-3.10.18/Objects/object.c:2301
  22: _Py_DECREF
        at /usr/local/src/conda/python-3.10.18/Include/object.h:500
  23: _PyEval_Vector
        at /usr/local/src/conda/python-3.10.18/Python/ceval.c:5080
  24: _PyFunction_Vectorcall
        at /usr/local/src/conda/python-3.10.18/Objects/call.c:342
  25: do_call_core
        at /usr/local/src/conda/python-3.10.18/Python/ceval.c:5945
  26: _PyEval_EvalFrameDefault
        at /usr/local/src/conda/python-3.10.18/Python/ceval.c:4277
  27: _PyEval_EvalFrame
        at /usr/local/src/conda/python-3.10.18/Include/internal/pycore_ceval.h:46
  28: _PyEval_Vector
        at /usr/local/src/conda/python-3.10.18/Python/ceval.c:5067
  29: _PyFunction_Vectorcall
        at /usr/local/src/conda/python-3.10.18/Objects/call.c:342
  30: _PyObject_VectorcallTstate
        at /usr/local/src/conda/python-3.10.18/Include/cpython/abstract.h:114
  31: PyObject_Vectorcall
        at /usr/local/src/conda/python-3.10.18/Include/cpython/abstract.h:123
  32: call_function
        at /usr/local/src/conda/python-3.10.18/Python/ceval.c:5893
  33: _PyEval_EvalFrameDefault
        at /usr/local/src/conda/python-3.10.18/Python/ceval.c:4213
  34: _PyEval_EvalFrame
        at /usr/local/src/conda/python-3.10.18/Include/internal/pycore_ceval.h:46
  35: _PyEval_Vector
        at /usr/local/src/conda/python-3.10.18/Python/ceval.c:5067
  36: PyEval_EvalCode
        at /usr/local/src/conda/python-3.10.18/Python/ceval.c:1134
  37: builtin_exec_impl
        at /usr/local/src/conda/python-3.10.18/Python/bltinmodule.c:1058
  38: builtin_exec
        at /usr/local/src/conda/python-3.10.18/Python/clinic/bltinmodule.c.h:371
  39: cfunction_vectorcall_FASTCALL
        at /usr/local/src/conda/python-3.10.18/Objects/methodobject.c:430
  40: _PyObject_VectorcallTstate
        at /usr/local/src/conda/python-3.10.18/Include/cpython/abstract.h:114
  41: PyObject_Vectorcall
        at /usr/local/src/conda/python-3.10.18/Include/cpython/abstract.h:123
  42: call_function
        at /usr/local/src/conda/python-3.10.18/Python/ceval.c:5893
  43: _PyEval_EvalFrameDefault
        at /usr/local/src/conda/python-3.10.18/Python/ceval.c:4213
  44: _PyEval_EvalFrame
        at /usr/local/src/conda/python-3.10.18/Include/internal/pycore_ceval.h:46
  45: _PyEval_Vector
        at /usr/local/src/conda/python-3.10.18/Python/ceval.c:5067
  46: _PyFunction_Vectorcall
        at /usr/local/src/conda/python-3.10.18/Objects/call.c:342
  47: _PyObject_VectorcallTstate
        at /usr/local/src/conda/python-3.10.18/Include/cpython/abstract.h:114
  48: PyObject_Vectorcall
        at /usr/local/src/conda/python-3.10.18/Include/cpython/abstract.h:123
  49: call_function
        at /usr/local/src/conda/python-3.10.18/Python/ceval.c:5893
  50: _PyEval_EvalFrameDefault
        at /usr/local/src/conda/python-3.10.18/Python/ceval.c:4213
  51: _PyEval_EvalFrame
        at /usr/local/src/conda/python-3.10.18/Include/internal/pycore_ceval.h:46
  52: _PyEval_Vector
        at /usr/local/src/conda/python-3.10.18/Python/ceval.c:5067
  53: _PyFunction_Vectorcall
        at /usr/local/src/conda/python-3.10.18/Objects/call.c:342
  54: pymain_run_module
        at /usr/local/src/conda/python-3.10.18/Modules/main.c:297
  55: pymain_run_python
        at /usr/local/src/conda/python-3.10.18/Modules/main.c:589
  56: Py_RunMain
        at /usr/local/src/conda/python-3.10.18/Modules/main.c:674
  57: Py_BytesMain
        at /usr/local/src/conda/python-3.10.18/Modules/main.c:1094
  58: __libc_start_main
        at ../csu/libc-start.c:308
  59: 0x000000000058728d
  60: 0xffffffffffffffff


|  ID  |                       Task Description                        | Latency (ms) | Speed (GFLOPS) | Trials |
-----------------------------------------------------------------------------------------------------------------
|    0 |                          vm_mod_fused_nn_conv2d_add_nn_relu_5 |        0.006 |        5038.86 |     64 |
|    1 |                                    vm_mod_fused_nn_conv2d_add |        0.012 |        8679.29 |     64 |
|    2 |                          vm_mod_fused_nn_conv2d_add_nn_relu_1 |        0.007 |        7817.23 |     64 |
|    3 |                                     vm_mod_fused_nn_dense_add |            - |              - |      0 |
|    4 |                                  vm_mod_fused_nn_conv2d_add_3 |            - |              - |      0 |
|    5 |                          vm_mod_fused_nn_conv2d_add_nn_relu_8 |            - |              - |      0 |
|    6 |                      vm_mod_fused_nn_conv2d_add_add_nn_relu_3 |            - |              - |      0 |
|    7 |                          vm_mod_fused_nn_conv2d_add_nn_relu_4 |            - |              - |      0 |
|    8 |                        vm_mod_fused_nn_conv2d_add_add_nn_relu |            - |              - |      0 |
|    9 |                      vm_mod_fused_nn_conv2d_add_add_nn_relu_1 |            - |              - |      0 |
|   10 |                         vm_mod_fused_nn_conv2d_add_nn_relu_14 |            - |              - |      0 |
|   11 |                                  vm_mod_fused_nn_conv2d_add_2 |            - |              - |      0 |
|   12 |                            vm_mod_fused_nn_conv2d_add_nn_relu |            - |              - |      0 |
|   13 |                          vm_mod_fused_nn_conv2d_add_nn_relu_7 |            - |              - |      0 |
|   14 |                         vm_mod_fused_nn_conv2d_add_nn_relu_10 |            - |              - |      0 |
|   15 |                         vm_mod_fused_nn_conv2d_add_nn_relu_13 |            - |              - |      0 |
|   16 |                          vm_mod_fused_nn_conv2d_add_nn_relu_3 |            - |              - |      0 |
|   17 |                         vm_mod_fused_nn_conv2d_add_nn_relu_15 |            - |              - |      0 |
|   18 |                         vm_mod_fused_nn_conv2d_add_nn_relu_11 |            - |              - |      0 |
|   19 |                                  vm_mod_fused_nn_conv2d_add_1 |            - |              - |      0 |
|   20 |                          vm_mod_fused_nn_conv2d_add_nn_relu_6 |            - |              - |      0 |
|   21 |                           vm_mod_fused_nn_adaptive_avg_pool2d |            - |              - |      0 |
|   22 |                      vm_mod_fused_nn_conv2d_add_add_nn_relu_2 |            - |              - |      0 |
|   23 |                                    vm_mod_fused_nn_max_pool2d |            - |              - |      0 |
|   24 |                          vm_mod_fused_nn_conv2d_add_nn_relu_2 |            - |              - |      0 |
|   25 |                         vm_mod_fused_nn_conv2d_add_nn_relu_12 |            - |              - |      0 |
|   26 |                          vm_mod_fused_nn_conv2d_add_nn_relu_9 |            - |              - |      0 |
-----------------------------------------------------------------------------------------------------------------
Estimated total latency: - ms	Trials: 192	Used time : 424 s	Next ID: 3	
*E************Eterminate called after throwing an instance of 'tvm::runtime::InternalError'
  what():  [10:28:53] /data3/qsy/complier/tlm/src/runtime/cuda/cuda_module.cc:61: CUDAError: cuModuleUnload(module_[i]) failed with error: CUDA_ERROR_MISALIGNED_ADDRESS
Stack trace:
  0: tvm::runtime::SimpleObjAllocator::Handler<tvm::runtime::CUDAModuleNode>::Deleter_(tvm::runtime::Object*)
  1: tvm::runtime::SimpleObjAllocator::Handler<tvm::runtime::LibraryModuleNode>::Deleter_(tvm::runtime::Object*)
  2: _ZN3tvm7runtime18SimpleObjAllocator7HandlerINS0_16PackedFuncS
  3: _ZN3tvm7runtime18SimpleObjAllocator7HandlerINS0_16PackedFuncSubObjIZNS0_9profiling17WrapTimeE
  4: TVMObjectFree
  5: __pyx_tp_dealloc_3tvm_4_ffi_4_cy3_4core_PackedFuncBase(_object*)
  6: subtype_dealloc
        at /usr/local/src/conda/python-3.10.18/Objects/typeobject.c:1460
  7: _Py_DECREF
        at /usr/local/src/conda/python-3.10.18/Include/object.h:500
  8: _Py_XDECREF
        at /usr/local/src/conda/python-3.10.18/Include/object.h:567
  9: cell_dealloc
        at /usr/local/src/conda/python-3.10.18/Objects/cellobject.c:82
  10: _Py_Dealloc
        at /usr/local/src/conda/python-3.10.18/Objects/object.c:2301
  11: _Py_DECREF
        at /usr/local/src/conda/python-3.10.18/Include/object.h:500
  12: _Py_XDECREF
        at /usr/local/src/conda/python-3.10.18/Include/object.h:567
  13: tupledealloc
        at /usr/local/src/conda/python-3.10.18/Objects/tupleobject.c:276
  14: _Py_Dealloc
        at /usr/local/src/conda/python-3.10.18/Objects/object.c:2301
  15: _Py_DECREF
        at /usr/local/src/conda/python-3.10.18/Include/object.h:500
  16: func_clear
        at /usr/local/src/conda/python-3.10.18/Objects/funcobject.c:636
  17: func_dealloc
        at /usr/local/src/conda/python-3.10.18/Objects/funcobject.c:648
  18: _Py_Dealloc
        at /usr/local/src/conda/python-3.10.18/Objects/object.c:2301
  19: _Py_DECREF
        at /usr/local/src/conda/python-3.10.18/Include/object.h:500
  20: frame_dealloc
        at /usr/local/src/conda/python-3.10.18/Objects/frameobject.c:591
  21: _Py_Dealloc
        at /usr/local/src/conda/python-3.10.18/Objects/object.c:2301
  22: _Py_DECREF
        at /usr/local/src/conda/python-3.10.18/Include/object.h:500
  23: _PyEval_Vector
        at /usr/local/src/conda/python-3.10.18/Python/ceval.c:5080
  24: _PyFunction_Vectorcall
        at /usr/local/src/conda/python-3.10.18/Objects/call.c:342
  25: do_call_core
        at /usr/local/src/conda/python-3.10.18/Python/ceval.c:5945
  26: _PyEval_EvalFrameDefault
        at /usr/local/src/conda/python-3.10.18/Python/ceval.c:4277
  27: _PyEval_EvalFrame
        at /usr/local/src/conda/python-3.10.18/Include/internal/pycore_ceval.h:46
  28: _PyEval_Vector
        at /usr/local/src/conda/python-3.10.18/Python/ceval.c:5067
  29: _PyFunction_Vectorcall
        at /usr/local/src/conda/python-3.10.18/Objects/call.c:342
  30: _PyObject_VectorcallTstate
        at /usr/local/src/conda/python-3.10.18/Include/cpython/abstract.h:114
  31: PyObject_Vectorcall
        at /usr/local/src/conda/python-3.10.18/Include/cpython/abstract.h:123
  32: call_function
        at /usr/local/src/conda/python-3.10.18/Python/ceval.c:5893
  33: _PyEval_EvalFrameDefault
        at /usr/local/src/conda/python-3.10.18/Python/ceval.c:4213
  34: _PyEval_EvalFrame
        at /usr/local/src/conda/python-3.10.18/Include/internal/pycore_ceval.h:46
  35: _PyEval_Vector
        at /usr/local/src/conda/python-3.10.18/Python/ceval.c:5067
  36: PyEval_EvalCode
        at /usr/local/src/conda/python-3.10.18/Python/ceval.c:1134
  37: builtin_exec_impl
        at /usr/local/src/conda/python-3.10.18/Python/bltinmodule.c:1058
  38: builtin_exec
        at /usr/local/src/conda/python-3.10.18/Python/clinic/bltinmodule.c.h:371
  39: cfunction_vectorcall_FASTCALL
        at /usr/local/src/conda/python-3.10.18/Objects/methodobject.c:430
  40: _PyObject_VectorcallTstate
        at /usr/local/src/conda/python-3.10.18/Include/cpython/abstract.h:114
  41: PyObject_Vectorcall
        at /usr/local/src/conda/python-3.10.18/Include/cpython/abstract.h:123
  42: call_function
        at /usr/local/src/conda/python-3.10.18/Python/ceval.c:5893
  43: _PyEval_EvalFrameDefault
        at /usr/local/src/conda/python-3.10.18/Python/ceval.c:4213
  44: _PyEval_EvalFrame
        at /usr/local/src/conda/python-3.10.18/Include/internal/pycore_ceval.h:46
  45: _PyEval_Vector
        at /usr/local/src/conda/python-3.10.18/Python/ceval.c:5067
  46: _PyFunction_Vectorcall
        at /usr/local/src/conda/python-3.10.18/Objects/call.c:342
  47: _PyObject_VectorcallTstate
        at /usr/local/src/conda/python-3.10.18/Include/cpython/abstract.h:114
  48: PyObject_Vectorcall
        at /usr/local/src/conda/python-3.10.18/Include/cpython/abstract.h:123
  49: call_function
        at /usr/local/src/conda/python-3.10.18/Python/ceval.c:5893
  50: _PyEval_EvalFrameDefault
        at /usr/local/src/conda/python-3.10.18/Python/ceval.c:4213
  51: _PyEval_EvalFrame
        at /usr/local/src/conda/python-3.10.18/Include/internal/pycore_ceval.h:46
  52: _PyEval_Vector
        at /usr/local/src/conda/python-3.10.18/Python/ceval.c:5067
  53: _PyFunction_Vectorcall
        at /usr/local/src/conda/python-3.10.18/Objects/call.c:342
  54: pymain_run_module
        at /usr/local/src/conda/python-3.10.18/Modules/main.c:297
  55: pymain_run_python
        at /usr/local/src/conda/python-3.10.18/Modules/main.c:589
  56: Py_RunMain
        at /usr/local/src/conda/python-3.10.18/Modules/main.c:674
  57: Py_BytesMain
        at /usr/local/src/conda/python-3.10.18/Modules/main.c:1094
  58: __libc_start_main
        at ../csu/libc-start.c:308
  59: 0x000000000058728d
  60: 0xffffffffffffffff


*E***Eterminate called after throwing an instance of 'tvm::runtime::InternalError'
  what():  [10:28:55] /data3/qsy/complier/tlm/src/runtime/cuda/cuda_module.cc:61: CUDAError: cuModuleUnload(module_[i]) failed with error: CUDA_ERROR_MISALIGNED_ADDRESS
Stack trace:
  0: tvm::runtime::SimpleObjAllocator::Handler<tvm::runtime::CUDAModuleNode>::Deleter_(tvm::runtime::Object*)
  1: tvm::runtime::SimpleObjAllocator::Handler<tvm::runtime::LibraryModuleNode>::Deleter_(tvm::runtime::Object*)
  2: _ZN3tvm7runtime18SimpleObjAllocator7HandlerINS0_16PackedFuncS
  3: _ZN3tvm7runtime18SimpleObjAllocator7HandlerINS0_16PackedFuncSubObjIZNS0_9profiling17WrapTimeE
  4: TVMObjectFree
  5: __pyx_tp_dealloc_3tvm_4_ffi_4_cy3_4core_PackedFuncBase(_object*)
  6: subtype_dealloc
        at /usr/local/src/conda/python-3.10.18/Objects/typeobject.c:1460
  7: _Py_DECREF
        at /usr/local/src/conda/python-3.10.18/Include/object.h:500
  8: _Py_XDECREF
        at /usr/local/src/conda/python-3.10.18/Include/object.h:567
  9: cell_dealloc
        at /usr/local/src/conda/python-3.10.18/Objects/cellobject.c:82
  10: _Py_Dealloc
        at /usr/local/src/conda/python-3.10.18/Objects/object.c:2301
  11: _Py_DECREF
        at /usr/local/src/conda/python-3.10.18/Include/object.h:500
  12: _Py_XDECREF
        at /usr/local/src/conda/python-3.10.18/Include/object.h:567
  13: tupledealloc
        at /usr/local/src/conda/python-3.10.18/Objects/tupleobject.c:276
  14: _Py_Dealloc
        at /usr/local/src/conda/python-3.10.18/Objects/object.c:2301
  15: _Py_DECREF
        at /usr/local/src/conda/python-3.10.18/Include/object.h:500
  16: func_clear
        at /usr/local/src/conda/python-3.10.18/Objects/funcobject.c:636
  17: func_dealloc
        at /usr/local/src/conda/python-3.10.18/Objects/funcobject.c:648
  18: _Py_Dealloc
        at /usr/local/src/conda/python-3.10.18/Objects/object.c:2301
  19: _Py_DECREF
        at /usr/local/src/conda/python-3.10.18/Include/object.h:500
  20: frame_dealloc
        at /usr/local/src/conda/python-3.10.18/Objects/frameobject.c:591
  21: _Py_Dealloc
        at /usr/local/src/conda/python-3.10.18/Objects/object.c:2301
  22: _Py_DECREF
        at /usr/local/src/conda/python-3.10.18/Include/object.h:500
  23: _PyEval_Vector
        at /usr/local/src/conda/python-3.10.18/Python/ceval.c:5080
  24: _PyFunction_Vectorcall
        at /usr/local/src/conda/python-3.10.18/Objects/call.c:342
  25: do_call_core
        at /usr/local/src/conda/python-3.10.18/Python/ceval.c:5945
  26: _PyEval_EvalFrameDefault
        at /usr/local/src/conda/python-3.10.18/Python/ceval.c:4277
  27: _PyEval_EvalFrame
        at /usr/local/src/conda/python-3.10.18/Include/internal/pycore_ceval.h:46
  28: _PyEval_Vector
        at /usr/local/src/conda/python-3.10.18/Python/ceval.c:5067
  29: _PyFunction_Vectorcall
        at /usr/local/src/conda/python-3.10.18/Objects/call.c:342
  30: _PyObject_VectorcallTstate
        at /usr/local/src/conda/python-3.10.18/Include/cpython/abstract.h:114
  31: PyObject_Vectorcall
        at /usr/local/src/conda/python-3.10.18/Include/cpython/abstract.h:123
  32: call_function
        at /usr/local/src/conda/python-3.10.18/Python/ceval.c:5893
  33: _PyEval_EvalFrameDefault
        at /usr/local/src/conda/python-3.10.18/Python/ceval.c:4213
  34: _PyEval_EvalFrame
        at /usr/local/src/conda/python-3.10.18/Include/internal/pycore_ceval.h:46
  35: _PyEval_Vector
        at /usr/local/src/conda/python-3.10.18/Python/ceval.c:5067
  36: PyEval_EvalCode
        at /usr/local/src/conda/python-3.10.18/Python/ceval.c:1134
  37: builtin_exec_impl
        at /usr/local/src/conda/python-3.10.18/Python/bltinmodule.c:1058
  38: builtin_exec
        at /usr/local/src/conda/python-3.10.18/Python/clinic/bltinmodule.c.h:371
  39: cfunction_vectorcall_FASTCALL
        at /usr/local/src/conda/python-3.10.18/Objects/methodobject.c:430
  40: _PyObject_VectorcallTstate
        at /usr/local/src/conda/python-3.10.18/Include/cpython/abstract.h:114
  41: PyObject_Vectorcall
        at /usr/local/src/conda/python-3.10.18/Include/cpython/abstract.h:123
  42: call_function
        at /usr/local/src/conda/python-3.10.18/Python/ceval.c:5893
  43: _PyEval_EvalFrameDefault
        at /usr/local/src/conda/python-3.10.18/Python/ceval.c:4213
  44: _PyEval_EvalFrame
        at /usr/local/src/conda/python-3.10.18/Include/internal/pycore_ceval.h:46
  45: _PyEval_Vector
        at /usr/local/src/conda/python-3.10.18/Python/ceval.c:5067
  46: _PyFunction_Vectorcall
        at /usr/local/src/conda/python-3.10.18/Objects/call.c:342
  47: _PyObject_VectorcallTstate
        at /usr/local/src/conda/python-3.10.18/Include/cpython/abstract.h:114
  48: PyObject_Vectorcall
        at /usr/local/src/conda/python-3.10.18/Include/cpython/abstract.h:123
  49: call_function
        at /usr/local/src/conda/python-3.10.18/Python/ceval.c:5893
  50: _PyEval_EvalFrameDefault
        at /usr/local/src/conda/python-3.10.18/Python/ceval.c:4213
  51: _PyEval_EvalFrame
        at /usr/local/src/conda/python-3.10.18/Include/internal/pycore_ceval.h:46
  52: _PyEval_Vector
        at /usr/local/src/conda/python-3.10.18/Python/ceval.c:5067
  53: _PyFunction_Vectorcall
        at /usr/local/src/conda/python-3.10.18/Objects/call.c:342
  54: pymain_run_module
        at /usr/local/src/conda/python-3.10.18/Modules/main.c:297
  55: pymain_run_python
        at /usr/local/src/conda/python-3.10.18/Modules/main.c:589
  56: Py_RunMain
        at /usr/local/src/conda/python-3.10.18/Modules/main.c:674
  57: Py_BytesMain
        at /usr/local/src/conda/python-3.10.18/Modules/main.c:1094
  58: __libc_start_main
        at ../csu/libc-start.c:308
  59: 0x000000000058728d
  60: 0xffffffffffffffff


*E**Eterminate called after throwing an instance of 'tvm::runtime::InternalError'
  what():  [10:28:57] /data3/qsy/complier/tlm/src/runtime/cuda/cuda_module.cc:61: CUDAError: cuModuleUnload(module_[i]) failed with error: CUDA_ERROR_MISALIGNED_ADDRESS
Stack trace:
  0: tvm::runtime::SimpleObjAllocator::Handler<tvm::runtime::CUDAModuleNode>::Deleter_(tvm::runtime::Object*)
  1: tvm::runtime::SimpleObjAllocator::Handler<tvm::runtime::LibraryModuleNode>::Deleter_(tvm::runtime::Object*)
  2: _ZN3tvm7runtime18SimpleObjAllocator7HandlerINS0_16PackedFuncS
  3: _ZN3tvm7runtime18SimpleObjAllocator7HandlerINS0_16PackedFuncSubObjIZNS0_9profiling17WrapTimeE
  4: TVMObjectFree
  5: __pyx_tp_dealloc_3tvm_4_ffi_4_cy3_4core_PackedFuncBase(_object*)
  6: subtype_dealloc
        at /usr/local/src/conda/python-3.10.18/Objects/typeobject.c:1460
  7: _Py_DECREF
        at /usr/local/src/conda/python-3.10.18/Include/object.h:500
  8: _Py_XDECREF
        at /usr/local/src/conda/python-3.10.18/Include/object.h:567
  9: cell_dealloc
        at /usr/local/src/conda/python-3.10.18/Objects/cellobject.c:82
  10: _Py_Dealloc
        at /usr/local/src/conda/python-3.10.18/Objects/object.c:2301
  11: _Py_DECREF
        at /usr/local/src/conda/python-3.10.18/Include/object.h:500
  12: _Py_XDECREF
        at /usr/local/src/conda/python-3.10.18/Include/object.h:567
  13: tupledealloc
        at /usr/local/src/conda/python-3.10.18/Objects/tupleobject.c:276
  14: _Py_Dealloc
        at /usr/local/src/conda/python-3.10.18/Objects/object.c:2301
  15: _Py_DECREF
        at /usr/local/src/conda/python-3.10.18/Include/object.h:500
  16: func_clear
        at /usr/local/src/conda/python-3.10.18/Objects/funcobject.c:636
  17: func_dealloc
        at /usr/local/src/conda/python-3.10.18/Objects/funcobject.c:648
  18: _Py_Dealloc
        at /usr/local/src/conda/python-3.10.18/Objects/object.c:2301
  19: _Py_DECREF
        at /usr/local/src/conda/python-3.10.18/Include/object.h:500
  20: frame_dealloc
        at /usr/local/src/conda/python-3.10.18/Objects/frameobject.c:591
  21: _Py_Dealloc
        at /usr/local/src/conda/python-3.10.18/Objects/object.c:2301
  22: _Py_DECREF
        at /usr/local/src/conda/python-3.10.18/Include/object.h:500
  23: _PyEval_Vector
        at /usr/local/src/conda/python-3.10.18/Python/ceval.c:5080
  24: _PyFunction_Vectorcall
        at /usr/local/src/conda/python-3.10.18/Objects/call.c:342
  25: do_call_core
        at /usr/local/src/conda/python-3.10.18/Python/ceval.c:5945
  26: _PyEval_EvalFrameDefault
        at /usr/local/src/conda/python-3.10.18/Python/ceval.c:4277
  27: _PyEval_EvalFrame
        at /usr/local/src/conda/python-3.10.18/Include/internal/pycore_ceval.h:46
  28: _PyEval_Vector
        at /usr/local/src/conda/python-3.10.18/Python/ceval.c:5067
  29: _PyFunction_Vectorcall
        at /usr/local/src/conda/python-3.10.18/Objects/call.c:342
  30: _PyObject_VectorcallTstate
        at /usr/local/src/conda/python-3.10.18/Include/cpython/abstract.h:114
  31: PyObject_Vectorcall
        at /usr/local/src/conda/python-3.10.18/Include/cpython/abstract.h:123
  32: call_function
        at /usr/local/src/conda/python-3.10.18/Python/ceval.c:5893
  33: _PyEval_EvalFrameDefault
        at /usr/local/src/conda/python-3.10.18/Python/ceval.c:4213
  34: _PyEval_EvalFrame
        at /usr/local/src/conda/python-3.10.18/Include/internal/pycore_ceval.h:46
  35: _PyEval_Vector
        at /usr/local/src/conda/python-3.10.18/Python/ceval.c:5067
  36: PyEval_EvalCode
        at /usr/local/src/conda/python-3.10.18/Python/ceval.c:1134
  37: builtin_exec_impl
        at /usr/local/src/conda/python-3.10.18/Python/bltinmodule.c:1058
  38: builtin_exec
        at /usr/local/src/conda/python-3.10.18/Python/clinic/bltinmodule.c.h:371
  39: cfunction_vectorcall_FASTCALL
        at /usr/local/src/conda/python-3.10.18/Objects/methodobject.c:430
  40: _PyObject_VectorcallTstate
        at /usr/local/src/conda/python-3.10.18/Include/cpython/abstract.h:114
  41: PyObject_Vectorcall
        at /usr/local/src/conda/python-3.10.18/Include/cpython/abstract.h:123
  42: call_function
        at /usr/local/src/conda/python-3.10.18/Python/ceval.c:5893
  43: _PyEval_EvalFrameDefault
        at /usr/local/src/conda/python-3.10.18/Python/ceval.c:4213
  44: _PyEval_EvalFrame
        at /usr/local/src/conda/python-3.10.18/Include/internal/pycore_ceval.h:46
  45: _PyEval_Vector
        at /usr/local/src/conda/python-3.10.18/Python/ceval.c:5067
  46: _PyFunction_Vectorcall
        at /usr/local/src/conda/python-3.10.18/Objects/call.c:342
  47: _PyObject_VectorcallTstate
        at /usr/local/src/conda/python-3.10.18/Include/cpython/abstract.h:114
  48: PyObject_Vectorcall
        at /usr/local/src/conda/python-3.10.18/Include/cpython/abstract.h:123
  49: call_function
        at /usr/local/src/conda/python-3.10.18/Python/ceval.c:5893
  50: _PyEval_EvalFrameDefault
        at /usr/local/src/conda/python-3.10.18/Python/ceval.c:4213
  51: _PyEval_EvalFrame
        at /usr/local/src/conda/python-3.10.18/Include/internal/pycore_ceval.h:46
  52: _PyEval_Vector
        at /usr/local/src/conda/python-3.10.18/Python/ceval.c:5067
  53: _PyFunction_Vectorcall
        at /usr/local/src/conda/python-3.10.18/Objects/call.c:342
  54: pymain_run_module
        at /usr/local/src/conda/python-3.10.18/Modules/main.c:297
  55: pymain_run_python
        at /usr/local/src/conda/python-3.10.18/Modules/main.c:589
  56: Py_RunMain
        at /usr/local/src/conda/python-3.10.18/Modules/main.c:674
  57: Py_BytesMain
        at /usr/local/src/conda/python-3.10.18/Modules/main.c:1094
  58: __libc_start_main
        at ../csu/libc-start.c:308
  59: 0x000000000058728d
  60: 0xffffffffffffffff


*E***Eterminate called after throwing an instance of 'tvm::runtime::InternalError'
  what():  [10:28:59] /data3/qsy/complier/tlm/src/runtime/cuda/cuda_module.cc:61: CUDAError: cuModuleUnload(module_[i]) failed with error: CUDA_ERROR_MISALIGNED_ADDRESS
Stack trace:
  0: tvm::runtime::SimpleObjAllocator::Handler<tvm::runtime::CUDAModuleNode>::Deleter_(tvm::runtime::Object*)
  1: tvm::runtime::SimpleObjAllocator::Handler<tvm::runtime::LibraryModuleNode>::Deleter_(tvm::runtime::Object*)
  2: _ZN3tvm7runtime18SimpleObjAllocator7HandlerINS0_16PackedFuncS
  3: _ZN3tvm7runtime18SimpleObjAllocator7HandlerINS0_16PackedFuncSubObjIZNS0_9profiling17WrapTimeE
  4: TVMObjectFree
  5: __pyx_tp_dealloc_3tvm_4_ffi_4_cy3_4core_PackedFuncBase(_object*)
  6: subtype_dealloc
        at /usr/local/src/conda/python-3.10.18/Objects/typeobject.c:1460
  7: _Py_DECREF
        at /usr/local/src/conda/python-3.10.18/Include/object.h:500
  8: _Py_XDECREF
        at /usr/local/src/conda/python-3.10.18/Include/object.h:567
  9: cell_dealloc
        at /usr/local/src/conda/python-3.10.18/Objects/cellobject.c:82
  10: _Py_Dealloc
        at /usr/local/src/conda/python-3.10.18/Objects/object.c:2301
  11: _Py_DECREF
        at /usr/local/src/conda/python-3.10.18/Include/object.h:500
  12: _Py_XDECREF
        at /usr/local/src/conda/python-3.10.18/Include/object.h:567
  13: tupledealloc
        at /usr/local/src/conda/python-3.10.18/Objects/tupleobject.c:276
  14: _Py_Dealloc
        at /usr/local/src/conda/python-3.10.18/Objects/object.c:2301
  15: _Py_DECREF
        at /usr/local/src/conda/python-3.10.18/Include/object.h:500
  16: func_clear
        at /usr/local/src/conda/python-3.10.18/Objects/funcobject.c:636
  17: func_dealloc
        at /usr/local/src/conda/python-3.10.18/Objects/funcobject.c:648
  18: _Py_Dealloc
        at /usr/local/src/conda/python-3.10.18/Objects/object.c:2301
  19: _Py_DECREF
        at /usr/local/src/conda/python-3.10.18/Include/object.h:500
  20: frame_dealloc
        at /usr/local/src/conda/python-3.10.18/Objects/frameobject.c:591
  21: _Py_Dealloc
        at /usr/local/src/conda/python-3.10.18/Objects/object.c:2301
  22: _Py_DECREF
        at /usr/local/src/conda/python-3.10.18/Include/object.h:500
  23: _PyEval_Vector
        at /usr/local/src/conda/python-3.10.18/Python/ceval.c:5080
  24: _PyFunction_Vectorcall
        at /usr/local/src/conda/python-3.10.18/Objects/call.c:342
  25: do_call_core
        at /usr/local/src/conda/python-3.10.18/Python/ceval.c:5945
  26: _PyEval_EvalFrameDefault
        at /usr/local/src/conda/python-3.10.18/Python/ceval.c:4277
  27: _PyEval_EvalFrame
        at /usr/local/src/conda/python-3.10.18/Include/internal/pycore_ceval.h:46
  28: _PyEval_Vector
        at /usr/local/src/conda/python-3.10.18/Python/ceval.c:5067
  29: _PyFunction_Vectorcall
        at /usr/local/src/conda/python-3.10.18/Objects/call.c:342
  30: _PyObject_VectorcallTstate
        at /usr/local/src/conda/python-3.10.18/Include/cpython/abstract.h:114
  31: PyObject_Vectorcall
        at /usr/local/src/conda/python-3.10.18/Include/cpython/abstract.h:123
  32: call_function
        at /usr/local/src/conda/python-3.10.18/Python/ceval.c:5893
  33: _PyEval_EvalFrameDefault
        at /usr/local/src/conda/python-3.10.18/Python/ceval.c:4213
  34: _PyEval_EvalFrame
        at /usr/local/src/conda/python-3.10.18/Include/internal/pycore_ceval.h:46
  35: _PyEval_Vector
        at /usr/local/src/conda/python-3.10.18/Python/ceval.c:5067
  36: PyEval_EvalCode
        at /usr/local/src/conda/python-3.10.18/Python/ceval.c:1134
  37: builtin_exec_impl
        at /usr/local/src/conda/python-3.10.18/Python/bltinmodule.c:1058
  38: builtin_exec
        at /usr/local/src/conda/python-3.10.18/Python/clinic/bltinmodule.c.h:371
  39: cfunction_vectorcall_FASTCALL
        at /usr/local/src/conda/python-3.10.18/Objects/methodobject.c:430
  40: _PyObject_VectorcallTstate
        at /usr/local/src/conda/python-3.10.18/Include/cpython/abstract.h:114
  41: PyObject_Vectorcall
        at /usr/local/src/conda/python-3.10.18/Include/cpython/abstract.h:123
  42: call_function
        at /usr/local/src/conda/python-3.10.18/Python/ceval.c:5893
  43: _PyEval_EvalFrameDefault
        at /usr/local/src/conda/python-3.10.18/Python/ceval.c:4213
  44: _PyEval_EvalFrame
        at /usr/local/src/conda/python-3.10.18/Include/internal/pycore_ceval.h:46
  45: _PyEval_Vector
        at /usr/local/src/conda/python-3.10.18/Python/ceval.c:5067
  46: _PyFunction_Vectorcall
        at /usr/local/src/conda/python-3.10.18/Objects/call.c:342
  47: _PyObject_VectorcallTstate
        at /usr/local/src/conda/python-3.10.18/Include/cpython/abstract.h:114
  48: PyObject_Vectorcall
        at /usr/local/src/conda/python-3.10.18/Include/cpython/abstract.h:123
  49: call_function
        at /usr/local/src/conda/python-3.10.18/Python/ceval.c:5893
  50: _PyEval_EvalFrameDefault
        at /usr/local/src/conda/python-3.10.18/Python/ceval.c:4213
  51: _PyEval_EvalFrame
        at /usr/local/src/conda/python-3.10.18/Include/internal/pycore_ceval.h:46
  52: _PyEval_Vector
        at /usr/local/src/conda/python-3.10.18/Python/ceval.c:5067
  53: _PyFunction_Vectorcall
        at /usr/local/src/conda/python-3.10.18/Objects/call.c:342
  54: pymain_run_module
        at /usr/local/src/conda/python-3.10.18/Modules/main.c:297
  55: pymain_run_python
        at /usr/local/src/conda/python-3.10.18/Modules/main.c:589
  56: Py_RunMain
        at /usr/local/src/conda/python-3.10.18/Modules/main.c:674
  57: Py_BytesMain
        at /usr/local/src/conda/python-3.10.18/Modules/main.c:1094
  58: __libc_start_main
        at ../csu/libc-start.c:308
  59: 0x000000000058728d
  60: 0xffffffffffffffff


*E******Eterminate called after throwing an instance of 'tvm::runtime::InternalError'
  what():  [10:29:02] /data3/qsy/complier/tlm/src/runtime/cuda/cuda_module.cc:61: CUDAError: cuModuleUnload(module_[i]) failed with error: CUDA_ERROR_MISALIGNED_ADDRESS
Stack trace:
  0: tvm::runtime::SimpleObjAllocator::Handler<tvm::runtime::CUDAModuleNode>::Deleter_(tvm::runtime::Object*)
  1: tvm::runtime::SimpleObjAllocator::Handler<tvm::runtime::LibraryModuleNode>::Deleter_(tvm::runtime::Object*)
  2: _ZN3tvm7runtime18SimpleObjAllocator7HandlerINS0_16PackedFuncS
  3: _ZN3tvm7runtime18SimpleObjAllocator7HandlerINS0_16PackedFuncSubObjIZNS0_9profiling17WrapTimeE
  4: TVMObjectFree
  5: __pyx_tp_dealloc_3tvm_4_ffi_4_cy3_4core_PackedFuncBase(_object*)
  6: subtype_dealloc
        at /usr/local/src/conda/python-3.10.18/Objects/typeobject.c:1460
  7: _Py_DECREF
        at /usr/local/src/conda/python-3.10.18/Include/object.h:500
  8: _Py_XDECREF
        at /usr/local/src/conda/python-3.10.18/Include/object.h:567
  9: cell_dealloc
        at /usr/local/src/conda/python-3.10.18/Objects/cellobject.c:82
  10: _Py_Dealloc
        at /usr/local/src/conda/python-3.10.18/Objects/object.c:2301
  11: _Py_DECREF
        at /usr/local/src/conda/python-3.10.18/Include/object.h:500
  12: _Py_XDECREF
        at /usr/local/src/conda/python-3.10.18/Include/object.h:567
  13: tupledealloc
        at /usr/local/src/conda/python-3.10.18/Objects/tupleobject.c:276
  14: _Py_Dealloc
        at /usr/local/src/conda/python-3.10.18/Objects/object.c:2301
  15: _Py_DECREF
        at /usr/local/src/conda/python-3.10.18/Include/object.h:500
  16: func_clear
        at /usr/local/src/conda/python-3.10.18/Objects/funcobject.c:636
  17: func_dealloc
        at /usr/local/src/conda/python-3.10.18/Objects/funcobject.c:648
  18: _Py_Dealloc
        at /usr/local/src/conda/python-3.10.18/Objects/object.c:2301
  19: _Py_DECREF
        at /usr/local/src/conda/python-3.10.18/Include/object.h:500
  20: frame_dealloc
        at /usr/local/src/conda/python-3.10.18/Objects/frameobject.c:591
  21: _Py_Dealloc
        at /usr/local/src/conda/python-3.10.18/Objects/object.c:2301
  22: _Py_DECREF
        at /usr/local/src/conda/python-3.10.18/Include/object.h:500
  23: _PyEval_Vector
        at /usr/local/src/conda/python-3.10.18/Python/ceval.c:5080
  24: _PyFunction_Vectorcall
        at /usr/local/src/conda/python-3.10.18/Objects/call.c:342
  25: do_call_core
        at /usr/local/src/conda/python-3.10.18/Python/ceval.c:5945
  26: _PyEval_EvalFrameDefault
        at /usr/local/src/conda/python-3.10.18/Python/ceval.c:4277
  27: _PyEval_EvalFrame
        at /usr/local/src/conda/python-3.10.18/Include/internal/pycore_ceval.h:46
  28: _PyEval_Vector
        at /usr/local/src/conda/python-3.10.18/Python/ceval.c:5067
  29: _PyFunction_Vectorcall
        at /usr/local/src/conda/python-3.10.18/Objects/call.c:342
  30: _PyObject_VectorcallTstate
        at /usr/local/src/conda/python-3.10.18/Include/cpython/abstract.h:114
  31: PyObject_Vectorcall
        at /usr/local/src/conda/python-3.10.18/Include/cpython/abstract.h:123
  32: call_function
        at /usr/local/src/conda/python-3.10.18/Python/ceval.c:5893
  33: _PyEval_EvalFrameDefault
        at /usr/local/src/conda/python-3.10.18/Python/ceval.c:4213
  34: _PyEval_EvalFrame
        at /usr/local/src/conda/python-3.10.18/Include/internal/pycore_ceval.h:46
  35: _PyEval_Vector
        at /usr/local/src/conda/python-3.10.18/Python/ceval.c:5067
  36: PyEval_EvalCode
        at /usr/local/src/conda/python-3.10.18/Python/ceval.c:1134
  37: builtin_exec_impl
        at /usr/local/src/conda/python-3.10.18/Python/bltinmodule.c:1058
  38: builtin_exec
        at /usr/local/src/conda/python-3.10.18/Python/clinic/bltinmodule.c.h:371
  39: cfunction_vectorcall_FASTCALL
        at /usr/local/src/conda/python-3.10.18/Objects/methodobject.c:430
  40: _PyObject_VectorcallTstate
        at /usr/local/src/conda/python-3.10.18/Include/cpython/abstract.h:114
  41: PyObject_Vectorcall
        at /usr/local/src/conda/python-3.10.18/Include/cpython/abstract.h:123
  42: call_function
        at /usr/local/src/conda/python-3.10.18/Python/ceval.c:5893
  43: _PyEval_EvalFrameDefault
        at /usr/local/src/conda/python-3.10.18/Python/ceval.c:4213
  44: _PyEval_EvalFrame
        at /usr/local/src/conda/python-3.10.18/Include/internal/pycore_ceval.h:46
  45: _PyEval_Vector
        at /usr/local/src/conda/python-3.10.18/Python/ceval.c:5067
  46: _PyFunction_Vectorcall
        at /usr/local/src/conda/python-3.10.18/Objects/call.c:342
  47: _PyObject_VectorcallTstate
        at /usr/local/src/conda/python-3.10.18/Include/cpython/abstract.h:114
  48: PyObject_Vectorcall
        at /usr/local/src/conda/python-3.10.18/Include/cpython/abstract.h:123
  49: call_function
        at /usr/local/src/conda/python-3.10.18/Python/ceval.c:5893
  50: _PyEval_EvalFrameDefault
        at /usr/local/src/conda/python-3.10.18/Python/ceval.c:4213
  51: _PyEval_EvalFrame
        at /usr/local/src/conda/python-3.10.18/Include/internal/pycore_ceval.h:46
  52: _PyEval_Vector
        at /usr/local/src/conda/python-3.10.18/Python/ceval.c:5067
  53: _PyFunction_Vectorcall
        at /usr/local/src/conda/python-3.10.18/Objects/call.c:342
  54: pymain_run_module
        at /usr/local/src/conda/python-3.10.18/Modules/main.c:297
  55: pymain_run_python
        at /usr/local/src/conda/python-3.10.18/Modules/main.c:589
  56: Py_RunMain
        at /usr/local/src/conda/python-3.10.18/Modules/main.c:674
  57: Py_BytesMain
        at /usr/local/src/conda/python-3.10.18/Modules/main.c:1094
  58: __libc_start_main
        at ../csu/libc-start.c:308
  59: 0x000000000058728d
  60: 0xffffffffffffffff


*E************Eterminate called after throwing an instance of 'tvm::runtime::InternalError'
  what():  [10:29:06] /data3/qsy/complier/tlm/src/runtime/cuda/cuda_module.cc:61: CUDAError: cuModuleUnload(module_[i]) failed with error: CUDA_ERROR_MISALIGNED_ADDRESS
Stack trace:
  0: tvm::runtime::SimpleObjAllocator::Handler<tvm::runtime::CUDAModuleNode>::Deleter_(tvm::runtime::Object*)
  1: tvm::runtime::SimpleObjAllocator::Handler<tvm::runtime::LibraryModuleNode>::Deleter_(tvm::runtime::Object*)
  2: _ZN3tvm7runtime18SimpleObjAllocator7HandlerINS0_16PackedFuncS
  3: _ZN3tvm7runtime18SimpleObjAllocator7HandlerINS0_16PackedFuncSubObjIZNS0_9profiling17WrapTimeE
  4: TVMObjectFree
  5: __pyx_tp_dealloc_3tvm_4_ffi_4_cy3_4core_PackedFuncBase(_object*)
  6: subtype_dealloc
        at /usr/local/src/conda/python-3.10.18/Objects/typeobject.c:1460
  7: _Py_DECREF
        at /usr/local/src/conda/python-3.10.18/Include/object.h:500
  8: _Py_XDECREF
        at /usr/local/src/conda/python-3.10.18/Include/object.h:567
  9: cell_dealloc
        at /usr/local/src/conda/python-3.10.18/Objects/cellobject.c:82
  10: _Py_Dealloc
        at /usr/local/src/conda/python-3.10.18/Objects/object.c:2301
  11: _Py_DECREF
        at /usr/local/src/conda/python-3.10.18/Include/object.h:500
  12: _Py_XDECREF
        at /usr/local/src/conda/python-3.10.18/Include/object.h:567
  13: tupledealloc
        at /usr/local/src/conda/python-3.10.18/Objects/tupleobject.c:276
  14: _Py_Dealloc
        at /usr/local/src/conda/python-3.10.18/Objects/object.c:2301
  15: _Py_DECREF
        at /usr/local/src/conda/python-3.10.18/Include/object.h:500
  16: func_clear
        at /usr/local/src/conda/python-3.10.18/Objects/funcobject.c:636
  17: func_dealloc
        at /usr/local/src/conda/python-3.10.18/Objects/funcobject.c:648
  18: _Py_Dealloc
        at /usr/local/src/conda/python-3.10.18/Objects/object.c:2301
  19: _Py_DECREF
        at /usr/local/src/conda/python-3.10.18/Include/object.h:500
  20: frame_dealloc
        at /usr/local/src/conda/python-3.10.18/Objects/frameobject.c:591
  21: _Py_Dealloc
        at /usr/local/src/conda/python-3.10.18/Objects/object.c:2301
  22: _Py_DECREF
        at /usr/local/src/conda/python-3.10.18/Include/object.h:500
  23: _PyEval_Vector
        at /usr/local/src/conda/python-3.10.18/Python/ceval.c:5080
  24: _PyFunction_Vectorcall
        at /usr/local/src/conda/python-3.10.18/Objects/call.c:342
  25: do_call_core
        at /usr/local/src/conda/python-3.10.18/Python/ceval.c:5945
  26: _PyEval_EvalFrameDefault
        at /usr/local/src/conda/python-3.10.18/Python/ceval.c:4277
  27: _PyEval_EvalFrame
        at /usr/local/src/conda/python-3.10.18/Include/internal/pycore_ceval.h:46
  28: _PyEval_Vector
        at /usr/local/src/conda/python-3.10.18/Python/ceval.c:5067
  29: _PyFunction_Vectorcall
        at /usr/local/src/conda/python-3.10.18/Objects/call.c:342
  30: _PyObject_VectorcallTstate
        at /usr/local/src/conda/python-3.10.18/Include/cpython/abstract.h:114
  31: PyObject_Vectorcall
        at /usr/local/src/conda/python-3.10.18/Include/cpython/abstract.h:123
  32: call_function
        at /usr/local/src/conda/python-3.10.18/Python/ceval.c:5893
  33: _PyEval_EvalFrameDefault
        at /usr/local/src/conda/python-3.10.18/Python/ceval.c:4213
  34: _PyEval_EvalFrame
        at /usr/local/src/conda/python-3.10.18/Include/internal/pycore_ceval.h:46
  35: _PyEval_Vector
        at /usr/local/src/conda/python-3.10.18/Python/ceval.c:5067
  36: PyEval_EvalCode
        at /usr/local/src/conda/python-3.10.18/Python/ceval.c:1134
  37: builtin_exec_impl
        at /usr/local/src/conda/python-3.10.18/Python/bltinmodule.c:1058
  38: builtin_exec
        at /usr/local/src/conda/python-3.10.18/Python/clinic/bltinmodule.c.h:371
  39: cfunction_vectorcall_FASTCALL
        at /usr/local/src/conda/python-3.10.18/Objects/methodobject.c:430
  40: _PyObject_VectorcallTstate
        at /usr/local/src/conda/python-3.10.18/Include/cpython/abstract.h:114
  41: PyObject_Vectorcall
        at /usr/local/src/conda/python-3.10.18/Include/cpython/abstract.h:123
  42: call_function
        at /usr/local/src/conda/python-3.10.18/Python/ceval.c:5893
  43: _PyEval_EvalFrameDefault
        at /usr/local/src/conda/python-3.10.18/Python/ceval.c:4213
  44: _PyEval_EvalFrame
        at /usr/local/src/conda/python-3.10.18/Include/internal/pycore_ceval.h:46
  45: _PyEval_Vector
        at /usr/local/src/conda/python-3.10.18/Python/ceval.c:5067
  46: _PyFunction_Vectorcall
        at /usr/local/src/conda/python-3.10.18/Objects/call.c:342
  47: _PyObject_VectorcallTstate
        at /usr/local/src/conda/python-3.10.18/Include/cpython/abstract.h:114
  48: PyObject_Vectorcall
        at /usr/local/src/conda/python-3.10.18/Include/cpython/abstract.h:123
  49: call_function
        at /usr/local/src/conda/python-3.10.18/Python/ceval.c:5893
  50: _PyEval_EvalFrameDefault
        at /usr/local/src/conda/python-3.10.18/Python/ceval.c:4213
  51: _PyEval_EvalFrame
        at /usr/local/src/conda/python-3.10.18/Include/internal/pycore_ceval.h:46
  52: _PyEval_Vector
        at /usr/local/src/conda/python-3.10.18/Python/ceval.c:5067
  53: _PyFunction_Vectorcall
        at /usr/local/src/conda/python-3.10.18/Objects/call.c:342
  54: pymain_run_module
        at /usr/local/src/conda/python-3.10.18/Modules/main.c:297
  55: pymain_run_python
        at /usr/local/src/conda/python-3.10.18/Modules/main.c:589
  56: Py_RunMain
        at /usr/local/src/conda/python-3.10.18/Modules/main.c:674
  57: Py_BytesMain
        at /usr/local/src/conda/python-3.10.18/Modules/main.c:1094
  58: __libc_start_main
        at ../csu/libc-start.c:308
  59: 0x000000000058728d
  60: 0xffffffffffffffff


*E****Eterminate called after throwing an instance of 'tvm::runtime::InternalError'
  what():  [10:29:09] /data3/qsy/complier/tlm/src/runtime/cuda/cuda_module.cc:61: CUDAError: cuModuleUnload(module_[i]) failed with error: CUDA_ERROR_MISALIGNED_ADDRESS
Stack trace:
  0: tvm::runtime::SimpleObjAllocator::Handler<tvm::runtime::CUDAModuleNode>::Deleter_(tvm::runtime::Object*)
  1: tvm::runtime::SimpleObjAllocator::Handler<tvm::runtime::LibraryModuleNode>::Deleter_(tvm::runtime::Object*)
  2: _ZN3tvm7runtime18SimpleObjAllocator7HandlerINS0_16PackedFuncS
  3: _ZN3tvm7runtime18SimpleObjAllocator7HandlerINS0_16PackedFuncSubObjIZNS0_9profiling17WrapTimeE
  4: TVMObjectFree
  5: __pyx_tp_dealloc_3tvm_4_ffi_4_cy3_4core_PackedFuncBase(_object*)
  6: subtype_dealloc
        at /usr/local/src/conda/python-3.10.18/Objects/typeobject.c:1460
  7: _Py_DECREF
        at /usr/local/src/conda/python-3.10.18/Include/object.h:500
  8: _Py_XDECREF
        at /usr/local/src/conda/python-3.10.18/Include/object.h:567
  9: cell_dealloc
        at /usr/local/src/conda/python-3.10.18/Objects/cellobject.c:82
  10: _Py_Dealloc
        at /usr/local/src/conda/python-3.10.18/Objects/object.c:2301
  11: _Py_DECREF
        at /usr/local/src/conda/python-3.10.18/Include/object.h:500
  12: _Py_XDECREF
        at /usr/local/src/conda/python-3.10.18/Include/object.h:567
  13: tupledealloc
        at /usr/local/src/conda/python-3.10.18/Objects/tupleobject.c:276
  14: _Py_Dealloc
        at /usr/local/src/conda/python-3.10.18/Objects/object.c:2301
  15: _Py_DECREF
        at /usr/local/src/conda/python-3.10.18/Include/object.h:500
  16: func_clear
        at /usr/local/src/conda/python-3.10.18/Objects/funcobject.c:636
  17: func_dealloc
        at /usr/local/src/conda/python-3.10.18/Objects/funcobject.c:648
  18: _Py_Dealloc
        at /usr/local/src/conda/python-3.10.18/Objects/object.c:2301
  19: _Py_DECREF
        at /usr/local/src/conda/python-3.10.18/Include/object.h:500
  20: frame_dealloc
        at /usr/local/src/conda/python-3.10.18/Objects/frameobject.c:591
  21: _Py_Dealloc
        at /usr/local/src/conda/python-3.10.18/Objects/object.c:2301
  22: _Py_DECREF
        at /usr/local/src/conda/python-3.10.18/Include/object.h:500
  23: _PyEval_Vector
        at /usr/local/src/conda/python-3.10.18/Python/ceval.c:5080
  24: _PyFunction_Vectorcall
        at /usr/local/src/conda/python-3.10.18/Objects/call.c:342
  25: do_call_core
        at /usr/local/src/conda/python-3.10.18/Python/ceval.c:5945
  26: _PyEval_EvalFrameDefault
        at /usr/local/src/conda/python-3.10.18/Python/ceval.c:4277
  27: _PyEval_EvalFrame
        at /usr/local/src/conda/python-3.10.18/Include/internal/pycore_ceval.h:46
  28: _PyEval_Vector
        at /usr/local/src/conda/python-3.10.18/Python/ceval.c:5067
  29: _PyFunction_Vectorcall
        at /usr/local/src/conda/python-3.10.18/Objects/call.c:342
  30: _PyObject_VectorcallTstate
        at /usr/local/src/conda/python-3.10.18/Include/cpython/abstract.h:114
  31: PyObject_Vectorcall
        at /usr/local/src/conda/python-3.10.18/Include/cpython/abstract.h:123
  32: call_function
        at /usr/local/src/conda/python-3.10.18/Python/ceval.c:5893
  33: _PyEval_EvalFrameDefault
        at /usr/local/src/conda/python-3.10.18/Python/ceval.c:4213
  34: _PyEval_EvalFrame
        at /usr/local/src/conda/python-3.10.18/Include/internal/pycore_ceval.h:46
  35: _PyEval_Vector
        at /usr/local/src/conda/python-3.10.18/Python/ceval.c:5067
  36: PyEval_EvalCode
        at /usr/local/src/conda/python-3.10.18/Python/ceval.c:1134
  37: builtin_exec_impl
        at /usr/local/src/conda/python-3.10.18/Python/bltinmodule.c:1058
  38: builtin_exec
        at /usr/local/src/conda/python-3.10.18/Python/clinic/bltinmodule.c.h:371
  39: cfunction_vectorcall_FASTCALL
        at /usr/local/src/conda/python-3.10.18/Objects/methodobject.c:430
  40: _PyObject_VectorcallTstate
        at /usr/local/src/conda/python-3.10.18/Include/cpython/abstract.h:114
  41: PyObject_Vectorcall
        at /usr/local/src/conda/python-3.10.18/Include/cpython/abstract.h:123
  42: call_function
        at /usr/local/src/conda/python-3.10.18/Python/ceval.c:5893
  43: _PyEval_EvalFrameDefault
        at /usr/local/src/conda/python-3.10.18/Python/ceval.c:4213
  44: _PyEval_EvalFrame
        at /usr/local/src/conda/python-3.10.18/Include/internal/pycore_ceval.h:46
  45: _PyEval_Vector
        at /usr/local/src/conda/python-3.10.18/Python/ceval.c:5067
  46: _PyFunction_Vectorcall
        at /usr/local/src/conda/python-3.10.18/Objects/call.c:342
  47: _PyObject_VectorcallTstate
        at /usr/local/src/conda/python-3.10.18/Include/cpython/abstract.h:114
  48: PyObject_Vectorcall
        at /usr/local/src/conda/python-3.10.18/Include/cpython/abstract.h:123
  49: call_function
        at /usr/local/src/conda/python-3.10.18/Python/ceval.c:5893
  50: _PyEval_EvalFrameDefault
        at /usr/local/src/conda/python-3.10.18/Python/ceval.c:4213
  51: _PyEval_EvalFrame
        at /usr/local/src/conda/python-3.10.18/Include/internal/pycore_ceval.h:46
  52: _PyEval_Vector
        at /usr/local/src/conda/python-3.10.18/Python/ceval.c:5067
  53: _PyFunction_Vectorcall
        at /usr/local/src/conda/python-3.10.18/Objects/call.c:342
  54: pymain_run_module
        at /usr/local/src/conda/python-3.10.18/Modules/main.c:297
  55: pymain_run_python
        at /usr/local/src/conda/python-3.10.18/Modules/main.c:589
  56: Py_RunMain
        at /usr/local/src/conda/python-3.10.18/Modules/main.c:674
  57: Py_BytesMain
        at /usr/local/src/conda/python-3.10.18/Modules/main.c:1094
  58: __libc_start_main
        at ../csu/libc-start.c:308
  59: 0x000000000058728d
  60: 0xffffffffffffffff


*E*********Eterminate called after throwing an instance of 'tvm::runtime::InternalError'
  what():  [10:29:13] /data3/qsy/complier/tlm/src/runtime/cuda/cuda_module.cc:61: CUDAError: cuModuleUnload(module_[i]) failed with error: CUDA_ERROR_MISALIGNED_ADDRESS
Stack trace:
  0: tvm::runtime::SimpleObjAllocator::Handler<tvm::runtime::CUDAModuleNode>::Deleter_(tvm::runtime::Object*)
  1: tvm::runtime::SimpleObjAllocator::Handler<tvm::runtime::LibraryModuleNode>::Deleter_(tvm::runtime::Object*)
  2: _ZN3tvm7runtime18SimpleObjAllocator7HandlerINS0_16PackedFuncS
  3: _ZN3tvm7runtime18SimpleObjAllocator7HandlerINS0_16PackedFuncSubObjIZNS0_9profiling17WrapTimeE
  4: TVMObjectFree
  5: __pyx_tp_dealloc_3tvm_4_ffi_4_cy3_4core_PackedFuncBase(_object*)
  6: subtype_dealloc
        at /usr/local/src/conda/python-3.10.18/Objects/typeobject.c:1460
  7: _Py_DECREF
        at /usr/local/src/conda/python-3.10.18/Include/object.h:500
  8: _Py_XDECREF
        at /usr/local/src/conda/python-3.10.18/Include/object.h:567
  9: cell_dealloc
        at /usr/local/src/conda/python-3.10.18/Objects/cellobject.c:82
  10: _Py_Dealloc
        at /usr/local/src/conda/python-3.10.18/Objects/object.c:2301
  11: _Py_DECREF
        at /usr/local/src/conda/python-3.10.18/Include/object.h:500
  12: _Py_XDECREF
        at /usr/local/src/conda/python-3.10.18/Include/object.h:567
  13: tupledealloc
        at /usr/local/src/conda/python-3.10.18/Objects/tupleobject.c:276
  14: _Py_Dealloc
        at /usr/local/src/conda/python-3.10.18/Objects/object.c:2301
  15: _Py_DECREF
        at /usr/local/src/conda/python-3.10.18/Include/object.h:500
  16: func_clear
        at /usr/local/src/conda/python-3.10.18/Objects/funcobject.c:636
  17: func_dealloc
        at /usr/local/src/conda/python-3.10.18/Objects/funcobject.c:648
  18: _Py_Dealloc
        at /usr/local/src/conda/python-3.10.18/Objects/object.c:2301
  19: _Py_DECREF
        at /usr/local/src/conda/python-3.10.18/Include/object.h:500
  20: frame_dealloc
        at /usr/local/src/conda/python-3.10.18/Objects/frameobject.c:591
  21: _Py_Dealloc
        at /usr/local/src/conda/python-3.10.18/Objects/object.c:2301
  22: _Py_DECREF
        at /usr/local/src/conda/python-3.10.18/Include/object.h:500
  23: _PyEval_Vector
        at /usr/local/src/conda/python-3.10.18/Python/ceval.c:5080
  24: _PyFunction_Vectorcall
        at /usr/local/src/conda/python-3.10.18/Objects/call.c:342
  25: do_call_core
        at /usr/local/src/conda/python-3.10.18/Python/ceval.c:5945
  26: _PyEval_EvalFrameDefault
        at /usr/local/src/conda/python-3.10.18/Python/ceval.c:4277
  27: _PyEval_EvalFrame
        at /usr/local/src/conda/python-3.10.18/Include/internal/pycore_ceval.h:46
  28: _PyEval_Vector
        at /usr/local/src/conda/python-3.10.18/Python/ceval.c:5067
  29: _PyFunction_Vectorcall
        at /usr/local/src/conda/python-3.10.18/Objects/call.c:342
  30: _PyObject_VectorcallTstate
        at /usr/local/src/conda/python-3.10.18/Include/cpython/abstract.h:114
  31: PyObject_Vectorcall
        at /usr/local/src/conda/python-3.10.18/Include/cpython/abstract.h:123
  32: call_function
        at /usr/local/src/conda/python-3.10.18/Python/ceval.c:5893
  33: _PyEval_EvalFrameDefault
        at /usr/local/src/conda/python-3.10.18/Python/ceval.c:4213
  34: _PyEval_EvalFrame
        at /usr/local/src/conda/python-3.10.18/Include/internal/pycore_ceval.h:46
  35: _PyEval_Vector
        at /usr/local/src/conda/python-3.10.18/Python/ceval.c:5067
  36: PyEval_EvalCode
        at /usr/local/src/conda/python-3.10.18/Python/ceval.c:1134
  37: builtin_exec_impl
        at /usr/local/src/conda/python-3.10.18/Python/bltinmodule.c:1058
  38: builtin_exec
        at /usr/local/src/conda/python-3.10.18/Python/clinic/bltinmodule.c.h:371
  39: cfunction_vectorcall_FASTCALL
        at /usr/local/src/conda/python-3.10.18/Objects/methodobject.c:430
  40: _PyObject_VectorcallTstate
        at /usr/local/src/conda/python-3.10.18/Include/cpython/abstract.h:114
  41: PyObject_Vectorcall
        at /usr/local/src/conda/python-3.10.18/Include/cpython/abstract.h:123
  42: call_function
        at /usr/local/src/conda/python-3.10.18/Python/ceval.c:5893
  43: _PyEval_EvalFrameDefault
        at /usr/local/src/conda/python-3.10.18/Python/ceval.c:4213
  44: _PyEval_EvalFrame
        at /usr/local/src/conda/python-3.10.18/Include/internal/pycore_ceval.h:46
  45: _PyEval_Vector
        at /usr/local/src/conda/python-3.10.18/Python/ceval.c:5067
  46: _PyFunction_Vectorcall
        at /usr/local/src/conda/python-3.10.18/Objects/call.c:342
  47: _PyObject_VectorcallTstate
        at /usr/local/src/conda/python-3.10.18/Include/cpython/abstract.h:114
  48: PyObject_Vectorcall
        at /usr/local/src/conda/python-3.10.18/Include/cpython/abstract.h:123
  49: call_function
        at /usr/local/src/conda/python-3.10.18/Python/ceval.c:5893
  50: _PyEval_EvalFrameDefault
        at /usr/local/src/conda/python-3.10.18/Python/ceval.c:4213
  51: _PyEval_EvalFrame
        at /usr/local/src/conda/python-3.10.18/Include/internal/pycore_ceval.h:46
  52: _PyEval_Vector
        at /usr/local/src/conda/python-3.10.18/Python/ceval.c:5067
  53: _PyFunction_Vectorcall
        at /usr/local/src/conda/python-3.10.18/Objects/call.c:342
  54: pymain_run_module
        at /usr/local/src/conda/python-3.10.18/Modules/main.c:297
  55: pymain_run_python
        at /usr/local/src/conda/python-3.10.18/Modules/main.c:589
  56: Py_RunMain
        at /usr/local/src/conda/python-3.10.18/Modules/main.c:674
  57: Py_BytesMain
        at /usr/local/src/conda/python-3.10.18/Modules/main.c:1094
  58: __libc_start_main
        at ../csu/libc-start.c:308
  59: 0x000000000058728d
  60: 0xffffffffffffffff


*E***********
Time elapsed for measurement: 42.40 s
----------------------------------------------------------------------
------------------------------  [ Train cost model ]
----------------------------------------------------------------------
Time elapsed for training: 0.51 s
----------------------------------------------------------------------
------------------------------  [ Task Scheduler ]
----------------------------------------------------------------------
----------------------------------------------------------------------
------------------------------  [ Search ]
----------------------------------------------------------------------
Generate Sketches		#s: 1
Sample Initial Population	#s: 105	fail_ct: 3991	Time elapsed: 12.93
GA Iter: 0	Max score: 0.9965	Min score: 0.0435	#Pop: 105	#M+: 0	#M-: 0
GA Iter: 4	Max score: 1.0000	Min score: 0.9837	#Pop: 128	#M+: 1406	#M-: 0
EvolutionarySearch		#s: 128	Time elapsed: 70.82
----------------------------------------------------------------------
------------------------------  [ Measure ]
----------------------------------------------------------------------
Get 64 programs to measure:
................................................................********************Eterminate called after throwing an instance of 'tvm::runtime::InternalError'
  what():  [10:31:01] /data3/qsy/complier/tlm/src/runtime/cuda/cuda_module.cc:61: CUDAError: cuModuleUnload(module_[i]) failed with error: CUDA_ERROR_MISALIGNED_ADDRESS
Stack trace:
  0: tvm::runtime::SimpleObjAllocator::Handler<tvm::runtime::CUDAModuleNode>::Deleter_(tvm::runtime::Object*)
  1: tvm::runtime::SimpleObjAllocator::Handler<tvm::runtime::LibraryModuleNode>::Deleter_(tvm::runtime::Object*)
  2: _ZN3tvm7runtime18SimpleObjAllocator7HandlerINS0_16PackedFuncS
  3: _ZN3tvm7runtime18SimpleObjAllocator7HandlerINS0_16PackedFuncSubObjIZNS0_9profiling17WrapTimeE
  4: TVMObjectFree
  5: __pyx_tp_dealloc_3tvm_4_ffi_4_cy3_4core_PackedFuncBase(_object*)
  6: subtype_dealloc
        at /usr/local/src/conda/python-3.10.18/Objects/typeobject.c:1460
  7: _Py_DECREF
        at /usr/local/src/conda/python-3.10.18/Include/object.h:500
  8: _Py_XDECREF
        at /usr/local/src/conda/python-3.10.18/Include/object.h:567
  9: cell_dealloc
        at /usr/local/src/conda/python-3.10.18/Objects/cellobject.c:82
  10: _Py_Dealloc
        at /usr/local/src/conda/python-3.10.18/Objects/object.c:2301
  11: _Py_DECREF
        at /usr/local/src/conda/python-3.10.18/Include/object.h:500
  12: _Py_XDECREF
        at /usr/local/src/conda/python-3.10.18/Include/object.h:567
  13: tupledealloc
        at /usr/local/src/conda/python-3.10.18/Objects/tupleobject.c:276
  14: _Py_Dealloc
        at /usr/local/src/conda/python-3.10.18/Objects/object.c:2301
  15: _Py_DECREF
        at /usr/local/src/conda/python-3.10.18/Include/object.h:500
  16: func_clear
        at /usr/local/src/conda/python-3.10.18/Objects/funcobject.c:636
  17: func_dealloc
        at /usr/local/src/conda/python-3.10.18/Objects/funcobject.c:648
  18: _Py_Dealloc
        at /usr/local/src/conda/python-3.10.18/Objects/object.c:2301
  19: _Py_DECREF
        at /usr/local/src/conda/python-3.10.18/Include/object.h:500
  20: frame_dealloc
        at /usr/local/src/conda/python-3.10.18/Objects/frameobject.c:591
  21: _Py_Dealloc
        at /usr/local/src/conda/python-3.10.18/Objects/object.c:2301
  22: _Py_DECREF
        at /usr/local/src/conda/python-3.10.18/Include/object.h:500
  23: _PyEval_Vector
        at /usr/local/src/conda/python-3.10.18/Python/ceval.c:5080
  24: _PyFunction_Vectorcall
        at /usr/local/src/conda/python-3.10.18/Objects/call.c:342
  25: do_call_core
        at /usr/local/src/conda/python-3.10.18/Python/ceval.c:5945
  26: _PyEval_EvalFrameDefault
        at /usr/local/src/conda/python-3.10.18/Python/ceval.c:4277
  27: _PyEval_EvalFrame
        at /usr/local/src/conda/python-3.10.18/Include/internal/pycore_ceval.h:46
  28: _PyEval_Vector
        at /usr/local/src/conda/python-3.10.18/Python/ceval.c:5067
  29: _PyFunction_Vectorcall
        at /usr/local/src/conda/python-3.10.18/Objects/call.c:342
  30: _PyObject_VectorcallTstate
        at /usr/local/src/conda/python-3.10.18/Include/cpython/abstract.h:114
  31: PyObject_Vectorcall
        at /usr/local/src/conda/python-3.10.18/Include/cpython/abstract.h:123
  32: call_function
        at /usr/local/src/conda/python-3.10.18/Python/ceval.c:5893
  33: _PyEval_EvalFrameDefault
        at /usr/local/src/conda/python-3.10.18/Python/ceval.c:4213
  34: _PyEval_EvalFrame
        at /usr/local/src/conda/python-3.10.18/Include/internal/pycore_ceval.h:46
  35: _PyEval_Vector
        at /usr/local/src/conda/python-3.10.18/Python/ceval.c:5067
  36: PyEval_EvalCode
        at /usr/local/src/conda/python-3.10.18/Python/ceval.c:1134
  37: builtin_exec_impl
        at /usr/local/src/conda/python-3.10.18/Python/bltinmodule.c:1058
  38: builtin_exec
        at /usr/local/src/conda/python-3.10.18/Python/clinic/bltinmodule.c.h:371
  39: cfunction_vectorcall_FASTCALL
        at /usr/local/src/conda/python-3.10.18/Objects/methodobject.c:430
  40: _PyObject_VectorcallTstate
        at /usr/local/src/conda/python-3.10.18/Include/cpython/abstract.h:114
  41: PyObject_Vectorcall
        at /usr/local/src/conda/python-3.10.18/Include/cpython/abstract.h:123
  42: call_function
        at /usr/local/src/conda/python-3.10.18/Python/ceval.c:5893
  43: _PyEval_EvalFrameDefault
        at /usr/local/src/conda/python-3.10.18/Python/ceval.c:4213
  44: _PyEval_EvalFrame
        at /usr/local/src/conda/python-3.10.18/Include/internal/pycore_ceval.h:46
  45: _PyEval_Vector
        at /usr/local/src/conda/python-3.10.18/Python/ceval.c:5067
  46: _PyFunction_Vectorcall
        at /usr/local/src/conda/python-3.10.18/Objects/call.c:342
  47: _PyObject_VectorcallTstate
        at /usr/local/src/conda/python-3.10.18/Include/cpython/abstract.h:114
  48: PyObject_Vectorcall
        at /usr/local/src/conda/python-3.10.18/Include/cpython/abstract.h:123
  49: call_function
        at /usr/local/src/conda/python-3.10.18/Python/ceval.c:5893
  50: _PyEval_EvalFrameDefault
        at /usr/local/src/conda/python-3.10.18/Python/ceval.c:4213
  51: _PyEval_EvalFrame
        at /usr/local/src/conda/python-3.10.18/Include/internal/pycore_ceval.h:46
  52: _PyEval_Vector
        at /usr/local/src/conda/python-3.10.18/Python/ceval.c:5067
  53: _PyFunction_Vectorcall
        at /usr/local/src/conda/python-3.10.18/Objects/call.c:342
  54: pymain_run_module
        at /usr/local/src/conda/python-3.10.18/Modules/main.c:297
  55: pymain_run_python
        at /usr/local/src/conda/python-3.10.18/Modules/main.c:589
  56: Py_RunMain
        at /usr/local/src/conda/python-3.10.18/Modules/main.c:674
  57: Py_BytesMain
        at /usr/local/src/conda/python-3.10.18/Modules/main.c:1094
  58: __libc_start_main
        at ../csu/libc-start.c:308
  59: 0x000000000058728d
  60: 0xffffffffffffffff


|  ID  |                       Task Description                        | Latency (ms) | Speed (GFLOPS) | Trials |
-----------------------------------------------------------------------------------------------------------------
|    0 |                          vm_mod_fused_nn_conv2d_add_nn_relu_5 |        0.006 |        5038.86 |     64 |
|    1 |                                    vm_mod_fused_nn_conv2d_add |        0.012 |        8679.29 |     64 |
|    2 |                          vm_mod_fused_nn_conv2d_add_nn_relu_1 |        0.007 |        7817.23 |     64 |
|    3 |                                     vm_mod_fused_nn_dense_add |        0.013 |         304.18 |     64 |
|    4 |                                  vm_mod_fused_nn_conv2d_add_3 |            - |              - |      0 |
|    5 |                          vm_mod_fused_nn_conv2d_add_nn_relu_8 |            - |              - |      0 |
|    6 |                      vm_mod_fused_nn_conv2d_add_add_nn_relu_3 |            - |              - |      0 |
|    7 |                          vm_mod_fused_nn_conv2d_add_nn_relu_4 |            - |              - |      0 |
|    8 |                        vm_mod_fused_nn_conv2d_add_add_nn_relu |            - |              - |      0 |
|    9 |                      vm_mod_fused_nn_conv2d_add_add_nn_relu_1 |            - |              - |      0 |
|   10 |                         vm_mod_fused_nn_conv2d_add_nn_relu_14 |            - |              - |      0 |
|   11 |                                  vm_mod_fused_nn_conv2d_add_2 |            - |              - |      0 |
|   12 |                            vm_mod_fused_nn_conv2d_add_nn_relu |            - |              - |      0 |
|   13 |                          vm_mod_fused_nn_conv2d_add_nn_relu_7 |            - |              - |      0 |
|   14 |                         vm_mod_fused_nn_conv2d_add_nn_relu_10 |            - |              - |      0 |
|   15 |                         vm_mod_fused_nn_conv2d_add_nn_relu_13 |            - |              - |      0 |
|   16 |                          vm_mod_fused_nn_conv2d_add_nn_relu_3 |            - |              - |      0 |
|   17 |                         vm_mod_fused_nn_conv2d_add_nn_relu_15 |            - |              - |      0 |
|   18 |                         vm_mod_fused_nn_conv2d_add_nn_relu_11 |            - |              - |      0 |
|   19 |                                  vm_mod_fused_nn_conv2d_add_1 |            - |              - |      0 |
|   20 |                          vm_mod_fused_nn_conv2d_add_nn_relu_6 |            - |              - |      0 |
|   21 |                           vm_mod_fused_nn_adaptive_avg_pool2d |            - |              - |      0 |
|   22 |                      vm_mod_fused_nn_conv2d_add_add_nn_relu_2 |            - |              - |      0 |
|   23 |                                    vm_mod_fused_nn_max_pool2d |            - |              - |      0 |
|   24 |                          vm_mod_fused_nn_conv2d_add_nn_relu_2 |            - |              - |      0 |
|   25 |                         vm_mod_fused_nn_conv2d_add_nn_relu_12 |            - |              - |      0 |
|   26 |                          vm_mod_fused_nn_conv2d_add_nn_relu_9 |            - |              - |      0 |
-----------------------------------------------------------------------------------------------------------------
Estimated total latency: - ms	Trials: 256	Used time : 484 s	Next ID: 4	
*E***************Eterminate called after throwing an instance of 'tvm::runtime::InternalError'
  what():  [10:31:07] /data3/qsy/complier/tlm/src/runtime/cuda/cuda_module.cc:61: CUDAError: cuModuleUnload(module_[i]) failed with error: CUDA_ERROR_MISALIGNED_ADDRESS
Stack trace:
  0: tvm::runtime::SimpleObjAllocator::Handler<tvm::runtime::CUDAModuleNode>::Deleter_(tvm::runtime::Object*)
  1: tvm::runtime::SimpleObjAllocator::Handler<tvm::runtime::LibraryModuleNode>::Deleter_(tvm::runtime::Object*)
  2: _ZN3tvm7runtime18SimpleObjAllocator7HandlerINS0_16PackedFuncS
  3: _ZN3tvm7runtime18SimpleObjAllocator7HandlerINS0_16PackedFuncSubObjIZNS0_9profiling17WrapTimeE
  4: TVMObjectFree
  5: __pyx_tp_dealloc_3tvm_4_ffi_4_cy3_4core_PackedFuncBase(_object*)
  6: subtype_dealloc
        at /usr/local/src/conda/python-3.10.18/Objects/typeobject.c:1460
  7: _Py_DECREF
        at /usr/local/src/conda/python-3.10.18/Include/object.h:500
  8: _Py_XDECREF
        at /usr/local/src/conda/python-3.10.18/Include/object.h:567
  9: cell_dealloc
        at /usr/local/src/conda/python-3.10.18/Objects/cellobject.c:82
  10: _Py_Dealloc
        at /usr/local/src/conda/python-3.10.18/Objects/object.c:2301
  11: _Py_DECREF
        at /usr/local/src/conda/python-3.10.18/Include/object.h:500
  12: _Py_XDECREF
        at /usr/local/src/conda/python-3.10.18/Include/object.h:567
  13: tupledealloc
        at /usr/local/src/conda/python-3.10.18/Objects/tupleobject.c:276
  14: _Py_Dealloc
        at /usr/local/src/conda/python-3.10.18/Objects/object.c:2301
  15: _Py_DECREF
        at /usr/local/src/conda/python-3.10.18/Include/object.h:500
  16: func_clear
        at /usr/local/src/conda/python-3.10.18/Objects/funcobject.c:636
  17: func_dealloc
        at /usr/local/src/conda/python-3.10.18/Objects/funcobject.c:648
  18: _Py_Dealloc
        at /usr/local/src/conda/python-3.10.18/Objects/object.c:2301
  19: _Py_DECREF
        at /usr/local/src/conda/python-3.10.18/Include/object.h:500
  20: frame_dealloc
        at /usr/local/src/conda/python-3.10.18/Objects/frameobject.c:591
  21: _Py_Dealloc
        at /usr/local/src/conda/python-3.10.18/Objects/object.c:2301
  22: _Py_DECREF
        at /usr/local/src/conda/python-3.10.18/Include/object.h:500
  23: _PyEval_Vector
        at /usr/local/src/conda/python-3.10.18/Python/ceval.c:5080
  24: _PyFunction_Vectorcall
        at /usr/local/src/conda/python-3.10.18/Objects/call.c:342
  25: do_call_core
        at /usr/local/src/conda/python-3.10.18/Python/ceval.c:5945
  26: _PyEval_EvalFrameDefault
        at /usr/local/src/conda/python-3.10.18/Python/ceval.c:4277
  27: _PyEval_EvalFrame
        at /usr/local/src/conda/python-3.10.18/Include/internal/pycore_ceval.h:46
  28: _PyEval_Vector
        at /usr/local/src/conda/python-3.10.18/Python/ceval.c:5067
  29: _PyFunction_Vectorcall
        at /usr/local/src/conda/python-3.10.18/Objects/call.c:342
  30: _PyObject_VectorcallTstate
        at /usr/local/src/conda/python-3.10.18/Include/cpython/abstract.h:114
  31: PyObject_Vectorcall
        at /usr/local/src/conda/python-3.10.18/Include/cpython/abstract.h:123
  32: call_function
        at /usr/local/src/conda/python-3.10.18/Python/ceval.c:5893
  33: _PyEval_EvalFrameDefault
        at /usr/local/src/conda/python-3.10.18/Python/ceval.c:4213
  34: _PyEval_EvalFrame
        at /usr/local/src/conda/python-3.10.18/Include/internal/pycore_ceval.h:46
  35: _PyEval_Vector
        at /usr/local/src/conda/python-3.10.18/Python/ceval.c:5067
  36: PyEval_EvalCode
        at /usr/local/src/conda/python-3.10.18/Python/ceval.c:1134
  37: builtin_exec_impl
        at /usr/local/src/conda/python-3.10.18/Python/bltinmodule.c:1058
  38: builtin_exec
        at /usr/local/src/conda/python-3.10.18/Python/clinic/bltinmodule.c.h:371
  39: cfunction_vectorcall_FASTCALL
        at /usr/local/src/conda/python-3.10.18/Objects/methodobject.c:430
  40: _PyObject_VectorcallTstate
        at /usr/local/src/conda/python-3.10.18/Include/cpython/abstract.h:114
  41: PyObject_Vectorcall
        at /usr/local/src/conda/python-3.10.18/Include/cpython/abstract.h:123
  42: call_function
        at /usr/local/src/conda/python-3.10.18/Python/ceval.c:5893
  43: _PyEval_EvalFrameDefault
        at /usr/local/src/conda/python-3.10.18/Python/ceval.c:4213
  44: _PyEval_EvalFrame
        at /usr/local/src/conda/python-3.10.18/Include/internal/pycore_ceval.h:46
  45: _PyEval_Vector
        at /usr/local/src/conda/python-3.10.18/Python/ceval.c:5067
  46: _PyFunction_Vectorcall
        at /usr/local/src/conda/python-3.10.18/Objects/call.c:342
  47: _PyObject_VectorcallTstate
        at /usr/local/src/conda/python-3.10.18/Include/cpython/abstract.h:114
  48: PyObject_Vectorcall
        at /usr/local/src/conda/python-3.10.18/Include/cpython/abstract.h:123
  49: call_function
        at /usr/local/src/conda/python-3.10.18/Python/ceval.c:5893
  50: _PyEval_EvalFrameDefault
        at /usr/local/src/conda/python-3.10.18/Python/ceval.c:4213
  51: _PyEval_EvalFrame
        at /usr/local/src/conda/python-3.10.18/Include/internal/pycore_ceval.h:46
  52: _PyEval_Vector
        at /usr/local/src/conda/python-3.10.18/Python/ceval.c:5067
  53: _PyFunction_Vectorcall
        at /usr/local/src/conda/python-3.10.18/Objects/call.c:342
  54: pymain_run_module
        at /usr/local/src/conda/python-3.10.18/Modules/main.c:297
  55: pymain_run_python
        at /usr/local/src/conda/python-3.10.18/Modules/main.c:589
  56: Py_RunMain
        at /usr/local/src/conda/python-3.10.18/Modules/main.c:674
  57: Py_BytesMain
        at /usr/local/src/conda/python-3.10.18/Modules/main.c:1094
  58: __libc_start_main
        at ../csu/libc-start.c:308
  59: 0x000000000058728d
  60: 0xffffffffffffffff


*E********Eterminate called after throwing an instance of 'tvm::runtime::InternalError'
  what():  [10:31:10] /data3/qsy/complier/tlm/src/runtime/cuda/cuda_module.cc:61: CUDAError: cuModuleUnload(module_[i]) failed with error: CUDA_ERROR_MISALIGNED_ADDRESS
Stack trace:
  0: tvm::runtime::SimpleObjAllocator::Handler<tvm::runtime::CUDAModuleNode>::Deleter_(tvm::runtime::Object*)
  1: tvm::runtime::SimpleObjAllocator::Handler<tvm::runtime::LibraryModuleNode>::Deleter_(tvm::runtime::Object*)
  2: _ZN3tvm7runtime18SimpleObjAllocator7HandlerINS0_16PackedFuncS
  3: _ZN3tvm7runtime18SimpleObjAllocator7HandlerINS0_16PackedFuncSubObjIZNS0_9profiling17WrapTimeE
  4: TVMObjectFree
  5: __pyx_tp_dealloc_3tvm_4_ffi_4_cy3_4core_PackedFuncBase(_object*)
  6: subtype_dealloc
        at /usr/local/src/conda/python-3.10.18/Objects/typeobject.c:1460
  7: _Py_DECREF
        at /usr/local/src/conda/python-3.10.18/Include/object.h:500
  8: _Py_XDECREF
        at /usr/local/src/conda/python-3.10.18/Include/object.h:567
  9: cell_dealloc
        at /usr/local/src/conda/python-3.10.18/Objects/cellobject.c:82
  10: _Py_Dealloc
        at /usr/local/src/conda/python-3.10.18/Objects/object.c:2301
  11: _Py_DECREF
        at /usr/local/src/conda/python-3.10.18/Include/object.h:500
  12: _Py_XDECREF
        at /usr/local/src/conda/python-3.10.18/Include/object.h:567
  13: tupledealloc
        at /usr/local/src/conda/python-3.10.18/Objects/tupleobject.c:276
  14: _Py_Dealloc
        at /usr/local/src/conda/python-3.10.18/Objects/object.c:2301
  15: _Py_DECREF
        at /usr/local/src/conda/python-3.10.18/Include/object.h:500
  16: func_clear
        at /usr/local/src/conda/python-3.10.18/Objects/funcobject.c:636
  17: func_dealloc
        at /usr/local/src/conda/python-3.10.18/Objects/funcobject.c:648
  18: _Py_Dealloc
        at /usr/local/src/conda/python-3.10.18/Objects/object.c:2301
  19: _Py_DECREF
        at /usr/local/src/conda/python-3.10.18/Include/object.h:500
  20: frame_dealloc
        at /usr/local/src/conda/python-3.10.18/Objects/frameobject.c:591
  21: _Py_Dealloc
        at /usr/local/src/conda/python-3.10.18/Objects/object.c:2301
  22: _Py_DECREF
        at /usr/local/src/conda/python-3.10.18/Include/object.h:500
  23: _PyEval_Vector
        at /usr/local/src/conda/python-3.10.18/Python/ceval.c:5080
  24: _PyFunction_Vectorcall
        at /usr/local/src/conda/python-3.10.18/Objects/call.c:342
  25: do_call_core
        at /usr/local/src/conda/python-3.10.18/Python/ceval.c:5945
  26: _PyEval_EvalFrameDefault
        at /usr/local/src/conda/python-3.10.18/Python/ceval.c:4277
  27: _PyEval_EvalFrame
        at /usr/local/src/conda/python-3.10.18/Include/internal/pycore_ceval.h:46
  28: _PyEval_Vector
        at /usr/local/src/conda/python-3.10.18/Python/ceval.c:5067
  29: _PyFunction_Vectorcall
        at /usr/local/src/conda/python-3.10.18/Objects/call.c:342
  30: _PyObject_VectorcallTstate
        at /usr/local/src/conda/python-3.10.18/Include/cpython/abstract.h:114
  31: PyObject_Vectorcall
        at /usr/local/src/conda/python-3.10.18/Include/cpython/abstract.h:123
  32: call_function
        at /usr/local/src/conda/python-3.10.18/Python/ceval.c:5893
  33: _PyEval_EvalFrameDefault
        at /usr/local/src/conda/python-3.10.18/Python/ceval.c:4213
  34: _PyEval_EvalFrame
        at /usr/local/src/conda/python-3.10.18/Include/internal/pycore_ceval.h:46
  35: _PyEval_Vector
        at /usr/local/src/conda/python-3.10.18/Python/ceval.c:5067
  36: PyEval_EvalCode
        at /usr/local/src/conda/python-3.10.18/Python/ceval.c:1134
  37: builtin_exec_impl
        at /usr/local/src/conda/python-3.10.18/Python/bltinmodule.c:1058
  38: builtin_exec
        at /usr/local/src/conda/python-3.10.18/Python/clinic/bltinmodule.c.h:371
  39: cfunction_vectorcall_FASTCALL
        at /usr/local/src/conda/python-3.10.18/Objects/methodobject.c:430
  40: _PyObject_VectorcallTstate
        at /usr/local/src/conda/python-3.10.18/Include/cpython/abstract.h:114
  41: PyObject_Vectorcall
        at /usr/local/src/conda/python-3.10.18/Include/cpython/abstract.h:123
  42: call_function
        at /usr/local/src/conda/python-3.10.18/Python/ceval.c:5893
  43: _PyEval_EvalFrameDefault
        at /usr/local/src/conda/python-3.10.18/Python/ceval.c:4213
  44: _PyEval_EvalFrame
        at /usr/local/src/conda/python-3.10.18/Include/internal/pycore_ceval.h:46
  45: _PyEval_Vector
        at /usr/local/src/conda/python-3.10.18/Python/ceval.c:5067
  46: _PyFunction_Vectorcall
        at /usr/local/src/conda/python-3.10.18/Objects/call.c:342
  47: _PyObject_VectorcallTstate
        at /usr/local/src/conda/python-3.10.18/Include/cpython/abstract.h:114
  48: PyObject_Vectorcall
        at /usr/local/src/conda/python-3.10.18/Include/cpython/abstract.h:123
  49: call_function
        at /usr/local/src/conda/python-3.10.18/Python/ceval.c:5893
  50: _PyEval_EvalFrameDefault
        at /usr/local/src/conda/python-3.10.18/Python/ceval.c:4213
  51: _PyEval_EvalFrame
        at /usr/local/src/conda/python-3.10.18/Include/internal/pycore_ceval.h:46
  52: _PyEval_Vector
        at /usr/local/src/conda/python-3.10.18/Python/ceval.c:5067
  53: _PyFunction_Vectorcall
        at /usr/local/src/conda/python-3.10.18/Objects/call.c:342
  54: pymain_run_module
        at /usr/local/src/conda/python-3.10.18/Modules/main.c:297
  55: pymain_run_python
        at /usr/local/src/conda/python-3.10.18/Modules/main.c:589
  56: Py_RunMain
        at /usr/local/src/conda/python-3.10.18/Modules/main.c:674
  57: Py_BytesMain
        at /usr/local/src/conda/python-3.10.18/Modules/main.c:1094
  58: __libc_start_main
        at ../csu/libc-start.c:308
  59: 0x000000000058728d
  60: 0xffffffffffffffff


*E***Eterminate called after throwing an instance of 'tvm::runtime::InternalError'
  what():  [10:31:12] /data3/qsy/complier/tlm/src/runtime/cuda/cuda_module.cc:61: CUDAError: cuModuleUnload(module_[i]) failed with error: CUDA_ERROR_MISALIGNED_ADDRESS
Stack trace:
  0: tvm::runtime::SimpleObjAllocator::Handler<tvm::runtime::CUDAModuleNode>::Deleter_(tvm::runtime::Object*)
  1: tvm::runtime::SimpleObjAllocator::Handler<tvm::runtime::LibraryModuleNode>::Deleter_(tvm::runtime::Object*)
  2: _ZN3tvm7runtime18SimpleObjAllocator7HandlerINS0_16PackedFuncS
  3: _ZN3tvm7runtime18SimpleObjAllocator7HandlerINS0_16PackedFuncSubObjIZNS0_9profiling17WrapTimeE
  4: TVMObjectFree
  5: __pyx_tp_dealloc_3tvm_4_ffi_4_cy3_4core_PackedFuncBase(_object*)
  6: subtype_dealloc
        at /usr/local/src/conda/python-3.10.18/Objects/typeobject.c:1460
  7: _Py_DECREF
        at /usr/local/src/conda/python-3.10.18/Include/object.h:500
  8: _Py_XDECREF
        at /usr/local/src/conda/python-3.10.18/Include/object.h:567
  9: cell_dealloc
        at /usr/local/src/conda/python-3.10.18/Objects/cellobject.c:82
  10: _Py_Dealloc
        at /usr/local/src/conda/python-3.10.18/Objects/object.c:2301
  11: _Py_DECREF
        at /usr/local/src/conda/python-3.10.18/Include/object.h:500
  12: _Py_XDECREF
        at /usr/local/src/conda/python-3.10.18/Include/object.h:567
  13: tupledealloc
        at /usr/local/src/conda/python-3.10.18/Objects/tupleobject.c:276
  14: _Py_Dealloc
        at /usr/local/src/conda/python-3.10.18/Objects/object.c:2301
  15: _Py_DECREF
        at /usr/local/src/conda/python-3.10.18/Include/object.h:500
  16: func_clear
        at /usr/local/src/conda/python-3.10.18/Objects/funcobject.c:636
  17: func_dealloc
        at /usr/local/src/conda/python-3.10.18/Objects/funcobject.c:648
  18: _Py_Dealloc
        at /usr/local/src/conda/python-3.10.18/Objects/object.c:2301
  19: _Py_DECREF
        at /usr/local/src/conda/python-3.10.18/Include/object.h:500
  20: frame_dealloc
        at /usr/local/src/conda/python-3.10.18/Objects/frameobject.c:591
  21: _Py_Dealloc
        at /usr/local/src/conda/python-3.10.18/Objects/object.c:2301
  22: _Py_DECREF
        at /usr/local/src/conda/python-3.10.18/Include/object.h:500
  23: _PyEval_Vector
        at /usr/local/src/conda/python-3.10.18/Python/ceval.c:5080
  24: _PyFunction_Vectorcall
        at /usr/local/src/conda/python-3.10.18/Objects/call.c:342
  25: do_call_core
        at /usr/local/src/conda/python-3.10.18/Python/ceval.c:5945
  26: _PyEval_EvalFrameDefault
        at /usr/local/src/conda/python-3.10.18/Python/ceval.c:4277
  27: _PyEval_EvalFrame
        at /usr/local/src/conda/python-3.10.18/Include/internal/pycore_ceval.h:46
  28: _PyEval_Vector
        at /usr/local/src/conda/python-3.10.18/Python/ceval.c:5067
  29: _PyFunction_Vectorcall
        at /usr/local/src/conda/python-3.10.18/Objects/call.c:342
  30: _PyObject_VectorcallTstate
        at /usr/local/src/conda/python-3.10.18/Include/cpython/abstract.h:114
  31: PyObject_Vectorcall
        at /usr/local/src/conda/python-3.10.18/Include/cpython/abstract.h:123
  32: call_function
        at /usr/local/src/conda/python-3.10.18/Python/ceval.c:5893
  33: _PyEval_EvalFrameDefault
        at /usr/local/src/conda/python-3.10.18/Python/ceval.c:4213
  34: _PyEval_EvalFrame
        at /usr/local/src/conda/python-3.10.18/Include/internal/pycore_ceval.h:46
  35: _PyEval_Vector
        at /usr/local/src/conda/python-3.10.18/Python/ceval.c:5067
  36: PyEval_EvalCode
        at /usr/local/src/conda/python-3.10.18/Python/ceval.c:1134
  37: builtin_exec_impl
        at /usr/local/src/conda/python-3.10.18/Python/bltinmodule.c:1058
  38: builtin_exec
        at /usr/local/src/conda/python-3.10.18/Python/clinic/bltinmodule.c.h:371
  39: cfunction_vectorcall_FASTCALL
        at /usr/local/src/conda/python-3.10.18/Objects/methodobject.c:430
  40: _PyObject_VectorcallTstate
        at /usr/local/src/conda/python-3.10.18/Include/cpython/abstract.h:114
  41: PyObject_Vectorcall
        at /usr/local/src/conda/python-3.10.18/Include/cpython/abstract.h:123
  42: call_function
        at /usr/local/src/conda/python-3.10.18/Python/ceval.c:5893
  43: _PyEval_EvalFrameDefault
        at /usr/local/src/conda/python-3.10.18/Python/ceval.c:4213
  44: _PyEval_EvalFrame
        at /usr/local/src/conda/python-3.10.18/Include/internal/pycore_ceval.h:46
  45: _PyEval_Vector
        at /usr/local/src/conda/python-3.10.18/Python/ceval.c:5067
  46: _PyFunction_Vectorcall
        at /usr/local/src/conda/python-3.10.18/Objects/call.c:342
  47: _PyObject_VectorcallTstate
        at /usr/local/src/conda/python-3.10.18/Include/cpython/abstract.h:114
  48: PyObject_Vectorcall
        at /usr/local/src/conda/python-3.10.18/Include/cpython/abstract.h:123
  49: call_function
        at /usr/local/src/conda/python-3.10.18/Python/ceval.c:5893
  50: _PyEval_EvalFrameDefault
        at /usr/local/src/conda/python-3.10.18/Python/ceval.c:4213
  51: _PyEval_EvalFrame
        at /usr/local/src/conda/python-3.10.18/Include/internal/pycore_ceval.h:46
  52: _PyEval_Vector
        at /usr/local/src/conda/python-3.10.18/Python/ceval.c:5067
  53: _PyFunction_Vectorcall
        at /usr/local/src/conda/python-3.10.18/Objects/call.c:342
  54: pymain_run_module
        at /usr/local/src/conda/python-3.10.18/Modules/main.c:297
  55: pymain_run_python
        at /usr/local/src/conda/python-3.10.18/Modules/main.c:589
  56: Py_RunMain
        at /usr/local/src/conda/python-3.10.18/Modules/main.c:674
  57: Py_BytesMain
        at /usr/local/src/conda/python-3.10.18/Modules/main.c:1094
  58: __libc_start_main
        at ../csu/libc-start.c:308
  59: 0x000000000058728d
  60: 0xffffffffffffffff


*E***Eterminate called after throwing an instance of 'tvm::runtime::InternalError'
  what():  [10:31:14] /data3/qsy/complier/tlm/src/runtime/cuda/cuda_module.cc:61: CUDAError: cuModuleUnload(module_[i]) failed with error: CUDA_ERROR_MISALIGNED_ADDRESS
Stack trace:
  0: tvm::runtime::SimpleObjAllocator::Handler<tvm::runtime::CUDAModuleNode>::Deleter_(tvm::runtime::Object*)
  1: tvm::runtime::SimpleObjAllocator::Handler<tvm::runtime::LibraryModuleNode>::Deleter_(tvm::runtime::Object*)
  2: _ZN3tvm7runtime18SimpleObjAllocator7HandlerINS0_16PackedFuncS
  3: _ZN3tvm7runtime18SimpleObjAllocator7HandlerINS0_16PackedFuncSubObjIZNS0_9profiling17WrapTimeE
  4: TVMObjectFree
  5: __pyx_tp_dealloc_3tvm_4_ffi_4_cy3_4core_PackedFuncBase(_object*)
  6: subtype_dealloc
        at /usr/local/src/conda/python-3.10.18/Objects/typeobject.c:1460
  7: _Py_DECREF
        at /usr/local/src/conda/python-3.10.18/Include/object.h:500
  8: _Py_XDECREF
        at /usr/local/src/conda/python-3.10.18/Include/object.h:567
  9: cell_dealloc
        at /usr/local/src/conda/python-3.10.18/Objects/cellobject.c:82
  10: _Py_Dealloc
        at /usr/local/src/conda/python-3.10.18/Objects/object.c:2301
  11: _Py_DECREF
        at /usr/local/src/conda/python-3.10.18/Include/object.h:500
  12: _Py_XDECREF
        at /usr/local/src/conda/python-3.10.18/Include/object.h:567
  13: tupledealloc
        at /usr/local/src/conda/python-3.10.18/Objects/tupleobject.c:276
  14: _Py_Dealloc
        at /usr/local/src/conda/python-3.10.18/Objects/object.c:2301
  15: _Py_DECREF
        at /usr/local/src/conda/python-3.10.18/Include/object.h:500
  16: func_clear
        at /usr/local/src/conda/python-3.10.18/Objects/funcobject.c:636
  17: func_dealloc
        at /usr/local/src/conda/python-3.10.18/Objects/funcobject.c:648
  18: _Py_Dealloc
        at /usr/local/src/conda/python-3.10.18/Objects/object.c:2301
  19: _Py_DECREF
        at /usr/local/src/conda/python-3.10.18/Include/object.h:500
  20: frame_dealloc
        at /usr/local/src/conda/python-3.10.18/Objects/frameobject.c:591
  21: _Py_Dealloc
        at /usr/local/src/conda/python-3.10.18/Objects/object.c:2301
  22: _Py_DECREF
        at /usr/local/src/conda/python-3.10.18/Include/object.h:500
  23: _PyEval_Vector
        at /usr/local/src/conda/python-3.10.18/Python/ceval.c:5080
  24: _PyFunction_Vectorcall
        at /usr/local/src/conda/python-3.10.18/Objects/call.c:342
  25: do_call_core
        at /usr/local/src/conda/python-3.10.18/Python/ceval.c:5945
  26: _PyEval_EvalFrameDefault
        at /usr/local/src/conda/python-3.10.18/Python/ceval.c:4277
  27: _PyEval_EvalFrame
        at /usr/local/src/conda/python-3.10.18/Include/internal/pycore_ceval.h:46
  28: _PyEval_Vector
        at /usr/local/src/conda/python-3.10.18/Python/ceval.c:5067
  29: _PyFunction_Vectorcall
        at /usr/local/src/conda/python-3.10.18/Objects/call.c:342
  30: _PyObject_VectorcallTstate
        at /usr/local/src/conda/python-3.10.18/Include/cpython/abstract.h:114
  31: PyObject_Vectorcall
        at /usr/local/src/conda/python-3.10.18/Include/cpython/abstract.h:123
  32: call_function
        at /usr/local/src/conda/python-3.10.18/Python/ceval.c:5893
  33: _PyEval_EvalFrameDefault
        at /usr/local/src/conda/python-3.10.18/Python/ceval.c:4213
  34: _PyEval_EvalFrame
        at /usr/local/src/conda/python-3.10.18/Include/internal/pycore_ceval.h:46
  35: _PyEval_Vector
        at /usr/local/src/conda/python-3.10.18/Python/ceval.c:5067
  36: PyEval_EvalCode
        at /usr/local/src/conda/python-3.10.18/Python/ceval.c:1134
  37: builtin_exec_impl
        at /usr/local/src/conda/python-3.10.18/Python/bltinmodule.c:1058
  38: builtin_exec
        at /usr/local/src/conda/python-3.10.18/Python/clinic/bltinmodule.c.h:371
  39: cfunction_vectorcall_FASTCALL
        at /usr/local/src/conda/python-3.10.18/Objects/methodobject.c:430
  40: _PyObject_VectorcallTstate
        at /usr/local/src/conda/python-3.10.18/Include/cpython/abstract.h:114
  41: PyObject_Vectorcall
        at /usr/local/src/conda/python-3.10.18/Include/cpython/abstract.h:123
  42: call_function
        at /usr/local/src/conda/python-3.10.18/Python/ceval.c:5893
  43: _PyEval_EvalFrameDefault
        at /usr/local/src/conda/python-3.10.18/Python/ceval.c:4213
  44: _PyEval_EvalFrame
        at /usr/local/src/conda/python-3.10.18/Include/internal/pycore_ceval.h:46
  45: _PyEval_Vector
        at /usr/local/src/conda/python-3.10.18/Python/ceval.c:5067
  46: _PyFunction_Vectorcall
        at /usr/local/src/conda/python-3.10.18/Objects/call.c:342
  47: _PyObject_VectorcallTstate
        at /usr/local/src/conda/python-3.10.18/Include/cpython/abstract.h:114
  48: PyObject_Vectorcall
        at /usr/local/src/conda/python-3.10.18/Include/cpython/abstract.h:123
  49: call_function
        at /usr/local/src/conda/python-3.10.18/Python/ceval.c:5893
  50: _PyEval_EvalFrameDefault
        at /usr/local/src/conda/python-3.10.18/Python/ceval.c:4213
  51: _PyEval_EvalFrame
        at /usr/local/src/conda/python-3.10.18/Include/internal/pycore_ceval.h:46
  52: _PyEval_Vector
        at /usr/local/src/conda/python-3.10.18/Python/ceval.c:5067
  53: _PyFunction_Vectorcall
        at /usr/local/src/conda/python-3.10.18/Objects/call.c:342
  54: pymain_run_module
        at /usr/local/src/conda/python-3.10.18/Modules/main.c:297
  55: pymain_run_python
        at /usr/local/src/conda/python-3.10.18/Modules/main.c:589
  56: Py_RunMain
        at /usr/local/src/conda/python-3.10.18/Modules/main.c:674
  57: Py_BytesMain
        at /usr/local/src/conda/python-3.10.18/Modules/main.c:1094
  58: __libc_start_main
        at ../csu/libc-start.c:308
  59: 0x000000000058728d
  60: 0xffffffffffffffff


*E***************
Time elapsed for measurement: 38.35 s
----------------------------------------------------------------------
------------------------------  [ Train cost model ]
----------------------------------------------------------------------
Time elapsed for training: 0.95 s
----------------------------------------------------------------------
------------------------------  [ Task Scheduler ]
----------------------------------------------------------------------
----------------------------------------------------------------------
------------------------------  [ Search ]
----------------------------------------------------------------------
Generate Sketches		#s: 1
Sample Initial Population	#s: 61	fail_ct: 1987	Time elapsed: 7.04
GA Iter: 0	Max score: 0.9631	Min score: 0.0025	#Pop: 61	#M+: 0	#M-: 0
GA Iter: 4	Max score: 0.9997	Min score: 0.9808	#Pop: 128	#M+: 1386	#M-: 0
EvolutionarySearch		#s: 128	Time elapsed: 76.41
----------------------------------------------------------------------
------------------------------  [ Measure ]
----------------------------------------------------------------------
Get 64 programs to measure:
..............................................................|  ID  |                       Task Description                        | Latency (ms) | Speed (GFLOPS) | Trials |
-----------------------------------------------------------------------------------------------------------------
|    0 |                          vm_mod_fused_nn_conv2d_add_nn_relu_5 |        0.006 |        5038.86 |     64 |
|    1 |                                    vm_mod_fused_nn_conv2d_add |        0.012 |        8679.29 |     64 |
|    2 |                          vm_mod_fused_nn_conv2d_add_nn_relu_1 |        0.007 |        7817.23 |     64 |
|    3 |                                     vm_mod_fused_nn_dense_add |        0.013 |         304.18 |     64 |
|    4 |                                  vm_mod_fused_nn_conv2d_add_3 |        0.021 |        9933.93 |     64 |
|    5 |                          vm_mod_fused_nn_conv2d_add_nn_relu_8 |            - |              - |      0 |
|    6 |                      vm_mod_fused_nn_conv2d_add_add_nn_relu_3 |            - |              - |      0 |
|    7 |                          vm_mod_fused_nn_conv2d_add_nn_relu_4 |            - |              - |      0 |
|    8 |                        vm_mod_fused_nn_conv2d_add_add_nn_relu |            - |              - |      0 |
|    9 |                      vm_mod_fused_nn_conv2d_add_add_nn_relu_1 |            - |              - |      0 |
|   10 |                         vm_mod_fused_nn_conv2d_add_nn_relu_14 |            - |              - |      0 |
|   11 |                                  vm_mod_fused_nn_conv2d_add_2 |            - |              - |      0 |
|   12 |                            vm_mod_fused_nn_conv2d_add_nn_relu |            - |              - |      0 |
|   13 |                          vm_mod_fused_nn_conv2d_add_nn_relu_7 |            - |              - |      0 |
|   14 |                         vm_mod_fused_nn_conv2d_add_nn_relu_10 |            - |              - |      0 |
|   15 |                         vm_mod_fused_nn_conv2d_add_nn_relu_13 |            - |              - |      0 |
|   16 |                          vm_mod_fused_nn_conv2d_add_nn_relu_3 |            - |              - |      0 |
|   17 |                         vm_mod_fused_nn_conv2d_add_nn_relu_15 |            - |              - |      0 |
|   18 |                         vm_mod_fused_nn_conv2d_add_nn_relu_11 |            - |              - |      0 |
|   19 |                                  vm_mod_fused_nn_conv2d_add_1 |            - |              - |      0 |
|   20 |                          vm_mod_fused_nn_conv2d_add_nn_relu_6 |            - |              - |      0 |
|   21 |                           vm_mod_fused_nn_adaptive_avg_pool2d |            - |              - |      0 |
|   22 |                      vm_mod_fused_nn_conv2d_add_add_nn_relu_2 |            - |              - |      0 |
|   23 |                                    vm_mod_fused_nn_max_pool2d |            - |              - |      0 |
|   24 |                          vm_mod_fused_nn_conv2d_add_nn_relu_2 |            - |              - |      0 |
|   25 |                         vm_mod_fused_nn_conv2d_add_nn_relu_12 |            - |              - |      0 |
|   26 |                          vm_mod_fused_nn_conv2d_add_nn_relu_9 |            - |              - |      0 |
-----------------------------------------------------------------------------------------------------------------
Estimated total latency: - ms	Trials: 320	Used time : 607 s	Next ID: 5	
.T.T**************************************************************
Time elapsed for measurement: 36.65 s
----------------------------------------------------------------------
------------------------------  [ Train cost model ]
----------------------------------------------------------------------
Time elapsed for training: 0.74 s
----------------------------------------------------------------------
------------------------------  [ Task Scheduler ]
----------------------------------------------------------------------
----------------------------------------------------------------------
------------------------------  [ Search ]
----------------------------------------------------------------------
Generate Sketches		#s: 1
Sample Initial Population	#s: 83	fail_ct: 1965	Time elapsed: 6.68
GA Iter: 0	Max score: 0.9987	Min score: 0.0026	#Pop: 83	#M+: 0	#M-: 0
GA Iter: 4	Max score: 0.9999	Min score: 0.9811	#Pop: 128	#M+: 1395	#M-: 0
EvolutionarySearch		#s: 128	Time elapsed: 70.75
----------------------------------------------------------------------
------------------------------  [ Measure ]
----------------------------------------------------------------------
Get 64 programs to measure:
..............................................................|  ID  |                       Task Description                        | Latency (ms) | Speed (GFLOPS) | Trials |
-----------------------------------------------------------------------------------------------------------------
|    0 |                          vm_mod_fused_nn_conv2d_add_nn_relu_5 |        0.006 |        5038.86 |     64 |
|    1 |                                    vm_mod_fused_nn_conv2d_add |        0.012 |        8679.29 |     64 |
|    2 |                          vm_mod_fused_nn_conv2d_add_nn_relu_1 |        0.007 |        7817.23 |     64 |
|    3 |                                     vm_mod_fused_nn_dense_add |        0.013 |         304.18 |     64 |
|    4 |                                  vm_mod_fused_nn_conv2d_add_3 |        0.021 |        9933.93 |     64 |
|    5 |                          vm_mod_fused_nn_conv2d_add_nn_relu_8 |        0.027 |       15132.48 |     64 |
|    6 |                      vm_mod_fused_nn_conv2d_add_add_nn_relu_3 |            - |              - |      0 |
|    7 |                          vm_mod_fused_nn_conv2d_add_nn_relu_4 |            - |              - |      0 |
|    8 |                        vm_mod_fused_nn_conv2d_add_add_nn_relu |            - |              - |      0 |
|    9 |                      vm_mod_fused_nn_conv2d_add_add_nn_relu_1 |            - |              - |      0 |
|   10 |                         vm_mod_fused_nn_conv2d_add_nn_relu_14 |            - |              - |      0 |
|   11 |                                  vm_mod_fused_nn_conv2d_add_2 |            - |              - |      0 |
|   12 |                            vm_mod_fused_nn_conv2d_add_nn_relu |            - |              - |      0 |
|   13 |                          vm_mod_fused_nn_conv2d_add_nn_relu_7 |            - |              - |      0 |
|   14 |                         vm_mod_fused_nn_conv2d_add_nn_relu_10 |            - |              - |      0 |
|   15 |                         vm_mod_fused_nn_conv2d_add_nn_relu_13 |            - |              - |      0 |
|   16 |                          vm_mod_fused_nn_conv2d_add_nn_relu_3 |            - |              - |      0 |
|   17 |                         vm_mod_fused_nn_conv2d_add_nn_relu_15 |            - |              - |      0 |
|   18 |                         vm_mod_fused_nn_conv2d_add_nn_relu_11 |            - |              - |      0 |
|   19 |                                  vm_mod_fused_nn_conv2d_add_1 |            - |              - |      0 |
|   20 |                          vm_mod_fused_nn_conv2d_add_nn_relu_6 |            - |              - |      0 |
|   21 |                           vm_mod_fused_nn_adaptive_avg_pool2d |            - |              - |      0 |
|   22 |                      vm_mod_fused_nn_conv2d_add_add_nn_relu_2 |            - |              - |      0 |
|   23 |                                    vm_mod_fused_nn_max_pool2d |            - |              - |      0 |
|   24 |                          vm_mod_fused_nn_conv2d_add_nn_relu_2 |            - |              - |      0 |
|   25 |                         vm_mod_fused_nn_conv2d_add_nn_relu_12 |            - |              - |      0 |
|   26 |                          vm_mod_fused_nn_conv2d_add_nn_relu_9 |            - |              - |      0 |
-----------------------------------------------------------------------------------------------------------------
Estimated total latency: - ms	Trials: 384	Used time : 728 s	Next ID: 6	
.T.T*******************Eterminate called after throwing an instance of 'tvm::runtime::InternalError'
  what():  [10:35:04] /data3/qsy/complier/tlm/src/runtime/cuda/cuda_module.cc:61: CUDAError: cuModuleUnload(module_[i]) failed with error: CUDA_ERROR_MISALIGNED_ADDRESS
Stack trace:
  0: tvm::runtime::SimpleObjAllocator::Handler<tvm::runtime::CUDAModuleNode>::Deleter_(tvm::runtime::Object*)
  1: tvm::runtime::SimpleObjAllocator::Handler<tvm::runtime::LibraryModuleNode>::Deleter_(tvm::runtime::Object*)
  2: _ZN3tvm7runtime18SimpleObjAllocator7HandlerINS0_16PackedFuncS
  3: _ZN3tvm7runtime18SimpleObjAllocator7HandlerINS0_16PackedFuncSubObjIZNS0_9profiling17WrapTimeE
  4: TVMObjectFree
  5: __pyx_tp_dealloc_3tvm_4_ffi_4_cy3_4core_PackedFuncBase(_object*)
  6: subtype_dealloc
        at /usr/local/src/conda/python-3.10.18/Objects/typeobject.c:1460
  7: _Py_DECREF
        at /usr/local/src/conda/python-3.10.18/Include/object.h:500
  8: _Py_XDECREF
        at /usr/local/src/conda/python-3.10.18/Include/object.h:567
  9: cell_dealloc
        at /usr/local/src/conda/python-3.10.18/Objects/cellobject.c:82
  10: _Py_Dealloc
        at /usr/local/src/conda/python-3.10.18/Objects/object.c:2301
  11: _Py_DECREF
        at /usr/local/src/conda/python-3.10.18/Include/object.h:500
  12: _Py_XDECREF
        at /usr/local/src/conda/python-3.10.18/Include/object.h:567
  13: tupledealloc
        at /usr/local/src/conda/python-3.10.18/Objects/tupleobject.c:276
  14: _Py_Dealloc
        at /usr/local/src/conda/python-3.10.18/Objects/object.c:2301
  15: _Py_DECREF
        at /usr/local/src/conda/python-3.10.18/Include/object.h:500
  16: func_clear
        at /usr/local/src/conda/python-3.10.18/Objects/funcobject.c:636
  17: func_dealloc
        at /usr/local/src/conda/python-3.10.18/Objects/funcobject.c:648
  18: _Py_Dealloc
        at /usr/local/src/conda/python-3.10.18/Objects/object.c:2301
  19: _Py_DECREF
        at /usr/local/src/conda/python-3.10.18/Include/object.h:500
  20: frame_dealloc
        at /usr/local/src/conda/python-3.10.18/Objects/frameobject.c:591
  21: _Py_Dealloc
        at /usr/local/src/conda/python-3.10.18/Objects/object.c:2301
  22: _Py_DECREF
        at /usr/local/src/conda/python-3.10.18/Include/object.h:500
  23: _PyEval_Vector
        at /usr/local/src/conda/python-3.10.18/Python/ceval.c:5080
  24: _PyFunction_Vectorcall
        at /usr/local/src/conda/python-3.10.18/Objects/call.c:342
  25: do_call_core
        at /usr/local/src/conda/python-3.10.18/Python/ceval.c:5945
  26: _PyEval_EvalFrameDefault
        at /usr/local/src/conda/python-3.10.18/Python/ceval.c:4277
  27: _PyEval_EvalFrame
        at /usr/local/src/conda/python-3.10.18/Include/internal/pycore_ceval.h:46
  28: _PyEval_Vector
        at /usr/local/src/conda/python-3.10.18/Python/ceval.c:5067
  29: _PyFunction_Vectorcall
        at /usr/local/src/conda/python-3.10.18/Objects/call.c:342
  30: _PyObject_VectorcallTstate
        at /usr/local/src/conda/python-3.10.18/Include/cpython/abstract.h:114
  31: PyObject_Vectorcall
        at /usr/local/src/conda/python-3.10.18/Include/cpython/abstract.h:123
  32: call_function
        at /usr/local/src/conda/python-3.10.18/Python/ceval.c:5893
  33: _PyEval_EvalFrameDefault
        at /usr/local/src/conda/python-3.10.18/Python/ceval.c:4213
  34: _PyEval_EvalFrame
        at /usr/local/src/conda/python-3.10.18/Include/internal/pycore_ceval.h:46
  35: _PyEval_Vector
        at /usr/local/src/conda/python-3.10.18/Python/ceval.c:5067
  36: PyEval_EvalCode
        at /usr/local/src/conda/python-3.10.18/Python/ceval.c:1134
  37: builtin_exec_impl
        at /usr/local/src/conda/python-3.10.18/Python/bltinmodule.c:1058
  38: builtin_exec
        at /usr/local/src/conda/python-3.10.18/Python/clinic/bltinmodule.c.h:371
  39: cfunction_vectorcall_FASTCALL
        at /usr/local/src/conda/python-3.10.18/Objects/methodobject.c:430
  40: _PyObject_VectorcallTstate
        at /usr/local/src/conda/python-3.10.18/Include/cpython/abstract.h:114
  41: PyObject_Vectorcall
        at /usr/local/src/conda/python-3.10.18/Include/cpython/abstract.h:123
  42: call_function
        at /usr/local/src/conda/python-3.10.18/Python/ceval.c:5893
  43: _PyEval_EvalFrameDefault
        at /usr/local/src/conda/python-3.10.18/Python/ceval.c:4213
  44: _PyEval_EvalFrame
        at /usr/local/src/conda/python-3.10.18/Include/internal/pycore_ceval.h:46
  45: _PyEval_Vector
        at /usr/local/src/conda/python-3.10.18/Python/ceval.c:5067
  46: _PyFunction_Vectorcall
        at /usr/local/src/conda/python-3.10.18/Objects/call.c:342
  47: _PyObject_VectorcallTstate
        at /usr/local/src/conda/python-3.10.18/Include/cpython/abstract.h:114
  48: PyObject_Vectorcall
        at /usr/local/src/conda/python-3.10.18/Include/cpython/abstract.h:123
  49: call_function
        at /usr/local/src/conda/python-3.10.18/Python/ceval.c:5893
  50: _PyEval_EvalFrameDefault
        at /usr/local/src/conda/python-3.10.18/Python/ceval.c:4213
  51: _PyEval_EvalFrame
        at /usr/local/src/conda/python-3.10.18/Include/internal/pycore_ceval.h:46
  52: _PyEval_Vector
        at /usr/local/src/conda/python-3.10.18/Python/ceval.c:5067
  53: _PyFunction_Vectorcall
        at /usr/local/src/conda/python-3.10.18/Objects/call.c:342
  54: pymain_run_module
        at /usr/local/src/conda/python-3.10.18/Modules/main.c:297
  55: pymain_run_python
        at /usr/local/src/conda/python-3.10.18/Modules/main.c:589
  56: Py_RunMain
        at /usr/local/src/conda/python-3.10.18/Modules/main.c:674
  57: Py_BytesMain
        at /usr/local/src/conda/python-3.10.18/Modules/main.c:1094
  58: __libc_start_main
        at ../csu/libc-start.c:308
  59: 0x000000000058728d
  60: 0xffffffffffffffff


*E**********************Eterminate called after throwing an instance of 'tvm::runtime::InternalError'
  what():  [10:35:12] /data3/qsy/complier/tlm/src/runtime/cuda/cuda_module.cc:61: CUDAError: cuModuleUnload(module_[i]) failed with error: CUDA_ERROR_MISALIGNED_ADDRESS
Stack trace:
  0: tvm::runtime::SimpleObjAllocator::Handler<tvm::runtime::CUDAModuleNode>::Deleter_(tvm::runtime::Object*)
  1: tvm::runtime::SimpleObjAllocator::Handler<tvm::runtime::LibraryModuleNode>::Deleter_(tvm::runtime::Object*)
  2: _ZN3tvm7runtime18SimpleObjAllocator7HandlerINS0_16PackedFuncS
  3: _ZN3tvm7runtime18SimpleObjAllocator7HandlerINS0_16PackedFuncSubObjIZNS0_9profiling17WrapTimeE
  4: TVMObjectFree
  5: __pyx_tp_dealloc_3tvm_4_ffi_4_cy3_4core_PackedFuncBase(_object*)
  6: subtype_dealloc
        at /usr/local/src/conda/python-3.10.18/Objects/typeobject.c:1460
  7: _Py_DECREF
        at /usr/local/src/conda/python-3.10.18/Include/object.h:500
  8: _Py_XDECREF
        at /usr/local/src/conda/python-3.10.18/Include/object.h:567
  9: cell_dealloc
        at /usr/local/src/conda/python-3.10.18/Objects/cellobject.c:82
  10: _Py_Dealloc
        at /usr/local/src/conda/python-3.10.18/Objects/object.c:2301
  11: _Py_DECREF
        at /usr/local/src/conda/python-3.10.18/Include/object.h:500
  12: _Py_XDECREF
        at /usr/local/src/conda/python-3.10.18/Include/object.h:567
  13: tupledealloc
        at /usr/local/src/conda/python-3.10.18/Objects/tupleobject.c:276
  14: _Py_Dealloc
        at /usr/local/src/conda/python-3.10.18/Objects/object.c:2301
  15: _Py_DECREF
        at /usr/local/src/conda/python-3.10.18/Include/object.h:500
  16: func_clear
        at /usr/local/src/conda/python-3.10.18/Objects/funcobject.c:636
  17: func_dealloc
        at /usr/local/src/conda/python-3.10.18/Objects/funcobject.c:648
  18: _Py_Dealloc
        at /usr/local/src/conda/python-3.10.18/Objects/object.c:2301
  19: _Py_DECREF
        at /usr/local/src/conda/python-3.10.18/Include/object.h:500
  20: frame_dealloc
        at /usr/local/src/conda/python-3.10.18/Objects/frameobject.c:591
  21: _Py_Dealloc
        at /usr/local/src/conda/python-3.10.18/Objects/object.c:2301
  22: _Py_DECREF
        at /usr/local/src/conda/python-3.10.18/Include/object.h:500
  23: _PyEval_Vector
        at /usr/local/src/conda/python-3.10.18/Python/ceval.c:5080
  24: _PyFunction_Vectorcall
        at /usr/local/src/conda/python-3.10.18/Objects/call.c:342
  25: do_call_core
        at /usr/local/src/conda/python-3.10.18/Python/ceval.c:5945
  26: _PyEval_EvalFrameDefault
        at /usr/local/src/conda/python-3.10.18/Python/ceval.c:4277
  27: _PyEval_EvalFrame
        at /usr/local/src/conda/python-3.10.18/Include/internal/pycore_ceval.h:46
  28: _PyEval_Vector
        at /usr/local/src/conda/python-3.10.18/Python/ceval.c:5067
  29: _PyFunction_Vectorcall
        at /usr/local/src/conda/python-3.10.18/Objects/call.c:342
  30: _PyObject_VectorcallTstate
        at /usr/local/src/conda/python-3.10.18/Include/cpython/abstract.h:114
  31: PyObject_Vectorcall
        at /usr/local/src/conda/python-3.10.18/Include/cpython/abstract.h:123
  32: call_function
        at /usr/local/src/conda/python-3.10.18/Python/ceval.c:5893
  33: _PyEval_EvalFrameDefault
        at /usr/local/src/conda/python-3.10.18/Python/ceval.c:4213
  34: _PyEval_EvalFrame
        at /usr/local/src/conda/python-3.10.18/Include/internal/pycore_ceval.h:46
  35: _PyEval_Vector
        at /usr/local/src/conda/python-3.10.18/Python/ceval.c:5067
  36: PyEval_EvalCode
        at /usr/local/src/conda/python-3.10.18/Python/ceval.c:1134
  37: builtin_exec_impl
        at /usr/local/src/conda/python-3.10.18/Python/bltinmodule.c:1058
  38: builtin_exec
        at /usr/local/src/conda/python-3.10.18/Python/clinic/bltinmodule.c.h:371
  39: cfunction_vectorcall_FASTCALL
        at /usr/local/src/conda/python-3.10.18/Objects/methodobject.c:430
  40: _PyObject_VectorcallTstate
        at /usr/local/src/conda/python-3.10.18/Include/cpython/abstract.h:114
  41: PyObject_Vectorcall
        at /usr/local/src/conda/python-3.10.18/Include/cpython/abstract.h:123
  42: call_function
        at /usr/local/src/conda/python-3.10.18/Python/ceval.c:5893
  43: _PyEval_EvalFrameDefault
        at /usr/local/src/conda/python-3.10.18/Python/ceval.c:4213
  44: _PyEval_EvalFrame
        at /usr/local/src/conda/python-3.10.18/Include/internal/pycore_ceval.h:46
  45: _PyEval_Vector
        at /usr/local/src/conda/python-3.10.18/Python/ceval.c:5067
  46: _PyFunction_Vectorcall
        at /usr/local/src/conda/python-3.10.18/Objects/call.c:342
  47: _PyObject_VectorcallTstate
        at /usr/local/src/conda/python-3.10.18/Include/cpython/abstract.h:114
  48: PyObject_Vectorcall
        at /usr/local/src/conda/python-3.10.18/Include/cpython/abstract.h:123
  49: call_function
        at /usr/local/src/conda/python-3.10.18/Python/ceval.c:5893
  50: _PyEval_EvalFrameDefault
        at /usr/local/src/conda/python-3.10.18/Python/ceval.c:4213
  51: _PyEval_EvalFrame
        at /usr/local/src/conda/python-3.10.18/Include/internal/pycore_ceval.h:46
  52: _PyEval_Vector
        at /usr/local/src/conda/python-3.10.18/Python/ceval.c:5067
  53: _PyFunction_Vectorcall
        at /usr/local/src/conda/python-3.10.18/Objects/call.c:342
  54: pymain_run_module
        at /usr/local/src/conda/python-3.10.18/Modules/main.c:297
  55: pymain_run_python
        at /usr/local/src/conda/python-3.10.18/Modules/main.c:589
  56: Py_RunMain
        at /usr/local/src/conda/python-3.10.18/Modules/main.c:674
  57: Py_BytesMain
        at /usr/local/src/conda/python-3.10.18/Modules/main.c:1094
  58: __libc_start_main
        at ../csu/libc-start.c:308
  59: 0x000000000058728d
  60: 0xffffffffffffffff


*E*********************
Time elapsed for measurement: 39.78 s
----------------------------------------------------------------------
------------------------------  [ Train cost model ]
----------------------------------------------------------------------
Time elapsed for training: 0.00 s
----------------------------------------------------------------------
------------------------------  [ Task Scheduler ]
----------------------------------------------------------------------
----------------------------------------------------------------------
------------------------------  [ Search ]
----------------------------------------------------------------------
Generate Sketches		#s: 1
Sample Initial Population	#s: 92	fail_ct: 4004	Time elapsed: 14.68
GA Iter: 0	Max score: 0.9531	Min score: 0.0078	#Pop: 92	#M+: 0	#M-: 0
GA Iter: 4	Max score: 0.9997	Min score: 0.9783	#Pop: 128	#M+: 1386	#M-: 0
EvolutionarySearch		#s: 128	Time elapsed: 79.26
----------------------------------------------------------------------
------------------------------  [ Measure ]
----------------------------------------------------------------------
Get 64 programs to measure:
..............................................................|  ID  |                       Task Description                        | Latency (ms) | Speed (GFLOPS) | Trials |
-----------------------------------------------------------------------------------------------------------------
|    0 |                          vm_mod_fused_nn_conv2d_add_nn_relu_5 |        0.006 |        5038.86 |     64 |
|    1 |                                    vm_mod_fused_nn_conv2d_add |        0.012 |        8679.29 |     64 |
|    2 |                          vm_mod_fused_nn_conv2d_add_nn_relu_1 |        0.007 |        7817.23 |     64 |
|    3 |                                     vm_mod_fused_nn_dense_add |        0.013 |         304.18 |     64 |
|    4 |                                  vm_mod_fused_nn_conv2d_add_3 |        0.021 |        9933.93 |     64 |
|    5 |                          vm_mod_fused_nn_conv2d_add_nn_relu_8 |        0.027 |       15132.48 |     64 |
|    6 |                      vm_mod_fused_nn_conv2d_add_add_nn_relu_3 |        0.034 |        6116.71 |     64 |
|    7 |                          vm_mod_fused_nn_conv2d_add_nn_relu_4 |            - |              - |      0 |
|    8 |                        vm_mod_fused_nn_conv2d_add_add_nn_relu |            - |              - |      0 |
|    9 |                      vm_mod_fused_nn_conv2d_add_add_nn_relu_1 |            - |              - |      0 |
|   10 |                         vm_mod_fused_nn_conv2d_add_nn_relu_14 |            - |              - |      0 |
|   11 |                                  vm_mod_fused_nn_conv2d_add_2 |            - |              - |      0 |
|   12 |                            vm_mod_fused_nn_conv2d_add_nn_relu |            - |              - |      0 |
|   13 |                          vm_mod_fused_nn_conv2d_add_nn_relu_7 |            - |              - |      0 |
|   14 |                         vm_mod_fused_nn_conv2d_add_nn_relu_10 |            - |              - |      0 |
|   15 |                         vm_mod_fused_nn_conv2d_add_nn_relu_13 |            - |              - |      0 |
|   16 |                          vm_mod_fused_nn_conv2d_add_nn_relu_3 |            - |              - |      0 |
|   17 |                         vm_mod_fused_nn_conv2d_add_nn_relu_15 |            - |              - |      0 |
|   18 |                         vm_mod_fused_nn_conv2d_add_nn_relu_11 |            - |              - |      0 |
|   19 |                                  vm_mod_fused_nn_conv2d_add_1 |            - |              - |      0 |
|   20 |                          vm_mod_fused_nn_conv2d_add_nn_relu_6 |            - |              - |      0 |
|   21 |                           vm_mod_fused_nn_adaptive_avg_pool2d |            - |              - |      0 |
|   22 |                      vm_mod_fused_nn_conv2d_add_add_nn_relu_2 |            - |              - |      0 |
|   23 |                                    vm_mod_fused_nn_max_pool2d |            - |              - |      0 |
|   24 |                          vm_mod_fused_nn_conv2d_add_nn_relu_2 |            - |              - |      0 |
|   25 |                         vm_mod_fused_nn_conv2d_add_nn_relu_12 |            - |              - |      0 |
|   26 |                          vm_mod_fused_nn_conv2d_add_nn_relu_9 |            - |              - |      0 |
-----------------------------------------------------------------------------------------------------------------
Estimated total latency: - ms	Trials: 448	Used time : 846 s	Next ID: 7	
.T.T**************************************************************
Time elapsed for measurement: 41.29 s
----------------------------------------------------------------------
------------------------------  [ Train cost model ]
----------------------------------------------------------------------
Time elapsed for training: 1.35 s
----------------------------------------------------------------------
------------------------------  [ Task Scheduler ]
----------------------------------------------------------------------
----------------------------------------------------------------------
------------------------------  [ Search ]
----------------------------------------------------------------------
Generate Sketches		#s: 1
Sample Initial Population	#s: 66	fail_ct: 1982	Time elapsed: 7.11
GA Iter: 0	Max score: 0.9920	Min score: 0.0024	#Pop: 66	#M+: 0	#M-: 0
GA Iter: 4	Max score: 1.0000	Min score: 0.9807	#Pop: 128	#M+: 1391	#M-: 0
EvolutionarySearch		#s: 128	Time elapsed: 77.51
----------------------------------------------------------------------
------------------------------  [ Measure ]
----------------------------------------------------------------------
Get 64 programs to measure:
..............................................................|  ID  |                       Task Description                        | Latency (ms) | Speed (GFLOPS) | Trials |
-----------------------------------------------------------------------------------------------------------------
|    0 |                          vm_mod_fused_nn_conv2d_add_nn_relu_5 |        0.006 |        5038.86 |     64 |
|    1 |                                    vm_mod_fused_nn_conv2d_add |        0.012 |        8679.29 |     64 |
|    2 |                          vm_mod_fused_nn_conv2d_add_nn_relu_1 |        0.007 |        7817.23 |     64 |
|    3 |                                     vm_mod_fused_nn_dense_add |        0.013 |         304.18 |     64 |
|    4 |                                  vm_mod_fused_nn_conv2d_add_3 |        0.021 |        9933.93 |     64 |
|    5 |                          vm_mod_fused_nn_conv2d_add_nn_relu_8 |        0.027 |       15132.48 |     64 |
|    6 |                      vm_mod_fused_nn_conv2d_add_add_nn_relu_3 |        0.034 |        6116.71 |     64 |
|    7 |                          vm_mod_fused_nn_conv2d_add_nn_relu_4 |        0.020 |       21089.64 |     64 |
|    8 |                        vm_mod_fused_nn_conv2d_add_add_nn_relu |            - |              - |      0 |
|    9 |                      vm_mod_fused_nn_conv2d_add_add_nn_relu_1 |            - |              - |      0 |
|   10 |                         vm_mod_fused_nn_conv2d_add_nn_relu_14 |            - |              - |      0 |
|   11 |                                  vm_mod_fused_nn_conv2d_add_2 |            - |              - |      0 |
|   12 |                            vm_mod_fused_nn_conv2d_add_nn_relu |            - |              - |      0 |
|   13 |                          vm_mod_fused_nn_conv2d_add_nn_relu_7 |            - |              - |      0 |
|   14 |                         vm_mod_fused_nn_conv2d_add_nn_relu_10 |            - |              - |      0 |
|   15 |                         vm_mod_fused_nn_conv2d_add_nn_relu_13 |            - |              - |      0 |
|   16 |                          vm_mod_fused_nn_conv2d_add_nn_relu_3 |            - |              - |      0 |
|   17 |                         vm_mod_fused_nn_conv2d_add_nn_relu_15 |            - |              - |      0 |
|   18 |                         vm_mod_fused_nn_conv2d_add_nn_relu_11 |            - |              - |      0 |
|   19 |                                  vm_mod_fused_nn_conv2d_add_1 |            - |              - |      0 |
|   20 |                          vm_mod_fused_nn_conv2d_add_nn_relu_6 |            - |              - |      0 |
|   21 |                           vm_mod_fused_nn_adaptive_avg_pool2d |            - |              - |      0 |
|   22 |                      vm_mod_fused_nn_conv2d_add_add_nn_relu_2 |            - |              - |      0 |
|   23 |                                    vm_mod_fused_nn_max_pool2d |            - |              - |      0 |
|   24 |                          vm_mod_fused_nn_conv2d_add_nn_relu_2 |            - |              - |      0 |
|   25 |                         vm_mod_fused_nn_conv2d_add_nn_relu_12 |            - |              - |      0 |
|   26 |                          vm_mod_fused_nn_conv2d_add_nn_relu_9 |            - |              - |      0 |
-----------------------------------------------------------------------------------------------------------------
Estimated total latency: - ms	Trials: 512	Used time : 983 s	Next ID: 8	
.T.T**************************************************************
Time elapsed for measurement: 38.24 s
----------------------------------------------------------------------
------------------------------  [ Train cost model ]
----------------------------------------------------------------------
Time elapsed for training: 0.00 s
----------------------------------------------------------------------
------------------------------  [ Task Scheduler ]
----------------------------------------------------------------------
----------------------------------------------------------------------
------------------------------  [ Search ]
----------------------------------------------------------------------
Generate Sketches		#s: 1
Sample Initial Population	#s: 90	fail_ct: 1958	Time elapsed: 7.18
GA Iter: 0	Max score: 0.9844	Min score: 0.0016	#Pop: 90	#M+: 0	#M-: 0
GA Iter: 4	Max score: 1.0000	Min score: 0.9782	#Pop: 128	#M+: 1398	#M-: 0
EvolutionarySearch		#s: 128	Time elapsed: 79.26
----------------------------------------------------------------------
------------------------------  [ Measure ]
----------------------------------------------------------------------
Get 64 programs to measure:
............................................................|  ID  |                       Task Description                        | Latency (ms) | Speed (GFLOPS) | Trials |
-----------------------------------------------------------------------------------------------------------------
|    0 |                          vm_mod_fused_nn_conv2d_add_nn_relu_5 |        0.006 |        5038.86 |     64 |
|    1 |                                    vm_mod_fused_nn_conv2d_add |        0.012 |        8679.29 |     64 |
|    2 |                          vm_mod_fused_nn_conv2d_add_nn_relu_1 |        0.007 |        7817.23 |     64 |
|    3 |                                     vm_mod_fused_nn_dense_add |        0.013 |         304.18 |     64 |
|    4 |                                  vm_mod_fused_nn_conv2d_add_3 |        0.021 |        9933.93 |     64 |
|    5 |                          vm_mod_fused_nn_conv2d_add_nn_relu_8 |        0.027 |       15132.48 |     64 |
|    6 |                      vm_mod_fused_nn_conv2d_add_add_nn_relu_3 |        0.034 |        6116.71 |     64 |
|    7 |                          vm_mod_fused_nn_conv2d_add_nn_relu_4 |        0.020 |       21089.64 |     64 |
|    8 |                        vm_mod_fused_nn_conv2d_add_add_nn_relu |        0.014 |       15315.59 |     64 |
|    9 |                      vm_mod_fused_nn_conv2d_add_add_nn_relu_1 |            - |              - |      0 |
|   10 |                         vm_mod_fused_nn_conv2d_add_nn_relu_14 |            - |              - |      0 |
|   11 |                                  vm_mod_fused_nn_conv2d_add_2 |            - |              - |      0 |
|   12 |                            vm_mod_fused_nn_conv2d_add_nn_relu |            - |              - |      0 |
|   13 |                          vm_mod_fused_nn_conv2d_add_nn_relu_7 |            - |              - |      0 |
|   14 |                         vm_mod_fused_nn_conv2d_add_nn_relu_10 |            - |              - |      0 |
|   15 |                         vm_mod_fused_nn_conv2d_add_nn_relu_13 |            - |              - |      0 |
|   16 |                          vm_mod_fused_nn_conv2d_add_nn_relu_3 |            - |              - |      0 |
|   17 |                         vm_mod_fused_nn_conv2d_add_nn_relu_15 |            - |              - |      0 |
|   18 |                         vm_mod_fused_nn_conv2d_add_nn_relu_11 |            - |              - |      0 |
|   19 |                                  vm_mod_fused_nn_conv2d_add_1 |            - |              - |      0 |
|   20 |                          vm_mod_fused_nn_conv2d_add_nn_relu_6 |            - |              - |      0 |
|   21 |                           vm_mod_fused_nn_adaptive_avg_pool2d |            - |              - |      0 |
|   22 |                      vm_mod_fused_nn_conv2d_add_add_nn_relu_2 |            - |              - |      0 |
|   23 |                                    vm_mod_fused_nn_max_pool2d |            - |              - |      0 |
|   24 |                          vm_mod_fused_nn_conv2d_add_nn_relu_2 |            - |              - |      0 |
|   25 |                         vm_mod_fused_nn_conv2d_add_nn_relu_12 |            - |              - |      0 |
|   26 |                          vm_mod_fused_nn_conv2d_add_nn_relu_9 |            - |              - |      0 |
-----------------------------------------------------------------------------------------------------------------
Estimated total latency: - ms	Trials: 576	Used time : 1106 s	Next ID: 9	
.T.T.T.T************************************************************
Time elapsed for measurement: 37.25 s
----------------------------------------------------------------------
------------------------------  [ Train cost model ]
----------------------------------------------------------------------
Time elapsed for training: 6.81 s
----------------------------------------------------------------------
------------------------------  [ Task Scheduler ]
----------------------------------------------------------------------
----------------------------------------------------------------------
------------------------------  [ Search ]
----------------------------------------------------------------------
Generate Sketches		#s: 1
Sample Initial Population	#s: 70	fail_ct: 1978	Time elapsed: 6.32
GA Iter: 0	Max score: 0.9950	Min score: 0.0469	#Pop: 70	#M+: 0	#M-: 0
GA Iter: 4	Max score: 0.9998	Min score: 0.9780	#Pop: 128	#M+: 1398	#M-: 0
EvolutionarySearch		#s: 128	Time elapsed: 66.25
----------------------------------------------------------------------
------------------------------  [ Measure ]
----------------------------------------------------------------------
Get 64 programs to measure:
................................................................**********************************Eterminate called after throwing an instance of 'tvm::runtime::InternalError'
  what():  [10:43:23] /data3/qsy/complier/tlm/src/runtime/cuda/cuda_module.cc:61: CUDAError: cuModuleUnload(module_[i]) failed with error: CUDA_ERROR_MISALIGNED_ADDRESS
Stack trace:
  0: tvm::runtime::SimpleObjAllocator::Handler<tvm::runtime::CUDAModuleNode>::Deleter_(tvm::runtime::Object*)
  1: tvm::runtime::SimpleObjAllocator::Handler<tvm::runtime::LibraryModuleNode>::Deleter_(tvm::runtime::Object*)
  2: _ZN3tvm7runtime18SimpleObjAllocator7HandlerINS0_16PackedFuncS
  3: _ZN3tvm7runtime18SimpleObjAllocator7HandlerINS0_16PackedFuncSubObjIZNS0_9profiling17WrapTimeE
  4: TVMObjectFree
  5: __pyx_tp_dealloc_3tvm_4_ffi_4_cy3_4core_PackedFuncBase(_object*)
  6: subtype_dealloc
        at /usr/local/src/conda/python-3.10.18/Objects/typeobject.c:1460
  7: _Py_DECREF
        at /usr/local/src/conda/python-3.10.18/Include/object.h:500
  8: _Py_XDECREF
        at /usr/local/src/conda/python-3.10.18/Include/object.h:567
  9: cell_dealloc
        at /usr/local/src/conda/python-3.10.18/Objects/cellobject.c:82
  10: _Py_Dealloc
        at /usr/local/src/conda/python-3.10.18/Objects/object.c:2301
  11: _Py_DECREF
        at /usr/local/src/conda/python-3.10.18/Include/object.h:500
  12: _Py_XDECREF
        at /usr/local/src/conda/python-3.10.18/Include/object.h:567
  13: tupledealloc
        at /usr/local/src/conda/python-3.10.18/Objects/tupleobject.c:276
  14: _Py_Dealloc
        at /usr/local/src/conda/python-3.10.18/Objects/object.c:2301
  15: _Py_DECREF
        at /usr/local/src/conda/python-3.10.18/Include/object.h:500
  16: func_clear
        at /usr/local/src/conda/python-3.10.18/Objects/funcobject.c:636
  17: func_dealloc
        at /usr/local/src/conda/python-3.10.18/Objects/funcobject.c:648
  18: _Py_Dealloc
        at /usr/local/src/conda/python-3.10.18/Objects/object.c:2301
  19: _Py_DECREF
        at /usr/local/src/conda/python-3.10.18/Include/object.h:500
  20: frame_dealloc
        at /usr/local/src/conda/python-3.10.18/Objects/frameobject.c:591
  21: _Py_Dealloc
        at /usr/local/src/conda/python-3.10.18/Objects/object.c:2301
  22: _Py_DECREF
        at /usr/local/src/conda/python-3.10.18/Include/object.h:500
  23: _PyEval_Vector
        at /usr/local/src/conda/python-3.10.18/Python/ceval.c:5080
  24: _PyFunction_Vectorcall
        at /usr/local/src/conda/python-3.10.18/Objects/call.c:342
  25: do_call_core
        at /usr/local/src/conda/python-3.10.18/Python/ceval.c:5945
  26: _PyEval_EvalFrameDefault
        at /usr/local/src/conda/python-3.10.18/Python/ceval.c:4277
  27: _PyEval_EvalFrame
        at /usr/local/src/conda/python-3.10.18/Include/internal/pycore_ceval.h:46
  28: _PyEval_Vector
        at /usr/local/src/conda/python-3.10.18/Python/ceval.c:5067
  29: _PyFunction_Vectorcall
        at /usr/local/src/conda/python-3.10.18/Objects/call.c:342
  30: _PyObject_VectorcallTstate
        at /usr/local/src/conda/python-3.10.18/Include/cpython/abstract.h:114
  31: PyObject_Vectorcall
        at /usr/local/src/conda/python-3.10.18/Include/cpython/abstract.h:123
  32: call_function
        at /usr/local/src/conda/python-3.10.18/Python/ceval.c:5893
  33: _PyEval_EvalFrameDefault
        at /usr/local/src/conda/python-3.10.18/Python/ceval.c:4213
  34: _PyEval_EvalFrame
        at /usr/local/src/conda/python-3.10.18/Include/internal/pycore_ceval.h:46
  35: _PyEval_Vector
        at /usr/local/src/conda/python-3.10.18/Python/ceval.c:5067
  36: PyEval_EvalCode
        at /usr/local/src/conda/python-3.10.18/Python/ceval.c:1134
  37: builtin_exec_impl
        at /usr/local/src/conda/python-3.10.18/Python/bltinmodule.c:1058
  38: builtin_exec
        at /usr/local/src/conda/python-3.10.18/Python/clinic/bltinmodule.c.h:371
  39: cfunction_vectorcall_FASTCALL
        at /usr/local/src/conda/python-3.10.18/Objects/methodobject.c:430
  40: _PyObject_VectorcallTstate
        at /usr/local/src/conda/python-3.10.18/Include/cpython/abstract.h:114
  41: PyObject_Vectorcall
        at /usr/local/src/conda/python-3.10.18/Include/cpython/abstract.h:123
  42: call_function
        at /usr/local/src/conda/python-3.10.18/Python/ceval.c:5893
  43: _PyEval_EvalFrameDefault
        at /usr/local/src/conda/python-3.10.18/Python/ceval.c:4213
  44: _PyEval_EvalFrame
        at /usr/local/src/conda/python-3.10.18/Include/internal/pycore_ceval.h:46
  45: _PyEval_Vector
        at /usr/local/src/conda/python-3.10.18/Python/ceval.c:5067
  46: _PyFunction_Vectorcall
        at /usr/local/src/conda/python-3.10.18/Objects/call.c:342
  47: _PyObject_VectorcallTstate
        at /usr/local/src/conda/python-3.10.18/Include/cpython/abstract.h:114
  48: PyObject_Vectorcall
        at /usr/local/src/conda/python-3.10.18/Include/cpython/abstract.h:123
  49: call_function
        at /usr/local/src/conda/python-3.10.18/Python/ceval.c:5893
  50: _PyEval_EvalFrameDefault
        at /usr/local/src/conda/python-3.10.18/Python/ceval.c:4213
  51: _PyEval_EvalFrame
        at /usr/local/src/conda/python-3.10.18/Include/internal/pycore_ceval.h:46
  52: _PyEval_Vector
        at /usr/local/src/conda/python-3.10.18/Python/ceval.c:5067
  53: _PyFunction_Vectorcall
        at /usr/local/src/conda/python-3.10.18/Objects/call.c:342
  54: pymain_run_module
        at /usr/local/src/conda/python-3.10.18/Modules/main.c:297
  55: pymain_run_python
        at /usr/local/src/conda/python-3.10.18/Modules/main.c:589
  56: Py_RunMain
        at /usr/local/src/conda/python-3.10.18/Modules/main.c:674
  57: Py_BytesMain
        at /usr/local/src/conda/python-3.10.18/Modules/main.c:1094
  58: __libc_start_main
        at ../csu/libc-start.c:308
  59: 0x000000000058728d
  60: 0xffffffffffffffff


|  ID  |                       Task Description                        | Latency (ms) | Speed (GFLOPS) | Trials |
-----------------------------------------------------------------------------------------------------------------
|    0 |                          vm_mod_fused_nn_conv2d_add_nn_relu_5 |        0.006 |        5038.86 |     64 |
|    1 |                                    vm_mod_fused_nn_conv2d_add |        0.012 |        8679.29 |     64 |
|    2 |                          vm_mod_fused_nn_conv2d_add_nn_relu_1 |        0.007 |        7817.23 |     64 |
|    3 |                                     vm_mod_fused_nn_dense_add |        0.013 |         304.18 |     64 |
|    4 |                                  vm_mod_fused_nn_conv2d_add_3 |        0.021 |        9933.93 |     64 |
|    5 |                          vm_mod_fused_nn_conv2d_add_nn_relu_8 |        0.027 |       15132.48 |     64 |
|    6 |                      vm_mod_fused_nn_conv2d_add_add_nn_relu_3 |        0.034 |        6116.71 |     64 |
|    7 |                          vm_mod_fused_nn_conv2d_add_nn_relu_4 |        0.020 |       21089.64 |     64 |
|    8 |                        vm_mod_fused_nn_conv2d_add_add_nn_relu |        0.014 |       15315.59 |     64 |
|    9 |                      vm_mod_fused_nn_conv2d_add_add_nn_relu_1 |        0.019 |       10802.31 |     64 |
|   10 |                         vm_mod_fused_nn_conv2d_add_nn_relu_14 |            - |              - |      0 |
|   11 |                                  vm_mod_fused_nn_conv2d_add_2 |            - |              - |      0 |
|   12 |                            vm_mod_fused_nn_conv2d_add_nn_relu |            - |              - |      0 |
|   13 |                          vm_mod_fused_nn_conv2d_add_nn_relu_7 |            - |              - |      0 |
|   14 |                         vm_mod_fused_nn_conv2d_add_nn_relu_10 |            - |              - |      0 |
|   15 |                         vm_mod_fused_nn_conv2d_add_nn_relu_13 |            - |              - |      0 |
|   16 |                          vm_mod_fused_nn_conv2d_add_nn_relu_3 |            - |              - |      0 |
|   17 |                         vm_mod_fused_nn_conv2d_add_nn_relu_15 |            - |              - |      0 |
|   18 |                         vm_mod_fused_nn_conv2d_add_nn_relu_11 |            - |              - |      0 |
|   19 |                                  vm_mod_fused_nn_conv2d_add_1 |            - |              - |      0 |
|   20 |                          vm_mod_fused_nn_conv2d_add_nn_relu_6 |            - |              - |      0 |
|   21 |                           vm_mod_fused_nn_adaptive_avg_pool2d |            - |              - |      0 |
|   22 |                      vm_mod_fused_nn_conv2d_add_add_nn_relu_2 |            - |              - |      0 |
|   23 |                                    vm_mod_fused_nn_max_pool2d |            - |              - |      0 |
|   24 |                          vm_mod_fused_nn_conv2d_add_nn_relu_2 |            - |              - |      0 |
|   25 |                         vm_mod_fused_nn_conv2d_add_nn_relu_12 |            - |              - |      0 |
|   26 |                          vm_mod_fused_nn_conv2d_add_nn_relu_9 |            - |              - |      0 |
-----------------------------------------------------------------------------------------------------------------
Estimated total latency: - ms	Trials: 640	Used time : 1237 s	Next ID: 10	
*E*************************Eterminate called after throwing an instance of 'tvm::runtime::InternalError'
  what():  [10:43:33] /data3/qsy/complier/tlm/src/runtime/cuda/cuda_module.cc:61: CUDAError: cuModuleUnload(module_[i]) failed with error: CUDA_ERROR_MISALIGNED_ADDRESS
Stack trace:
  0: tvm::runtime::SimpleObjAllocator::Handler<tvm::runtime::CUDAModuleNode>::Deleter_(tvm::runtime::Object*)
  1: tvm::runtime::SimpleObjAllocator::Handler<tvm::runtime::LibraryModuleNode>::Deleter_(tvm::runtime::Object*)
  2: _ZN3tvm7runtime18SimpleObjAllocator7HandlerINS0_16PackedFuncS
  3: _ZN3tvm7runtime18SimpleObjAllocator7HandlerINS0_16PackedFuncSubObjIZNS0_9profiling17WrapTimeE
  4: TVMObjectFree
  5: __pyx_tp_dealloc_3tvm_4_ffi_4_cy3_4core_PackedFuncBase(_object*)
  6: subtype_dealloc
        at /usr/local/src/conda/python-3.10.18/Objects/typeobject.c:1460
  7: _Py_DECREF
        at /usr/local/src/conda/python-3.10.18/Include/object.h:500
  8: _Py_XDECREF
        at /usr/local/src/conda/python-3.10.18/Include/object.h:567
  9: cell_dealloc
        at /usr/local/src/conda/python-3.10.18/Objects/cellobject.c:82
  10: _Py_Dealloc
        at /usr/local/src/conda/python-3.10.18/Objects/object.c:2301
  11: _Py_DECREF
        at /usr/local/src/conda/python-3.10.18/Include/object.h:500
  12: _Py_XDECREF
        at /usr/local/src/conda/python-3.10.18/Include/object.h:567
  13: tupledealloc
        at /usr/local/src/conda/python-3.10.18/Objects/tupleobject.c:276
  14: _Py_Dealloc
        at /usr/local/src/conda/python-3.10.18/Objects/object.c:2301
  15: _Py_DECREF
        at /usr/local/src/conda/python-3.10.18/Include/object.h:500
  16: func_clear
        at /usr/local/src/conda/python-3.10.18/Objects/funcobject.c:636
  17: func_dealloc
        at /usr/local/src/conda/python-3.10.18/Objects/funcobject.c:648
  18: _Py_Dealloc
        at /usr/local/src/conda/python-3.10.18/Objects/object.c:2301
  19: _Py_DECREF
        at /usr/local/src/conda/python-3.10.18/Include/object.h:500
  20: frame_dealloc
        at /usr/local/src/conda/python-3.10.18/Objects/frameobject.c:591
  21: _Py_Dealloc
        at /usr/local/src/conda/python-3.10.18/Objects/object.c:2301
  22: _Py_DECREF
        at /usr/local/src/conda/python-3.10.18/Include/object.h:500
  23: _PyEval_Vector
        at /usr/local/src/conda/python-3.10.18/Python/ceval.c:5080
  24: _PyFunction_Vectorcall
        at /usr/local/src/conda/python-3.10.18/Objects/call.c:342
  25: do_call_core
        at /usr/local/src/conda/python-3.10.18/Python/ceval.c:5945
  26: _PyEval_EvalFrameDefault
        at /usr/local/src/conda/python-3.10.18/Python/ceval.c:4277
  27: _PyEval_EvalFrame
        at /usr/local/src/conda/python-3.10.18/Include/internal/pycore_ceval.h:46
  28: _PyEval_Vector
        at /usr/local/src/conda/python-3.10.18/Python/ceval.c:5067
  29: _PyFunction_Vectorcall
        at /usr/local/src/conda/python-3.10.18/Objects/call.c:342
  30: _PyObject_VectorcallTstate
        at /usr/local/src/conda/python-3.10.18/Include/cpython/abstract.h:114
  31: PyObject_Vectorcall
        at /usr/local/src/conda/python-3.10.18/Include/cpython/abstract.h:123
  32: call_function
        at /usr/local/src/conda/python-3.10.18/Python/ceval.c:5893
  33: _PyEval_EvalFrameDefault
        at /usr/local/src/conda/python-3.10.18/Python/ceval.c:4213
  34: _PyEval_EvalFrame
        at /usr/local/src/conda/python-3.10.18/Include/internal/pycore_ceval.h:46
  35: _PyEval_Vector
        at /usr/local/src/conda/python-3.10.18/Python/ceval.c:5067
  36: PyEval_EvalCode
        at /usr/local/src/conda/python-3.10.18/Python/ceval.c:1134
  37: builtin_exec_impl
        at /usr/local/src/conda/python-3.10.18/Python/bltinmodule.c:1058
  38: builtin_exec
        at /usr/local/src/conda/python-3.10.18/Python/clinic/bltinmodule.c.h:371
  39: cfunction_vectorcall_FASTCALL
        at /usr/local/src/conda/python-3.10.18/Objects/methodobject.c:430
  40: _PyObject_VectorcallTstate
        at /usr/local/src/conda/python-3.10.18/Include/cpython/abstract.h:114
  41: PyObject_Vectorcall
        at /usr/local/src/conda/python-3.10.18/Include/cpython/abstract.h:123
  42: call_function
        at /usr/local/src/conda/python-3.10.18/Python/ceval.c:5893
  43: _PyEval_EvalFrameDefault
        at /usr/local/src/conda/python-3.10.18/Python/ceval.c:4213
  44: _PyEval_EvalFrame
        at /usr/local/src/conda/python-3.10.18/Include/internal/pycore_ceval.h:46
  45: _PyEval_Vector
        at /usr/local/src/conda/python-3.10.18/Python/ceval.c:5067
  46: _PyFunction_Vectorcall
        at /usr/local/src/conda/python-3.10.18/Objects/call.c:342
  47: _PyObject_VectorcallTstate
        at /usr/local/src/conda/python-3.10.18/Include/cpython/abstract.h:114
  48: PyObject_Vectorcall
        at /usr/local/src/conda/python-3.10.18/Include/cpython/abstract.h:123
  49: call_function
        at /usr/local/src/conda/python-3.10.18/Python/ceval.c:5893
  50: _PyEval_EvalFrameDefault
        at /usr/local/src/conda/python-3.10.18/Python/ceval.c:4213
  51: _PyEval_EvalFrame
        at /usr/local/src/conda/python-3.10.18/Include/internal/pycore_ceval.h:46
  52: _PyEval_Vector
        at /usr/local/src/conda/python-3.10.18/Python/ceval.c:5067
  53: _PyFunction_Vectorcall
        at /usr/local/src/conda/python-3.10.18/Objects/call.c:342
  54: pymain_run_module
        at /usr/local/src/conda/python-3.10.18/Modules/main.c:297
  55: pymain_run_python
        at /usr/local/src/conda/python-3.10.18/Modules/main.c:589
  56: Py_RunMain
        at /usr/local/src/conda/python-3.10.18/Modules/main.c:674
  57: Py_BytesMain
        at /usr/local/src/conda/python-3.10.18/Modules/main.c:1094
  58: __libc_start_main
        at ../csu/libc-start.c:308
  59: 0x000000000058728d
  60: 0xffffffffffffffff


*E*****
Time elapsed for measurement: 31.40 s
----------------------------------------------------------------------
------------------------------  [ Train cost model ]
----------------------------------------------------------------------
Time elapsed for training: 0.00 s
----------------------------------------------------------------------
------------------------------  [ Task Scheduler ]
----------------------------------------------------------------------
----------------------------------------------------------------------
------------------------------  [ Search ]
----------------------------------------------------------------------
Generate Sketches		#s: 1
Sample Initial Population	#s: 56	fail_ct: 1992	Time elapsed: 6.75
GA Iter: 0	Max score: 0.9479	Min score: 0.0059	#Pop: 56	#M+: 0	#M-: 0
GA Iter: 4	Max score: 0.9999	Min score: 0.9812	#Pop: 128	#M+: 1391	#M-: 0
EvolutionarySearch		#s: 128	Time elapsed: 76.59
----------------------------------------------------------------------
------------------------------  [ Measure ]
----------------------------------------------------------------------
Get 64 programs to measure:
................................................................*E****************************Eterminate called after throwing an instance of 'tvm::runtime::InternalError'
  what():  [10:45:28] /data3/qsy/complier/tlm/src/runtime/cuda/cuda_module.cc:61: CUDAError: cuModuleUnload(module_[i]) failed with error: CUDA_ERROR_MISALIGNED_ADDRESS
Stack trace:
  0: tvm::runtime::SimpleObjAllocator::Handler<tvm::runtime::CUDAModuleNode>::Deleter_(tvm::runtime::Object*)
  1: tvm::runtime::SimpleObjAllocator::Handler<tvm::runtime::LibraryModuleNode>::Deleter_(tvm::runtime::Object*)
  2: _ZN3tvm7runtime18SimpleObjAllocator7HandlerINS0_16PackedFuncS
  3: _ZN3tvm7runtime18SimpleObjAllocator7HandlerINS0_16PackedFuncSubObjIZNS0_9profiling17WrapTimeE
  4: TVMObjectFree
  5: __pyx_tp_dealloc_3tvm_4_ffi_4_cy3_4core_PackedFuncBase(_object*)
  6: subtype_dealloc
        at /usr/local/src/conda/python-3.10.18/Objects/typeobject.c:1460
  7: _Py_DECREF
        at /usr/local/src/conda/python-3.10.18/Include/object.h:500
  8: _Py_XDECREF
        at /usr/local/src/conda/python-3.10.18/Include/object.h:567
  9: cell_dealloc
        at /usr/local/src/conda/python-3.10.18/Objects/cellobject.c:82
  10: _Py_Dealloc
        at /usr/local/src/conda/python-3.10.18/Objects/object.c:2301
  11: _Py_DECREF
        at /usr/local/src/conda/python-3.10.18/Include/object.h:500
  12: _Py_XDECREF
        at /usr/local/src/conda/python-3.10.18/Include/object.h:567
  13: tupledealloc
        at /usr/local/src/conda/python-3.10.18/Objects/tupleobject.c:276
  14: _Py_Dealloc
        at /usr/local/src/conda/python-3.10.18/Objects/object.c:2301
  15: _Py_DECREF
        at /usr/local/src/conda/python-3.10.18/Include/object.h:500
  16: func_clear
        at /usr/local/src/conda/python-3.10.18/Objects/funcobject.c:636
  17: func_dealloc
        at /usr/local/src/conda/python-3.10.18/Objects/funcobject.c:648
  18: _Py_Dealloc
        at /usr/local/src/conda/python-3.10.18/Objects/object.c:2301
  19: _Py_DECREF
        at /usr/local/src/conda/python-3.10.18/Include/object.h:500
  20: frame_dealloc
        at /usr/local/src/conda/python-3.10.18/Objects/frameobject.c:591
  21: _Py_Dealloc
        at /usr/local/src/conda/python-3.10.18/Objects/object.c:2301
  22: _Py_DECREF
        at /usr/local/src/conda/python-3.10.18/Include/object.h:500
  23: _PyEval_Vector
        at /usr/local/src/conda/python-3.10.18/Python/ceval.c:5080
  24: _PyFunction_Vectorcall
        at /usr/local/src/conda/python-3.10.18/Objects/call.c:342
  25: do_call_core
        at /usr/local/src/conda/python-3.10.18/Python/ceval.c:5945
  26: _PyEval_EvalFrameDefault
        at /usr/local/src/conda/python-3.10.18/Python/ceval.c:4277
  27: _PyEval_EvalFrame
        at /usr/local/src/conda/python-3.10.18/Include/internal/pycore_ceval.h:46
  28: _PyEval_Vector
        at /usr/local/src/conda/python-3.10.18/Python/ceval.c:5067
  29: _PyFunction_Vectorcall
        at /usr/local/src/conda/python-3.10.18/Objects/call.c:342
  30: _PyObject_VectorcallTstate
        at /usr/local/src/conda/python-3.10.18/Include/cpython/abstract.h:114
  31: PyObject_Vectorcall
        at /usr/local/src/conda/python-3.10.18/Include/cpython/abstract.h:123
  32: call_function
        at /usr/local/src/conda/python-3.10.18/Python/ceval.c:5893
  33: _PyEval_EvalFrameDefault
        at /usr/local/src/conda/python-3.10.18/Python/ceval.c:4213
  34: _PyEval_EvalFrame
        at /usr/local/src/conda/python-3.10.18/Include/internal/pycore_ceval.h:46
  35: _PyEval_Vector
        at /usr/local/src/conda/python-3.10.18/Python/ceval.c:5067
  36: PyEval_EvalCode
        at /usr/local/src/conda/python-3.10.18/Python/ceval.c:1134
  37: builtin_exec_impl
        at /usr/local/src/conda/python-3.10.18/Python/bltinmodule.c:1058
  38: builtin_exec
        at /usr/local/src/conda/python-3.10.18/Python/clinic/bltinmodule.c.h:371
  39: cfunction_vectorcall_FASTCALL
        at /usr/local/src/conda/python-3.10.18/Objects/methodobject.c:430
  40: _PyObject_VectorcallTstate
        at /usr/local/src/conda/python-3.10.18/Include/cpython/abstract.h:114
  41: PyObject_Vectorcall
        at /usr/local/src/conda/python-3.10.18/Include/cpython/abstract.h:123
  42: call_function
        at /usr/local/src/conda/python-3.10.18/Python/ceval.c:5893
  43: _PyEval_EvalFrameDefault
        at /usr/local/src/conda/python-3.10.18/Python/ceval.c:4213
  44: _PyEval_EvalFrame
        at /usr/local/src/conda/python-3.10.18/Include/internal/pycore_ceval.h:46
  45: _PyEval_Vector
        at /usr/local/src/conda/python-3.10.18/Python/ceval.c:5067
  46: _PyFunction_Vectorcall
        at /usr/local/src/conda/python-3.10.18/Objects/call.c:342
  47: _PyObject_VectorcallTstate
        at /usr/local/src/conda/python-3.10.18/Include/cpython/abstract.h:114
  48: PyObject_Vectorcall
        at /usr/local/src/conda/python-3.10.18/Include/cpython/abstract.h:123
  49: call_function
        at /usr/local/src/conda/python-3.10.18/Python/ceval.c:5893
  50: _PyEval_EvalFrameDefault
        at /usr/local/src/conda/python-3.10.18/Python/ceval.c:4213
  51: _PyEval_EvalFrame
        at /usr/local/src/conda/python-3.10.18/Include/internal/pycore_ceval.h:46
  52: _PyEval_Vector
        at /usr/local/src/conda/python-3.10.18/Python/ceval.c:5067
  53: _PyFunction_Vectorcall
        at /usr/local/src/conda/python-3.10.18/Objects/call.c:342
  54: pymain_run_module
        at /usr/local/src/conda/python-3.10.18/Modules/main.c:297
  55: pymain_run_python
        at /usr/local/src/conda/python-3.10.18/Modules/main.c:589
  56: Py_RunMain
        at /usr/local/src/conda/python-3.10.18/Modules/main.c:674
  57: Py_BytesMain
        at /usr/local/src/conda/python-3.10.18/Modules/main.c:1094
  58: __libc_start_main
        at ../csu/libc-start.c:308
  59: 0x000000000058728d
  60: 0xffffffffffffffff


|  ID  |                       Task Description                        | Latency (ms) | Speed (GFLOPS) | Trials |
-----------------------------------------------------------------------------------------------------------------
|    0 |                          vm_mod_fused_nn_conv2d_add_nn_relu_5 |        0.006 |        5038.86 |     64 |
|    1 |                                    vm_mod_fused_nn_conv2d_add |        0.012 |        8679.29 |     64 |
|    2 |                          vm_mod_fused_nn_conv2d_add_nn_relu_1 |        0.007 |        7817.23 |     64 |
|    3 |                                     vm_mod_fused_nn_dense_add |        0.013 |         304.18 |     64 |
|    4 |                                  vm_mod_fused_nn_conv2d_add_3 |        0.021 |        9933.93 |     64 |
|    5 |                          vm_mod_fused_nn_conv2d_add_nn_relu_8 |        0.027 |       15132.48 |     64 |
|    6 |                      vm_mod_fused_nn_conv2d_add_add_nn_relu_3 |        0.034 |        6116.71 |     64 |
|    7 |                          vm_mod_fused_nn_conv2d_add_nn_relu_4 |        0.020 |       21089.64 |     64 |
|    8 |                        vm_mod_fused_nn_conv2d_add_add_nn_relu |        0.014 |       15315.59 |     64 |
|    9 |                      vm_mod_fused_nn_conv2d_add_add_nn_relu_1 |        0.019 |       10802.31 |     64 |
|   10 |                         vm_mod_fused_nn_conv2d_add_nn_relu_14 |        0.047 |        4375.93 |     64 |
|   11 |                                  vm_mod_fused_nn_conv2d_add_2 |            - |              - |      0 |
|   12 |                            vm_mod_fused_nn_conv2d_add_nn_relu |            - |              - |      0 |
|   13 |                          vm_mod_fused_nn_conv2d_add_nn_relu_7 |            - |              - |      0 |
|   14 |                         vm_mod_fused_nn_conv2d_add_nn_relu_10 |            - |              - |      0 |
|   15 |                         vm_mod_fused_nn_conv2d_add_nn_relu_13 |            - |              - |      0 |
|   16 |                          vm_mod_fused_nn_conv2d_add_nn_relu_3 |            - |              - |      0 |
|   17 |                         vm_mod_fused_nn_conv2d_add_nn_relu_15 |            - |              - |      0 |
|   18 |                         vm_mod_fused_nn_conv2d_add_nn_relu_11 |            - |              - |      0 |
|   19 |                                  vm_mod_fused_nn_conv2d_add_1 |            - |              - |      0 |
|   20 |                          vm_mod_fused_nn_conv2d_add_nn_relu_6 |            - |              - |      0 |
|   21 |                           vm_mod_fused_nn_adaptive_avg_pool2d |            - |              - |      0 |
|   22 |                      vm_mod_fused_nn_conv2d_add_add_nn_relu_2 |            - |              - |      0 |
|   23 |                                    vm_mod_fused_nn_max_pool2d |            - |              - |      0 |
|   24 |                          vm_mod_fused_nn_conv2d_add_nn_relu_2 |            - |              - |      0 |
|   25 |                         vm_mod_fused_nn_conv2d_add_nn_relu_12 |            - |              - |      0 |
|   26 |                          vm_mod_fused_nn_conv2d_add_nn_relu_9 |            - |              - |      0 |
-----------------------------------------------------------------------------------------------------------------
Estimated total latency: - ms	Trials: 704	Used time : 1341 s	Next ID: 11	
*E***********************************
Time elapsed for measurement: 41.63 s
----------------------------------------------------------------------
------------------------------  [ Train cost model ]
----------------------------------------------------------------------
Time elapsed for training: 1.36 s
----------------------------------------------------------------------
------------------------------  [ Task Scheduler ]
----------------------------------------------------------------------
----------------------------------------------------------------------
------------------------------  [ Search ]
----------------------------------------------------------------------
Generate Sketches		#s: 1
Sample Initial Population	#s: 94	fail_ct: 1954	Time elapsed: 8.53
GA Iter: 0	Max score: 0.9883	Min score: 0.0254	#Pop: 94	#M+: 0	#M-: 0
GA Iter: 4	Max score: 0.9999	Min score: 0.9833	#Pop: 128	#M+: 1388	#M-: 0
EvolutionarySearch		#s: 128	Time elapsed: 134.51
----------------------------------------------------------------------
------------------------------  [ Measure ]
----------------------------------------------------------------------
Get 64 programs to measure:
................................................................*****Eterminate called after throwing an instance of 'tvm::runtime::InternalError'
  what():  [10:48:21] /data3/qsy/complier/tlm/src/runtime/cuda/cuda_module.cc:61: CUDAError: cuModuleUnload(module_[i]) failed with error: CUDA_ERROR_MISALIGNED_ADDRESS
Stack trace:
  0: tvm::runtime::SimpleObjAllocator::Handler<tvm::runtime::CUDAModuleNode>::Deleter_(tvm::runtime::Object*)
  1: tvm::runtime::SimpleObjAllocator::Handler<tvm::runtime::LibraryModuleNode>::Deleter_(tvm::runtime::Object*)
  2: _ZN3tvm7runtime18SimpleObjAllocator7HandlerINS0_16PackedFuncS
  3: _ZN3tvm7runtime18SimpleObjAllocator7HandlerINS0_16PackedFuncSubObjIZNS0_9profiling17WrapTimeE
  4: TVMObjectFree
  5: __pyx_tp_dealloc_3tvm_4_ffi_4_cy3_4core_PackedFuncBase(_object*)
  6: subtype_dealloc
        at /usr/local/src/conda/python-3.10.18/Objects/typeobject.c:1460
  7: _Py_DECREF
        at /usr/local/src/conda/python-3.10.18/Include/object.h:500
  8: _Py_XDECREF
        at /usr/local/src/conda/python-3.10.18/Include/object.h:567
  9: cell_dealloc
        at /usr/local/src/conda/python-3.10.18/Objects/cellobject.c:82
  10: _Py_Dealloc
        at /usr/local/src/conda/python-3.10.18/Objects/object.c:2301
  11: _Py_DECREF
        at /usr/local/src/conda/python-3.10.18/Include/object.h:500
  12: _Py_XDECREF
        at /usr/local/src/conda/python-3.10.18/Include/object.h:567
  13: tupledealloc
        at /usr/local/src/conda/python-3.10.18/Objects/tupleobject.c:276
  14: _Py_Dealloc
        at /usr/local/src/conda/python-3.10.18/Objects/object.c:2301
  15: _Py_DECREF
        at /usr/local/src/conda/python-3.10.18/Include/object.h:500
  16: func_clear
        at /usr/local/src/conda/python-3.10.18/Objects/funcobject.c:636
  17: func_dealloc
        at /usr/local/src/conda/python-3.10.18/Objects/funcobject.c:648
  18: _Py_Dealloc
        at /usr/local/src/conda/python-3.10.18/Objects/object.c:2301
  19: _Py_DECREF
        at /usr/local/src/conda/python-3.10.18/Include/object.h:500
  20: frame_dealloc
        at /usr/local/src/conda/python-3.10.18/Objects/frameobject.c:591
  21: _Py_Dealloc
        at /usr/local/src/conda/python-3.10.18/Objects/object.c:2301
  22: _Py_DECREF
        at /usr/local/src/conda/python-3.10.18/Include/object.h:500
  23: _PyEval_Vector
        at /usr/local/src/conda/python-3.10.18/Python/ceval.c:5080
  24: _PyFunction_Vectorcall
        at /usr/local/src/conda/python-3.10.18/Objects/call.c:342
  25: do_call_core
        at /usr/local/src/conda/python-3.10.18/Python/ceval.c:5945
  26: _PyEval_EvalFrameDefault
        at /usr/local/src/conda/python-3.10.18/Python/ceval.c:4277
  27: _PyEval_EvalFrame
        at /usr/local/src/conda/python-3.10.18/Include/internal/pycore_ceval.h:46
  28: _PyEval_Vector
        at /usr/local/src/conda/python-3.10.18/Python/ceval.c:5067
  29: _PyFunction_Vectorcall
        at /usr/local/src/conda/python-3.10.18/Objects/call.c:342
  30: _PyObject_VectorcallTstate
        at /usr/local/src/conda/python-3.10.18/Include/cpython/abstract.h:114
  31: PyObject_Vectorcall
        at /usr/local/src/conda/python-3.10.18/Include/cpython/abstract.h:123
  32: call_function
        at /usr/local/src/conda/python-3.10.18/Python/ceval.c:5893
  33: _PyEval_EvalFrameDefault
        at /usr/local/src/conda/python-3.10.18/Python/ceval.c:4213
  34: _PyEval_EvalFrame
        at /usr/local/src/conda/python-3.10.18/Include/internal/pycore_ceval.h:46
  35: _PyEval_Vector
        at /usr/local/src/conda/python-3.10.18/Python/ceval.c:5067
  36: PyEval_EvalCode
        at /usr/local/src/conda/python-3.10.18/Python/ceval.c:1134
  37: builtin_exec_impl
        at /usr/local/src/conda/python-3.10.18/Python/bltinmodule.c:1058
  38: builtin_exec
        at /usr/local/src/conda/python-3.10.18/Python/clinic/bltinmodule.c.h:371
  39: cfunction_vectorcall_FASTCALL
        at /usr/local/src/conda/python-3.10.18/Objects/methodobject.c:430
  40: _PyObject_VectorcallTstate
        at /usr/local/src/conda/python-3.10.18/Include/cpython/abstract.h:114
  41: PyObject_Vectorcall
        at /usr/local/src/conda/python-3.10.18/Include/cpython/abstract.h:123
  42: call_function
        at /usr/local/src/conda/python-3.10.18/Python/ceval.c:5893
  43: _PyEval_EvalFrameDefault
        at /usr/local/src/conda/python-3.10.18/Python/ceval.c:4213
  44: _PyEval_EvalFrame
        at /usr/local/src/conda/python-3.10.18/Include/internal/pycore_ceval.h:46
  45: _PyEval_Vector
        at /usr/local/src/conda/python-3.10.18/Python/ceval.c:5067
  46: _PyFunction_Vectorcall
        at /usr/local/src/conda/python-3.10.18/Objects/call.c:342
  47: _PyObject_VectorcallTstate
        at /usr/local/src/conda/python-3.10.18/Include/cpython/abstract.h:114
  48: PyObject_Vectorcall
        at /usr/local/src/conda/python-3.10.18/Include/cpython/abstract.h:123
  49: call_function
        at /usr/local/src/conda/python-3.10.18/Python/ceval.c:5893
  50: _PyEval_EvalFrameDefault
        at /usr/local/src/conda/python-3.10.18/Python/ceval.c:4213
  51: _PyEval_EvalFrame
        at /usr/local/src/conda/python-3.10.18/Include/internal/pycore_ceval.h:46
  52: _PyEval_Vector
        at /usr/local/src/conda/python-3.10.18/Python/ceval.c:5067
  53: _PyFunction_Vectorcall
        at /usr/local/src/conda/python-3.10.18/Objects/call.c:342
  54: pymain_run_module
        at /usr/local/src/conda/python-3.10.18/Modules/main.c:297
  55: pymain_run_python
        at /usr/local/src/conda/python-3.10.18/Modules/main.c:589
  56: Py_RunMain
        at /usr/local/src/conda/python-3.10.18/Modules/main.c:674
  57: Py_BytesMain
        at /usr/local/src/conda/python-3.10.18/Modules/main.c:1094
  58: __libc_start_main
        at ../csu/libc-start.c:308
  59: 0x000000000058728d
  60: 0xffffffffffffffff


|  ID  |                       Task Description                        | Latency (ms) | Speed (GFLOPS) | Trials |
-----------------------------------------------------------------------------------------------------------------
|    0 |                          vm_mod_fused_nn_conv2d_add_nn_relu_5 |        0.006 |        5038.86 |     64 |
|    1 |                                    vm_mod_fused_nn_conv2d_add |        0.012 |        8679.29 |     64 |
|    2 |                          vm_mod_fused_nn_conv2d_add_nn_relu_1 |        0.007 |        7817.23 |     64 |
|    3 |                                     vm_mod_fused_nn_dense_add |        0.013 |         304.18 |     64 |
|    4 |                                  vm_mod_fused_nn_conv2d_add_3 |        0.021 |        9933.93 |     64 |
|    5 |                          vm_mod_fused_nn_conv2d_add_nn_relu_8 |        0.027 |       15132.48 |     64 |
|    6 |                      vm_mod_fused_nn_conv2d_add_add_nn_relu_3 |        0.034 |        6116.71 |     64 |
|    7 |                          vm_mod_fused_nn_conv2d_add_nn_relu_4 |        0.020 |       21089.64 |     64 |
|    8 |                        vm_mod_fused_nn_conv2d_add_add_nn_relu |        0.014 |       15315.59 |     64 |
|    9 |                      vm_mod_fused_nn_conv2d_add_add_nn_relu_1 |        0.019 |       10802.31 |     64 |
|   10 |                         vm_mod_fused_nn_conv2d_add_nn_relu_14 |        0.047 |        4375.93 |     64 |
|   11 |                                  vm_mod_fused_nn_conv2d_add_2 |        0.029 |        7090.09 |     64 |
|   12 |                            vm_mod_fused_nn_conv2d_add_nn_relu |            - |              - |      0 |
|   13 |                          vm_mod_fused_nn_conv2d_add_nn_relu_7 |            - |              - |      0 |
|   14 |                         vm_mod_fused_nn_conv2d_add_nn_relu_10 |            - |              - |      0 |
|   15 |                         vm_mod_fused_nn_conv2d_add_nn_relu_13 |            - |              - |      0 |
|   16 |                          vm_mod_fused_nn_conv2d_add_nn_relu_3 |            - |              - |      0 |
|   17 |                         vm_mod_fused_nn_conv2d_add_nn_relu_15 |            - |              - |      0 |
|   18 |                         vm_mod_fused_nn_conv2d_add_nn_relu_11 |            - |              - |      0 |
|   19 |                                  vm_mod_fused_nn_conv2d_add_1 |            - |              - |      0 |
|   20 |                          vm_mod_fused_nn_conv2d_add_nn_relu_6 |            - |              - |      0 |
|   21 |                           vm_mod_fused_nn_adaptive_avg_pool2d |            - |              - |      0 |
|   22 |                      vm_mod_fused_nn_conv2d_add_add_nn_relu_2 |            - |              - |      0 |
|   23 |                                    vm_mod_fused_nn_max_pool2d |            - |              - |      0 |
|   24 |                          vm_mod_fused_nn_conv2d_add_nn_relu_2 |            - |              - |      0 |
|   25 |                         vm_mod_fused_nn_conv2d_add_nn_relu_12 |            - |              - |      0 |
|   26 |                          vm_mod_fused_nn_conv2d_add_nn_relu_9 |            - |              - |      0 |
-----------------------------------------------------------------------------------------------------------------
Estimated total latency: - ms	Trials: 768	Used time : 1467 s	Next ID: 12	
*E***Eterminate called after throwing an instance of 'tvm::runtime::InternalError'
  what():  [10:48:23] /data3/qsy/complier/tlm/src/runtime/cuda/cuda_module.cc:61: CUDAError: cuModuleUnload(module_[i]) failed with error: CUDA_ERROR_MISALIGNED_ADDRESS
Stack trace:
  0: tvm::runtime::SimpleObjAllocator::Handler<tvm::runtime::CUDAModuleNode>::Deleter_(tvm::runtime::Object*)
  1: tvm::runtime::SimpleObjAllocator::Handler<tvm::runtime::LibraryModuleNode>::Deleter_(tvm::runtime::Object*)
  2: _ZN3tvm7runtime18SimpleObjAllocator7HandlerINS0_16PackedFuncS
  3: _ZN3tvm7runtime18SimpleObjAllocator7HandlerINS0_16PackedFuncSubObjIZNS0_9profiling17WrapTimeE
  4: TVMObjectFree
  5: __pyx_tp_dealloc_3tvm_4_ffi_4_cy3_4core_PackedFuncBase(_object*)
  6: subtype_dealloc
        at /usr/local/src/conda/python-3.10.18/Objects/typeobject.c:1460
  7: _Py_DECREF
        at /usr/local/src/conda/python-3.10.18/Include/object.h:500
  8: _Py_XDECREF
        at /usr/local/src/conda/python-3.10.18/Include/object.h:567
  9: cell_dealloc
        at /usr/local/src/conda/python-3.10.18/Objects/cellobject.c:82
  10: _Py_Dealloc
        at /usr/local/src/conda/python-3.10.18/Objects/object.c:2301
  11: _Py_DECREF
        at /usr/local/src/conda/python-3.10.18/Include/object.h:500
  12: _Py_XDECREF
        at /usr/local/src/conda/python-3.10.18/Include/object.h:567
  13: tupledealloc
        at /usr/local/src/conda/python-3.10.18/Objects/tupleobject.c:276
  14: _Py_Dealloc
        at /usr/local/src/conda/python-3.10.18/Objects/object.c:2301
  15: _Py_DECREF
        at /usr/local/src/conda/python-3.10.18/Include/object.h:500
  16: func_clear
        at /usr/local/src/conda/python-3.10.18/Objects/funcobject.c:636
  17: func_dealloc
        at /usr/local/src/conda/python-3.10.18/Objects/funcobject.c:648
  18: _Py_Dealloc
        at /usr/local/src/conda/python-3.10.18/Objects/object.c:2301
  19: _Py_DECREF
        at /usr/local/src/conda/python-3.10.18/Include/object.h:500
  20: frame_dealloc
        at /usr/local/src/conda/python-3.10.18/Objects/frameobject.c:591
  21: _Py_Dealloc
        at /usr/local/src/conda/python-3.10.18/Objects/object.c:2301
  22: _Py_DECREF
        at /usr/local/src/conda/python-3.10.18/Include/object.h:500
  23: _PyEval_Vector
        at /usr/local/src/conda/python-3.10.18/Python/ceval.c:5080
  24: _PyFunction_Vectorcall
        at /usr/local/src/conda/python-3.10.18/Objects/call.c:342
  25: do_call_core
        at /usr/local/src/conda/python-3.10.18/Python/ceval.c:5945
  26: _PyEval_EvalFrameDefault
        at /usr/local/src/conda/python-3.10.18/Python/ceval.c:4277
  27: _PyEval_EvalFrame
        at /usr/local/src/conda/python-3.10.18/Include/internal/pycore_ceval.h:46
  28: _PyEval_Vector
        at /usr/local/src/conda/python-3.10.18/Python/ceval.c:5067
  29: _PyFunction_Vectorcall
        at /usr/local/src/conda/python-3.10.18/Objects/call.c:342
  30: _PyObject_VectorcallTstate
        at /usr/local/src/conda/python-3.10.18/Include/cpython/abstract.h:114
  31: PyObject_Vectorcall
        at /usr/local/src/conda/python-3.10.18/Include/cpython/abstract.h:123
  32: call_function
        at /usr/local/src/conda/python-3.10.18/Python/ceval.c:5893
  33: _PyEval_EvalFrameDefault
        at /usr/local/src/conda/python-3.10.18/Python/ceval.c:4213
  34: _PyEval_EvalFrame
        at /usr/local/src/conda/python-3.10.18/Include/internal/pycore_ceval.h:46
  35: _PyEval_Vector
        at /usr/local/src/conda/python-3.10.18/Python/ceval.c:5067
  36: PyEval_EvalCode
        at /usr/local/src/conda/python-3.10.18/Python/ceval.c:1134
  37: builtin_exec_impl
        at /usr/local/src/conda/python-3.10.18/Python/bltinmodule.c:1058
  38: builtin_exec
        at /usr/local/src/conda/python-3.10.18/Python/clinic/bltinmodule.c.h:371
  39: cfunction_vectorcall_FASTCALL
        at /usr/local/src/conda/python-3.10.18/Objects/methodobject.c:430
  40: _PyObject_VectorcallTstate
        at /usr/local/src/conda/python-3.10.18/Include/cpython/abstract.h:114
  41: PyObject_Vectorcall
        at /usr/local/src/conda/python-3.10.18/Include/cpython/abstract.h:123
  42: call_function
        at /usr/local/src/conda/python-3.10.18/Python/ceval.c:5893
  43: _PyEval_EvalFrameDefault
        at /usr/local/src/conda/python-3.10.18/Python/ceval.c:4213
  44: _PyEval_EvalFrame
        at /usr/local/src/conda/python-3.10.18/Include/internal/pycore_ceval.h:46
  45: _PyEval_Vector
        at /usr/local/src/conda/python-3.10.18/Python/ceval.c:5067
  46: _PyFunction_Vectorcall
        at /usr/local/src/conda/python-3.10.18/Objects/call.c:342
  47: _PyObject_VectorcallTstate
        at /usr/local/src/conda/python-3.10.18/Include/cpython/abstract.h:114
  48: PyObject_Vectorcall
        at /usr/local/src/conda/python-3.10.18/Include/cpython/abstract.h:123
  49: call_function
        at /usr/local/src/conda/python-3.10.18/Python/ceval.c:5893
  50: _PyEval_EvalFrameDefault
        at /usr/local/src/conda/python-3.10.18/Python/ceval.c:4213
  51: _PyEval_EvalFrame
        at /usr/local/src/conda/python-3.10.18/Include/internal/pycore_ceval.h:46
  52: _PyEval_Vector
        at /usr/local/src/conda/python-3.10.18/Python/ceval.c:5067
  53: _PyFunction_Vectorcall
        at /usr/local/src/conda/python-3.10.18/Objects/call.c:342
  54: pymain_run_module
        at /usr/local/src/conda/python-3.10.18/Modules/main.c:297
  55: pymain_run_python
        at /usr/local/src/conda/python-3.10.18/Modules/main.c:589
  56: Py_RunMain
        at /usr/local/src/conda/python-3.10.18/Modules/main.c:674
  57: Py_BytesMain
        at /usr/local/src/conda/python-3.10.18/Modules/main.c:1094
  58: __libc_start_main
        at ../csu/libc-start.c:308
  59: 0x000000000058728d
  60: 0xffffffffffffffff


*E**********Eterminate called after throwing an instance of 'tvm::runtime::InternalError'
  what():  [10:48:27] /data3/qsy/complier/tlm/src/runtime/cuda/cuda_module.cc:61: CUDAError: cuModuleUnload(module_[i]) failed with error: CUDA_ERROR_MISALIGNED_ADDRESS
Stack trace:
  0: tvm::runtime::SimpleObjAllocator::Handler<tvm::runtime::CUDAModuleNode>::Deleter_(tvm::runtime::Object*)
  1: tvm::runtime::SimpleObjAllocator::Handler<tvm::runtime::LibraryModuleNode>::Deleter_(tvm::runtime::Object*)
  2: _ZN3tvm7runtime18SimpleObjAllocator7HandlerINS0_16PackedFuncS
  3: _ZN3tvm7runtime18SimpleObjAllocator7HandlerINS0_16PackedFuncSubObjIZNS0_9profiling17WrapTimeE
  4: TVMObjectFree
  5: __pyx_tp_dealloc_3tvm_4_ffi_4_cy3_4core_PackedFuncBase(_object*)
  6: subtype_dealloc
        at /usr/local/src/conda/python-3.10.18/Objects/typeobject.c:1460
  7: _Py_DECREF
        at /usr/local/src/conda/python-3.10.18/Include/object.h:500
  8: _Py_XDECREF
        at /usr/local/src/conda/python-3.10.18/Include/object.h:567
  9: cell_dealloc
        at /usr/local/src/conda/python-3.10.18/Objects/cellobject.c:82
  10: _Py_Dealloc
        at /usr/local/src/conda/python-3.10.18/Objects/object.c:2301
  11: _Py_DECREF
        at /usr/local/src/conda/python-3.10.18/Include/object.h:500
  12: _Py_XDECREF
        at /usr/local/src/conda/python-3.10.18/Include/object.h:567
  13: tupledealloc
        at /usr/local/src/conda/python-3.10.18/Objects/tupleobject.c:276
  14: _Py_Dealloc
        at /usr/local/src/conda/python-3.10.18/Objects/object.c:2301
  15: _Py_DECREF
        at /usr/local/src/conda/python-3.10.18/Include/object.h:500
  16: func_clear
        at /usr/local/src/conda/python-3.10.18/Objects/funcobject.c:636
  17: func_dealloc
        at /usr/local/src/conda/python-3.10.18/Objects/funcobject.c:648
  18: _Py_Dealloc
        at /usr/local/src/conda/python-3.10.18/Objects/object.c:2301
  19: _Py_DECREF
        at /usr/local/src/conda/python-3.10.18/Include/object.h:500
  20: frame_dealloc
        at /usr/local/src/conda/python-3.10.18/Objects/frameobject.c:591
  21: _Py_Dealloc
        at /usr/local/src/conda/python-3.10.18/Objects/object.c:2301
  22: _Py_DECREF
        at /usr/local/src/conda/python-3.10.18/Include/object.h:500
  23: _PyEval_Vector
        at /usr/local/src/conda/python-3.10.18/Python/ceval.c:5080
  24: _PyFunction_Vectorcall
        at /usr/local/src/conda/python-3.10.18/Objects/call.c:342
  25: do_call_core
        at /usr/local/src/conda/python-3.10.18/Python/ceval.c:5945
  26: _PyEval_EvalFrameDefault
        at /usr/local/src/conda/python-3.10.18/Python/ceval.c:4277
  27: _PyEval_EvalFrame
        at /usr/local/src/conda/python-3.10.18/Include/internal/pycore_ceval.h:46
  28: _PyEval_Vector
        at /usr/local/src/conda/python-3.10.18/Python/ceval.c:5067
  29: _PyFunction_Vectorcall
        at /usr/local/src/conda/python-3.10.18/Objects/call.c:342
  30: _PyObject_VectorcallTstate
        at /usr/local/src/conda/python-3.10.18/Include/cpython/abstract.h:114
  31: PyObject_Vectorcall
        at /usr/local/src/conda/python-3.10.18/Include/cpython/abstract.h:123
  32: call_function
        at /usr/local/src/conda/python-3.10.18/Python/ceval.c:5893
  33: _PyEval_EvalFrameDefault
        at /usr/local/src/conda/python-3.10.18/Python/ceval.c:4213
  34: _PyEval_EvalFrame
        at /usr/local/src/conda/python-3.10.18/Include/internal/pycore_ceval.h:46
  35: _PyEval_Vector
        at /usr/local/src/conda/python-3.10.18/Python/ceval.c:5067
  36: PyEval_EvalCode
        at /usr/local/src/conda/python-3.10.18/Python/ceval.c:1134
  37: builtin_exec_impl
        at /usr/local/src/conda/python-3.10.18/Python/bltinmodule.c:1058
  38: builtin_exec
        at /usr/local/src/conda/python-3.10.18/Python/clinic/bltinmodule.c.h:371
  39: cfunction_vectorcall_FASTCALL
        at /usr/local/src/conda/python-3.10.18/Objects/methodobject.c:430
  40: _PyObject_VectorcallTstate
        at /usr/local/src/conda/python-3.10.18/Include/cpython/abstract.h:114
  41: PyObject_Vectorcall
        at /usr/local/src/conda/python-3.10.18/Include/cpython/abstract.h:123
  42: call_function
        at /usr/local/src/conda/python-3.10.18/Python/ceval.c:5893
  43: _PyEval_EvalFrameDefault
        at /usr/local/src/conda/python-3.10.18/Python/ceval.c:4213
  44: _PyEval_EvalFrame
        at /usr/local/src/conda/python-3.10.18/Include/internal/pycore_ceval.h:46
  45: _PyEval_Vector
        at /usr/local/src/conda/python-3.10.18/Python/ceval.c:5067
  46: _PyFunction_Vectorcall
        at /usr/local/src/conda/python-3.10.18/Objects/call.c:342
  47: _PyObject_VectorcallTstate
        at /usr/local/src/conda/python-3.10.18/Include/cpython/abstract.h:114
  48: PyObject_Vectorcall
        at /usr/local/src/conda/python-3.10.18/Include/cpython/abstract.h:123
  49: call_function
        at /usr/local/src/conda/python-3.10.18/Python/ceval.c:5893
  50: _PyEval_EvalFrameDefault
        at /usr/local/src/conda/python-3.10.18/Python/ceval.c:4213
  51: _PyEval_EvalFrame
        at /usr/local/src/conda/python-3.10.18/Include/internal/pycore_ceval.h:46
  52: _PyEval_Vector
        at /usr/local/src/conda/python-3.10.18/Python/ceval.c:5067
  53: _PyFunction_Vectorcall
        at /usr/local/src/conda/python-3.10.18/Objects/call.c:342
  54: pymain_run_module
        at /usr/local/src/conda/python-3.10.18/Modules/main.c:297
  55: pymain_run_python
        at /usr/local/src/conda/python-3.10.18/Modules/main.c:589
  56: Py_RunMain
        at /usr/local/src/conda/python-3.10.18/Modules/main.c:674
  57: Py_BytesMain
        at /usr/local/src/conda/python-3.10.18/Modules/main.c:1094
  58: __libc_start_main
        at ../csu/libc-start.c:308
  59: 0x000000000058728d
  60: 0xffffffffffffffff


*E***Eterminate called after throwing an instance of 'tvm::runtime::InternalError'
  what():  [10:48:29] /data3/qsy/complier/tlm/src/runtime/cuda/cuda_module.cc:61: CUDAError: cuModuleUnload(module_[i]) failed with error: CUDA_ERROR_MISALIGNED_ADDRESS
Stack trace:
  0: tvm::runtime::SimpleObjAllocator::Handler<tvm::runtime::CUDAModuleNode>::Deleter_(tvm::runtime::Object*)
  1: tvm::runtime::SimpleObjAllocator::Handler<tvm::runtime::LibraryModuleNode>::Deleter_(tvm::runtime::Object*)
  2: _ZN3tvm7runtime18SimpleObjAllocator7HandlerINS0_16PackedFuncS
  3: _ZN3tvm7runtime18SimpleObjAllocator7HandlerINS0_16PackedFuncSubObjIZNS0_9profiling17WrapTimeE
  4: TVMObjectFree
  5: __pyx_tp_dealloc_3tvm_4_ffi_4_cy3_4core_PackedFuncBase(_object*)
  6: subtype_dealloc
        at /usr/local/src/conda/python-3.10.18/Objects/typeobject.c:1460
  7: _Py_DECREF
        at /usr/local/src/conda/python-3.10.18/Include/object.h:500
  8: _Py_XDECREF
        at /usr/local/src/conda/python-3.10.18/Include/object.h:567
  9: cell_dealloc
        at /usr/local/src/conda/python-3.10.18/Objects/cellobject.c:82
  10: _Py_Dealloc
        at /usr/local/src/conda/python-3.10.18/Objects/object.c:2301
  11: _Py_DECREF
        at /usr/local/src/conda/python-3.10.18/Include/object.h:500
  12: _Py_XDECREF
        at /usr/local/src/conda/python-3.10.18/Include/object.h:567
  13: tupledealloc
        at /usr/local/src/conda/python-3.10.18/Objects/tupleobject.c:276
  14: _Py_Dealloc
        at /usr/local/src/conda/python-3.10.18/Objects/object.c:2301
  15: _Py_DECREF
        at /usr/local/src/conda/python-3.10.18/Include/object.h:500
  16: func_clear
        at /usr/local/src/conda/python-3.10.18/Objects/funcobject.c:636
  17: func_dealloc
        at /usr/local/src/conda/python-3.10.18/Objects/funcobject.c:648
  18: _Py_Dealloc
        at /usr/local/src/conda/python-3.10.18/Objects/object.c:2301
  19: _Py_DECREF
        at /usr/local/src/conda/python-3.10.18/Include/object.h:500
  20: frame_dealloc
        at /usr/local/src/conda/python-3.10.18/Objects/frameobject.c:591
  21: _Py_Dealloc
        at /usr/local/src/conda/python-3.10.18/Objects/object.c:2301
  22: _Py_DECREF
        at /usr/local/src/conda/python-3.10.18/Include/object.h:500
  23: _PyEval_Vector
        at /usr/local/src/conda/python-3.10.18/Python/ceval.c:5080
  24: _PyFunction_Vectorcall
        at /usr/local/src/conda/python-3.10.18/Objects/call.c:342
  25: do_call_core
        at /usr/local/src/conda/python-3.10.18/Python/ceval.c:5945
  26: _PyEval_EvalFrameDefault
        at /usr/local/src/conda/python-3.10.18/Python/ceval.c:4277
  27: _PyEval_EvalFrame
        at /usr/local/src/conda/python-3.10.18/Include/internal/pycore_ceval.h:46
  28: _PyEval_Vector
        at /usr/local/src/conda/python-3.10.18/Python/ceval.c:5067
  29: _PyFunction_Vectorcall
        at /usr/local/src/conda/python-3.10.18/Objects/call.c:342
  30: _PyObject_VectorcallTstate
        at /usr/local/src/conda/python-3.10.18/Include/cpython/abstract.h:114
  31: PyObject_Vectorcall
        at /usr/local/src/conda/python-3.10.18/Include/cpython/abstract.h:123
  32: call_function
        at /usr/local/src/conda/python-3.10.18/Python/ceval.c:5893
  33: _PyEval_EvalFrameDefault
        at /usr/local/src/conda/python-3.10.18/Python/ceval.c:4213
  34: _PyEval_EvalFrame
        at /usr/local/src/conda/python-3.10.18/Include/internal/pycore_ceval.h:46
  35: _PyEval_Vector
        at /usr/local/src/conda/python-3.10.18/Python/ceval.c:5067
  36: PyEval_EvalCode
        at /usr/local/src/conda/python-3.10.18/Python/ceval.c:1134
  37: builtin_exec_impl
        at /usr/local/src/conda/python-3.10.18/Python/bltinmodule.c:1058
  38: builtin_exec
        at /usr/local/src/conda/python-3.10.18/Python/clinic/bltinmodule.c.h:371
  39: cfunction_vectorcall_FASTCALL
        at /usr/local/src/conda/python-3.10.18/Objects/methodobject.c:430
  40: _PyObject_VectorcallTstate
        at /usr/local/src/conda/python-3.10.18/Include/cpython/abstract.h:114
  41: PyObject_Vectorcall
        at /usr/local/src/conda/python-3.10.18/Include/cpython/abstract.h:123
  42: call_function
        at /usr/local/src/conda/python-3.10.18/Python/ceval.c:5893
  43: _PyEval_EvalFrameDefault
        at /usr/local/src/conda/python-3.10.18/Python/ceval.c:4213
  44: _PyEval_EvalFrame
        at /usr/local/src/conda/python-3.10.18/Include/internal/pycore_ceval.h:46
  45: _PyEval_Vector
        at /usr/local/src/conda/python-3.10.18/Python/ceval.c:5067
  46: _PyFunction_Vectorcall
        at /usr/local/src/conda/python-3.10.18/Objects/call.c:342
  47: _PyObject_VectorcallTstate
        at /usr/local/src/conda/python-3.10.18/Include/cpython/abstract.h:114
  48: PyObject_Vectorcall
        at /usr/local/src/conda/python-3.10.18/Include/cpython/abstract.h:123
  49: call_function
        at /usr/local/src/conda/python-3.10.18/Python/ceval.c:5893
  50: _PyEval_EvalFrameDefault
        at /usr/local/src/conda/python-3.10.18/Python/ceval.c:4213
  51: _PyEval_EvalFrame
        at /usr/local/src/conda/python-3.10.18/Include/internal/pycore_ceval.h:46
  52: _PyEval_Vector
        at /usr/local/src/conda/python-3.10.18/Python/ceval.c:5067
  53: _PyFunction_Vectorcall
        at /usr/local/src/conda/python-3.10.18/Objects/call.c:342
  54: pymain_run_module
        at /usr/local/src/conda/python-3.10.18/Modules/main.c:297
  55: pymain_run_python
        at /usr/local/src/conda/python-3.10.18/Modules/main.c:589
  56: Py_RunMain
        at /usr/local/src/conda/python-3.10.18/Modules/main.c:674
  57: Py_BytesMain
        at /usr/local/src/conda/python-3.10.18/Modules/main.c:1094
  58: __libc_start_main
        at ../csu/libc-start.c:308
  59: 0x000000000058728d
  60: 0xffffffffffffffff


*E*****Eterminate called after throwing an instance of 'tvm::runtime::InternalError'
  what():  [10:48:32] /data3/qsy/complier/tlm/src/runtime/cuda/cuda_module.cc:61: CUDAError: cuModuleUnload(module_[i]) failed with error: CUDA_ERROR_MISALIGNED_ADDRESS
Stack trace:
  0: tvm::runtime::SimpleObjAllocator::Handler<tvm::runtime::CUDAModuleNode>::Deleter_(tvm::runtime::Object*)
  1: tvm::runtime::SimpleObjAllocator::Handler<tvm::runtime::LibraryModuleNode>::Deleter_(tvm::runtime::Object*)
  2: _ZN3tvm7runtime18SimpleObjAllocator7HandlerINS0_16PackedFuncS
  3: _ZN3tvm7runtime18SimpleObjAllocator7HandlerINS0_16PackedFuncSubObjIZNS0_9profiling17WrapTimeE
  4: TVMObjectFree
  5: __pyx_tp_dealloc_3tvm_4_ffi_4_cy3_4core_PackedFuncBase(_object*)
  6: subtype_dealloc
        at /usr/local/src/conda/python-3.10.18/Objects/typeobject.c:1460
  7: _Py_DECREF
        at /usr/local/src/conda/python-3.10.18/Include/object.h:500
  8: _Py_XDECREF
        at /usr/local/src/conda/python-3.10.18/Include/object.h:567
  9: cell_dealloc
        at /usr/local/src/conda/python-3.10.18/Objects/cellobject.c:82
  10: _Py_Dealloc
        at /usr/local/src/conda/python-3.10.18/Objects/object.c:2301
  11: _Py_DECREF
        at /usr/local/src/conda/python-3.10.18/Include/object.h:500
  12: _Py_XDECREF
        at /usr/local/src/conda/python-3.10.18/Include/object.h:567
  13: tupledealloc
        at /usr/local/src/conda/python-3.10.18/Objects/tupleobject.c:276
  14: _Py_Dealloc
        at /usr/local/src/conda/python-3.10.18/Objects/object.c:2301
  15: _Py_DECREF
        at /usr/local/src/conda/python-3.10.18/Include/object.h:500
  16: func_clear
        at /usr/local/src/conda/python-3.10.18/Objects/funcobject.c:636
  17: func_dealloc
        at /usr/local/src/conda/python-3.10.18/Objects/funcobject.c:648
  18: _Py_Dealloc
        at /usr/local/src/conda/python-3.10.18/Objects/object.c:2301
  19: _Py_DECREF
        at /usr/local/src/conda/python-3.10.18/Include/object.h:500
  20: frame_dealloc
        at /usr/local/src/conda/python-3.10.18/Objects/frameobject.c:591
  21: _Py_Dealloc
        at /usr/local/src/conda/python-3.10.18/Objects/object.c:2301
  22: _Py_DECREF
        at /usr/local/src/conda/python-3.10.18/Include/object.h:500
  23: _PyEval_Vector
        at /usr/local/src/conda/python-3.10.18/Python/ceval.c:5080
  24: _PyFunction_Vectorcall
        at /usr/local/src/conda/python-3.10.18/Objects/call.c:342
  25: do_call_core
        at /usr/local/src/conda/python-3.10.18/Python/ceval.c:5945
  26: _PyEval_EvalFrameDefault
        at /usr/local/src/conda/python-3.10.18/Python/ceval.c:4277
  27: _PyEval_EvalFrame
        at /usr/local/src/conda/python-3.10.18/Include/internal/pycore_ceval.h:46
  28: _PyEval_Vector
        at /usr/local/src/conda/python-3.10.18/Python/ceval.c:5067
  29: _PyFunction_Vectorcall
        at /usr/local/src/conda/python-3.10.18/Objects/call.c:342
  30: _PyObject_VectorcallTstate
        at /usr/local/src/conda/python-3.10.18/Include/cpython/abstract.h:114
  31: PyObject_Vectorcall
        at /usr/local/src/conda/python-3.10.18/Include/cpython/abstract.h:123
  32: call_function
        at /usr/local/src/conda/python-3.10.18/Python/ceval.c:5893
  33: _PyEval_EvalFrameDefault
        at /usr/local/src/conda/python-3.10.18/Python/ceval.c:4213
  34: _PyEval_EvalFrame
        at /usr/local/src/conda/python-3.10.18/Include/internal/pycore_ceval.h:46
  35: _PyEval_Vector
        at /usr/local/src/conda/python-3.10.18/Python/ceval.c:5067
  36: PyEval_EvalCode
        at /usr/local/src/conda/python-3.10.18/Python/ceval.c:1134
  37: builtin_exec_impl
        at /usr/local/src/conda/python-3.10.18/Python/bltinmodule.c:1058
  38: builtin_exec
        at /usr/local/src/conda/python-3.10.18/Python/clinic/bltinmodule.c.h:371
  39: cfunction_vectorcall_FASTCALL
        at /usr/local/src/conda/python-3.10.18/Objects/methodobject.c:430
  40: _PyObject_VectorcallTstate
        at /usr/local/src/conda/python-3.10.18/Include/cpython/abstract.h:114
  41: PyObject_Vectorcall
        at /usr/local/src/conda/python-3.10.18/Include/cpython/abstract.h:123
  42: call_function
        at /usr/local/src/conda/python-3.10.18/Python/ceval.c:5893
  43: _PyEval_EvalFrameDefault
        at /usr/local/src/conda/python-3.10.18/Python/ceval.c:4213
  44: _PyEval_EvalFrame
        at /usr/local/src/conda/python-3.10.18/Include/internal/pycore_ceval.h:46
  45: _PyEval_Vector
        at /usr/local/src/conda/python-3.10.18/Python/ceval.c:5067
  46: _PyFunction_Vectorcall
        at /usr/local/src/conda/python-3.10.18/Objects/call.c:342
  47: _PyObject_VectorcallTstate
        at /usr/local/src/conda/python-3.10.18/Include/cpython/abstract.h:114
  48: PyObject_Vectorcall
        at /usr/local/src/conda/python-3.10.18/Include/cpython/abstract.h:123
  49: call_function
        at /usr/local/src/conda/python-3.10.18/Python/ceval.c:5893
  50: _PyEval_EvalFrameDefault
        at /usr/local/src/conda/python-3.10.18/Python/ceval.c:4213
  51: _PyEval_EvalFrame
        at /usr/local/src/conda/python-3.10.18/Include/internal/pycore_ceval.h:46
  52: _PyEval_Vector
        at /usr/local/src/conda/python-3.10.18/Python/ceval.c:5067
  53: _PyFunction_Vectorcall
        at /usr/local/src/conda/python-3.10.18/Objects/call.c:342
  54: pymain_run_module
        at /usr/local/src/conda/python-3.10.18/Modules/main.c:297
  55: pymain_run_python
        at /usr/local/src/conda/python-3.10.18/Modules/main.c:589
  56: Py_RunMain
        at /usr/local/src/conda/python-3.10.18/Modules/main.c:674
  57: Py_BytesMain
        at /usr/local/src/conda/python-3.10.18/Modules/main.c:1094
  58: __libc_start_main
        at ../csu/libc-start.c:308
  59: 0x000000000058728d
  60: 0xffffffffffffffff


*E**************Eterminate called after throwing an instance of 'tvm::runtime::InternalError'
  what():  [10:48:37] /data3/qsy/complier/tlm/src/runtime/cuda/cuda_module.cc:61: CUDAError: cuModuleUnload(module_[i]) failed with error: CUDA_ERROR_MISALIGNED_ADDRESS
Stack trace:
  0: tvm::runtime::SimpleObjAllocator::Handler<tvm::runtime::CUDAModuleNode>::Deleter_(tvm::runtime::Object*)
  1: tvm::runtime::SimpleObjAllocator::Handler<tvm::runtime::LibraryModuleNode>::Deleter_(tvm::runtime::Object*)
  2: _ZN3tvm7runtime18SimpleObjAllocator7HandlerINS0_16PackedFuncS
  3: _ZN3tvm7runtime18SimpleObjAllocator7HandlerINS0_16PackedFuncSubObjIZNS0_9profiling17WrapTimeE
  4: TVMObjectFree
  5: __pyx_tp_dealloc_3tvm_4_ffi_4_cy3_4core_PackedFuncBase(_object*)
  6: subtype_dealloc
        at /usr/local/src/conda/python-3.10.18/Objects/typeobject.c:1460
  7: _Py_DECREF
        at /usr/local/src/conda/python-3.10.18/Include/object.h:500
  8: _Py_XDECREF
        at /usr/local/src/conda/python-3.10.18/Include/object.h:567
  9: cell_dealloc
        at /usr/local/src/conda/python-3.10.18/Objects/cellobject.c:82
  10: _Py_Dealloc
        at /usr/local/src/conda/python-3.10.18/Objects/object.c:2301
  11: _Py_DECREF
        at /usr/local/src/conda/python-3.10.18/Include/object.h:500
  12: _Py_XDECREF
        at /usr/local/src/conda/python-3.10.18/Include/object.h:567
  13: tupledealloc
        at /usr/local/src/conda/python-3.10.18/Objects/tupleobject.c:276
  14: _Py_Dealloc
        at /usr/local/src/conda/python-3.10.18/Objects/object.c:2301
  15: _Py_DECREF
        at /usr/local/src/conda/python-3.10.18/Include/object.h:500
  16: func_clear
        at /usr/local/src/conda/python-3.10.18/Objects/funcobject.c:636
  17: func_dealloc
        at /usr/local/src/conda/python-3.10.18/Objects/funcobject.c:648
  18: _Py_Dealloc
        at /usr/local/src/conda/python-3.10.18/Objects/object.c:2301
  19: _Py_DECREF
        at /usr/local/src/conda/python-3.10.18/Include/object.h:500
  20: frame_dealloc
        at /usr/local/src/conda/python-3.10.18/Objects/frameobject.c:591
  21: _Py_Dealloc
        at /usr/local/src/conda/python-3.10.18/Objects/object.c:2301
  22: _Py_DECREF
        at /usr/local/src/conda/python-3.10.18/Include/object.h:500
  23: _PyEval_Vector
        at /usr/local/src/conda/python-3.10.18/Python/ceval.c:5080
  24: _PyFunction_Vectorcall
        at /usr/local/src/conda/python-3.10.18/Objects/call.c:342
  25: do_call_core
        at /usr/local/src/conda/python-3.10.18/Python/ceval.c:5945
  26: _PyEval_EvalFrameDefault
        at /usr/local/src/conda/python-3.10.18/Python/ceval.c:4277
  27: _PyEval_EvalFrame
        at /usr/local/src/conda/python-3.10.18/Include/internal/pycore_ceval.h:46
  28: _PyEval_Vector
        at /usr/local/src/conda/python-3.10.18/Python/ceval.c:5067
  29: _PyFunction_Vectorcall
        at /usr/local/src/conda/python-3.10.18/Objects/call.c:342
  30: _PyObject_VectorcallTstate
        at /usr/local/src/conda/python-3.10.18/Include/cpython/abstract.h:114
  31: PyObject_Vectorcall
        at /usr/local/src/conda/python-3.10.18/Include/cpython/abstract.h:123
  32: call_function
        at /usr/local/src/conda/python-3.10.18/Python/ceval.c:5893
  33: _PyEval_EvalFrameDefault
        at /usr/local/src/conda/python-3.10.18/Python/ceval.c:4213
  34: _PyEval_EvalFrame
        at /usr/local/src/conda/python-3.10.18/Include/internal/pycore_ceval.h:46
  35: _PyEval_Vector
        at /usr/local/src/conda/python-3.10.18/Python/ceval.c:5067
  36: PyEval_EvalCode
        at /usr/local/src/conda/python-3.10.18/Python/ceval.c:1134
  37: builtin_exec_impl
        at /usr/local/src/conda/python-3.10.18/Python/bltinmodule.c:1058
  38: builtin_exec
        at /usr/local/src/conda/python-3.10.18/Python/clinic/bltinmodule.c.h:371
  39: cfunction_vectorcall_FASTCALL
        at /usr/local/src/conda/python-3.10.18/Objects/methodobject.c:430
  40: _PyObject_VectorcallTstate
        at /usr/local/src/conda/python-3.10.18/Include/cpython/abstract.h:114
  41: PyObject_Vectorcall
        at /usr/local/src/conda/python-3.10.18/Include/cpython/abstract.h:123
  42: call_function
        at /usr/local/src/conda/python-3.10.18/Python/ceval.c:5893
  43: _PyEval_EvalFrameDefault
        at /usr/local/src/conda/python-3.10.18/Python/ceval.c:4213
  44: _PyEval_EvalFrame
        at /usr/local/src/conda/python-3.10.18/Include/internal/pycore_ceval.h:46
  45: _PyEval_Vector
        at /usr/local/src/conda/python-3.10.18/Python/ceval.c:5067
  46: _PyFunction_Vectorcall
        at /usr/local/src/conda/python-3.10.18/Objects/call.c:342
  47: _PyObject_VectorcallTstate
        at /usr/local/src/conda/python-3.10.18/Include/cpython/abstract.h:114
  48: PyObject_Vectorcall
        at /usr/local/src/conda/python-3.10.18/Include/cpython/abstract.h:123
  49: call_function
        at /usr/local/src/conda/python-3.10.18/Python/ceval.c:5893
  50: _PyEval_EvalFrameDefault
        at /usr/local/src/conda/python-3.10.18/Python/ceval.c:4213
  51: _PyEval_EvalFrame
        at /usr/local/src/conda/python-3.10.18/Include/internal/pycore_ceval.h:46
  52: _PyEval_Vector
        at /usr/local/src/conda/python-3.10.18/Python/ceval.c:5067
  53: _PyFunction_Vectorcall
        at /usr/local/src/conda/python-3.10.18/Objects/call.c:342
  54: pymain_run_module
        at /usr/local/src/conda/python-3.10.18/Modules/main.c:297
  55: pymain_run_python
        at /usr/local/src/conda/python-3.10.18/Modules/main.c:589
  56: Py_RunMain
        at /usr/local/src/conda/python-3.10.18/Modules/main.c:674
  57: Py_BytesMain
        at /usr/local/src/conda/python-3.10.18/Modules/main.c:1094
  58: __libc_start_main
        at ../csu/libc-start.c:308
  59: 0x000000000058728d
  60: 0xffffffffffffffff


*E*Eterminate called after throwing an instance of 'tvm::runtime::InternalError'
  what():  [10:48:39] /data3/qsy/complier/tlm/src/runtime/cuda/cuda_module.cc:61: CUDAError: cuModuleUnload(module_[i]) failed with error: CUDA_ERROR_MISALIGNED_ADDRESS
Stack trace:
  0: tvm::runtime::SimpleObjAllocator::Handler<tvm::runtime::CUDAModuleNode>::Deleter_(tvm::runtime::Object*)
  1: tvm::runtime::SimpleObjAllocator::Handler<tvm::runtime::LibraryModuleNode>::Deleter_(tvm::runtime::Object*)
  2: _ZN3tvm7runtime18SimpleObjAllocator7HandlerINS0_16PackedFuncS
  3: _ZN3tvm7runtime18SimpleObjAllocator7HandlerINS0_16PackedFuncSubObjIZNS0_9profiling17WrapTimeE
  4: TVMObjectFree
  5: __pyx_tp_dealloc_3tvm_4_ffi_4_cy3_4core_PackedFuncBase(_object*)
  6: subtype_dealloc
        at /usr/local/src/conda/python-3.10.18/Objects/typeobject.c:1460
  7: _Py_DECREF
        at /usr/local/src/conda/python-3.10.18/Include/object.h:500
  8: _Py_XDECREF
        at /usr/local/src/conda/python-3.10.18/Include/object.h:567
  9: cell_dealloc
        at /usr/local/src/conda/python-3.10.18/Objects/cellobject.c:82
  10: _Py_Dealloc
        at /usr/local/src/conda/python-3.10.18/Objects/object.c:2301
  11: _Py_DECREF
        at /usr/local/src/conda/python-3.10.18/Include/object.h:500
  12: _Py_XDECREF
        at /usr/local/src/conda/python-3.10.18/Include/object.h:567
  13: tupledealloc
        at /usr/local/src/conda/python-3.10.18/Objects/tupleobject.c:276
  14: _Py_Dealloc
        at /usr/local/src/conda/python-3.10.18/Objects/object.c:2301
  15: _Py_DECREF
        at /usr/local/src/conda/python-3.10.18/Include/object.h:500
  16: func_clear
        at /usr/local/src/conda/python-3.10.18/Objects/funcobject.c:636
  17: func_dealloc
        at /usr/local/src/conda/python-3.10.18/Objects/funcobject.c:648
  18: _Py_Dealloc
        at /usr/local/src/conda/python-3.10.18/Objects/object.c:2301
  19: _Py_DECREF
        at /usr/local/src/conda/python-3.10.18/Include/object.h:500
  20: frame_dealloc
        at /usr/local/src/conda/python-3.10.18/Objects/frameobject.c:591
  21: _Py_Dealloc
        at /usr/local/src/conda/python-3.10.18/Objects/object.c:2301
  22: _Py_DECREF
        at /usr/local/src/conda/python-3.10.18/Include/object.h:500
  23: _PyEval_Vector
        at /usr/local/src/conda/python-3.10.18/Python/ceval.c:5080
  24: _PyFunction_Vectorcall
        at /usr/local/src/conda/python-3.10.18/Objects/call.c:342
  25: do_call_core
        at /usr/local/src/conda/python-3.10.18/Python/ceval.c:5945
  26: _PyEval_EvalFrameDefault
        at /usr/local/src/conda/python-3.10.18/Python/ceval.c:4277
  27: _PyEval_EvalFrame
        at /usr/local/src/conda/python-3.10.18/Include/internal/pycore_ceval.h:46
  28: _PyEval_Vector
        at /usr/local/src/conda/python-3.10.18/Python/ceval.c:5067
  29: _PyFunction_Vectorcall
        at /usr/local/src/conda/python-3.10.18/Objects/call.c:342
  30: _PyObject_VectorcallTstate
        at /usr/local/src/conda/python-3.10.18/Include/cpython/abstract.h:114
  31: PyObject_Vectorcall
        at /usr/local/src/conda/python-3.10.18/Include/cpython/abstract.h:123
  32: call_function
        at /usr/local/src/conda/python-3.10.18/Python/ceval.c:5893
  33: _PyEval_EvalFrameDefault
        at /usr/local/src/conda/python-3.10.18/Python/ceval.c:4213
  34: _PyEval_EvalFrame
        at /usr/local/src/conda/python-3.10.18/Include/internal/pycore_ceval.h:46
  35: _PyEval_Vector
        at /usr/local/src/conda/python-3.10.18/Python/ceval.c:5067
  36: PyEval_EvalCode
        at /usr/local/src/conda/python-3.10.18/Python/ceval.c:1134
  37: builtin_exec_impl
        at /usr/local/src/conda/python-3.10.18/Python/bltinmodule.c:1058
  38: builtin_exec
        at /usr/local/src/conda/python-3.10.18/Python/clinic/bltinmodule.c.h:371
  39: cfunction_vectorcall_FASTCALL
        at /usr/local/src/conda/python-3.10.18/Objects/methodobject.c:430
  40: _PyObject_VectorcallTstate
        at /usr/local/src/conda/python-3.10.18/Include/cpython/abstract.h:114
  41: PyObject_Vectorcall
        at /usr/local/src/conda/python-3.10.18/Include/cpython/abstract.h:123
  42: call_function
        at /usr/local/src/conda/python-3.10.18/Python/ceval.c:5893
  43: _PyEval_EvalFrameDefault
        at /usr/local/src/conda/python-3.10.18/Python/ceval.c:4213
  44: _PyEval_EvalFrame
        at /usr/local/src/conda/python-3.10.18/Include/internal/pycore_ceval.h:46
  45: _PyEval_Vector
        at /usr/local/src/conda/python-3.10.18/Python/ceval.c:5067
  46: _PyFunction_Vectorcall
        at /usr/local/src/conda/python-3.10.18/Objects/call.c:342
  47: _PyObject_VectorcallTstate
        at /usr/local/src/conda/python-3.10.18/Include/cpython/abstract.h:114
  48: PyObject_Vectorcall
        at /usr/local/src/conda/python-3.10.18/Include/cpython/abstract.h:123
  49: call_function
        at /usr/local/src/conda/python-3.10.18/Python/ceval.c:5893
  50: _PyEval_EvalFrameDefault
        at /usr/local/src/conda/python-3.10.18/Python/ceval.c:4213
  51: _PyEval_EvalFrame
        at /usr/local/src/conda/python-3.10.18/Include/internal/pycore_ceval.h:46
  52: _PyEval_Vector
        at /usr/local/src/conda/python-3.10.18/Python/ceval.c:5067
  53: _PyFunction_Vectorcall
        at /usr/local/src/conda/python-3.10.18/Objects/call.c:342
  54: pymain_run_module
        at /usr/local/src/conda/python-3.10.18/Modules/main.c:297
  55: pymain_run_python
        at /usr/local/src/conda/python-3.10.18/Modules/main.c:589
  56: Py_RunMain
        at /usr/local/src/conda/python-3.10.18/Modules/main.c:674
  57: Py_BytesMain
        at /usr/local/src/conda/python-3.10.18/Modules/main.c:1094
  58: __libc_start_main
        at ../csu/libc-start.c:308
  59: 0x000000000058728d
  60: 0xffffffffffffffff


*E**Eterminate called after throwing an instance of 'tvm::runtime::InternalError'
  what():  [10:48:40] /data3/qsy/complier/tlm/src/runtime/cuda/cuda_module.cc:61: CUDAError: cuModuleUnload(module_[i]) failed with error: CUDA_ERROR_MISALIGNED_ADDRESS
Stack trace:
  0: tvm::runtime::SimpleObjAllocator::Handler<tvm::runtime::CUDAModuleNode>::Deleter_(tvm::runtime::Object*)
  1: tvm::runtime::SimpleObjAllocator::Handler<tvm::runtime::LibraryModuleNode>::Deleter_(tvm::runtime::Object*)
  2: _ZN3tvm7runtime18SimpleObjAllocator7HandlerINS0_16PackedFuncS
  3: _ZN3tvm7runtime18SimpleObjAllocator7HandlerINS0_16PackedFuncSubObjIZNS0_9profiling17WrapTimeE
  4: TVMObjectFree
  5: __pyx_tp_dealloc_3tvm_4_ffi_4_cy3_4core_PackedFuncBase(_object*)
  6: subtype_dealloc
        at /usr/local/src/conda/python-3.10.18/Objects/typeobject.c:1460
  7: _Py_DECREF
        at /usr/local/src/conda/python-3.10.18/Include/object.h:500
  8: _Py_XDECREF
        at /usr/local/src/conda/python-3.10.18/Include/object.h:567
  9: cell_dealloc
        at /usr/local/src/conda/python-3.10.18/Objects/cellobject.c:82
  10: _Py_Dealloc
        at /usr/local/src/conda/python-3.10.18/Objects/object.c:2301
  11: _Py_DECREF
        at /usr/local/src/conda/python-3.10.18/Include/object.h:500
  12: _Py_XDECREF
        at /usr/local/src/conda/python-3.10.18/Include/object.h:567
  13: tupledealloc
        at /usr/local/src/conda/python-3.10.18/Objects/tupleobject.c:276
  14: _Py_Dealloc
        at /usr/local/src/conda/python-3.10.18/Objects/object.c:2301
  15: _Py_DECREF
        at /usr/local/src/conda/python-3.10.18/Include/object.h:500
  16: func_clear
        at /usr/local/src/conda/python-3.10.18/Objects/funcobject.c:636
  17: func_dealloc
        at /usr/local/src/conda/python-3.10.18/Objects/funcobject.c:648
  18: _Py_Dealloc
        at /usr/local/src/conda/python-3.10.18/Objects/object.c:2301
  19: _Py_DECREF
        at /usr/local/src/conda/python-3.10.18/Include/object.h:500
  20: frame_dealloc
        at /usr/local/src/conda/python-3.10.18/Objects/frameobject.c:591
  21: _Py_Dealloc
        at /usr/local/src/conda/python-3.10.18/Objects/object.c:2301
  22: _Py_DECREF
        at /usr/local/src/conda/python-3.10.18/Include/object.h:500
  23: _PyEval_Vector
        at /usr/local/src/conda/python-3.10.18/Python/ceval.c:5080
  24: _PyFunction_Vectorcall
        at /usr/local/src/conda/python-3.10.18/Objects/call.c:342
  25: do_call_core
        at /usr/local/src/conda/python-3.10.18/Python/ceval.c:5945
  26: _PyEval_EvalFrameDefault
        at /usr/local/src/conda/python-3.10.18/Python/ceval.c:4277
  27: _PyEval_EvalFrame
        at /usr/local/src/conda/python-3.10.18/Include/internal/pycore_ceval.h:46
  28: _PyEval_Vector
        at /usr/local/src/conda/python-3.10.18/Python/ceval.c:5067
  29: _PyFunction_Vectorcall
        at /usr/local/src/conda/python-3.10.18/Objects/call.c:342
  30: _PyObject_VectorcallTstate
        at /usr/local/src/conda/python-3.10.18/Include/cpython/abstract.h:114
  31: PyObject_Vectorcall
        at /usr/local/src/conda/python-3.10.18/Include/cpython/abstract.h:123
  32: call_function
        at /usr/local/src/conda/python-3.10.18/Python/ceval.c:5893
  33: _PyEval_EvalFrameDefault
        at /usr/local/src/conda/python-3.10.18/Python/ceval.c:4213
  34: _PyEval_EvalFrame
        at /usr/local/src/conda/python-3.10.18/Include/internal/pycore_ceval.h:46
  35: _PyEval_Vector
        at /usr/local/src/conda/python-3.10.18/Python/ceval.c:5067
  36: PyEval_EvalCode
        at /usr/local/src/conda/python-3.10.18/Python/ceval.c:1134
  37: builtin_exec_impl
        at /usr/local/src/conda/python-3.10.18/Python/bltinmodule.c:1058
  38: builtin_exec
        at /usr/local/src/conda/python-3.10.18/Python/clinic/bltinmodule.c.h:371
  39: cfunction_vectorcall_FASTCALL
        at /usr/local/src/conda/python-3.10.18/Objects/methodobject.c:430
  40: _PyObject_VectorcallTstate
        at /usr/local/src/conda/python-3.10.18/Include/cpython/abstract.h:114
  41: PyObject_Vectorcall
        at /usr/local/src/conda/python-3.10.18/Include/cpython/abstract.h:123
  42: call_function
        at /usr/local/src/conda/python-3.10.18/Python/ceval.c:5893
  43: _PyEval_EvalFrameDefault
        at /usr/local/src/conda/python-3.10.18/Python/ceval.c:4213
  44: _PyEval_EvalFrame
        at /usr/local/src/conda/python-3.10.18/Include/internal/pycore_ceval.h:46
  45: _PyEval_Vector
        at /usr/local/src/conda/python-3.10.18/Python/ceval.c:5067
  46: _PyFunction_Vectorcall
        at /usr/local/src/conda/python-3.10.18/Objects/call.c:342
  47: _PyObject_VectorcallTstate
        at /usr/local/src/conda/python-3.10.18/Include/cpython/abstract.h:114
  48: PyObject_Vectorcall
        at /usr/local/src/conda/python-3.10.18/Include/cpython/abstract.h:123
  49: call_function
        at /usr/local/src/conda/python-3.10.18/Python/ceval.c:5893
  50: _PyEval_EvalFrameDefault
        at /usr/local/src/conda/python-3.10.18/Python/ceval.c:4213
  51: _PyEval_EvalFrame
        at /usr/local/src/conda/python-3.10.18/Include/internal/pycore_ceval.h:46
  52: _PyEval_Vector
        at /usr/local/src/conda/python-3.10.18/Python/ceval.c:5067
  53: _PyFunction_Vectorcall
        at /usr/local/src/conda/python-3.10.18/Objects/call.c:342
  54: pymain_run_module
        at /usr/local/src/conda/python-3.10.18/Modules/main.c:297
  55: pymain_run_python
        at /usr/local/src/conda/python-3.10.18/Modules/main.c:589
  56: Py_RunMain
        at /usr/local/src/conda/python-3.10.18/Modules/main.c:674
  57: Py_BytesMain
        at /usr/local/src/conda/python-3.10.18/Modules/main.c:1094
  58: __libc_start_main
        at ../csu/libc-start.c:308
  59: 0x000000000058728d
  60: 0xffffffffffffffff


*E******Eterminate called after throwing an instance of 'tvm::runtime::InternalError'
  what():  [10:48:43] /data3/qsy/complier/tlm/src/runtime/cuda/cuda_module.cc:61: CUDAError: cuModuleUnload(module_[i]) failed with error: CUDA_ERROR_MISALIGNED_ADDRESS
Stack trace:
  0: tvm::runtime::SimpleObjAllocator::Handler<tvm::runtime::CUDAModuleNode>::Deleter_(tvm::runtime::Object*)
  1: tvm::runtime::SimpleObjAllocator::Handler<tvm::runtime::LibraryModuleNode>::Deleter_(tvm::runtime::Object*)
  2: _ZN3tvm7runtime18SimpleObjAllocator7HandlerINS0_16PackedFuncS
  3: _ZN3tvm7runtime18SimpleObjAllocator7HandlerINS0_16PackedFuncSubObjIZNS0_9profiling17WrapTimeE
  4: TVMObjectFree
  5: __pyx_tp_dealloc_3tvm_4_ffi_4_cy3_4core_PackedFuncBase(_object*)
  6: subtype_dealloc
        at /usr/local/src/conda/python-3.10.18/Objects/typeobject.c:1460
  7: _Py_DECREF
        at /usr/local/src/conda/python-3.10.18/Include/object.h:500
  8: _Py_XDECREF
        at /usr/local/src/conda/python-3.10.18/Include/object.h:567
  9: cell_dealloc
        at /usr/local/src/conda/python-3.10.18/Objects/cellobject.c:82
  10: _Py_Dealloc
        at /usr/local/src/conda/python-3.10.18/Objects/object.c:2301
  11: _Py_DECREF
        at /usr/local/src/conda/python-3.10.18/Include/object.h:500
  12: _Py_XDECREF
        at /usr/local/src/conda/python-3.10.18/Include/object.h:567
  13: tupledealloc
        at /usr/local/src/conda/python-3.10.18/Objects/tupleobject.c:276
  14: _Py_Dealloc
        at /usr/local/src/conda/python-3.10.18/Objects/object.c:2301
  15: _Py_DECREF
        at /usr/local/src/conda/python-3.10.18/Include/object.h:500
  16: func_clear
        at /usr/local/src/conda/python-3.10.18/Objects/funcobject.c:636
  17: func_dealloc
        at /usr/local/src/conda/python-3.10.18/Objects/funcobject.c:648
  18: _Py_Dealloc
        at /usr/local/src/conda/python-3.10.18/Objects/object.c:2301
  19: _Py_DECREF
        at /usr/local/src/conda/python-3.10.18/Include/object.h:500
  20: frame_dealloc
        at /usr/local/src/conda/python-3.10.18/Objects/frameobject.c:591
  21: _Py_Dealloc
        at /usr/local/src/conda/python-3.10.18/Objects/object.c:2301
  22: _Py_DECREF
        at /usr/local/src/conda/python-3.10.18/Include/object.h:500
  23: _PyEval_Vector
        at /usr/local/src/conda/python-3.10.18/Python/ceval.c:5080
  24: _PyFunction_Vectorcall
        at /usr/local/src/conda/python-3.10.18/Objects/call.c:342
  25: do_call_core
        at /usr/local/src/conda/python-3.10.18/Python/ceval.c:5945
  26: _PyEval_EvalFrameDefault
        at /usr/local/src/conda/python-3.10.18/Python/ceval.c:4277
  27: _PyEval_EvalFrame
        at /usr/local/src/conda/python-3.10.18/Include/internal/pycore_ceval.h:46
  28: _PyEval_Vector
        at /usr/local/src/conda/python-3.10.18/Python/ceval.c:5067
  29: _PyFunction_Vectorcall
        at /usr/local/src/conda/python-3.10.18/Objects/call.c:342
  30: _PyObject_VectorcallTstate
        at /usr/local/src/conda/python-3.10.18/Include/cpython/abstract.h:114
  31: PyObject_Vectorcall
        at /usr/local/src/conda/python-3.10.18/Include/cpython/abstract.h:123
  32: call_function
        at /usr/local/src/conda/python-3.10.18/Python/ceval.c:5893
  33: _PyEval_EvalFrameDefault
        at /usr/local/src/conda/python-3.10.18/Python/ceval.c:4213
  34: _PyEval_EvalFrame
        at /usr/local/src/conda/python-3.10.18/Include/internal/pycore_ceval.h:46
  35: _PyEval_Vector
        at /usr/local/src/conda/python-3.10.18/Python/ceval.c:5067
  36: PyEval_EvalCode
        at /usr/local/src/conda/python-3.10.18/Python/ceval.c:1134
  37: builtin_exec_impl
        at /usr/local/src/conda/python-3.10.18/Python/bltinmodule.c:1058
  38: builtin_exec
        at /usr/local/src/conda/python-3.10.18/Python/clinic/bltinmodule.c.h:371
  39: cfunction_vectorcall_FASTCALL
        at /usr/local/src/conda/python-3.10.18/Objects/methodobject.c:430
  40: _PyObject_VectorcallTstate
        at /usr/local/src/conda/python-3.10.18/Include/cpython/abstract.h:114
  41: PyObject_Vectorcall
        at /usr/local/src/conda/python-3.10.18/Include/cpython/abstract.h:123
  42: call_function
        at /usr/local/src/conda/python-3.10.18/Python/ceval.c:5893
  43: _PyEval_EvalFrameDefault
        at /usr/local/src/conda/python-3.10.18/Python/ceval.c:4213
  44: _PyEval_EvalFrame
        at /usr/local/src/conda/python-3.10.18/Include/internal/pycore_ceval.h:46
  45: _PyEval_Vector
        at /usr/local/src/conda/python-3.10.18/Python/ceval.c:5067
  46: _PyFunction_Vectorcall
        at /usr/local/src/conda/python-3.10.18/Objects/call.c:342
  47: _PyObject_VectorcallTstate
        at /usr/local/src/conda/python-3.10.18/Include/cpython/abstract.h:114
  48: PyObject_Vectorcall
        at /usr/local/src/conda/python-3.10.18/Include/cpython/abstract.h:123
  49: call_function
        at /usr/local/src/conda/python-3.10.18/Python/ceval.c:5893
  50: _PyEval_EvalFrameDefault
        at /usr/local/src/conda/python-3.10.18/Python/ceval.c:4213
  51: _PyEval_EvalFrame
        at /usr/local/src/conda/python-3.10.18/Include/internal/pycore_ceval.h:46
  52: _PyEval_Vector
        at /usr/local/src/conda/python-3.10.18/Python/ceval.c:5067
  53: _PyFunction_Vectorcall
        at /usr/local/src/conda/python-3.10.18/Objects/call.c:342
  54: pymain_run_module
        at /usr/local/src/conda/python-3.10.18/Modules/main.c:297
  55: pymain_run_python
        at /usr/local/src/conda/python-3.10.18/Modules/main.c:589
  56: Py_RunMain
        at /usr/local/src/conda/python-3.10.18/Modules/main.c:674
  57: Py_BytesMain
        at /usr/local/src/conda/python-3.10.18/Modules/main.c:1094
  58: __libc_start_main
        at ../csu/libc-start.c:308
  59: 0x000000000058728d
  60: 0xffffffffffffffff


*E****Eterminate called after throwing an instance of 'tvm::runtime::InternalError'
  what():  [10:48:46] /data3/qsy/complier/tlm/src/runtime/cuda/cuda_module.cc:61: CUDAError: cuModuleUnload(module_[i]) failed with error: CUDA_ERROR_MISALIGNED_ADDRESS
Stack trace:
  0: tvm::runtime::SimpleObjAllocator::Handler<tvm::runtime::CUDAModuleNode>::Deleter_(tvm::runtime::Object*)
  1: tvm::runtime::SimpleObjAllocator::Handler<tvm::runtime::LibraryModuleNode>::Deleter_(tvm::runtime::Object*)
  2: _ZN3tvm7runtime18SimpleObjAllocator7HandlerINS0_16PackedFuncS
  3: _ZN3tvm7runtime18SimpleObjAllocator7HandlerINS0_16PackedFuncSubObjIZNS0_9profiling17WrapTimeE
  4: TVMObjectFree
  5: __pyx_tp_dealloc_3tvm_4_ffi_4_cy3_4core_PackedFuncBase(_object*)
  6: subtype_dealloc
        at /usr/local/src/conda/python-3.10.18/Objects/typeobject.c:1460
  7: _Py_DECREF
        at /usr/local/src/conda/python-3.10.18/Include/object.h:500
  8: _Py_XDECREF
        at /usr/local/src/conda/python-3.10.18/Include/object.h:567
  9: cell_dealloc
        at /usr/local/src/conda/python-3.10.18/Objects/cellobject.c:82
  10: _Py_Dealloc
        at /usr/local/src/conda/python-3.10.18/Objects/object.c:2301
  11: _Py_DECREF
        at /usr/local/src/conda/python-3.10.18/Include/object.h:500
  12: _Py_XDECREF
        at /usr/local/src/conda/python-3.10.18/Include/object.h:567
  13: tupledealloc
        at /usr/local/src/conda/python-3.10.18/Objects/tupleobject.c:276
  14: _Py_Dealloc
        at /usr/local/src/conda/python-3.10.18/Objects/object.c:2301
  15: _Py_DECREF
        at /usr/local/src/conda/python-3.10.18/Include/object.h:500
  16: func_clear
        at /usr/local/src/conda/python-3.10.18/Objects/funcobject.c:636
  17: func_dealloc
        at /usr/local/src/conda/python-3.10.18/Objects/funcobject.c:648
  18: _Py_Dealloc
        at /usr/local/src/conda/python-3.10.18/Objects/object.c:2301
  19: _Py_DECREF
        at /usr/local/src/conda/python-3.10.18/Include/object.h:500
  20: frame_dealloc
        at /usr/local/src/conda/python-3.10.18/Objects/frameobject.c:591
  21: _Py_Dealloc
        at /usr/local/src/conda/python-3.10.18/Objects/object.c:2301
  22: _Py_DECREF
        at /usr/local/src/conda/python-3.10.18/Include/object.h:500
  23: _PyEval_Vector
        at /usr/local/src/conda/python-3.10.18/Python/ceval.c:5080
  24: _PyFunction_Vectorcall
        at /usr/local/src/conda/python-3.10.18/Objects/call.c:342
  25: do_call_core
        at /usr/local/src/conda/python-3.10.18/Python/ceval.c:5945
  26: _PyEval_EvalFrameDefault
        at /usr/local/src/conda/python-3.10.18/Python/ceval.c:4277
  27: _PyEval_EvalFrame
        at /usr/local/src/conda/python-3.10.18/Include/internal/pycore_ceval.h:46
  28: _PyEval_Vector
        at /usr/local/src/conda/python-3.10.18/Python/ceval.c:5067
  29: _PyFunction_Vectorcall
        at /usr/local/src/conda/python-3.10.18/Objects/call.c:342
  30: _PyObject_VectorcallTstate
        at /usr/local/src/conda/python-3.10.18/Include/cpython/abstract.h:114
  31: PyObject_Vectorcall
        at /usr/local/src/conda/python-3.10.18/Include/cpython/abstract.h:123
  32: call_function
        at /usr/local/src/conda/python-3.10.18/Python/ceval.c:5893
  33: _PyEval_EvalFrameDefault
        at /usr/local/src/conda/python-3.10.18/Python/ceval.c:4213
  34: _PyEval_EvalFrame
        at /usr/local/src/conda/python-3.10.18/Include/internal/pycore_ceval.h:46
  35: _PyEval_Vector
        at /usr/local/src/conda/python-3.10.18/Python/ceval.c:5067
  36: PyEval_EvalCode
        at /usr/local/src/conda/python-3.10.18/Python/ceval.c:1134
  37: builtin_exec_impl
        at /usr/local/src/conda/python-3.10.18/Python/bltinmodule.c:1058
  38: builtin_exec
        at /usr/local/src/conda/python-3.10.18/Python/clinic/bltinmodule.c.h:371
  39: cfunction_vectorcall_FASTCALL
        at /usr/local/src/conda/python-3.10.18/Objects/methodobject.c:430
  40: _PyObject_VectorcallTstate
        at /usr/local/src/conda/python-3.10.18/Include/cpython/abstract.h:114
  41: PyObject_Vectorcall
        at /usr/local/src/conda/python-3.10.18/Include/cpython/abstract.h:123
  42: call_function
        at /usr/local/src/conda/python-3.10.18/Python/ceval.c:5893
  43: _PyEval_EvalFrameDefault
        at /usr/local/src/conda/python-3.10.18/Python/ceval.c:4213
  44: _PyEval_EvalFrame
        at /usr/local/src/conda/python-3.10.18/Include/internal/pycore_ceval.h:46
  45: _PyEval_Vector
        at /usr/local/src/conda/python-3.10.18/Python/ceval.c:5067
  46: _PyFunction_Vectorcall
        at /usr/local/src/conda/python-3.10.18/Objects/call.c:342
  47: _PyObject_VectorcallTstate
        at /usr/local/src/conda/python-3.10.18/Include/cpython/abstract.h:114
  48: PyObject_Vectorcall
        at /usr/local/src/conda/python-3.10.18/Include/cpython/abstract.h:123
  49: call_function
        at /usr/local/src/conda/python-3.10.18/Python/ceval.c:5893
  50: _PyEval_EvalFrameDefault
        at /usr/local/src/conda/python-3.10.18/Python/ceval.c:4213
  51: _PyEval_EvalFrame
        at /usr/local/src/conda/python-3.10.18/Include/internal/pycore_ceval.h:46
  52: _PyEval_Vector
        at /usr/local/src/conda/python-3.10.18/Python/ceval.c:5067
  53: _PyFunction_Vectorcall
        at /usr/local/src/conda/python-3.10.18/Objects/call.c:342
  54: pymain_run_module
        at /usr/local/src/conda/python-3.10.18/Modules/main.c:297
  55: pymain_run_python
        at /usr/local/src/conda/python-3.10.18/Modules/main.c:589
  56: Py_RunMain
        at /usr/local/src/conda/python-3.10.18/Modules/main.c:674
  57: Py_BytesMain
        at /usr/local/src/conda/python-3.10.18/Modules/main.c:1094
  58: __libc_start_main
        at ../csu/libc-start.c:308
  59: 0x000000000058728d
  60: 0xffffffffffffffff


*E***Eterminate called after throwing an instance of 'tvm::runtime::InternalError'
  what():  [10:48:48] /data3/qsy/complier/tlm/src/runtime/cuda/cuda_module.cc:61: CUDAError: cuModuleUnload(module_[i]) failed with error: CUDA_ERROR_MISALIGNED_ADDRESS
Stack trace:
  0: tvm::runtime::SimpleObjAllocator::Handler<tvm::runtime::CUDAModuleNode>::Deleter_(tvm::runtime::Object*)
  1: tvm::runtime::SimpleObjAllocator::Handler<tvm::runtime::LibraryModuleNode>::Deleter_(tvm::runtime::Object*)
  2: _ZN3tvm7runtime18SimpleObjAllocator7HandlerINS0_16PackedFuncS
  3: _ZN3tvm7runtime18SimpleObjAllocator7HandlerINS0_16PackedFuncSubObjIZNS0_9profiling17WrapTimeE
  4: TVMObjectFree
  5: __pyx_tp_dealloc_3tvm_4_ffi_4_cy3_4core_PackedFuncBase(_object*)
  6: subtype_dealloc
        at /usr/local/src/conda/python-3.10.18/Objects/typeobject.c:1460
  7: _Py_DECREF
        at /usr/local/src/conda/python-3.10.18/Include/object.h:500
  8: _Py_XDECREF
        at /usr/local/src/conda/python-3.10.18/Include/object.h:567
  9: cell_dealloc
        at /usr/local/src/conda/python-3.10.18/Objects/cellobject.c:82
  10: _Py_Dealloc
        at /usr/local/src/conda/python-3.10.18/Objects/object.c:2301
  11: _Py_DECREF
        at /usr/local/src/conda/python-3.10.18/Include/object.h:500
  12: _Py_XDECREF
        at /usr/local/src/conda/python-3.10.18/Include/object.h:567
  13: tupledealloc
        at /usr/local/src/conda/python-3.10.18/Objects/tupleobject.c:276
  14: _Py_Dealloc
        at /usr/local/src/conda/python-3.10.18/Objects/object.c:2301
  15: _Py_DECREF
        at /usr/local/src/conda/python-3.10.18/Include/object.h:500
  16: func_clear
        at /usr/local/src/conda/python-3.10.18/Objects/funcobject.c:636
  17: func_dealloc
        at /usr/local/src/conda/python-3.10.18/Objects/funcobject.c:648
  18: _Py_Dealloc
        at /usr/local/src/conda/python-3.10.18/Objects/object.c:2301
  19: _Py_DECREF
        at /usr/local/src/conda/python-3.10.18/Include/object.h:500
  20: frame_dealloc
        at /usr/local/src/conda/python-3.10.18/Objects/frameobject.c:591
  21: _Py_Dealloc
        at /usr/local/src/conda/python-3.10.18/Objects/object.c:2301
  22: _Py_DECREF
        at /usr/local/src/conda/python-3.10.18/Include/object.h:500
  23: _PyEval_Vector
        at /usr/local/src/conda/python-3.10.18/Python/ceval.c:5080
  24: _PyFunction_Vectorcall
        at /usr/local/src/conda/python-3.10.18/Objects/call.c:342
  25: do_call_core
        at /usr/local/src/conda/python-3.10.18/Python/ceval.c:5945
  26: _PyEval_EvalFrameDefault
        at /usr/local/src/conda/python-3.10.18/Python/ceval.c:4277
  27: _PyEval_EvalFrame
        at /usr/local/src/conda/python-3.10.18/Include/internal/pycore_ceval.h:46
  28: _PyEval_Vector
        at /usr/local/src/conda/python-3.10.18/Python/ceval.c:5067
  29: _PyFunction_Vectorcall
        at /usr/local/src/conda/python-3.10.18/Objects/call.c:342
  30: _PyObject_VectorcallTstate
        at /usr/local/src/conda/python-3.10.18/Include/cpython/abstract.h:114
  31: PyObject_Vectorcall
        at /usr/local/src/conda/python-3.10.18/Include/cpython/abstract.h:123
  32: call_function
        at /usr/local/src/conda/python-3.10.18/Python/ceval.c:5893
  33: _PyEval_EvalFrameDefault
        at /usr/local/src/conda/python-3.10.18/Python/ceval.c:4213
  34: _PyEval_EvalFrame
        at /usr/local/src/conda/python-3.10.18/Include/internal/pycore_ceval.h:46
  35: _PyEval_Vector
        at /usr/local/src/conda/python-3.10.18/Python/ceval.c:5067
  36: PyEval_EvalCode
        at /usr/local/src/conda/python-3.10.18/Python/ceval.c:1134
  37: builtin_exec_impl
        at /usr/local/src/conda/python-3.10.18/Python/bltinmodule.c:1058
  38: builtin_exec
        at /usr/local/src/conda/python-3.10.18/Python/clinic/bltinmodule.c.h:371
  39: cfunction_vectorcall_FASTCALL
        at /usr/local/src/conda/python-3.10.18/Objects/methodobject.c:430
  40: _PyObject_VectorcallTstate
        at /usr/local/src/conda/python-3.10.18/Include/cpython/abstract.h:114
  41: PyObject_Vectorcall
        at /usr/local/src/conda/python-3.10.18/Include/cpython/abstract.h:123
  42: call_function
        at /usr/local/src/conda/python-3.10.18/Python/ceval.c:5893
  43: _PyEval_EvalFrameDefault
        at /usr/local/src/conda/python-3.10.18/Python/ceval.c:4213
  44: _PyEval_EvalFrame
        at /usr/local/src/conda/python-3.10.18/Include/internal/pycore_ceval.h:46
  45: _PyEval_Vector
        at /usr/local/src/conda/python-3.10.18/Python/ceval.c:5067
  46: _PyFunction_Vectorcall
        at /usr/local/src/conda/python-3.10.18/Objects/call.c:342
  47: _PyObject_VectorcallTstate
        at /usr/local/src/conda/python-3.10.18/Include/cpython/abstract.h:114
  48: PyObject_Vectorcall
        at /usr/local/src/conda/python-3.10.18/Include/cpython/abstract.h:123
  49: call_function
        at /usr/local/src/conda/python-3.10.18/Python/ceval.c:5893
  50: _PyEval_EvalFrameDefault
        at /usr/local/src/conda/python-3.10.18/Python/ceval.c:4213
  51: _PyEval_EvalFrame
        at /usr/local/src/conda/python-3.10.18/Include/internal/pycore_ceval.h:46
  52: _PyEval_Vector
        at /usr/local/src/conda/python-3.10.18/Python/ceval.c:5067
  53: _PyFunction_Vectorcall
        at /usr/local/src/conda/python-3.10.18/Objects/call.c:342
  54: pymain_run_module
        at /usr/local/src/conda/python-3.10.18/Modules/main.c:297
  55: pymain_run_python
        at /usr/local/src/conda/python-3.10.18/Modules/main.c:589
  56: Py_RunMain
        at /usr/local/src/conda/python-3.10.18/Modules/main.c:674
  57: Py_BytesMain
        at /usr/local/src/conda/python-3.10.18/Modules/main.c:1094
  58: __libc_start_main
        at ../csu/libc-start.c:308
  59: 0x000000000058728d
  60: 0xffffffffffffffff


*E*Eterminate called after throwing an instance of 'tvm::runtime::InternalError'
  what():  [10:48:49] /data3/qsy/complier/tlm/src/runtime/cuda/cuda_module.cc:61: CUDAError: cuModuleUnload(module_[i]) failed with error: CUDA_ERROR_MISALIGNED_ADDRESS
Stack trace:
  0: tvm::runtime::SimpleObjAllocator::Handler<tvm::runtime::CUDAModuleNode>::Deleter_(tvm::runtime::Object*)
  1: tvm::runtime::SimpleObjAllocator::Handler<tvm::runtime::LibraryModuleNode>::Deleter_(tvm::runtime::Object*)
  2: _ZN3tvm7runtime18SimpleObjAllocator7HandlerINS0_16PackedFuncS
  3: _ZN3tvm7runtime18SimpleObjAllocator7HandlerINS0_16PackedFuncSubObjIZNS0_9profiling17WrapTimeE
  4: TVMObjectFree
  5: __pyx_tp_dealloc_3tvm_4_ffi_4_cy3_4core_PackedFuncBase(_object*)
  6: subtype_dealloc
        at /usr/local/src/conda/python-3.10.18/Objects/typeobject.c:1460
  7: _Py_DECREF
        at /usr/local/src/conda/python-3.10.18/Include/object.h:500
  8: _Py_XDECREF
        at /usr/local/src/conda/python-3.10.18/Include/object.h:567
  9: cell_dealloc
        at /usr/local/src/conda/python-3.10.18/Objects/cellobject.c:82
  10: _Py_Dealloc
        at /usr/local/src/conda/python-3.10.18/Objects/object.c:2301
  11: _Py_DECREF
        at /usr/local/src/conda/python-3.10.18/Include/object.h:500
  12: _Py_XDECREF
        at /usr/local/src/conda/python-3.10.18/Include/object.h:567
  13: tupledealloc
        at /usr/local/src/conda/python-3.10.18/Objects/tupleobject.c:276
  14: _Py_Dealloc
        at /usr/local/src/conda/python-3.10.18/Objects/object.c:2301
  15: _Py_DECREF
        at /usr/local/src/conda/python-3.10.18/Include/object.h:500
  16: func_clear
        at /usr/local/src/conda/python-3.10.18/Objects/funcobject.c:636
  17: func_dealloc
        at /usr/local/src/conda/python-3.10.18/Objects/funcobject.c:648
  18: _Py_Dealloc
        at /usr/local/src/conda/python-3.10.18/Objects/object.c:2301
  19: _Py_DECREF
        at /usr/local/src/conda/python-3.10.18/Include/object.h:500
  20: frame_dealloc
        at /usr/local/src/conda/python-3.10.18/Objects/frameobject.c:591
  21: _Py_Dealloc
        at /usr/local/src/conda/python-3.10.18/Objects/object.c:2301
  22: _Py_DECREF
        at /usr/local/src/conda/python-3.10.18/Include/object.h:500
  23: _PyEval_Vector
        at /usr/local/src/conda/python-3.10.18/Python/ceval.c:5080
  24: _PyFunction_Vectorcall
        at /usr/local/src/conda/python-3.10.18/Objects/call.c:342
  25: do_call_core
        at /usr/local/src/conda/python-3.10.18/Python/ceval.c:5945
  26: _PyEval_EvalFrameDefault
        at /usr/local/src/conda/python-3.10.18/Python/ceval.c:4277
  27: _PyEval_EvalFrame
        at /usr/local/src/conda/python-3.10.18/Include/internal/pycore_ceval.h:46
  28: _PyEval_Vector
        at /usr/local/src/conda/python-3.10.18/Python/ceval.c:5067
  29: _PyFunction_Vectorcall
        at /usr/local/src/conda/python-3.10.18/Objects/call.c:342
  30: _PyObject_VectorcallTstate
        at /usr/local/src/conda/python-3.10.18/Include/cpython/abstract.h:114
  31: PyObject_Vectorcall
        at /usr/local/src/conda/python-3.10.18/Include/cpython/abstract.h:123
  32: call_function
        at /usr/local/src/conda/python-3.10.18/Python/ceval.c:5893
  33: _PyEval_EvalFrameDefault
        at /usr/local/src/conda/python-3.10.18/Python/ceval.c:4213
  34: _PyEval_EvalFrame
        at /usr/local/src/conda/python-3.10.18/Include/internal/pycore_ceval.h:46
  35: _PyEval_Vector
        at /usr/local/src/conda/python-3.10.18/Python/ceval.c:5067
  36: PyEval_EvalCode
        at /usr/local/src/conda/python-3.10.18/Python/ceval.c:1134
  37: builtin_exec_impl
        at /usr/local/src/conda/python-3.10.18/Python/bltinmodule.c:1058
  38: builtin_exec
        at /usr/local/src/conda/python-3.10.18/Python/clinic/bltinmodule.c.h:371
  39: cfunction_vectorcall_FASTCALL
        at /usr/local/src/conda/python-3.10.18/Objects/methodobject.c:430
  40: _PyObject_VectorcallTstate
        at /usr/local/src/conda/python-3.10.18/Include/cpython/abstract.h:114
  41: PyObject_Vectorcall
        at /usr/local/src/conda/python-3.10.18/Include/cpython/abstract.h:123
  42: call_function
        at /usr/local/src/conda/python-3.10.18/Python/ceval.c:5893
  43: _PyEval_EvalFrameDefault
        at /usr/local/src/conda/python-3.10.18/Python/ceval.c:4213
  44: _PyEval_EvalFrame
        at /usr/local/src/conda/python-3.10.18/Include/internal/pycore_ceval.h:46
  45: _PyEval_Vector
        at /usr/local/src/conda/python-3.10.18/Python/ceval.c:5067
  46: _PyFunction_Vectorcall
        at /usr/local/src/conda/python-3.10.18/Objects/call.c:342
  47: _PyObject_VectorcallTstate
        at /usr/local/src/conda/python-3.10.18/Include/cpython/abstract.h:114
  48: PyObject_Vectorcall
        at /usr/local/src/conda/python-3.10.18/Include/cpython/abstract.h:123
  49: call_function
        at /usr/local/src/conda/python-3.10.18/Python/ceval.c:5893
  50: _PyEval_EvalFrameDefault
        at /usr/local/src/conda/python-3.10.18/Python/ceval.c:4213
  51: _PyEval_EvalFrame
        at /usr/local/src/conda/python-3.10.18/Include/internal/pycore_ceval.h:46
  52: _PyEval_Vector
        at /usr/local/src/conda/python-3.10.18/Python/ceval.c:5067
  53: _PyFunction_Vectorcall
        at /usr/local/src/conda/python-3.10.18/Objects/call.c:342
  54: pymain_run_module
        at /usr/local/src/conda/python-3.10.18/Modules/main.c:297
  55: pymain_run_python
        at /usr/local/src/conda/python-3.10.18/Modules/main.c:589
  56: Py_RunMain
        at /usr/local/src/conda/python-3.10.18/Modules/main.c:674
  57: Py_BytesMain
        at /usr/local/src/conda/python-3.10.18/Modules/main.c:1094
  58: __libc_start_main
        at ../csu/libc-start.c:308
  59: 0x000000000058728d
  60: 0xffffffffffffffff


*E*******
Time elapsed for measurement: 47.23 s
----------------------------------------------------------------------
------------------------------  [ Train cost model ]
----------------------------------------------------------------------
Time elapsed for training: 0.00 s
----------------------------------------------------------------------
------------------------------  [ Task Scheduler ]
----------------------------------------------------------------------
----------------------------------------------------------------------
------------------------------  [ Search ]
----------------------------------------------------------------------
Generate Sketches		#s: 1
Sample Initial Population	#s: 78	fail_ct: 1970	Time elapsed: 8.98
GA Iter: 0	Max score: 0.9774	Min score: 0.0002	#Pop: 78	#M+: 0	#M-: 0
GA Iter: 4	Max score: 1.0000	Min score: 0.9820	#Pop: 128	#M+: 1395	#M-: 0
EvolutionarySearch		#s: 128	Time elapsed: 127.68
----------------------------------------------------------------------
------------------------------  [ Measure ]
----------------------------------------------------------------------
Get 64 programs to measure:
................................................................****************************************************************|  ID  |                       Task Description                        | Latency (ms) | Speed (GFLOPS) | Trials |
-----------------------------------------------------------------------------------------------------------------
|    0 |                          vm_mod_fused_nn_conv2d_add_nn_relu_5 |        0.006 |        5038.86 |     64 |
|    1 |                                    vm_mod_fused_nn_conv2d_add |        0.012 |        8679.29 |     64 |
|    2 |                          vm_mod_fused_nn_conv2d_add_nn_relu_1 |        0.007 |        7817.23 |     64 |
|    3 |                                     vm_mod_fused_nn_dense_add |        0.013 |         304.18 |     64 |
|    4 |                                  vm_mod_fused_nn_conv2d_add_3 |        0.021 |        9933.93 |     64 |
|    5 |                          vm_mod_fused_nn_conv2d_add_nn_relu_8 |        0.027 |       15132.48 |     64 |
|    6 |                      vm_mod_fused_nn_conv2d_add_add_nn_relu_3 |        0.034 |        6116.71 |     64 |
|    7 |                          vm_mod_fused_nn_conv2d_add_nn_relu_4 |        0.020 |       21089.64 |     64 |
|    8 |                        vm_mod_fused_nn_conv2d_add_add_nn_relu |        0.014 |       15315.59 |     64 |
|    9 |                      vm_mod_fused_nn_conv2d_add_add_nn_relu_1 |        0.019 |       10802.31 |     64 |
|   10 |                         vm_mod_fused_nn_conv2d_add_nn_relu_14 |        0.047 |        4375.93 |     64 |
|   11 |                                  vm_mod_fused_nn_conv2d_add_2 |        0.029 |        7090.09 |     64 |
|   12 |                            vm_mod_fused_nn_conv2d_add_nn_relu |        0.012 |       19385.01 |     64 |
|   13 |                          vm_mod_fused_nn_conv2d_add_nn_relu_7 |            - |              - |      0 |
|   14 |                         vm_mod_fused_nn_conv2d_add_nn_relu_10 |            - |              - |      0 |
|   15 |                         vm_mod_fused_nn_conv2d_add_nn_relu_13 |            - |              - |      0 |
|   16 |                          vm_mod_fused_nn_conv2d_add_nn_relu_3 |            - |              - |      0 |
|   17 |                         vm_mod_fused_nn_conv2d_add_nn_relu_15 |            - |              - |      0 |
|   18 |                         vm_mod_fused_nn_conv2d_add_nn_relu_11 |            - |              - |      0 |
|   19 |                                  vm_mod_fused_nn_conv2d_add_1 |            - |              - |      0 |
|   20 |                          vm_mod_fused_nn_conv2d_add_nn_relu_6 |            - |              - |      0 |
|   21 |                           vm_mod_fused_nn_adaptive_avg_pool2d |            - |              - |      0 |
|   22 |                      vm_mod_fused_nn_conv2d_add_add_nn_relu_2 |            - |              - |      0 |
|   23 |                                    vm_mod_fused_nn_max_pool2d |            - |              - |      0 |
|   24 |                          vm_mod_fused_nn_conv2d_add_nn_relu_2 |            - |              - |      0 |
|   25 |                         vm_mod_fused_nn_conv2d_add_nn_relu_12 |            - |              - |      0 |
|   26 |                          vm_mod_fused_nn_conv2d_add_nn_relu_9 |            - |              - |      0 |
-----------------------------------------------------------------------------------------------------------------
Estimated total latency: - ms	Trials: 832	Used time : 1658 s	Next ID: 13	

Time elapsed for measurement: 30.24 s
----------------------------------------------------------------------
------------------------------  [ Train cost model ]
----------------------------------------------------------------------
Time elapsed for training: 0.00 s
----------------------------------------------------------------------
------------------------------  [ Task Scheduler ]
----------------------------------------------------------------------
----------------------------------------------------------------------
------------------------------  [ Search ]
----------------------------------------------------------------------
Generate Sketches		#s: 1
Sample Initial Population	#s: 61	fail_ct: 1987	Time elapsed: 6.14
GA Iter: 0	Max score: 0.9908	Min score: 0.0229	#Pop: 61	#M+: 0	#M-: 0
GA Iter: 4	Max score: 0.9998	Min score: 0.9814	#Pop: 128	#M+: 1390	#M-: 0
EvolutionarySearch		#s: 128	Time elapsed: 75.42
----------------------------------------------------------------------
------------------------------  [ Measure ]
----------------------------------------------------------------------
Get 64 programs to measure:
................................................................****************************************************************|  ID  |                       Task Description                        | Latency (ms) | Speed (GFLOPS) | Trials |
-----------------------------------------------------------------------------------------------------------------
|    0 |                          vm_mod_fused_nn_conv2d_add_nn_relu_5 |        0.006 |        5038.86 |     64 |
|    1 |                                    vm_mod_fused_nn_conv2d_add |        0.012 |        8679.29 |     64 |
|    2 |                          vm_mod_fused_nn_conv2d_add_nn_relu_1 |        0.007 |        7817.23 |     64 |
|    3 |                                     vm_mod_fused_nn_dense_add |        0.013 |         304.18 |     64 |
|    4 |                                  vm_mod_fused_nn_conv2d_add_3 |        0.021 |        9933.93 |     64 |
|    5 |                          vm_mod_fused_nn_conv2d_add_nn_relu_8 |        0.027 |       15132.48 |     64 |
|    6 |                      vm_mod_fused_nn_conv2d_add_add_nn_relu_3 |        0.034 |        6116.71 |     64 |
|    7 |                          vm_mod_fused_nn_conv2d_add_nn_relu_4 |        0.020 |       21089.64 |     64 |
|    8 |                        vm_mod_fused_nn_conv2d_add_add_nn_relu |        0.014 |       15315.59 |     64 |
|    9 |                      vm_mod_fused_nn_conv2d_add_add_nn_relu_1 |        0.019 |       10802.31 |     64 |
|   10 |                         vm_mod_fused_nn_conv2d_add_nn_relu_14 |        0.047 |        4375.93 |     64 |
|   11 |                                  vm_mod_fused_nn_conv2d_add_2 |        0.029 |        7090.09 |     64 |
|   12 |                            vm_mod_fused_nn_conv2d_add_nn_relu |        0.012 |       19385.01 |     64 |
|   13 |                          vm_mod_fused_nn_conv2d_add_nn_relu_7 |        0.005 |        6409.26 |     64 |
|   14 |                         vm_mod_fused_nn_conv2d_add_nn_relu_10 |            - |              - |      0 |
|   15 |                         vm_mod_fused_nn_conv2d_add_nn_relu_13 |            - |              - |      0 |
|   16 |                          vm_mod_fused_nn_conv2d_add_nn_relu_3 |            - |              - |      0 |
|   17 |                         vm_mod_fused_nn_conv2d_add_nn_relu_15 |            - |              - |      0 |
|   18 |                         vm_mod_fused_nn_conv2d_add_nn_relu_11 |            - |              - |      0 |
|   19 |                                  vm_mod_fused_nn_conv2d_add_1 |            - |              - |      0 |
|   20 |                          vm_mod_fused_nn_conv2d_add_nn_relu_6 |            - |              - |      0 |
|   21 |                           vm_mod_fused_nn_adaptive_avg_pool2d |            - |              - |      0 |
|   22 |                      vm_mod_fused_nn_conv2d_add_add_nn_relu_2 |            - |              - |      0 |
|   23 |                                    vm_mod_fused_nn_max_pool2d |            - |              - |      0 |
|   24 |                          vm_mod_fused_nn_conv2d_add_nn_relu_2 |            - |              - |      0 |
|   25 |                         vm_mod_fused_nn_conv2d_add_nn_relu_12 |            - |              - |      0 |
|   26 |                          vm_mod_fused_nn_conv2d_add_nn_relu_9 |            - |              - |      0 |
-----------------------------------------------------------------------------------------------------------------
Estimated total latency: - ms	Trials: 896	Used time : 1825 s	Next ID: 14	

Time elapsed for measurement: 36.59 s
----------------------------------------------------------------------
------------------------------  [ Train cost model ]
----------------------------------------------------------------------
Time elapsed for training: 2.74 s
----------------------------------------------------------------------
------------------------------  [ Task Scheduler ]
----------------------------------------------------------------------
----------------------------------------------------------------------
------------------------------  [ Search ]
----------------------------------------------------------------------
Generate Sketches		#s: 1
Sample Initial Population	#s: 94	fail_ct: 4002	Time elapsed: 14.78
GA Iter: 0	Max score: 0.9798	Min score: 0.0114	#Pop: 94	#M+: 0	#M-: 0
GA Iter: 4	Max score: 1.0000	Min score: 0.9820	#Pop: 128	#M+: 1390	#M-: 0
EvolutionarySearch		#s: 128	Time elapsed: 97.14
----------------------------------------------------------------------
------------------------------  [ Measure ]
----------------------------------------------------------------------
Get 64 programs to measure:
................................................................****Eterminate called after throwing an instance of 'tvm::runtime::InternalError'
  what():  [10:55:52] /data3/qsy/complier/tlm/src/runtime/cuda/cuda_module.cc:61: CUDAError: cuModuleUnload(module_[i]) failed with error: CUDA_ERROR_MISALIGNED_ADDRESS
Stack trace:
  0: tvm::runtime::SimpleObjAllocator::Handler<tvm::runtime::CUDAModuleNode>::Deleter_(tvm::runtime::Object*)
  1: tvm::runtime::SimpleObjAllocator::Handler<tvm::runtime::LibraryModuleNode>::Deleter_(tvm::runtime::Object*)
  2: _ZN3tvm7runtime18SimpleObjAllocator7HandlerINS0_16PackedFuncS
  3: _ZN3tvm7runtime18SimpleObjAllocator7HandlerINS0_16PackedFuncSubObjIZNS0_9profiling17WrapTimeE
  4: TVMObjectFree
  5: __pyx_tp_dealloc_3tvm_4_ffi_4_cy3_4core_PackedFuncBase(_object*)
  6: subtype_dealloc
        at /usr/local/src/conda/python-3.10.18/Objects/typeobject.c:1460
  7: _Py_DECREF
        at /usr/local/src/conda/python-3.10.18/Include/object.h:500
  8: _Py_XDECREF
        at /usr/local/src/conda/python-3.10.18/Include/object.h:567
  9: cell_dealloc
        at /usr/local/src/conda/python-3.10.18/Objects/cellobject.c:82
  10: _Py_Dealloc
        at /usr/local/src/conda/python-3.10.18/Objects/object.c:2301
  11: _Py_DECREF
        at /usr/local/src/conda/python-3.10.18/Include/object.h:500
  12: _Py_XDECREF
        at /usr/local/src/conda/python-3.10.18/Include/object.h:567
  13: tupledealloc
        at /usr/local/src/conda/python-3.10.18/Objects/tupleobject.c:276
  14: _Py_Dealloc
        at /usr/local/src/conda/python-3.10.18/Objects/object.c:2301
  15: _Py_DECREF
        at /usr/local/src/conda/python-3.10.18/Include/object.h:500
  16: func_clear
        at /usr/local/src/conda/python-3.10.18/Objects/funcobject.c:636
  17: func_dealloc
        at /usr/local/src/conda/python-3.10.18/Objects/funcobject.c:648
  18: _Py_Dealloc
        at /usr/local/src/conda/python-3.10.18/Objects/object.c:2301
  19: _Py_DECREF
        at /usr/local/src/conda/python-3.10.18/Include/object.h:500
  20: frame_dealloc
        at /usr/local/src/conda/python-3.10.18/Objects/frameobject.c:591
  21: _Py_Dealloc
        at /usr/local/src/conda/python-3.10.18/Objects/object.c:2301
  22: _Py_DECREF
        at /usr/local/src/conda/python-3.10.18/Include/object.h:500
  23: _PyEval_Vector
        at /usr/local/src/conda/python-3.10.18/Python/ceval.c:5080
  24: _PyFunction_Vectorcall
        at /usr/local/src/conda/python-3.10.18/Objects/call.c:342
  25: do_call_core
        at /usr/local/src/conda/python-3.10.18/Python/ceval.c:5945
  26: _PyEval_EvalFrameDefault
        at /usr/local/src/conda/python-3.10.18/Python/ceval.c:4277
  27: _PyEval_EvalFrame
        at /usr/local/src/conda/python-3.10.18/Include/internal/pycore_ceval.h:46
  28: _PyEval_Vector
        at /usr/local/src/conda/python-3.10.18/Python/ceval.c:5067
  29: _PyFunction_Vectorcall
        at /usr/local/src/conda/python-3.10.18/Objects/call.c:342
  30: _PyObject_VectorcallTstate
        at /usr/local/src/conda/python-3.10.18/Include/cpython/abstract.h:114
  31: PyObject_Vectorcall
        at /usr/local/src/conda/python-3.10.18/Include/cpython/abstract.h:123
  32: call_function
        at /usr/local/src/conda/python-3.10.18/Python/ceval.c:5893
  33: _PyEval_EvalFrameDefault
        at /usr/local/src/conda/python-3.10.18/Python/ceval.c:4213
  34: _PyEval_EvalFrame
        at /usr/local/src/conda/python-3.10.18/Include/internal/pycore_ceval.h:46
  35: _PyEval_Vector
        at /usr/local/src/conda/python-3.10.18/Python/ceval.c:5067
  36: PyEval_EvalCode
        at /usr/local/src/conda/python-3.10.18/Python/ceval.c:1134
  37: builtin_exec_impl
        at /usr/local/src/conda/python-3.10.18/Python/bltinmodule.c:1058
  38: builtin_exec
        at /usr/local/src/conda/python-3.10.18/Python/clinic/bltinmodule.c.h:371
  39: cfunction_vectorcall_FASTCALL
        at /usr/local/src/conda/python-3.10.18/Objects/methodobject.c:430
  40: _PyObject_VectorcallTstate
        at /usr/local/src/conda/python-3.10.18/Include/cpython/abstract.h:114
  41: PyObject_Vectorcall
        at /usr/local/src/conda/python-3.10.18/Include/cpython/abstract.h:123
  42: call_function
        at /usr/local/src/conda/python-3.10.18/Python/ceval.c:5893
  43: _PyEval_EvalFrameDefault
        at /usr/local/src/conda/python-3.10.18/Python/ceval.c:4213
  44: _PyEval_EvalFrame
        at /usr/local/src/conda/python-3.10.18/Include/internal/pycore_ceval.h:46
  45: _PyEval_Vector
        at /usr/local/src/conda/python-3.10.18/Python/ceval.c:5067
  46: _PyFunction_Vectorcall
        at /usr/local/src/conda/python-3.10.18/Objects/call.c:342
  47: _PyObject_VectorcallTstate
        at /usr/local/src/conda/python-3.10.18/Include/cpython/abstract.h:114
  48: PyObject_Vectorcall
        at /usr/local/src/conda/python-3.10.18/Include/cpython/abstract.h:123
  49: call_function
        at /usr/local/src/conda/python-3.10.18/Python/ceval.c:5893
  50: _PyEval_EvalFrameDefault
        at /usr/local/src/conda/python-3.10.18/Python/ceval.c:4213
  51: _PyEval_EvalFrame
        at /usr/local/src/conda/python-3.10.18/Include/internal/pycore_ceval.h:46
  52: _PyEval_Vector
        at /usr/local/src/conda/python-3.10.18/Python/ceval.c:5067
  53: _PyFunction_Vectorcall
        at /usr/local/src/conda/python-3.10.18/Objects/call.c:342
  54: pymain_run_module
        at /usr/local/src/conda/python-3.10.18/Modules/main.c:297
  55: pymain_run_python
        at /usr/local/src/conda/python-3.10.18/Modules/main.c:589
  56: Py_RunMain
        at /usr/local/src/conda/python-3.10.18/Modules/main.c:674
  57: Py_BytesMain
        at /usr/local/src/conda/python-3.10.18/Modules/main.c:1094
  58: __libc_start_main
        at ../csu/libc-start.c:308
  59: 0x000000000058728d
  60: 0xffffffffffffffff


|  ID  |                       Task Description                        | Latency (ms) | Speed (GFLOPS) | Trials |
-----------------------------------------------------------------------------------------------------------------
|    0 |                          vm_mod_fused_nn_conv2d_add_nn_relu_5 |        0.006 |        5038.86 |     64 |
|    1 |                                    vm_mod_fused_nn_conv2d_add |        0.012 |        8679.29 |     64 |
|    2 |                          vm_mod_fused_nn_conv2d_add_nn_relu_1 |        0.007 |        7817.23 |     64 |
|    3 |                                     vm_mod_fused_nn_dense_add |        0.013 |         304.18 |     64 |
|    4 |                                  vm_mod_fused_nn_conv2d_add_3 |        0.021 |        9933.93 |     64 |
|    5 |                          vm_mod_fused_nn_conv2d_add_nn_relu_8 |        0.027 |       15132.48 |     64 |
|    6 |                      vm_mod_fused_nn_conv2d_add_add_nn_relu_3 |        0.034 |        6116.71 |     64 |
|    7 |                          vm_mod_fused_nn_conv2d_add_nn_relu_4 |        0.020 |       21089.64 |     64 |
|    8 |                        vm_mod_fused_nn_conv2d_add_add_nn_relu |        0.014 |       15315.59 |     64 |
|    9 |                      vm_mod_fused_nn_conv2d_add_add_nn_relu_1 |        0.019 |       10802.31 |     64 |
|   10 |                         vm_mod_fused_nn_conv2d_add_nn_relu_14 |        0.047 |        4375.93 |     64 |
|   11 |                                  vm_mod_fused_nn_conv2d_add_2 |        0.029 |        7090.09 |     64 |
|   12 |                            vm_mod_fused_nn_conv2d_add_nn_relu |        0.012 |       19385.01 |     64 |
|   13 |                          vm_mod_fused_nn_conv2d_add_nn_relu_7 |        0.005 |        6409.26 |     64 |
|   14 |                         vm_mod_fused_nn_conv2d_add_nn_relu_10 |        0.032 |        6406.07 |     64 |
|   15 |                         vm_mod_fused_nn_conv2d_add_nn_relu_13 |            - |              - |      0 |
|   16 |                          vm_mod_fused_nn_conv2d_add_nn_relu_3 |            - |              - |      0 |
|   17 |                         vm_mod_fused_nn_conv2d_add_nn_relu_15 |            - |              - |      0 |
|   18 |                         vm_mod_fused_nn_conv2d_add_nn_relu_11 |            - |              - |      0 |
|   19 |                                  vm_mod_fused_nn_conv2d_add_1 |            - |              - |      0 |
|   20 |                          vm_mod_fused_nn_conv2d_add_nn_relu_6 |            - |              - |      0 |
|   21 |                           vm_mod_fused_nn_adaptive_avg_pool2d |            - |              - |      0 |
|   22 |                      vm_mod_fused_nn_conv2d_add_add_nn_relu_2 |            - |              - |      0 |
|   23 |                                    vm_mod_fused_nn_max_pool2d |            - |              - |      0 |
|   24 |                          vm_mod_fused_nn_conv2d_add_nn_relu_2 |            - |              - |      0 |
|   25 |                         vm_mod_fused_nn_conv2d_add_nn_relu_12 |            - |              - |      0 |
|   26 |                          vm_mod_fused_nn_conv2d_add_nn_relu_9 |            - |              - |      0 |
-----------------------------------------------------------------------------------------------------------------
Estimated total latency: - ms	Trials: 960	Used time : 1946 s	Next ID: 15	
*E**************************************************Eterminate called after throwing an instance of 'tvm::runtime::InternalError'
  what():  [10:56:09] /data3/qsy/complier/tlm/src/runtime/cuda/cuda_module.cc:61: CUDAError: cuModuleUnload(module_[i]) failed with error: CUDA_ERROR_MISALIGNED_ADDRESS
Stack trace:
  0: tvm::runtime::SimpleObjAllocator::Handler<tvm::runtime::CUDAModuleNode>::Deleter_(tvm::runtime::Object*)
  1: tvm::runtime::SimpleObjAllocator::Handler<tvm::runtime::LibraryModuleNode>::Deleter_(tvm::runtime::Object*)
  2: _ZN3tvm7runtime18SimpleObjAllocator7HandlerINS0_16PackedFuncS
  3: _ZN3tvm7runtime18SimpleObjAllocator7HandlerINS0_16PackedFuncSubObjIZNS0_9profiling17WrapTimeE
  4: TVMObjectFree
  5: __pyx_tp_dealloc_3tvm_4_ffi_4_cy3_4core_PackedFuncBase(_object*)
  6: subtype_dealloc
        at /usr/local/src/conda/python-3.10.18/Objects/typeobject.c:1460
  7: _Py_DECREF
        at /usr/local/src/conda/python-3.10.18/Include/object.h:500
  8: _Py_XDECREF
        at /usr/local/src/conda/python-3.10.18/Include/object.h:567
  9: cell_dealloc
        at /usr/local/src/conda/python-3.10.18/Objects/cellobject.c:82
  10: _Py_Dealloc
        at /usr/local/src/conda/python-3.10.18/Objects/object.c:2301
  11: _Py_DECREF
        at /usr/local/src/conda/python-3.10.18/Include/object.h:500
  12: _Py_XDECREF
        at /usr/local/src/conda/python-3.10.18/Include/object.h:567
  13: tupledealloc
        at /usr/local/src/conda/python-3.10.18/Objects/tupleobject.c:276
  14: _Py_Dealloc
        at /usr/local/src/conda/python-3.10.18/Objects/object.c:2301
  15: _Py_DECREF
        at /usr/local/src/conda/python-3.10.18/Include/object.h:500
  16: func_clear
        at /usr/local/src/conda/python-3.10.18/Objects/funcobject.c:636
  17: func_dealloc
        at /usr/local/src/conda/python-3.10.18/Objects/funcobject.c:648
  18: _Py_Dealloc
        at /usr/local/src/conda/python-3.10.18/Objects/object.c:2301
  19: _Py_DECREF
        at /usr/local/src/conda/python-3.10.18/Include/object.h:500
  20: frame_dealloc
        at /usr/local/src/conda/python-3.10.18/Objects/frameobject.c:591
  21: _Py_Dealloc
        at /usr/local/src/conda/python-3.10.18/Objects/object.c:2301
  22: _Py_DECREF
        at /usr/local/src/conda/python-3.10.18/Include/object.h:500
  23: _PyEval_Vector
        at /usr/local/src/conda/python-3.10.18/Python/ceval.c:5080
  24: _PyFunction_Vectorcall
        at /usr/local/src/conda/python-3.10.18/Objects/call.c:342
  25: do_call_core
        at /usr/local/src/conda/python-3.10.18/Python/ceval.c:5945
  26: _PyEval_EvalFrameDefault
        at /usr/local/src/conda/python-3.10.18/Python/ceval.c:4277
  27: _PyEval_EvalFrame
        at /usr/local/src/conda/python-3.10.18/Include/internal/pycore_ceval.h:46
  28: _PyEval_Vector
        at /usr/local/src/conda/python-3.10.18/Python/ceval.c:5067
  29: _PyFunction_Vectorcall
        at /usr/local/src/conda/python-3.10.18/Objects/call.c:342
  30: _PyObject_VectorcallTstate
        at /usr/local/src/conda/python-3.10.18/Include/cpython/abstract.h:114
  31: PyObject_Vectorcall
        at /usr/local/src/conda/python-3.10.18/Include/cpython/abstract.h:123
  32: call_function
        at /usr/local/src/conda/python-3.10.18/Python/ceval.c:5893
  33: _PyEval_EvalFrameDefault
        at /usr/local/src/conda/python-3.10.18/Python/ceval.c:4213
  34: _PyEval_EvalFrame
        at /usr/local/src/conda/python-3.10.18/Include/internal/pycore_ceval.h:46
  35: _PyEval_Vector
        at /usr/local/src/conda/python-3.10.18/Python/ceval.c:5067
  36: PyEval_EvalCode
        at /usr/local/src/conda/python-3.10.18/Python/ceval.c:1134
  37: builtin_exec_impl
        at /usr/local/src/conda/python-3.10.18/Python/bltinmodule.c:1058
  38: builtin_exec
        at /usr/local/src/conda/python-3.10.18/Python/clinic/bltinmodule.c.h:371
  39: cfunction_vectorcall_FASTCALL
        at /usr/local/src/conda/python-3.10.18/Objects/methodobject.c:430
  40: _PyObject_VectorcallTstate
        at /usr/local/src/conda/python-3.10.18/Include/cpython/abstract.h:114
  41: PyObject_Vectorcall
        at /usr/local/src/conda/python-3.10.18/Include/cpython/abstract.h:123
  42: call_function
        at /usr/local/src/conda/python-3.10.18/Python/ceval.c:5893
  43: _PyEval_EvalFrameDefault
        at /usr/local/src/conda/python-3.10.18/Python/ceval.c:4213
  44: _PyEval_EvalFrame
        at /usr/local/src/conda/python-3.10.18/Include/internal/pycore_ceval.h:46
  45: _PyEval_Vector
        at /usr/local/src/conda/python-3.10.18/Python/ceval.c:5067
  46: _PyFunction_Vectorcall
        at /usr/local/src/conda/python-3.10.18/Objects/call.c:342
  47: _PyObject_VectorcallTstate
        at /usr/local/src/conda/python-3.10.18/Include/cpython/abstract.h:114
  48: PyObject_Vectorcall
        at /usr/local/src/conda/python-3.10.18/Include/cpython/abstract.h:123
  49: call_function
        at /usr/local/src/conda/python-3.10.18/Python/ceval.c:5893
  50: _PyEval_EvalFrameDefault
        at /usr/local/src/conda/python-3.10.18/Python/ceval.c:4213
  51: _PyEval_EvalFrame
        at /usr/local/src/conda/python-3.10.18/Include/internal/pycore_ceval.h:46
  52: _PyEval_Vector
        at /usr/local/src/conda/python-3.10.18/Python/ceval.c:5067
  53: _PyFunction_Vectorcall
        at /usr/local/src/conda/python-3.10.18/Objects/call.c:342
  54: pymain_run_module
        at /usr/local/src/conda/python-3.10.18/Modules/main.c:297
  55: pymain_run_python
        at /usr/local/src/conda/python-3.10.18/Modules/main.c:589
  56: Py_RunMain
        at /usr/local/src/conda/python-3.10.18/Modules/main.c:674
  57: Py_BytesMain
        at /usr/local/src/conda/python-3.10.18/Modules/main.c:1094
  58: __libc_start_main
        at ../csu/libc-start.c:308
  59: 0x000000000058728d
  60: 0xffffffffffffffff


*E**********
Time elapsed for measurement: 39.98 s
----------------------------------------------------------------------
------------------------------  [ Train cost model ]
----------------------------------------------------------------------
Time elapsed for training: 0.00 s
----------------------------------------------------------------------
------------------------------  [ Task Scheduler ]
----------------------------------------------------------------------
----------------------------------------------------------------------
------------------------------  [ Search ]
----------------------------------------------------------------------
Generate Sketches		#s: 1
Sample Initial Population	#s: 64	fail_ct: 1984	Time elapsed: 7.29
GA Iter: 0	Max score: 0.9845	Min score: 0.0209	#Pop: 64	#M+: 0	#M-: 0
GA Iter: 4	Max score: 0.9997	Min score: 0.9813	#Pop: 128	#M+: 1394	#M-: 0
EvolutionarySearch		#s: 128	Time elapsed: 77.86
----------------------------------------------------------------------
------------------------------  [ Measure ]
----------------------------------------------------------------------
Get 64 programs to measure:
...............................................................|  ID  |                       Task Description                        | Latency (ms) | Speed (GFLOPS) | Trials |
-----------------------------------------------------------------------------------------------------------------
|    0 |                          vm_mod_fused_nn_conv2d_add_nn_relu_5 |        0.006 |        5038.86 |     64 |
|    1 |                                    vm_mod_fused_nn_conv2d_add |        0.012 |        8679.29 |     64 |
|    2 |                          vm_mod_fused_nn_conv2d_add_nn_relu_1 |        0.007 |        7817.23 |     64 |
|    3 |                                     vm_mod_fused_nn_dense_add |        0.013 |         304.18 |     64 |
|    4 |                                  vm_mod_fused_nn_conv2d_add_3 |        0.021 |        9933.93 |     64 |
|    5 |                          vm_mod_fused_nn_conv2d_add_nn_relu_8 |        0.027 |       15132.48 |     64 |
|    6 |                      vm_mod_fused_nn_conv2d_add_add_nn_relu_3 |        0.034 |        6116.71 |     64 |
|    7 |                          vm_mod_fused_nn_conv2d_add_nn_relu_4 |        0.020 |       21089.64 |     64 |
|    8 |                        vm_mod_fused_nn_conv2d_add_add_nn_relu |        0.014 |       15315.59 |     64 |
|    9 |                      vm_mod_fused_nn_conv2d_add_add_nn_relu_1 |        0.019 |       10802.31 |     64 |
|   10 |                         vm_mod_fused_nn_conv2d_add_nn_relu_14 |        0.047 |        4375.93 |     64 |
|   11 |                                  vm_mod_fused_nn_conv2d_add_2 |        0.029 |        7090.09 |     64 |
|   12 |                            vm_mod_fused_nn_conv2d_add_nn_relu |        0.012 |       19385.01 |     64 |
|   13 |                          vm_mod_fused_nn_conv2d_add_nn_relu_7 |        0.005 |        6409.26 |     64 |
|   14 |                         vm_mod_fused_nn_conv2d_add_nn_relu_10 |        0.032 |        6406.07 |     64 |
|   15 |                         vm_mod_fused_nn_conv2d_add_nn_relu_13 |        0.009 |        3392.51 |     64 |
|   16 |                          vm_mod_fused_nn_conv2d_add_nn_relu_3 |            - |              - |      0 |
|   17 |                         vm_mod_fused_nn_conv2d_add_nn_relu_15 |            - |              - |      0 |
|   18 |                         vm_mod_fused_nn_conv2d_add_nn_relu_11 |            - |              - |      0 |
|   19 |                                  vm_mod_fused_nn_conv2d_add_1 |            - |              - |      0 |
|   20 |                          vm_mod_fused_nn_conv2d_add_nn_relu_6 |            - |              - |      0 |
|   21 |                           vm_mod_fused_nn_adaptive_avg_pool2d |            - |              - |      0 |
|   22 |                      vm_mod_fused_nn_conv2d_add_add_nn_relu_2 |            - |              - |      0 |
|   23 |                                    vm_mod_fused_nn_max_pool2d |            - |              - |      0 |
|   24 |                          vm_mod_fused_nn_conv2d_add_nn_relu_2 |            - |              - |      0 |
|   25 |                         vm_mod_fused_nn_conv2d_add_nn_relu_12 |            - |              - |      0 |
|   26 |                          vm_mod_fused_nn_conv2d_add_nn_relu_9 |            - |              - |      0 |
-----------------------------------------------------------------------------------------------------------------
Estimated total latency: - ms	Trials: 1024	Used time : 2099 s	Next ID: 16	
.T***********E****************************************************
Time elapsed for measurement: 38.38 s
----------------------------------------------------------------------
------------------------------  [ Train cost model ]
----------------------------------------------------------------------
Time elapsed for training: 0.00 s
----------------------------------------------------------------------
------------------------------  [ Task Scheduler ]
----------------------------------------------------------------------
----------------------------------------------------------------------
------------------------------  [ Search ]
----------------------------------------------------------------------
Generate Sketches		#s: 1
Sample Initial Population	#s: 81	fail_ct: 1967	Time elapsed: 8.25
GA Iter: 0	Max score: 0.9967	Min score: 0.0040	#Pop: 81	#M+: 0	#M-: 0
GA Iter: 4	Max score: 0.9999	Min score: 0.9817	#Pop: 128	#M+: 1391	#M-: 0
EvolutionarySearch		#s: 128	Time elapsed: 109.27
----------------------------------------------------------------------
------------------------------  [ Measure ]
----------------------------------------------------------------------
Get 64 programs to measure:
................................................................*********************Eterminate called after throwing an instance of 'tvm::runtime::InternalError'
  what():  [11:00:33] /data3/qsy/complier/tlm/src/runtime/cuda/cuda_module.cc:61: CUDAError: cuModuleUnload(module_[i]) failed with error: CUDA_ERROR_MISALIGNED_ADDRESS
Stack trace:
  0: tvm::runtime::SimpleObjAllocator::Handler<tvm::runtime::CUDAModuleNode>::Deleter_(tvm::runtime::Object*)
  1: tvm::runtime::SimpleObjAllocator::Handler<tvm::runtime::LibraryModuleNode>::Deleter_(tvm::runtime::Object*)
  2: _ZN3tvm7runtime18SimpleObjAllocator7HandlerINS0_16PackedFuncS
  3: _ZN3tvm7runtime18SimpleObjAllocator7HandlerINS0_16PackedFuncSubObjIZNS0_9profiling17WrapTimeE
  4: TVMObjectFree
  5: __pyx_tp_dealloc_3tvm_4_ffi_4_cy3_4core_PackedFuncBase(_object*)
  6: subtype_dealloc
        at /usr/local/src/conda/python-3.10.18/Objects/typeobject.c:1460
  7: _Py_DECREF
        at /usr/local/src/conda/python-3.10.18/Include/object.h:500
  8: _Py_XDECREF
        at /usr/local/src/conda/python-3.10.18/Include/object.h:567
  9: cell_dealloc
        at /usr/local/src/conda/python-3.10.18/Objects/cellobject.c:82
  10: _Py_Dealloc
        at /usr/local/src/conda/python-3.10.18/Objects/object.c:2301
  11: _Py_DECREF
        at /usr/local/src/conda/python-3.10.18/Include/object.h:500
  12: _Py_XDECREF
        at /usr/local/src/conda/python-3.10.18/Include/object.h:567
  13: tupledealloc
        at /usr/local/src/conda/python-3.10.18/Objects/tupleobject.c:276
  14: _Py_Dealloc
        at /usr/local/src/conda/python-3.10.18/Objects/object.c:2301
  15: _Py_DECREF
        at /usr/local/src/conda/python-3.10.18/Include/object.h:500
  16: func_clear
        at /usr/local/src/conda/python-3.10.18/Objects/funcobject.c:636
  17: func_dealloc
        at /usr/local/src/conda/python-3.10.18/Objects/funcobject.c:648
  18: _Py_Dealloc
        at /usr/local/src/conda/python-3.10.18/Objects/object.c:2301
  19: _Py_DECREF
        at /usr/local/src/conda/python-3.10.18/Include/object.h:500
  20: frame_dealloc
        at /usr/local/src/conda/python-3.10.18/Objects/frameobject.c:591
  21: _Py_Dealloc
        at /usr/local/src/conda/python-3.10.18/Objects/object.c:2301
  22: _Py_DECREF
        at /usr/local/src/conda/python-3.10.18/Include/object.h:500
  23: _PyEval_Vector
        at /usr/local/src/conda/python-3.10.18/Python/ceval.c:5080
  24: _PyFunction_Vectorcall
        at /usr/local/src/conda/python-3.10.18/Objects/call.c:342
  25: do_call_core
        at /usr/local/src/conda/python-3.10.18/Python/ceval.c:5945
  26: _PyEval_EvalFrameDefault
        at /usr/local/src/conda/python-3.10.18/Python/ceval.c:4277
  27: _PyEval_EvalFrame
        at /usr/local/src/conda/python-3.10.18/Include/internal/pycore_ceval.h:46
  28: _PyEval_Vector
        at /usr/local/src/conda/python-3.10.18/Python/ceval.c:5067
  29: _PyFunction_Vectorcall
        at /usr/local/src/conda/python-3.10.18/Objects/call.c:342
  30: _PyObject_VectorcallTstate
        at /usr/local/src/conda/python-3.10.18/Include/cpython/abstract.h:114
  31: PyObject_Vectorcall
        at /usr/local/src/conda/python-3.10.18/Include/cpython/abstract.h:123
  32: call_function
        at /usr/local/src/conda/python-3.10.18/Python/ceval.c:5893
  33: _PyEval_EvalFrameDefault
        at /usr/local/src/conda/python-3.10.18/Python/ceval.c:4213
  34: _PyEval_EvalFrame
        at /usr/local/src/conda/python-3.10.18/Include/internal/pycore_ceval.h:46
  35: _PyEval_Vector
        at /usr/local/src/conda/python-3.10.18/Python/ceval.c:5067
  36: PyEval_EvalCode
        at /usr/local/src/conda/python-3.10.18/Python/ceval.c:1134
  37: builtin_exec_impl
        at /usr/local/src/conda/python-3.10.18/Python/bltinmodule.c:1058
  38: builtin_exec
        at /usr/local/src/conda/python-3.10.18/Python/clinic/bltinmodule.c.h:371
  39: cfunction_vectorcall_FASTCALL
        at /usr/local/src/conda/python-3.10.18/Objects/methodobject.c:430
  40: _PyObject_VectorcallTstate
        at /usr/local/src/conda/python-3.10.18/Include/cpython/abstract.h:114
  41: PyObject_Vectorcall
        at /usr/local/src/conda/python-3.10.18/Include/cpython/abstract.h:123
  42: call_function
        at /usr/local/src/conda/python-3.10.18/Python/ceval.c:5893
  43: _PyEval_EvalFrameDefault
        at /usr/local/src/conda/python-3.10.18/Python/ceval.c:4213
  44: _PyEval_EvalFrame
        at /usr/local/src/conda/python-3.10.18/Include/internal/pycore_ceval.h:46
  45: _PyEval_Vector
        at /usr/local/src/conda/python-3.10.18/Python/ceval.c:5067
  46: _PyFunction_Vectorcall
        at /usr/local/src/conda/python-3.10.18/Objects/call.c:342
  47: _PyObject_VectorcallTstate
        at /usr/local/src/conda/python-3.10.18/Include/cpython/abstract.h:114
  48: PyObject_Vectorcall
        at /usr/local/src/conda/python-3.10.18/Include/cpython/abstract.h:123
  49: call_function
        at /usr/local/src/conda/python-3.10.18/Python/ceval.c:5893
  50: _PyEval_EvalFrameDefault
        at /usr/local/src/conda/python-3.10.18/Python/ceval.c:4213
  51: _PyEval_EvalFrame
        at /usr/local/src/conda/python-3.10.18/Include/internal/pycore_ceval.h:46
  52: _PyEval_Vector
        at /usr/local/src/conda/python-3.10.18/Python/ceval.c:5067
  53: _PyFunction_Vectorcall
        at /usr/local/src/conda/python-3.10.18/Objects/call.c:342
  54: pymain_run_module
        at /usr/local/src/conda/python-3.10.18/Modules/main.c:297
  55: pymain_run_python
        at /usr/local/src/conda/python-3.10.18/Modules/main.c:589
  56: Py_RunMain
        at /usr/local/src/conda/python-3.10.18/Modules/main.c:674
  57: Py_BytesMain
        at /usr/local/src/conda/python-3.10.18/Modules/main.c:1094
  58: __libc_start_main
        at ../csu/libc-start.c:308
  59: 0x000000000058728d
  60: 0xffffffffffffffff


|  ID  |                       Task Description                        | Latency (ms) | Speed (GFLOPS) | Trials |
-----------------------------------------------------------------------------------------------------------------
|    0 |                          vm_mod_fused_nn_conv2d_add_nn_relu_5 |        0.006 |        5038.86 |     64 |
|    1 |                                    vm_mod_fused_nn_conv2d_add |        0.012 |        8679.29 |     64 |
|    2 |                          vm_mod_fused_nn_conv2d_add_nn_relu_1 |        0.007 |        7817.23 |     64 |
|    3 |                                     vm_mod_fused_nn_dense_add |        0.013 |         304.18 |     64 |
|    4 |                                  vm_mod_fused_nn_conv2d_add_3 |        0.021 |        9933.93 |     64 |
|    5 |                          vm_mod_fused_nn_conv2d_add_nn_relu_8 |        0.027 |       15132.48 |     64 |
|    6 |                      vm_mod_fused_nn_conv2d_add_add_nn_relu_3 |        0.034 |        6116.71 |     64 |
|    7 |                          vm_mod_fused_nn_conv2d_add_nn_relu_4 |        0.020 |       21089.64 |     64 |
|    8 |                        vm_mod_fused_nn_conv2d_add_add_nn_relu |        0.014 |       15315.59 |     64 |
|    9 |                      vm_mod_fused_nn_conv2d_add_add_nn_relu_1 |        0.019 |       10802.31 |     64 |
|   10 |                         vm_mod_fused_nn_conv2d_add_nn_relu_14 |        0.047 |        4375.93 |     64 |
|   11 |                                  vm_mod_fused_nn_conv2d_add_2 |        0.029 |        7090.09 |     64 |
|   12 |                            vm_mod_fused_nn_conv2d_add_nn_relu |        0.012 |       19385.01 |     64 |
|   13 |                          vm_mod_fused_nn_conv2d_add_nn_relu_7 |        0.005 |        6409.26 |     64 |
|   14 |                         vm_mod_fused_nn_conv2d_add_nn_relu_10 |        0.032 |        6406.07 |     64 |
|   15 |                         vm_mod_fused_nn_conv2d_add_nn_relu_13 |        0.009 |        3392.51 |     64 |
|   16 |                          vm_mod_fused_nn_conv2d_add_nn_relu_3 |        0.013 |       15557.61 |     64 |
|   17 |                         vm_mod_fused_nn_conv2d_add_nn_relu_15 |            - |              - |      0 |
|   18 |                         vm_mod_fused_nn_conv2d_add_nn_relu_11 |            - |              - |      0 |
|   19 |                                  vm_mod_fused_nn_conv2d_add_1 |            - |              - |      0 |
|   20 |                          vm_mod_fused_nn_conv2d_add_nn_relu_6 |            - |              - |      0 |
|   21 |                           vm_mod_fused_nn_adaptive_avg_pool2d |            - |              - |      0 |
|   22 |                      vm_mod_fused_nn_conv2d_add_add_nn_relu_2 |            - |              - |      0 |
|   23 |                                    vm_mod_fused_nn_max_pool2d |            - |              - |      0 |
|   24 |                          vm_mod_fused_nn_conv2d_add_nn_relu_2 |            - |              - |      0 |
|   25 |                         vm_mod_fused_nn_conv2d_add_nn_relu_12 |            - |              - |      0 |
|   26 |                          vm_mod_fused_nn_conv2d_add_nn_relu_9 |            - |              - |      0 |
-----------------------------------------------------------------------------------------------------------------
Estimated total latency: - ms	Trials: 1088	Used time : 2223 s	Next ID: 17	
*E*************Eterminate called after throwing an instance of 'tvm::runtime::InternalError'
  what():  [11:00:41] /data3/qsy/complier/tlm/src/runtime/cuda/cuda_module.cc:61: CUDAError: cuModuleUnload(module_[i]) failed with error: CUDA_ERROR_MISALIGNED_ADDRESS
Stack trace:
  0: tvm::runtime::SimpleObjAllocator::Handler<tvm::runtime::CUDAModuleNode>::Deleter_(tvm::runtime::Object*)
  1: tvm::runtime::SimpleObjAllocator::Handler<tvm::runtime::LibraryModuleNode>::Deleter_(tvm::runtime::Object*)
  2: _ZN3tvm7runtime18SimpleObjAllocator7HandlerINS0_16PackedFuncS
  3: _ZN3tvm7runtime18SimpleObjAllocator7HandlerINS0_16PackedFuncSubObjIZNS0_9profiling17WrapTimeE
  4: TVMObjectFree
  5: __pyx_tp_dealloc_3tvm_4_ffi_4_cy3_4core_PackedFuncBase(_object*)
  6: subtype_dealloc
        at /usr/local/src/conda/python-3.10.18/Objects/typeobject.c:1460
  7: _Py_DECREF
        at /usr/local/src/conda/python-3.10.18/Include/object.h:500
  8: _Py_XDECREF
        at /usr/local/src/conda/python-3.10.18/Include/object.h:567
  9: cell_dealloc
        at /usr/local/src/conda/python-3.10.18/Objects/cellobject.c:82
  10: _Py_Dealloc
        at /usr/local/src/conda/python-3.10.18/Objects/object.c:2301
  11: _Py_DECREF
        at /usr/local/src/conda/python-3.10.18/Include/object.h:500
  12: _Py_XDECREF
        at /usr/local/src/conda/python-3.10.18/Include/object.h:567
  13: tupledealloc
        at /usr/local/src/conda/python-3.10.18/Objects/tupleobject.c:276
  14: _Py_Dealloc
        at /usr/local/src/conda/python-3.10.18/Objects/object.c:2301
  15: _Py_DECREF
        at /usr/local/src/conda/python-3.10.18/Include/object.h:500
  16: func_clear
        at /usr/local/src/conda/python-3.10.18/Objects/funcobject.c:636
  17: func_dealloc
        at /usr/local/src/conda/python-3.10.18/Objects/funcobject.c:648
  18: _Py_Dealloc
        at /usr/local/src/conda/python-3.10.18/Objects/object.c:2301
  19: _Py_DECREF
        at /usr/local/src/conda/python-3.10.18/Include/object.h:500
  20: frame_dealloc
        at /usr/local/src/conda/python-3.10.18/Objects/frameobject.c:591
  21: _Py_Dealloc
        at /usr/local/src/conda/python-3.10.18/Objects/object.c:2301
  22: _Py_DECREF
        at /usr/local/src/conda/python-3.10.18/Include/object.h:500
  23: _PyEval_Vector
        at /usr/local/src/conda/python-3.10.18/Python/ceval.c:5080
  24: _PyFunction_Vectorcall
        at /usr/local/src/conda/python-3.10.18/Objects/call.c:342
  25: do_call_core
        at /usr/local/src/conda/python-3.10.18/Python/ceval.c:5945
  26: _PyEval_EvalFrameDefault
        at /usr/local/src/conda/python-3.10.18/Python/ceval.c:4277
  27: _PyEval_EvalFrame
        at /usr/local/src/conda/python-3.10.18/Include/internal/pycore_ceval.h:46
  28: _PyEval_Vector
        at /usr/local/src/conda/python-3.10.18/Python/ceval.c:5067
  29: _PyFunction_Vectorcall
        at /usr/local/src/conda/python-3.10.18/Objects/call.c:342
  30: _PyObject_VectorcallTstate
        at /usr/local/src/conda/python-3.10.18/Include/cpython/abstract.h:114
  31: PyObject_Vectorcall
        at /usr/local/src/conda/python-3.10.18/Include/cpython/abstract.h:123
  32: call_function
        at /usr/local/src/conda/python-3.10.18/Python/ceval.c:5893
  33: _PyEval_EvalFrameDefault
        at /usr/local/src/conda/python-3.10.18/Python/ceval.c:4213
  34: _PyEval_EvalFrame
        at /usr/local/src/conda/python-3.10.18/Include/internal/pycore_ceval.h:46
  35: _PyEval_Vector
        at /usr/local/src/conda/python-3.10.18/Python/ceval.c:5067
  36: PyEval_EvalCode
        at /usr/local/src/conda/python-3.10.18/Python/ceval.c:1134
  37: builtin_exec_impl
        at /usr/local/src/conda/python-3.10.18/Python/bltinmodule.c:1058
  38: builtin_exec
        at /usr/local/src/conda/python-3.10.18/Python/clinic/bltinmodule.c.h:371
  39: cfunction_vectorcall_FASTCALL
        at /usr/local/src/conda/python-3.10.18/Objects/methodobject.c:430
  40: _PyObject_VectorcallTstate
        at /usr/local/src/conda/python-3.10.18/Include/cpython/abstract.h:114
  41: PyObject_Vectorcall
        at /usr/local/src/conda/python-3.10.18/Include/cpython/abstract.h:123
  42: call_function
        at /usr/local/src/conda/python-3.10.18/Python/ceval.c:5893
  43: _PyEval_EvalFrameDefault
        at /usr/local/src/conda/python-3.10.18/Python/ceval.c:4213
  44: _PyEval_EvalFrame
        at /usr/local/src/conda/python-3.10.18/Include/internal/pycore_ceval.h:46
  45: _PyEval_Vector
        at /usr/local/src/conda/python-3.10.18/Python/ceval.c:5067
  46: _PyFunction_Vectorcall
        at /usr/local/src/conda/python-3.10.18/Objects/call.c:342
  47: _PyObject_VectorcallTstate
        at /usr/local/src/conda/python-3.10.18/Include/cpython/abstract.h:114
  48: PyObject_Vectorcall
        at /usr/local/src/conda/python-3.10.18/Include/cpython/abstract.h:123
  49: call_function
        at /usr/local/src/conda/python-3.10.18/Python/ceval.c:5893
  50: _PyEval_EvalFrameDefault
        at /usr/local/src/conda/python-3.10.18/Python/ceval.c:4213
  51: _PyEval_EvalFrame
        at /usr/local/src/conda/python-3.10.18/Include/internal/pycore_ceval.h:46
  52: _PyEval_Vector
        at /usr/local/src/conda/python-3.10.18/Python/ceval.c:5067
  53: _PyFunction_Vectorcall
        at /usr/local/src/conda/python-3.10.18/Objects/call.c:342
  54: pymain_run_module
        at /usr/local/src/conda/python-3.10.18/Modules/main.c:297
  55: pymain_run_python
        at /usr/local/src/conda/python-3.10.18/Modules/main.c:589
  56: Py_RunMain
        at /usr/local/src/conda/python-3.10.18/Modules/main.c:674
  57: Py_BytesMain
        at /usr/local/src/conda/python-3.10.18/Modules/main.c:1094
  58: __libc_start_main
        at ../csu/libc-start.c:308
  59: 0x000000000058728d
  60: 0xffffffffffffffff


*E******************************
Time elapsed for measurement: 37.00 s
----------------------------------------------------------------------
------------------------------  [ Train cost model ]
----------------------------------------------------------------------
Time elapsed for training: 2.42 s
----------------------------------------------------------------------
------------------------------  [ Task Scheduler ]
----------------------------------------------------------------------
----------------------------------------------------------------------
------------------------------  [ Search ]
----------------------------------------------------------------------
Generate Sketches		#s: 1
Sample Initial Population	#s: 118	fail_ct: 3978	Time elapsed: 16.31
GA Iter: 0	Max score: 0.9867	Min score: 0.0065	#Pop: 118	#M+: 0	#M-: 0
GA Iter: 4	Max score: 0.9999	Min score: 0.9787	#Pop: 128	#M+: 1386	#M-: 0
EvolutionarySearch		#s: 128	Time elapsed: 121.06
----------------------------------------------------------------------
------------------------------  [ Measure ]
----------------------------------------------------------------------
Get 64 programs to measure:
................................................................****************************************************************|  ID  |                       Task Description                        | Latency (ms) | Speed (GFLOPS) | Trials |
-----------------------------------------------------------------------------------------------------------------
|    0 |                          vm_mod_fused_nn_conv2d_add_nn_relu_5 |        0.006 |        5038.86 |     64 |
|    1 |                                    vm_mod_fused_nn_conv2d_add |        0.012 |        8679.29 |     64 |
|    2 |                          vm_mod_fused_nn_conv2d_add_nn_relu_1 |        0.007 |        7817.23 |     64 |
|    3 |                                     vm_mod_fused_nn_dense_add |        0.013 |         304.18 |     64 |
|    4 |                                  vm_mod_fused_nn_conv2d_add_3 |        0.021 |        9933.93 |     64 |
|    5 |                          vm_mod_fused_nn_conv2d_add_nn_relu_8 |        0.027 |       15132.48 |     64 |
|    6 |                      vm_mod_fused_nn_conv2d_add_add_nn_relu_3 |        0.034 |        6116.71 |     64 |
|    7 |                          vm_mod_fused_nn_conv2d_add_nn_relu_4 |        0.020 |       21089.64 |     64 |
|    8 |                        vm_mod_fused_nn_conv2d_add_add_nn_relu |        0.014 |       15315.59 |     64 |
|    9 |                      vm_mod_fused_nn_conv2d_add_add_nn_relu_1 |        0.019 |       10802.31 |     64 |
|   10 |                         vm_mod_fused_nn_conv2d_add_nn_relu_14 |        0.047 |        4375.93 |     64 |
|   11 |                                  vm_mod_fused_nn_conv2d_add_2 |        0.029 |        7090.09 |     64 |
|   12 |                            vm_mod_fused_nn_conv2d_add_nn_relu |        0.012 |       19385.01 |     64 |
|   13 |                          vm_mod_fused_nn_conv2d_add_nn_relu_7 |        0.005 |        6409.26 |     64 |
|   14 |                         vm_mod_fused_nn_conv2d_add_nn_relu_10 |        0.032 |        6406.07 |     64 |
|   15 |                         vm_mod_fused_nn_conv2d_add_nn_relu_13 |        0.009 |        3392.51 |     64 |
|   16 |                          vm_mod_fused_nn_conv2d_add_nn_relu_3 |        0.013 |       15557.61 |     64 |
|   17 |                         vm_mod_fused_nn_conv2d_add_nn_relu_15 |        0.006 |        4911.49 |     64 |
|   18 |                         vm_mod_fused_nn_conv2d_add_nn_relu_11 |            - |              - |      0 |
|   19 |                                  vm_mod_fused_nn_conv2d_add_1 |            - |              - |      0 |
|   20 |                          vm_mod_fused_nn_conv2d_add_nn_relu_6 |            - |              - |      0 |
|   21 |                           vm_mod_fused_nn_adaptive_avg_pool2d |            - |              - |      0 |
|   22 |                      vm_mod_fused_nn_conv2d_add_add_nn_relu_2 |            - |              - |      0 |
|   23 |                                    vm_mod_fused_nn_max_pool2d |            - |              - |      0 |
|   24 |                          vm_mod_fused_nn_conv2d_add_nn_relu_2 |            - |              - |      0 |
|   25 |                         vm_mod_fused_nn_conv2d_add_nn_relu_12 |            - |              - |      0 |
|   26 |                          vm_mod_fused_nn_conv2d_add_nn_relu_9 |            - |              - |      0 |
-----------------------------------------------------------------------------------------------------------------
Estimated total latency: - ms	Trials: 1152	Used time : 2380 s	Next ID: 18	

Time elapsed for measurement: 32.87 s
----------------------------------------------------------------------
------------------------------  [ Train cost model ]
----------------------------------------------------------------------
Time elapsed for training: 0.00 s
----------------------------------------------------------------------
------------------------------  [ Task Scheduler ]
----------------------------------------------------------------------
----------------------------------------------------------------------
------------------------------  [ Search ]
----------------------------------------------------------------------
Generate Sketches		#s: 1
Sample Initial Population	#s: 66	fail_ct: 1982	Time elapsed: 7.41
GA Iter: 0	Max score: 0.9767	Min score: 0.0080	#Pop: 66	#M+: 0	#M-: 0
GA Iter: 4	Max score: 0.9999	Min score: 0.9805	#Pop: 128	#M+: 1387	#M-: 0
EvolutionarySearch		#s: 128	Time elapsed: 81.93
----------------------------------------------------------------------
------------------------------  [ Measure ]
----------------------------------------------------------------------
Get 64 programs to measure:
................................................................*****************************Eterminate called after throwing an instance of 'tvm::runtime::InternalError'
  what():  [11:05:37] /data3/qsy/complier/tlm/src/runtime/cuda/cuda_module.cc:61: CUDAError: cuModuleUnload(module_[i]) failed with error: CUDA_ERROR_MISALIGNED_ADDRESS
Stack trace:
  0: tvm::runtime::SimpleObjAllocator::Handler<tvm::runtime::CUDAModuleNode>::Deleter_(tvm::runtime::Object*)
  1: tvm::runtime::SimpleObjAllocator::Handler<tvm::runtime::LibraryModuleNode>::Deleter_(tvm::runtime::Object*)
  2: _ZN3tvm7runtime18SimpleObjAllocator7HandlerINS0_16PackedFuncS
  3: _ZN3tvm7runtime18SimpleObjAllocator7HandlerINS0_16PackedFuncSubObjIZNS0_9profiling17WrapTimeE
  4: TVMObjectFree
  5: __pyx_tp_dealloc_3tvm_4_ffi_4_cy3_4core_PackedFuncBase(_object*)
  6: subtype_dealloc
        at /usr/local/src/conda/python-3.10.18/Objects/typeobject.c:1460
  7: _Py_DECREF
        at /usr/local/src/conda/python-3.10.18/Include/object.h:500
  8: _Py_XDECREF
        at /usr/local/src/conda/python-3.10.18/Include/object.h:567
  9: cell_dealloc
        at /usr/local/src/conda/python-3.10.18/Objects/cellobject.c:82
  10: _Py_Dealloc
        at /usr/local/src/conda/python-3.10.18/Objects/object.c:2301
  11: _Py_DECREF
        at /usr/local/src/conda/python-3.10.18/Include/object.h:500
  12: _Py_XDECREF
        at /usr/local/src/conda/python-3.10.18/Include/object.h:567
  13: tupledealloc
        at /usr/local/src/conda/python-3.10.18/Objects/tupleobject.c:276
  14: _Py_Dealloc
        at /usr/local/src/conda/python-3.10.18/Objects/object.c:2301
  15: _Py_DECREF
        at /usr/local/src/conda/python-3.10.18/Include/object.h:500
  16: func_clear
        at /usr/local/src/conda/python-3.10.18/Objects/funcobject.c:636
  17: func_dealloc
        at /usr/local/src/conda/python-3.10.18/Objects/funcobject.c:648
  18: _Py_Dealloc
        at /usr/local/src/conda/python-3.10.18/Objects/object.c:2301
  19: _Py_DECREF
        at /usr/local/src/conda/python-3.10.18/Include/object.h:500
  20: frame_dealloc
        at /usr/local/src/conda/python-3.10.18/Objects/frameobject.c:591
  21: _Py_Dealloc
        at /usr/local/src/conda/python-3.10.18/Objects/object.c:2301
  22: _Py_DECREF
        at /usr/local/src/conda/python-3.10.18/Include/object.h:500
  23: _PyEval_Vector
        at /usr/local/src/conda/python-3.10.18/Python/ceval.c:5080
  24: _PyFunction_Vectorcall
        at /usr/local/src/conda/python-3.10.18/Objects/call.c:342
  25: do_call_core
        at /usr/local/src/conda/python-3.10.18/Python/ceval.c:5945
  26: _PyEval_EvalFrameDefault
        at /usr/local/src/conda/python-3.10.18/Python/ceval.c:4277
  27: _PyEval_EvalFrame
        at /usr/local/src/conda/python-3.10.18/Include/internal/pycore_ceval.h:46
  28: _PyEval_Vector
        at /usr/local/src/conda/python-3.10.18/Python/ceval.c:5067
  29: _PyFunction_Vectorcall
        at /usr/local/src/conda/python-3.10.18/Objects/call.c:342
  30: _PyObject_VectorcallTstate
        at /usr/local/src/conda/python-3.10.18/Include/cpython/abstract.h:114
  31: PyObject_Vectorcall
        at /usr/local/src/conda/python-3.10.18/Include/cpython/abstract.h:123
  32: call_function
        at /usr/local/src/conda/python-3.10.18/Python/ceval.c:5893
  33: _PyEval_EvalFrameDefault
        at /usr/local/src/conda/python-3.10.18/Python/ceval.c:4213
  34: _PyEval_EvalFrame
        at /usr/local/src/conda/python-3.10.18/Include/internal/pycore_ceval.h:46
  35: _PyEval_Vector
        at /usr/local/src/conda/python-3.10.18/Python/ceval.c:5067
  36: PyEval_EvalCode
        at /usr/local/src/conda/python-3.10.18/Python/ceval.c:1134
  37: builtin_exec_impl
        at /usr/local/src/conda/python-3.10.18/Python/bltinmodule.c:1058
  38: builtin_exec
        at /usr/local/src/conda/python-3.10.18/Python/clinic/bltinmodule.c.h:371
  39: cfunction_vectorcall_FASTCALL
        at /usr/local/src/conda/python-3.10.18/Objects/methodobject.c:430
  40: _PyObject_VectorcallTstate
        at /usr/local/src/conda/python-3.10.18/Include/cpython/abstract.h:114
  41: PyObject_Vectorcall
        at /usr/local/src/conda/python-3.10.18/Include/cpython/abstract.h:123
  42: call_function
        at /usr/local/src/conda/python-3.10.18/Python/ceval.c:5893
  43: _PyEval_EvalFrameDefault
        at /usr/local/src/conda/python-3.10.18/Python/ceval.c:4213
  44: _PyEval_EvalFrame
        at /usr/local/src/conda/python-3.10.18/Include/internal/pycore_ceval.h:46
  45: _PyEval_Vector
        at /usr/local/src/conda/python-3.10.18/Python/ceval.c:5067
  46: _PyFunction_Vectorcall
        at /usr/local/src/conda/python-3.10.18/Objects/call.c:342
  47: _PyObject_VectorcallTstate
        at /usr/local/src/conda/python-3.10.18/Include/cpython/abstract.h:114
  48: PyObject_Vectorcall
        at /usr/local/src/conda/python-3.10.18/Include/cpython/abstract.h:123
  49: call_function
        at /usr/local/src/conda/python-3.10.18/Python/ceval.c:5893
  50: _PyEval_EvalFrameDefault
        at /usr/local/src/conda/python-3.10.18/Python/ceval.c:4213
  51: _PyEval_EvalFrame
        at /usr/local/src/conda/python-3.10.18/Include/internal/pycore_ceval.h:46
  52: _PyEval_Vector
        at /usr/local/src/conda/python-3.10.18/Python/ceval.c:5067
  53: _PyFunction_Vectorcall
        at /usr/local/src/conda/python-3.10.18/Objects/call.c:342
  54: pymain_run_module
        at /usr/local/src/conda/python-3.10.18/Modules/main.c:297
  55: pymain_run_python
        at /usr/local/src/conda/python-3.10.18/Modules/main.c:589
  56: Py_RunMain
        at /usr/local/src/conda/python-3.10.18/Modules/main.c:674
  57: Py_BytesMain
        at /usr/local/src/conda/python-3.10.18/Modules/main.c:1094
  58: __libc_start_main
        at ../csu/libc-start.c:308
  59: 0x000000000058728d
  60: 0xffffffffffffffff


|  ID  |                       Task Description                        | Latency (ms) | Speed (GFLOPS) | Trials |
-----------------------------------------------------------------------------------------------------------------
|    0 |                          vm_mod_fused_nn_conv2d_add_nn_relu_5 |        0.006 |        5038.86 |     64 |
|    1 |                                    vm_mod_fused_nn_conv2d_add |        0.012 |        8679.29 |     64 |
|    2 |                          vm_mod_fused_nn_conv2d_add_nn_relu_1 |        0.007 |        7817.23 |     64 |
|    3 |                                     vm_mod_fused_nn_dense_add |        0.013 |         304.18 |     64 |
|    4 |                                  vm_mod_fused_nn_conv2d_add_3 |        0.021 |        9933.93 |     64 |
|    5 |                          vm_mod_fused_nn_conv2d_add_nn_relu_8 |        0.027 |       15132.48 |     64 |
|    6 |                      vm_mod_fused_nn_conv2d_add_add_nn_relu_3 |        0.034 |        6116.71 |     64 |
|    7 |                          vm_mod_fused_nn_conv2d_add_nn_relu_4 |        0.020 |       21089.64 |     64 |
|    8 |                        vm_mod_fused_nn_conv2d_add_add_nn_relu |        0.014 |       15315.59 |     64 |
|    9 |                      vm_mod_fused_nn_conv2d_add_add_nn_relu_1 |        0.019 |       10802.31 |     64 |
|   10 |                         vm_mod_fused_nn_conv2d_add_nn_relu_14 |        0.047 |        4375.93 |     64 |
|   11 |                                  vm_mod_fused_nn_conv2d_add_2 |        0.029 |        7090.09 |     64 |
|   12 |                            vm_mod_fused_nn_conv2d_add_nn_relu |        0.012 |       19385.01 |     64 |
|   13 |                          vm_mod_fused_nn_conv2d_add_nn_relu_7 |        0.005 |        6409.26 |     64 |
|   14 |                         vm_mod_fused_nn_conv2d_add_nn_relu_10 |        0.032 |        6406.07 |     64 |
|   15 |                         vm_mod_fused_nn_conv2d_add_nn_relu_13 |        0.009 |        3392.51 |     64 |
|   16 |                          vm_mod_fused_nn_conv2d_add_nn_relu_3 |        0.013 |       15557.61 |     64 |
|   17 |                         vm_mod_fused_nn_conv2d_add_nn_relu_15 |        0.006 |        4911.49 |     64 |
|   18 |                         vm_mod_fused_nn_conv2d_add_nn_relu_11 |        0.005 |        6332.14 |     64 |
|   19 |                                  vm_mod_fused_nn_conv2d_add_1 |            - |              - |      0 |
|   20 |                          vm_mod_fused_nn_conv2d_add_nn_relu_6 |            - |              - |      0 |
|   21 |                           vm_mod_fused_nn_adaptive_avg_pool2d |            - |              - |      0 |
|   22 |                      vm_mod_fused_nn_conv2d_add_add_nn_relu_2 |            - |              - |      0 |
|   23 |                                    vm_mod_fused_nn_max_pool2d |            - |              - |      0 |
|   24 |                          vm_mod_fused_nn_conv2d_add_nn_relu_2 |            - |              - |      0 |
|   25 |                         vm_mod_fused_nn_conv2d_add_nn_relu_12 |            - |              - |      0 |
|   26 |                          vm_mod_fused_nn_conv2d_add_nn_relu_9 |            - |              - |      0 |
-----------------------------------------------------------------------------------------------------------------
Estimated total latency: - ms	Trials: 1216	Used time : 2550 s	Next ID: 19	
*E***********************************
Time elapsed for measurement: 34.82 s
----------------------------------------------------------------------
------------------------------  [ Train cost model ]
----------------------------------------------------------------------
Time elapsed for training: 0.00 s
----------------------------------------------------------------------
------------------------------  [ Task Scheduler ]
----------------------------------------------------------------------
----------------------------------------------------------------------
------------------------------  [ Search ]
----------------------------------------------------------------------
Generate Sketches		#s: 1
Sample Initial Population	#s: 78	fail_ct: 1970	Time elapsed: 6.60
GA Iter: 0	Max score: 0.9926	Min score: 0.0040	#Pop: 78	#M+: 0	#M-: 0
GA Iter: 4	Max score: 1.0000	Min score: 0.9826	#Pop: 128	#M+: 1391	#M-: 0
EvolutionarySearch		#s: 128	Time elapsed: 76.32
----------------------------------------------------------------------
------------------------------  [ Measure ]
----------------------------------------------------------------------
Get 64 programs to measure:
...............................................................|  ID  |                       Task Description                        | Latency (ms) | Speed (GFLOPS) | Trials |
-----------------------------------------------------------------------------------------------------------------
|    0 |                          vm_mod_fused_nn_conv2d_add_nn_relu_5 |        0.006 |        5038.86 |     64 |
|    1 |                                    vm_mod_fused_nn_conv2d_add |        0.012 |        8679.29 |     64 |
|    2 |                          vm_mod_fused_nn_conv2d_add_nn_relu_1 |        0.007 |        7817.23 |     64 |
|    3 |                                     vm_mod_fused_nn_dense_add |        0.013 |         304.18 |     64 |
|    4 |                                  vm_mod_fused_nn_conv2d_add_3 |        0.021 |        9933.93 |     64 |
|    5 |                          vm_mod_fused_nn_conv2d_add_nn_relu_8 |        0.027 |       15132.48 |     64 |
|    6 |                      vm_mod_fused_nn_conv2d_add_add_nn_relu_3 |        0.034 |        6116.71 |     64 |
|    7 |                          vm_mod_fused_nn_conv2d_add_nn_relu_4 |        0.020 |       21089.64 |     64 |
|    8 |                        vm_mod_fused_nn_conv2d_add_add_nn_relu |        0.014 |       15315.59 |     64 |
|    9 |                      vm_mod_fused_nn_conv2d_add_add_nn_relu_1 |        0.019 |       10802.31 |     64 |
|   10 |                         vm_mod_fused_nn_conv2d_add_nn_relu_14 |        0.047 |        4375.93 |     64 |
|   11 |                                  vm_mod_fused_nn_conv2d_add_2 |        0.029 |        7090.09 |     64 |
|   12 |                            vm_mod_fused_nn_conv2d_add_nn_relu |        0.012 |       19385.01 |     64 |
|   13 |                          vm_mod_fused_nn_conv2d_add_nn_relu_7 |        0.005 |        6409.26 |     64 |
|   14 |                         vm_mod_fused_nn_conv2d_add_nn_relu_10 |        0.032 |        6406.07 |     64 |
|   15 |                         vm_mod_fused_nn_conv2d_add_nn_relu_13 |        0.009 |        3392.51 |     64 |
|   16 |                          vm_mod_fused_nn_conv2d_add_nn_relu_3 |        0.013 |       15557.61 |     64 |
|   17 |                         vm_mod_fused_nn_conv2d_add_nn_relu_15 |        0.006 |        4911.49 |     64 |
|   18 |                         vm_mod_fused_nn_conv2d_add_nn_relu_11 |        0.005 |        6332.14 |     64 |
|   19 |                                  vm_mod_fused_nn_conv2d_add_1 |        0.019 |       10667.00 |     64 |
|   20 |                          vm_mod_fused_nn_conv2d_add_nn_relu_6 |            - |              - |      0 |
|   21 |                           vm_mod_fused_nn_adaptive_avg_pool2d |            - |              - |      0 |
|   22 |                      vm_mod_fused_nn_conv2d_add_add_nn_relu_2 |            - |              - |      0 |
|   23 |                                    vm_mod_fused_nn_max_pool2d |            - |              - |      0 |
|   24 |                          vm_mod_fused_nn_conv2d_add_nn_relu_2 |            - |              - |      0 |
|   25 |                         vm_mod_fused_nn_conv2d_add_nn_relu_12 |            - |              - |      0 |
|   26 |                          vm_mod_fused_nn_conv2d_add_nn_relu_9 |            - |              - |      0 |
-----------------------------------------------------------------------------------------------------------------
Estimated total latency: - ms	Trials: 1280	Used time : 2675 s	Next ID: 20	
.T***************************************************************
Time elapsed for measurement: 37.43 s
----------------------------------------------------------------------
------------------------------  [ Train cost model ]
----------------------------------------------------------------------
Time elapsed for training: 0.00 s
----------------------------------------------------------------------
------------------------------  [ Task Scheduler ]
----------------------------------------------------------------------
----------------------------------------------------------------------
------------------------------  [ Search ]
----------------------------------------------------------------------
Generate Sketches		#s: 1
Sample Initial Population	#s: 245	fail_ct: 1803	Time elapsed: 3.33
GA Iter: 0	Max score: 0.9913	Min score: 0.4413	#Pop: 128	#M+: 0	#M-: 0
GA Iter: 4	Max score: 0.9994	Min score: 0.9611	#Pop: 128	#M+: 1389	#M-: 0
EvolutionarySearch		#s: 128	Time elapsed: 11.07
----------------------------------------------------------------------
------------------------------  [ Measure ]
----------------------------------------------------------------------
Get 64 programs to measure:
................................................................****************************************************************|  ID  |                       Task Description                        | Latency (ms) | Speed (GFLOPS) | Trials |
-----------------------------------------------------------------------------------------------------------------
|    0 |                          vm_mod_fused_nn_conv2d_add_nn_relu_5 |        0.006 |        5038.86 |     64 |
|    1 |                                    vm_mod_fused_nn_conv2d_add |        0.012 |        8679.29 |     64 |
|    2 |                          vm_mod_fused_nn_conv2d_add_nn_relu_1 |        0.007 |        7817.23 |     64 |
|    3 |                                     vm_mod_fused_nn_dense_add |        0.013 |         304.18 |     64 |
|    4 |                                  vm_mod_fused_nn_conv2d_add_3 |        0.021 |        9933.93 |     64 |
|    5 |                          vm_mod_fused_nn_conv2d_add_nn_relu_8 |        0.027 |       15132.48 |     64 |
|    6 |                      vm_mod_fused_nn_conv2d_add_add_nn_relu_3 |        0.034 |        6116.71 |     64 |
|    7 |                          vm_mod_fused_nn_conv2d_add_nn_relu_4 |        0.020 |       21089.64 |     64 |
|    8 |                        vm_mod_fused_nn_conv2d_add_add_nn_relu |        0.014 |       15315.59 |     64 |
|    9 |                      vm_mod_fused_nn_conv2d_add_add_nn_relu_1 |        0.019 |       10802.31 |     64 |
|   10 |                         vm_mod_fused_nn_conv2d_add_nn_relu_14 |        0.047 |        4375.93 |     64 |
|   11 |                                  vm_mod_fused_nn_conv2d_add_2 |        0.029 |        7090.09 |     64 |
|   12 |                            vm_mod_fused_nn_conv2d_add_nn_relu |        0.012 |       19385.01 |     64 |
|   13 |                          vm_mod_fused_nn_conv2d_add_nn_relu_7 |        0.005 |        6409.26 |     64 |
|   14 |                         vm_mod_fused_nn_conv2d_add_nn_relu_10 |        0.032 |        6406.07 |     64 |
|   15 |                         vm_mod_fused_nn_conv2d_add_nn_relu_13 |        0.009 |        3392.51 |     64 |
|   16 |                          vm_mod_fused_nn_conv2d_add_nn_relu_3 |        0.013 |       15557.61 |     64 |
|   17 |                         vm_mod_fused_nn_conv2d_add_nn_relu_15 |        0.006 |        4911.49 |     64 |
|   18 |                         vm_mod_fused_nn_conv2d_add_nn_relu_11 |        0.005 |        6332.14 |     64 |
|   19 |                                  vm_mod_fused_nn_conv2d_add_1 |        0.019 |       10667.00 |     64 |
|   20 |                          vm_mod_fused_nn_conv2d_add_nn_relu_6 |        0.014 |       14228.18 |     64 |
|   21 |                           vm_mod_fused_nn_adaptive_avg_pool2d |            - |              - |      0 |
|   22 |                      vm_mod_fused_nn_conv2d_add_add_nn_relu_2 |            - |              - |      0 |
|   23 |                                    vm_mod_fused_nn_max_pool2d |            - |              - |      0 |
|   24 |                          vm_mod_fused_nn_conv2d_add_nn_relu_2 |            - |              - |      0 |
|   25 |                         vm_mod_fused_nn_conv2d_add_nn_relu_12 |            - |              - |      0 |
|   26 |                          vm_mod_fused_nn_conv2d_add_nn_relu_9 |            - |              - |      0 |
-----------------------------------------------------------------------------------------------------------------
Estimated total latency: - ms	Trials: 1344	Used time : 2795 s	Next ID: 21	

Time elapsed for measurement: 28.66 s
----------------------------------------------------------------------
------------------------------  [ Train cost model ]
----------------------------------------------------------------------
Time elapsed for training: 2.35 s
----------------------------------------------------------------------
------------------------------  [ Task Scheduler ]
----------------------------------------------------------------------
----------------------------------------------------------------------
------------------------------  [ Search ]
----------------------------------------------------------------------
Generate Sketches		#s: 1
Sample Initial Population	#s: 73	fail_ct: 1975	Time elapsed: 6.71
GA Iter: 0	Max score: 0.9642	Min score: 0.0147	#Pop: 73	#M+: 0	#M-: 0
GA Iter: 4	Max score: 1.0000	Min score: 0.9792	#Pop: 128	#M+: 1391	#M-: 0
EvolutionarySearch		#s: 128	Time elapsed: 76.88
----------------------------------------------------------------------
------------------------------  [ Measure ]
----------------------------------------------------------------------
Get 64 programs to measure:
................................................................****************************************************************|  ID  |                       Task Description                        | Latency (ms) | Speed (GFLOPS) | Trials |
-----------------------------------------------------------------------------------------------------------------
|    0 |                          vm_mod_fused_nn_conv2d_add_nn_relu_5 |        0.006 |        5038.86 |     64 |
|    1 |                                    vm_mod_fused_nn_conv2d_add |        0.012 |        8679.29 |     64 |
|    2 |                          vm_mod_fused_nn_conv2d_add_nn_relu_1 |        0.007 |        7817.23 |     64 |
|    3 |                                     vm_mod_fused_nn_dense_add |        0.013 |         304.18 |     64 |
|    4 |                                  vm_mod_fused_nn_conv2d_add_3 |        0.021 |        9933.93 |     64 |
|    5 |                          vm_mod_fused_nn_conv2d_add_nn_relu_8 |        0.027 |       15132.48 |     64 |
|    6 |                      vm_mod_fused_nn_conv2d_add_add_nn_relu_3 |        0.034 |        6116.71 |     64 |
|    7 |                          vm_mod_fused_nn_conv2d_add_nn_relu_4 |        0.020 |       21089.64 |     64 |
|    8 |                        vm_mod_fused_nn_conv2d_add_add_nn_relu |        0.014 |       15315.59 |     64 |
|    9 |                      vm_mod_fused_nn_conv2d_add_add_nn_relu_1 |        0.019 |       10802.31 |     64 |
|   10 |                         vm_mod_fused_nn_conv2d_add_nn_relu_14 |        0.047 |        4375.93 |     64 |
|   11 |                                  vm_mod_fused_nn_conv2d_add_2 |        0.029 |        7090.09 |     64 |
|   12 |                            vm_mod_fused_nn_conv2d_add_nn_relu |        0.012 |       19385.01 |     64 |
|   13 |                          vm_mod_fused_nn_conv2d_add_nn_relu_7 |        0.005 |        6409.26 |     64 |
|   14 |                         vm_mod_fused_nn_conv2d_add_nn_relu_10 |        0.032 |        6406.07 |     64 |
|   15 |                         vm_mod_fused_nn_conv2d_add_nn_relu_13 |        0.009 |        3392.51 |     64 |
|   16 |                          vm_mod_fused_nn_conv2d_add_nn_relu_3 |        0.013 |       15557.61 |     64 |
|   17 |                         vm_mod_fused_nn_conv2d_add_nn_relu_15 |        0.006 |        4911.49 |     64 |
|   18 |                         vm_mod_fused_nn_conv2d_add_nn_relu_11 |        0.005 |        6332.14 |     64 |
|   19 |                                  vm_mod_fused_nn_conv2d_add_1 |        0.019 |       10667.00 |     64 |
|   20 |                          vm_mod_fused_nn_conv2d_add_nn_relu_6 |        0.014 |       14228.18 |     64 |
|   21 |                           vm_mod_fused_nn_adaptive_avg_pool2d |        0.004 |          -0.00 |     64 |
|   22 |                      vm_mod_fused_nn_conv2d_add_add_nn_relu_2 |            - |              - |      0 |
|   23 |                                    vm_mod_fused_nn_max_pool2d |            - |              - |      0 |
|   24 |                          vm_mod_fused_nn_conv2d_add_nn_relu_2 |            - |              - |      0 |
|   25 |                         vm_mod_fused_nn_conv2d_add_nn_relu_12 |            - |              - |      0 |
|   26 |                          vm_mod_fused_nn_conv2d_add_nn_relu_9 |            - |              - |      0 |
-----------------------------------------------------------------------------------------------------------------
Estimated total latency: - ms	Trials: 1408	Used time : 2841 s	Next ID: 22	

Time elapsed for measurement: 31.44 s
----------------------------------------------------------------------
------------------------------  [ Train cost model ]
----------------------------------------------------------------------
Time elapsed for training: 0.00 s
----------------------------------------------------------------------
------------------------------  [ Task Scheduler ]
----------------------------------------------------------------------
----------------------------------------------------------------------
------------------------------  [ Search ]
----------------------------------------------------------------------
Generate Sketches		#s: 1
Sample Initial Population	#s: 60	fail_ct: 1988	Time elapsed: 6.38
GA Iter: 0	Max score: 0.9482	Min score: 0.0194	#Pop: 60	#M+: 0	#M-: 0
GA Iter: 4	Max score: 0.9482	Min score: 0.0194	#Pop: 60	#M+: 1400	#M-: 0
EvolutionarySearch		#s: 60	Time elapsed: 23.90
----------------------------------------------------------------------
------------------------------  [ Measure ]
----------------------------------------------------------------------
Get 60 programs to measure:
............................................................************************************************************|  ID  |                       Task Description                        | Latency (ms) | Speed (GFLOPS) | Trials |
-----------------------------------------------------------------------------------------------------------------
|    0 |                          vm_mod_fused_nn_conv2d_add_nn_relu_5 |        0.006 |        5038.86 |     64 |
|    1 |                                    vm_mod_fused_nn_conv2d_add |        0.012 |        8679.29 |     64 |
|    2 |                          vm_mod_fused_nn_conv2d_add_nn_relu_1 |        0.007 |        7817.23 |     64 |
|    3 |                                     vm_mod_fused_nn_dense_add |        0.013 |         304.18 |     64 |
|    4 |                                  vm_mod_fused_nn_conv2d_add_3 |        0.021 |        9933.93 |     64 |
|    5 |                          vm_mod_fused_nn_conv2d_add_nn_relu_8 |        0.027 |       15132.48 |     64 |
|    6 |                      vm_mod_fused_nn_conv2d_add_add_nn_relu_3 |        0.034 |        6116.71 |     64 |
|    7 |                          vm_mod_fused_nn_conv2d_add_nn_relu_4 |        0.020 |       21089.64 |     64 |
|    8 |                        vm_mod_fused_nn_conv2d_add_add_nn_relu |        0.014 |       15315.59 |     64 |
|    9 |                      vm_mod_fused_nn_conv2d_add_add_nn_relu_1 |        0.019 |       10802.31 |     64 |
|   10 |                         vm_mod_fused_nn_conv2d_add_nn_relu_14 |        0.047 |        4375.93 |     64 |
|   11 |                                  vm_mod_fused_nn_conv2d_add_2 |        0.029 |        7090.09 |     64 |
|   12 |                            vm_mod_fused_nn_conv2d_add_nn_relu |        0.012 |       19385.01 |     64 |
|   13 |                          vm_mod_fused_nn_conv2d_add_nn_relu_7 |        0.005 |        6409.26 |     64 |
|   14 |                         vm_mod_fused_nn_conv2d_add_nn_relu_10 |        0.032 |        6406.07 |     64 |
|   15 |                         vm_mod_fused_nn_conv2d_add_nn_relu_13 |        0.009 |        3392.51 |     64 |
|   16 |                          vm_mod_fused_nn_conv2d_add_nn_relu_3 |        0.013 |       15557.61 |     64 |
|   17 |                         vm_mod_fused_nn_conv2d_add_nn_relu_15 |        0.006 |        4911.49 |     64 |
|   18 |                         vm_mod_fused_nn_conv2d_add_nn_relu_11 |        0.005 |        6332.14 |     64 |
|   19 |                                  vm_mod_fused_nn_conv2d_add_1 |        0.019 |       10667.00 |     64 |
|   20 |                          vm_mod_fused_nn_conv2d_add_nn_relu_6 |        0.014 |       14228.18 |     64 |
|   21 |                           vm_mod_fused_nn_adaptive_avg_pool2d |        0.004 |          -0.00 |     64 |
|   22 |                      vm_mod_fused_nn_conv2d_add_add_nn_relu_2 |        0.022 |        9370.46 |     64 |
|   23 |                                    vm_mod_fused_nn_max_pool2d |            - |              - |      0 |
|   24 |                          vm_mod_fused_nn_conv2d_add_nn_relu_2 |            - |              - |      0 |
|   25 |                         vm_mod_fused_nn_conv2d_add_nn_relu_12 |            - |              - |      0 |
|   26 |                          vm_mod_fused_nn_conv2d_add_nn_relu_9 |            - |              - |      0 |
-----------------------------------------------------------------------------------------------------------------
Estimated total latency: - ms	Trials: 1472	Used time : 2956 s	Next ID: 23	

Time elapsed for measurement: 23.15 s
----------------------------------------------------------------------
------------------------------  [ Train cost model ]
----------------------------------------------------------------------
Time elapsed for training: 0.00 s
----------------------------------------------------------------------
------------------------------  [ Task Scheduler ]
----------------------------------------------------------------------
----------------------------------------------------------------------
------------------------------  [ Search ]
----------------------------------------------------------------------
Generate Sketches		#s: 1
Sample Initial Population	#s: 59	fail_ct: 1989	Time elapsed: 8.86
GA Iter: 0	Max score: 0.9986	Min score: 0.0072	#Pop: 59	#M+: 0	#M-: 0
GA Iter: 4	Max score: 1.0000	Min score: 0.9823	#Pop: 128	#M+: 1391	#M-: 0
EvolutionarySearch		#s: 128	Time elapsed: 134.61
----------------------------------------------------------------------
------------------------------  [ Measure ]
----------------------------------------------------------------------
Get 64 programs to measure:
................................................................****************************************************************|  ID  |                       Task Description                        | Latency (ms) | Speed (GFLOPS) | Trials |
-----------------------------------------------------------------------------------------------------------------
|    0 |                          vm_mod_fused_nn_conv2d_add_nn_relu_5 |        0.006 |        5038.86 |     64 |
|    1 |                                    vm_mod_fused_nn_conv2d_add |        0.012 |        8679.29 |     64 |
|    2 |                          vm_mod_fused_nn_conv2d_add_nn_relu_1 |        0.007 |        7817.23 |     64 |
|    3 |                                     vm_mod_fused_nn_dense_add |        0.013 |         304.18 |     64 |
|    4 |                                  vm_mod_fused_nn_conv2d_add_3 |        0.021 |        9933.93 |     64 |
|    5 |                          vm_mod_fused_nn_conv2d_add_nn_relu_8 |        0.027 |       15132.48 |     64 |
|    6 |                      vm_mod_fused_nn_conv2d_add_add_nn_relu_3 |        0.034 |        6116.71 |     64 |
|    7 |                          vm_mod_fused_nn_conv2d_add_nn_relu_4 |        0.020 |       21089.64 |     64 |
|    8 |                        vm_mod_fused_nn_conv2d_add_add_nn_relu |        0.014 |       15315.59 |     64 |
|    9 |                      vm_mod_fused_nn_conv2d_add_add_nn_relu_1 |        0.019 |       10802.31 |     64 |
|   10 |                         vm_mod_fused_nn_conv2d_add_nn_relu_14 |        0.047 |        4375.93 |     64 |
|   11 |                                  vm_mod_fused_nn_conv2d_add_2 |        0.029 |        7090.09 |     64 |
|   12 |                            vm_mod_fused_nn_conv2d_add_nn_relu |        0.012 |       19385.01 |     64 |
|   13 |                          vm_mod_fused_nn_conv2d_add_nn_relu_7 |        0.005 |        6409.26 |     64 |
|   14 |                         vm_mod_fused_nn_conv2d_add_nn_relu_10 |        0.032 |        6406.07 |     64 |
|   15 |                         vm_mod_fused_nn_conv2d_add_nn_relu_13 |        0.009 |        3392.51 |     64 |
|   16 |                          vm_mod_fused_nn_conv2d_add_nn_relu_3 |        0.013 |       15557.61 |     64 |
|   17 |                         vm_mod_fused_nn_conv2d_add_nn_relu_15 |        0.006 |        4911.49 |     64 |
|   18 |                         vm_mod_fused_nn_conv2d_add_nn_relu_11 |        0.005 |        6332.14 |     64 |
|   19 |                                  vm_mod_fused_nn_conv2d_add_1 |        0.019 |       10667.00 |     64 |
|   20 |                          vm_mod_fused_nn_conv2d_add_nn_relu_6 |        0.014 |       14228.18 |     64 |
|   21 |                           vm_mod_fused_nn_adaptive_avg_pool2d |        0.004 |          -0.00 |     64 |
|   22 |                      vm_mod_fused_nn_conv2d_add_add_nn_relu_2 |        0.022 |        9370.46 |     64 |
|   23 |                                    vm_mod_fused_nn_max_pool2d |        0.003 |         563.39 |     64 |
|   24 |                          vm_mod_fused_nn_conv2d_add_nn_relu_2 |            - |              - |      0 |
|   25 |                         vm_mod_fused_nn_conv2d_add_nn_relu_12 |            - |              - |      0 |
|   26 |                          vm_mod_fused_nn_conv2d_add_nn_relu_9 |            - |              - |      0 |
-----------------------------------------------------------------------------------------------------------------
Estimated total latency: - ms	Trials: 1532	Used time : 3010 s	Next ID: 24	

Time elapsed for measurement: 31.13 s
----------------------------------------------------------------------
------------------------------  [ Train cost model ]
----------------------------------------------------------------------
Time elapsed for training: 0.00 s
----------------------------------------------------------------------
------------------------------  [ Task Scheduler ]
----------------------------------------------------------------------
----------------------------------------------------------------------
------------------------------  [ Search ]
----------------------------------------------------------------------
Generate Sketches		#s: 1
Sample Initial Population	#s: 62	fail_ct: 1986	Time elapsed: 6.65
GA Iter: 0	Max score: 0.9948	Min score: 0.0169	#Pop: 62	#M+: 0	#M-: 0
GA Iter: 4	Max score: 0.9999	Min score: 0.9783	#Pop: 128	#M+: 1397	#M-: 0
EvolutionarySearch		#s: 128	Time elapsed: 74.89
----------------------------------------------------------------------
------------------------------  [ Measure ]
----------------------------------------------------------------------
Get 64 programs to measure:
...............................................................|  ID  |                       Task Description                        | Latency (ms) | Speed (GFLOPS) | Trials |
-----------------------------------------------------------------------------------------------------------------
|    0 |                          vm_mod_fused_nn_conv2d_add_nn_relu_5 |        0.006 |        5038.86 |     64 |
|    1 |                                    vm_mod_fused_nn_conv2d_add |        0.012 |        8679.29 |     64 |
|    2 |                          vm_mod_fused_nn_conv2d_add_nn_relu_1 |        0.007 |        7817.23 |     64 |
|    3 |                                     vm_mod_fused_nn_dense_add |        0.013 |         304.18 |     64 |
|    4 |                                  vm_mod_fused_nn_conv2d_add_3 |        0.021 |        9933.93 |     64 |
|    5 |                          vm_mod_fused_nn_conv2d_add_nn_relu_8 |        0.027 |       15132.48 |     64 |
|    6 |                      vm_mod_fused_nn_conv2d_add_add_nn_relu_3 |        0.034 |        6116.71 |     64 |
|    7 |                          vm_mod_fused_nn_conv2d_add_nn_relu_4 |        0.020 |       21089.64 |     64 |
|    8 |                        vm_mod_fused_nn_conv2d_add_add_nn_relu |        0.014 |       15315.59 |     64 |
|    9 |                      vm_mod_fused_nn_conv2d_add_add_nn_relu_1 |        0.019 |       10802.31 |     64 |
|   10 |                         vm_mod_fused_nn_conv2d_add_nn_relu_14 |        0.047 |        4375.93 |     64 |
|   11 |                                  vm_mod_fused_nn_conv2d_add_2 |        0.029 |        7090.09 |     64 |
|   12 |                            vm_mod_fused_nn_conv2d_add_nn_relu |        0.012 |       19385.01 |     64 |
|   13 |                          vm_mod_fused_nn_conv2d_add_nn_relu_7 |        0.005 |        6409.26 |     64 |
|   14 |                         vm_mod_fused_nn_conv2d_add_nn_relu_10 |        0.032 |        6406.07 |     64 |
|   15 |                         vm_mod_fused_nn_conv2d_add_nn_relu_13 |        0.009 |        3392.51 |     64 |
|   16 |                          vm_mod_fused_nn_conv2d_add_nn_relu_3 |        0.013 |       15557.61 |     64 |
|   17 |                         vm_mod_fused_nn_conv2d_add_nn_relu_15 |        0.006 |        4911.49 |     64 |
|   18 |                         vm_mod_fused_nn_conv2d_add_nn_relu_11 |        0.005 |        6332.14 |     64 |
|   19 |                                  vm_mod_fused_nn_conv2d_add_1 |        0.019 |       10667.00 |     64 |
|   20 |                          vm_mod_fused_nn_conv2d_add_nn_relu_6 |        0.014 |       14228.18 |     64 |
|   21 |                           vm_mod_fused_nn_adaptive_avg_pool2d |        0.004 |          -0.00 |     64 |
|   22 |                      vm_mod_fused_nn_conv2d_add_add_nn_relu_2 |        0.022 |        9370.46 |     64 |
|   23 |                                    vm_mod_fused_nn_max_pool2d |        0.003 |         563.39 |     64 |
|   24 |                          vm_mod_fused_nn_conv2d_add_nn_relu_2 |        0.005 |        5761.51 |     64 |
|   25 |                         vm_mod_fused_nn_conv2d_add_nn_relu_12 |            - |              - |      0 |
|   26 |                          vm_mod_fused_nn_conv2d_add_nn_relu_9 |            - |              - |      0 |
-----------------------------------------------------------------------------------------------------------------
Estimated total latency: - ms	Trials: 1596	Used time : 3185 s	Next ID: 25	
.T***************************************************************
Time elapsed for measurement: 39.72 s
----------------------------------------------------------------------
------------------------------  [ Train cost model ]
----------------------------------------------------------------------
Time elapsed for training: 0.00 s
----------------------------------------------------------------------
------------------------------  [ Task Scheduler ]
----------------------------------------------------------------------
----------------------------------------------------------------------
------------------------------  [ Search ]
----------------------------------------------------------------------
Generate Sketches		#s: 1
Sample Initial Population	#s: 68	fail_ct: 4028	Time elapsed: 15.34
GA Iter: 0	Max score: 0.9815	Min score: 0.0012	#Pop: 68	#M+: 0	#M-: 0
GA Iter: 4	Max score: 0.9999	Min score: 0.9816	#Pop: 128	#M+: 1388	#M-: 0
EvolutionarySearch		#s: 128	Time elapsed: 107.34
----------------------------------------------------------------------
------------------------------  [ Measure ]
----------------------------------------------------------------------
Get 64 programs to measure:
...............................................................|  ID  |                       Task Description                        | Latency (ms) | Speed (GFLOPS) | Trials |
-----------------------------------------------------------------------------------------------------------------
|    0 |                          vm_mod_fused_nn_conv2d_add_nn_relu_5 |        0.006 |        5038.86 |     64 |
|    1 |                                    vm_mod_fused_nn_conv2d_add |        0.012 |        8679.29 |     64 |
|    2 |                          vm_mod_fused_nn_conv2d_add_nn_relu_1 |        0.007 |        7817.23 |     64 |
|    3 |                                     vm_mod_fused_nn_dense_add |        0.013 |         304.18 |     64 |
|    4 |                                  vm_mod_fused_nn_conv2d_add_3 |        0.021 |        9933.93 |     64 |
|    5 |                          vm_mod_fused_nn_conv2d_add_nn_relu_8 |        0.027 |       15132.48 |     64 |
|    6 |                      vm_mod_fused_nn_conv2d_add_add_nn_relu_3 |        0.034 |        6116.71 |     64 |
|    7 |                          vm_mod_fused_nn_conv2d_add_nn_relu_4 |        0.020 |       21089.64 |     64 |
|    8 |                        vm_mod_fused_nn_conv2d_add_add_nn_relu |        0.014 |       15315.59 |     64 |
|    9 |                      vm_mod_fused_nn_conv2d_add_add_nn_relu_1 |        0.019 |       10802.31 |     64 |
|   10 |                         vm_mod_fused_nn_conv2d_add_nn_relu_14 |        0.047 |        4375.93 |     64 |
|   11 |                                  vm_mod_fused_nn_conv2d_add_2 |        0.029 |        7090.09 |     64 |
|   12 |                            vm_mod_fused_nn_conv2d_add_nn_relu |        0.012 |       19385.01 |     64 |
|   13 |                          vm_mod_fused_nn_conv2d_add_nn_relu_7 |        0.005 |        6409.26 |     64 |
|   14 |                         vm_mod_fused_nn_conv2d_add_nn_relu_10 |        0.032 |        6406.07 |     64 |
|   15 |                         vm_mod_fused_nn_conv2d_add_nn_relu_13 |        0.009 |        3392.51 |     64 |
|   16 |                          vm_mod_fused_nn_conv2d_add_nn_relu_3 |        0.013 |       15557.61 |     64 |
|   17 |                         vm_mod_fused_nn_conv2d_add_nn_relu_15 |        0.006 |        4911.49 |     64 |
|   18 |                         vm_mod_fused_nn_conv2d_add_nn_relu_11 |        0.005 |        6332.14 |     64 |
|   19 |                                  vm_mod_fused_nn_conv2d_add_1 |        0.019 |       10667.00 |     64 |
|   20 |                          vm_mod_fused_nn_conv2d_add_nn_relu_6 |        0.014 |       14228.18 |     64 |
|   21 |                           vm_mod_fused_nn_adaptive_avg_pool2d |        0.004 |          -0.00 |     64 |
|   22 |                      vm_mod_fused_nn_conv2d_add_add_nn_relu_2 |        0.022 |        9370.46 |     64 |
|   23 |                                    vm_mod_fused_nn_max_pool2d |        0.003 |         563.39 |     64 |
|   24 |                          vm_mod_fused_nn_conv2d_add_nn_relu_2 |        0.005 |        5761.51 |     64 |
|   25 |                         vm_mod_fused_nn_conv2d_add_nn_relu_12 |        0.037 |       11180.40 |     64 |
|   26 |                          vm_mod_fused_nn_conv2d_add_nn_relu_9 |            - |              - |      0 |
-----------------------------------------------------------------------------------------------------------------
Estimated total latency: - ms	Trials: 1660	Used time : 3306 s	Next ID: 26	
.T*********Eterminate called after throwing an instance of 'tvm::runtime::InternalError'
  what():  [11:18:44] /data3/qsy/complier/tlm/src/runtime/cuda/cuda_module.cc:61: CUDAError: cuModuleUnload(module_[i]) failed with error: CUDA_ERROR_MISALIGNED_ADDRESS
Stack trace:
  0: tvm::runtime::SimpleObjAllocator::Handler<tvm::runtime::CUDAModuleNode>::Deleter_(tvm::runtime::Object*)
  1: tvm::runtime::SimpleObjAllocator::Handler<tvm::runtime::LibraryModuleNode>::Deleter_(tvm::runtime::Object*)
  2: _ZN3tvm7runtime18SimpleObjAllocator7HandlerINS0_16PackedFuncS
  3: _ZN3tvm7runtime18SimpleObjAllocator7HandlerINS0_16PackedFuncSubObjIZNS0_9profiling17WrapTimeE
  4: TVMObjectFree
  5: __pyx_tp_dealloc_3tvm_4_ffi_4_cy3_4core_PackedFuncBase(_object*)
  6: subtype_dealloc
        at /usr/local/src/conda/python-3.10.18/Objects/typeobject.c:1460
  7: _Py_DECREF
        at /usr/local/src/conda/python-3.10.18/Include/object.h:500
  8: _Py_XDECREF
        at /usr/local/src/conda/python-3.10.18/Include/object.h:567
  9: cell_dealloc
        at /usr/local/src/conda/python-3.10.18/Objects/cellobject.c:82
  10: _Py_Dealloc
        at /usr/local/src/conda/python-3.10.18/Objects/object.c:2301
  11: _Py_DECREF
        at /usr/local/src/conda/python-3.10.18/Include/object.h:500
  12: _Py_XDECREF
        at /usr/local/src/conda/python-3.10.18/Include/object.h:567
  13: tupledealloc
        at /usr/local/src/conda/python-3.10.18/Objects/tupleobject.c:276
  14: _Py_Dealloc
        at /usr/local/src/conda/python-3.10.18/Objects/object.c:2301
  15: _Py_DECREF
        at /usr/local/src/conda/python-3.10.18/Include/object.h:500
  16: func_clear
        at /usr/local/src/conda/python-3.10.18/Objects/funcobject.c:636
  17: func_dealloc
        at /usr/local/src/conda/python-3.10.18/Objects/funcobject.c:648
  18: _Py_Dealloc
        at /usr/local/src/conda/python-3.10.18/Objects/object.c:2301
  19: _Py_DECREF
        at /usr/local/src/conda/python-3.10.18/Include/object.h:500
  20: frame_dealloc
        at /usr/local/src/conda/python-3.10.18/Objects/frameobject.c:591
  21: _Py_Dealloc
        at /usr/local/src/conda/python-3.10.18/Objects/object.c:2301
  22: _Py_DECREF
        at /usr/local/src/conda/python-3.10.18/Include/object.h:500
  23: _PyEval_Vector
        at /usr/local/src/conda/python-3.10.18/Python/ceval.c:5080
  24: _PyFunction_Vectorcall
        at /usr/local/src/conda/python-3.10.18/Objects/call.c:342
  25: do_call_core
        at /usr/local/src/conda/python-3.10.18/Python/ceval.c:5945
  26: _PyEval_EvalFrameDefault
        at /usr/local/src/conda/python-3.10.18/Python/ceval.c:4277
  27: _PyEval_EvalFrame
        at /usr/local/src/conda/python-3.10.18/Include/internal/pycore_ceval.h:46
  28: _PyEval_Vector
        at /usr/local/src/conda/python-3.10.18/Python/ceval.c:5067
  29: _PyFunction_Vectorcall
        at /usr/local/src/conda/python-3.10.18/Objects/call.c:342
  30: _PyObject_VectorcallTstate
        at /usr/local/src/conda/python-3.10.18/Include/cpython/abstract.h:114
  31: PyObject_Vectorcall
        at /usr/local/src/conda/python-3.10.18/Include/cpython/abstract.h:123
  32: call_function
        at /usr/local/src/conda/python-3.10.18/Python/ceval.c:5893
  33: _PyEval_EvalFrameDefault
        at /usr/local/src/conda/python-3.10.18/Python/ceval.c:4213
  34: _PyEval_EvalFrame
        at /usr/local/src/conda/python-3.10.18/Include/internal/pycore_ceval.h:46
  35: _PyEval_Vector
        at /usr/local/src/conda/python-3.10.18/Python/ceval.c:5067
  36: PyEval_EvalCode
        at /usr/local/src/conda/python-3.10.18/Python/ceval.c:1134
  37: builtin_exec_impl
        at /usr/local/src/conda/python-3.10.18/Python/bltinmodule.c:1058
  38: builtin_exec
        at /usr/local/src/conda/python-3.10.18/Python/clinic/bltinmodule.c.h:371
  39: cfunction_vectorcall_FASTCALL
        at /usr/local/src/conda/python-3.10.18/Objects/methodobject.c:430
  40: _PyObject_VectorcallTstate
        at /usr/local/src/conda/python-3.10.18/Include/cpython/abstract.h:114
  41: PyObject_Vectorcall
        at /usr/local/src/conda/python-3.10.18/Include/cpython/abstract.h:123
  42: call_function
        at /usr/local/src/conda/python-3.10.18/Python/ceval.c:5893
  43: _PyEval_EvalFrameDefault
        at /usr/local/src/conda/python-3.10.18/Python/ceval.c:4213
  44: _PyEval_EvalFrame
        at /usr/local/src/conda/python-3.10.18/Include/internal/pycore_ceval.h:46
  45: _PyEval_Vector
        at /usr/local/src/conda/python-3.10.18/Python/ceval.c:5067
  46: _PyFunction_Vectorcall
        at /usr/local/src/conda/python-3.10.18/Objects/call.c:342
  47: _PyObject_VectorcallTstate
        at /usr/local/src/conda/python-3.10.18/Include/cpython/abstract.h:114
  48: PyObject_Vectorcall
        at /usr/local/src/conda/python-3.10.18/Include/cpython/abstract.h:123
  49: call_function
        at /usr/local/src/conda/python-3.10.18/Python/ceval.c:5893
  50: _PyEval_EvalFrameDefault
        at /usr/local/src/conda/python-3.10.18/Python/ceval.c:4213
  51: _PyEval_EvalFrame
        at /usr/local/src/conda/python-3.10.18/Include/internal/pycore_ceval.h:46
  52: _PyEval_Vector
        at /usr/local/src/conda/python-3.10.18/Python/ceval.c:5067
  53: _PyFunction_Vectorcall
        at /usr/local/src/conda/python-3.10.18/Objects/call.c:342
  54: pymain_run_module
        at /usr/local/src/conda/python-3.10.18/Modules/main.c:297
  55: pymain_run_python
        at /usr/local/src/conda/python-3.10.18/Modules/main.c:589
  56: Py_RunMain
        at /usr/local/src/conda/python-3.10.18/Modules/main.c:674
  57: Py_BytesMain
        at /usr/local/src/conda/python-3.10.18/Modules/main.c:1094
  58: __libc_start_main
        at ../csu/libc-start.c:308
  59: 0x000000000058728d
  60: 0xffffffffffffffff


*E************************************************Eterminate called after throwing an instance of 'tvm::runtime::InternalError'
  what():  [11:19:00] /data3/qsy/complier/tlm/src/runtime/cuda/cuda_module.cc:61: CUDAError: cuModuleUnload(module_[i]) failed with error: CUDA_ERROR_MISALIGNED_ADDRESS
Stack trace:
  0: tvm::runtime::SimpleObjAllocator::Handler<tvm::runtime::CUDAModuleNode>::Deleter_(tvm::runtime::Object*)
  1: tvm::runtime::SimpleObjAllocator::Handler<tvm::runtime::LibraryModuleNode>::Deleter_(tvm::runtime::Object*)
  2: _ZN3tvm7runtime18SimpleObjAllocator7HandlerINS0_16PackedFuncS
  3: _ZN3tvm7runtime18SimpleObjAllocator7HandlerINS0_16PackedFuncSubObjIZNS0_9profiling17WrapTimeE
  4: TVMObjectFree
  5: __pyx_tp_dealloc_3tvm_4_ffi_4_cy3_4core_PackedFuncBase(_object*)
  6: subtype_dealloc
        at /usr/local/src/conda/python-3.10.18/Objects/typeobject.c:1460
  7: _Py_DECREF
        at /usr/local/src/conda/python-3.10.18/Include/object.h:500
  8: _Py_XDECREF
        at /usr/local/src/conda/python-3.10.18/Include/object.h:567
  9: cell_dealloc
        at /usr/local/src/conda/python-3.10.18/Objects/cellobject.c:82
  10: _Py_Dealloc
        at /usr/local/src/conda/python-3.10.18/Objects/object.c:2301
  11: _Py_DECREF
        at /usr/local/src/conda/python-3.10.18/Include/object.h:500
  12: _Py_XDECREF
        at /usr/local/src/conda/python-3.10.18/Include/object.h:567
  13: tupledealloc
        at /usr/local/src/conda/python-3.10.18/Objects/tupleobject.c:276
  14: _Py_Dealloc
        at /usr/local/src/conda/python-3.10.18/Objects/object.c:2301
  15: _Py_DECREF
        at /usr/local/src/conda/python-3.10.18/Include/object.h:500
  16: func_clear
        at /usr/local/src/conda/python-3.10.18/Objects/funcobject.c:636
  17: func_dealloc
        at /usr/local/src/conda/python-3.10.18/Objects/funcobject.c:648
  18: _Py_Dealloc
        at /usr/local/src/conda/python-3.10.18/Objects/object.c:2301
  19: _Py_DECREF
        at /usr/local/src/conda/python-3.10.18/Include/object.h:500
  20: frame_dealloc
        at /usr/local/src/conda/python-3.10.18/Objects/frameobject.c:591
  21: _Py_Dealloc
        at /usr/local/src/conda/python-3.10.18/Objects/object.c:2301
  22: _Py_DECREF
        at /usr/local/src/conda/python-3.10.18/Include/object.h:500
  23: _PyEval_Vector
        at /usr/local/src/conda/python-3.10.18/Python/ceval.c:5080
  24: _PyFunction_Vectorcall
        at /usr/local/src/conda/python-3.10.18/Objects/call.c:342
  25: do_call_core
        at /usr/local/src/conda/python-3.10.18/Python/ceval.c:5945
  26: _PyEval_EvalFrameDefault
        at /usr/local/src/conda/python-3.10.18/Python/ceval.c:4277
  27: _PyEval_EvalFrame
        at /usr/local/src/conda/python-3.10.18/Include/internal/pycore_ceval.h:46
  28: _PyEval_Vector
        at /usr/local/src/conda/python-3.10.18/Python/ceval.c:5067
  29: _PyFunction_Vectorcall
        at /usr/local/src/conda/python-3.10.18/Objects/call.c:342
  30: _PyObject_VectorcallTstate
        at /usr/local/src/conda/python-3.10.18/Include/cpython/abstract.h:114
  31: PyObject_Vectorcall
        at /usr/local/src/conda/python-3.10.18/Include/cpython/abstract.h:123
  32: call_function
        at /usr/local/src/conda/python-3.10.18/Python/ceval.c:5893
  33: _PyEval_EvalFrameDefault
        at /usr/local/src/conda/python-3.10.18/Python/ceval.c:4213
  34: _PyEval_EvalFrame
        at /usr/local/src/conda/python-3.10.18/Include/internal/pycore_ceval.h:46
  35: _PyEval_Vector
        at /usr/local/src/conda/python-3.10.18/Python/ceval.c:5067
  36: PyEval_EvalCode
        at /usr/local/src/conda/python-3.10.18/Python/ceval.c:1134
  37: builtin_exec_impl
        at /usr/local/src/conda/python-3.10.18/Python/bltinmodule.c:1058
  38: builtin_exec
        at /usr/local/src/conda/python-3.10.18/Python/clinic/bltinmodule.c.h:371
  39: cfunction_vectorcall_FASTCALL
        at /usr/local/src/conda/python-3.10.18/Objects/methodobject.c:430
  40: _PyObject_VectorcallTstate
        at /usr/local/src/conda/python-3.10.18/Include/cpython/abstract.h:114
  41: PyObject_Vectorcall
        at /usr/local/src/conda/python-3.10.18/Include/cpython/abstract.h:123
  42: call_function
        at /usr/local/src/conda/python-3.10.18/Python/ceval.c:5893
  43: _PyEval_EvalFrameDefault
        at /usr/local/src/conda/python-3.10.18/Python/ceval.c:4213
  44: _PyEval_EvalFrame
        at /usr/local/src/conda/python-3.10.18/Include/internal/pycore_ceval.h:46
  45: _PyEval_Vector
        at /usr/local/src/conda/python-3.10.18/Python/ceval.c:5067
  46: _PyFunction_Vectorcall
        at /usr/local/src/conda/python-3.10.18/Objects/call.c:342
  47: _PyObject_VectorcallTstate
        at /usr/local/src/conda/python-3.10.18/Include/cpython/abstract.h:114
  48: PyObject_Vectorcall
        at /usr/local/src/conda/python-3.10.18/Include/cpython/abstract.h:123
  49: call_function
        at /usr/local/src/conda/python-3.10.18/Python/ceval.c:5893
  50: _PyEval_EvalFrameDefault
        at /usr/local/src/conda/python-3.10.18/Python/ceval.c:4213
  51: _PyEval_EvalFrame
        at /usr/local/src/conda/python-3.10.18/Include/internal/pycore_ceval.h:46
  52: _PyEval_Vector
        at /usr/local/src/conda/python-3.10.18/Python/ceval.c:5067
  53: _PyFunction_Vectorcall
        at /usr/local/src/conda/python-3.10.18/Objects/call.c:342
  54: pymain_run_module
        at /usr/local/src/conda/python-3.10.18/Modules/main.c:297
  55: pymain_run_python
        at /usr/local/src/conda/python-3.10.18/Modules/main.c:589
  56: Py_RunMain
        at /usr/local/src/conda/python-3.10.18/Modules/main.c:674
  57: Py_BytesMain
        at /usr/local/src/conda/python-3.10.18/Modules/main.c:1094
  58: __libc_start_main
        at ../csu/libc-start.c:308
  59: 0x000000000058728d
  60: 0xffffffffffffffff


*E******
Time elapsed for measurement: 39.14 s
----------------------------------------------------------------------
------------------------------  [ Train cost model ]
----------------------------------------------------------------------
Time elapsed for training: 5.57 s
----------------------------------------------------------------------
------------------------------  [ Task Scheduler ]
----------------------------------------------------------------------
----------------------------------------------------------------------
------------------------------  [ Search ]
----------------------------------------------------------------------
Sample Initial Population	#s: 72	fail_ct: 1976	Time elapsed: 6.04
GA Iter: 0	Max score: 0.9857	Min score: 0.0110	#Pop: 72	#M+: 0	#M-: 0
GA Iter: 4	Max score: 0.9999	Min score: 0.9813	#Pop: 128	#M+: 1402	#M-: 0
EvolutionarySearch		#s: 128	Time elapsed: 76.49
----------------------------------------------------------------------
------------------------------  [ Measure ]
----------------------------------------------------------------------
Get 64 programs to measure:
................................................................****************************************************************|  ID  |                       Task Description                        | Latency (ms) | Speed (GFLOPS) | Trials |
-----------------------------------------------------------------------------------------------------------------
|    0 |                          vm_mod_fused_nn_conv2d_add_nn_relu_5 |        0.006 |        5038.86 |     64 |
|    1 |                                    vm_mod_fused_nn_conv2d_add |        0.012 |        8679.29 |     64 |
|    2 |                          vm_mod_fused_nn_conv2d_add_nn_relu_1 |        0.007 |        7817.23 |     64 |
|    3 |                                     vm_mod_fused_nn_dense_add |        0.013 |         304.18 |     64 |
|    4 |                                  vm_mod_fused_nn_conv2d_add_3 |        0.021 |        9933.93 |     64 |
|    5 |                          vm_mod_fused_nn_conv2d_add_nn_relu_8 |        0.027 |       15132.48 |     64 |
|    6 |                      vm_mod_fused_nn_conv2d_add_add_nn_relu_3 |        0.034 |        6116.71 |     64 |
|    7 |                          vm_mod_fused_nn_conv2d_add_nn_relu_4 |        0.020 |       21089.64 |     64 |
|    8 |                        vm_mod_fused_nn_conv2d_add_add_nn_relu |        0.014 |       15315.59 |     64 |
|    9 |                      vm_mod_fused_nn_conv2d_add_add_nn_relu_1 |        0.019 |       10802.31 |     64 |
|   10 |                         vm_mod_fused_nn_conv2d_add_nn_relu_14 |        0.047 |        4375.93 |     64 |
|   11 |                                  vm_mod_fused_nn_conv2d_add_2 |        0.029 |        7090.09 |     64 |
|   12 |                            vm_mod_fused_nn_conv2d_add_nn_relu |        0.012 |       19385.01 |     64 |
|   13 |                          vm_mod_fused_nn_conv2d_add_nn_relu_7 |        0.005 |        6409.26 |     64 |
|   14 |                         vm_mod_fused_nn_conv2d_add_nn_relu_10 |        0.032 |        6406.07 |     64 |
|   15 |                         vm_mod_fused_nn_conv2d_add_nn_relu_13 |        0.009 |        3392.51 |     64 |
|   16 |                          vm_mod_fused_nn_conv2d_add_nn_relu_3 |        0.013 |       15557.61 |     64 |
|   17 |                         vm_mod_fused_nn_conv2d_add_nn_relu_15 |        0.006 |        4911.49 |     64 |
|   18 |                         vm_mod_fused_nn_conv2d_add_nn_relu_11 |        0.005 |        6332.14 |     64 |
|   19 |                                  vm_mod_fused_nn_conv2d_add_1 |        0.019 |       10667.00 |     64 |
|   20 |                          vm_mod_fused_nn_conv2d_add_nn_relu_6 |        0.014 |       14228.18 |     64 |
|   21 |                           vm_mod_fused_nn_adaptive_avg_pool2d |        0.004 |          -0.00 |     64 |
|   22 |                      vm_mod_fused_nn_conv2d_add_add_nn_relu_2 |        0.022 |        9370.46 |     64 |
|   23 |                                    vm_mod_fused_nn_max_pool2d |        0.003 |         563.39 |     64 |
|   24 |                          vm_mod_fused_nn_conv2d_add_nn_relu_2 |        0.005 |        5761.51 |     64 |
|   25 |                         vm_mod_fused_nn_conv2d_add_nn_relu_12 |        0.037 |       11180.40 |     64 |
|   26 |                          vm_mod_fused_nn_conv2d_add_nn_relu_9 |        0.006 |        5201.68 |     64 |
-----------------------------------------------------------------------------------------------------------------
Estimated total latency: 0.963 ms	Trials: 1724	Used time : 3474 s	Next ID: 14	

Time elapsed for measurement: 27.14 s
----------------------------------------------------------------------
------------------------------  [ Train cost model ]
----------------------------------------------------------------------
Time elapsed for training: 0.00 s
----------------------------------------------------------------------
------------------------------  [ Task Scheduler ]
----------------------------------------------------------------------
----------------------------------------------------------------------
------------------------------  [ Search ]
----------------------------------------------------------------------
Sample Initial Population	#s: 72	fail_ct: 1976	Time elapsed: 6.86
GA Iter: 0	Max score: 0.8578	Min score: -0.0426	#Pop: 72	#M+: 0	#M-: 0
GA Iter: 4	Max score: 1.0724	Min score: 0.9119	#Pop: 128	#M+: 1377	#M-: 0
EvolutionarySearch		#s: 128	Time elapsed: 75.44
----------------------------------------------------------------------
------------------------------  [ Measure ]
----------------------------------------------------------------------
Get 64 programs to measure:
................................................................****************************************************************|  ID  |                       Task Description                        | Latency (ms) | Speed (GFLOPS) | Trials |
-----------------------------------------------------------------------------------------------------------------
|    0 |                          vm_mod_fused_nn_conv2d_add_nn_relu_5 |        0.006 |        5038.86 |     64 |
|    1 |                                    vm_mod_fused_nn_conv2d_add |        0.012 |        8679.29 |     64 |
|    2 |                          vm_mod_fused_nn_conv2d_add_nn_relu_1 |        0.007 |        7817.23 |     64 |
|    3 |                                     vm_mod_fused_nn_dense_add |        0.013 |         304.18 |     64 |
|    4 |                                  vm_mod_fused_nn_conv2d_add_3 |        0.021 |        9933.93 |     64 |
|    5 |                          vm_mod_fused_nn_conv2d_add_nn_relu_8 |        0.027 |       15132.48 |     64 |
|    6 |                      vm_mod_fused_nn_conv2d_add_add_nn_relu_3 |        0.034 |        6116.71 |     64 |
|    7 |                          vm_mod_fused_nn_conv2d_add_nn_relu_4 |        0.020 |       21089.64 |     64 |
|    8 |                        vm_mod_fused_nn_conv2d_add_add_nn_relu |        0.014 |       15315.59 |     64 |
|    9 |                      vm_mod_fused_nn_conv2d_add_add_nn_relu_1 |        0.019 |       10802.31 |     64 |
|   10 |                         vm_mod_fused_nn_conv2d_add_nn_relu_14 |        0.047 |        4375.93 |     64 |
|   11 |                                  vm_mod_fused_nn_conv2d_add_2 |        0.029 |        7090.09 |     64 |
|   12 |                            vm_mod_fused_nn_conv2d_add_nn_relu |        0.012 |       19385.01 |     64 |
|   13 |                          vm_mod_fused_nn_conv2d_add_nn_relu_7 |        0.005 |        6409.26 |     64 |
|   14 |                         vm_mod_fused_nn_conv2d_add_nn_relu_10 |        0.029 |        7141.12 |    128 |
|   15 |                         vm_mod_fused_nn_conv2d_add_nn_relu_13 |        0.009 |        3392.51 |     64 |
|   16 |                          vm_mod_fused_nn_conv2d_add_nn_relu_3 |        0.013 |       15557.61 |     64 |
|   17 |                         vm_mod_fused_nn_conv2d_add_nn_relu_15 |        0.006 |        4911.49 |     64 |
|   18 |                         vm_mod_fused_nn_conv2d_add_nn_relu_11 |        0.005 |        6332.14 |     64 |
|   19 |                                  vm_mod_fused_nn_conv2d_add_1 |        0.019 |       10667.00 |     64 |
|   20 |                          vm_mod_fused_nn_conv2d_add_nn_relu_6 |        0.014 |       14228.18 |     64 |
|   21 |                           vm_mod_fused_nn_adaptive_avg_pool2d |        0.004 |          -0.00 |     64 |
|   22 |                      vm_mod_fused_nn_conv2d_add_add_nn_relu_2 |        0.022 |        9370.46 |     64 |
|   23 |                                    vm_mod_fused_nn_max_pool2d |        0.003 |         563.39 |     64 |
|   24 |                          vm_mod_fused_nn_conv2d_add_nn_relu_2 |        0.005 |        5761.51 |     64 |
|   25 |                         vm_mod_fused_nn_conv2d_add_nn_relu_12 |        0.037 |       11180.40 |     64 |
|   26 |                          vm_mod_fused_nn_conv2d_add_nn_relu_9 |        0.006 |        5201.68 |     64 |
-----------------------------------------------------------------------------------------------------------------
Estimated total latency: 0.946 ms	Trials: 1788	Used time : 3584 s	Next ID: 22	

Time elapsed for measurement: 31.97 s
----------------------------------------------------------------------
------------------------------  [ Train cost model ]
----------------------------------------------------------------------
Time elapsed for training: 0.00 s
----------------------------------------------------------------------
------------------------------  [ Task Scheduler ]
----------------------------------------------------------------------
----------------------------------------------------------------------
------------------------------  [ Search ]
----------------------------------------------------------------------
Sample Initial Population	#s: 63	fail_ct: 1985	Time elapsed: 6.43
GA Iter: 0	Max score: 0.7094	Min score: -0.0360	#Pop: 63	#M+: 0	#M-: 0
GA Iter: 4	Max score: 1.0265	Min score: 0.9274	#Pop: 128	#M+: 1390	#M-: 0
EvolutionarySearch		#s: 128	Time elapsed: 69.47
----------------------------------------------------------------------
------------------------------  [ Measure ]
----------------------------------------------------------------------
Get 64 programs to measure:
................................................................****************************************************************|  ID  |                       Task Description                        | Latency (ms) | Speed (GFLOPS) | Trials |
-----------------------------------------------------------------------------------------------------------------
|    0 |                          vm_mod_fused_nn_conv2d_add_nn_relu_5 |        0.006 |        5038.86 |     64 |
|    1 |                                    vm_mod_fused_nn_conv2d_add |        0.012 |        8679.29 |     64 |
|    2 |                          vm_mod_fused_nn_conv2d_add_nn_relu_1 |        0.007 |        7817.23 |     64 |
|    3 |                                     vm_mod_fused_nn_dense_add |        0.013 |         304.18 |     64 |
|    4 |                                  vm_mod_fused_nn_conv2d_add_3 |        0.021 |        9933.93 |     64 |
|    5 |                          vm_mod_fused_nn_conv2d_add_nn_relu_8 |        0.027 |       15132.48 |     64 |
|    6 |                      vm_mod_fused_nn_conv2d_add_add_nn_relu_3 |        0.034 |        6116.71 |     64 |
|    7 |                          vm_mod_fused_nn_conv2d_add_nn_relu_4 |        0.020 |       21089.64 |     64 |
|    8 |                        vm_mod_fused_nn_conv2d_add_add_nn_relu |        0.014 |       15315.59 |     64 |
|    9 |                      vm_mod_fused_nn_conv2d_add_add_nn_relu_1 |        0.019 |       10802.31 |     64 |
|   10 |                         vm_mod_fused_nn_conv2d_add_nn_relu_14 |        0.047 |        4375.93 |     64 |
|   11 |                                  vm_mod_fused_nn_conv2d_add_2 |        0.029 |        7090.09 |     64 |
|   12 |                            vm_mod_fused_nn_conv2d_add_nn_relu |        0.012 |       19385.01 |     64 |
|   13 |                          vm_mod_fused_nn_conv2d_add_nn_relu_7 |        0.005 |        6409.26 |     64 |
|   14 |                         vm_mod_fused_nn_conv2d_add_nn_relu_10 |        0.029 |        7141.12 |    128 |
|   15 |                         vm_mod_fused_nn_conv2d_add_nn_relu_13 |        0.009 |        3392.51 |     64 |
|   16 |                          vm_mod_fused_nn_conv2d_add_nn_relu_3 |        0.013 |       15557.61 |     64 |
|   17 |                         vm_mod_fused_nn_conv2d_add_nn_relu_15 |        0.006 |        4911.49 |     64 |
|   18 |                         vm_mod_fused_nn_conv2d_add_nn_relu_11 |        0.005 |        6332.14 |     64 |
|   19 |                                  vm_mod_fused_nn_conv2d_add_1 |        0.019 |       10667.00 |     64 |
|   20 |                          vm_mod_fused_nn_conv2d_add_nn_relu_6 |        0.014 |       14228.18 |     64 |
|   21 |                           vm_mod_fused_nn_adaptive_avg_pool2d |        0.004 |          -0.00 |     64 |
|   22 |                      vm_mod_fused_nn_conv2d_add_add_nn_relu_2 |        0.015 |       13818.64 |    128 |
|   23 |                                    vm_mod_fused_nn_max_pool2d |        0.003 |         563.39 |     64 |
|   24 |                          vm_mod_fused_nn_conv2d_add_nn_relu_2 |        0.005 |        5761.51 |     64 |
|   25 |                         vm_mod_fused_nn_conv2d_add_nn_relu_12 |        0.037 |       11180.40 |     64 |
|   26 |                          vm_mod_fused_nn_conv2d_add_nn_relu_9 |        0.006 |        5201.68 |     64 |
-----------------------------------------------------------------------------------------------------------------
Estimated total latency: 0.904 ms	Trials: 1852	Used time : 3698 s	Next ID: 6	

Time elapsed for measurement: 31.99 s
----------------------------------------------------------------------
------------------------------  [ Train cost model ]
----------------------------------------------------------------------
Time elapsed for training: 0.00 s
----------------------------------------------------------------------
------------------------------  [ Task Scheduler ]
----------------------------------------------------------------------
----------------------------------------------------------------------
------------------------------  [ Search ]
----------------------------------------------------------------------
Sample Initial Population	#s: 71	fail_ct: 1977	Time elapsed: 6.04
GA Iter: 0	Max score: 0.7731	Min score: -0.0372	#Pop: 71	#M+: 0	#M-: 0
GA Iter: 4	Max score: 0.9647	Min score: 0.8375	#Pop: 128	#M+: 1405	#M-: 0
EvolutionarySearch		#s: 128	Time elapsed: 69.20
----------------------------------------------------------------------
------------------------------  [ Measure ]
----------------------------------------------------------------------
Get 64 programs to measure:
................................................................****************************************************************|  ID  |                       Task Description                        | Latency (ms) | Speed (GFLOPS) | Trials |
-----------------------------------------------------------------------------------------------------------------
|    0 |                          vm_mod_fused_nn_conv2d_add_nn_relu_5 |        0.006 |        5038.86 |     64 |
|    1 |                                    vm_mod_fused_nn_conv2d_add |        0.012 |        8679.29 |     64 |
|    2 |                          vm_mod_fused_nn_conv2d_add_nn_relu_1 |        0.007 |        7817.23 |     64 |
|    3 |                                     vm_mod_fused_nn_dense_add |        0.013 |         304.18 |     64 |
|    4 |                                  vm_mod_fused_nn_conv2d_add_3 |        0.021 |        9933.93 |     64 |
|    5 |                          vm_mod_fused_nn_conv2d_add_nn_relu_8 |        0.027 |       15132.48 |     64 |
|    6 |                      vm_mod_fused_nn_conv2d_add_add_nn_relu_3 |        0.022 |        9466.38 |    128 |
|    7 |                          vm_mod_fused_nn_conv2d_add_nn_relu_4 |        0.020 |       21089.64 |     64 |
|    8 |                        vm_mod_fused_nn_conv2d_add_add_nn_relu |        0.014 |       15315.59 |     64 |
|    9 |                      vm_mod_fused_nn_conv2d_add_add_nn_relu_1 |        0.019 |       10802.31 |     64 |
|   10 |                         vm_mod_fused_nn_conv2d_add_nn_relu_14 |        0.047 |        4375.93 |     64 |
|   11 |                                  vm_mod_fused_nn_conv2d_add_2 |        0.029 |        7090.09 |     64 |
|   12 |                            vm_mod_fused_nn_conv2d_add_nn_relu |        0.012 |       19385.01 |     64 |
|   13 |                          vm_mod_fused_nn_conv2d_add_nn_relu_7 |        0.005 |        6409.26 |     64 |
|   14 |                         vm_mod_fused_nn_conv2d_add_nn_relu_10 |        0.029 |        7141.12 |    128 |
|   15 |                         vm_mod_fused_nn_conv2d_add_nn_relu_13 |        0.009 |        3392.51 |     64 |
|   16 |                          vm_mod_fused_nn_conv2d_add_nn_relu_3 |        0.013 |       15557.61 |     64 |
|   17 |                         vm_mod_fused_nn_conv2d_add_nn_relu_15 |        0.006 |        4911.49 |     64 |
|   18 |                         vm_mod_fused_nn_conv2d_add_nn_relu_11 |        0.005 |        6332.14 |     64 |
|   19 |                                  vm_mod_fused_nn_conv2d_add_1 |        0.019 |       10667.00 |     64 |
|   20 |                          vm_mod_fused_nn_conv2d_add_nn_relu_6 |        0.014 |       14228.18 |     64 |
|   21 |                           vm_mod_fused_nn_adaptive_avg_pool2d |        0.004 |          -0.00 |     64 |
|   22 |                      vm_mod_fused_nn_conv2d_add_add_nn_relu_2 |        0.015 |       13818.64 |    128 |
|   23 |                                    vm_mod_fused_nn_max_pool2d |        0.003 |         563.39 |     64 |
|   24 |                          vm_mod_fused_nn_conv2d_add_nn_relu_2 |        0.005 |        5761.51 |     64 |
|   25 |                         vm_mod_fused_nn_conv2d_add_nn_relu_12 |        0.037 |       11180.40 |     64 |
|   26 |                          vm_mod_fused_nn_conv2d_add_nn_relu_9 |        0.006 |        5201.68 |     64 |
-----------------------------------------------------------------------------------------------------------------
Estimated total latency: 0.868 ms	Trials: 1916	Used time : 3807 s	Next ID: 10	

Time elapsed for measurement: 31.50 s
----------------------------------------------------------------------
------------------------------  [ Train cost model ]
----------------------------------------------------------------------
Time elapsed for training: 0.00 s
----------------------------------------------------------------------
------------------------------  [ Task Scheduler ]
----------------------------------------------------------------------
----------------------------------------------------------------------
------------------------------  [ Search ]
----------------------------------------------------------------------
Sample Initial Population	#s: 86	fail_ct: 1962	Time elapsed: 7.22
GA Iter: 0	Max score: 0.7732	Min score: -0.0809	#Pop: 86	#M+: 0	#M-: 0
GA Iter: 4	Max score: 0.9886	Min score: 0.9061	#Pop: 128	#M+: 1393	#M-: 0
EvolutionarySearch		#s: 128	Time elapsed: 77.77
----------------------------------------------------------------------
------------------------------  [ Measure ]
----------------------------------------------------------------------
Get 64 programs to measure:
................................................................****************************************************************|  ID  |                       Task Description                        | Latency (ms) | Speed (GFLOPS) | Trials |
-----------------------------------------------------------------------------------------------------------------
|    0 |                          vm_mod_fused_nn_conv2d_add_nn_relu_5 |        0.006 |        5038.86 |     64 |
|    1 |                                    vm_mod_fused_nn_conv2d_add |        0.012 |        8679.29 |     64 |
|    2 |                          vm_mod_fused_nn_conv2d_add_nn_relu_1 |        0.007 |        7817.23 |     64 |
|    3 |                                     vm_mod_fused_nn_dense_add |        0.013 |         304.18 |     64 |
|    4 |                                  vm_mod_fused_nn_conv2d_add_3 |        0.021 |        9933.93 |     64 |
|    5 |                          vm_mod_fused_nn_conv2d_add_nn_relu_8 |        0.027 |       15132.48 |     64 |
|    6 |                      vm_mod_fused_nn_conv2d_add_add_nn_relu_3 |        0.022 |        9466.38 |    128 |
|    7 |                          vm_mod_fused_nn_conv2d_add_nn_relu_4 |        0.020 |       21089.64 |     64 |
|    8 |                        vm_mod_fused_nn_conv2d_add_add_nn_relu |        0.014 |       15315.59 |     64 |
|    9 |                      vm_mod_fused_nn_conv2d_add_add_nn_relu_1 |        0.019 |       10802.31 |     64 |
|   10 |                         vm_mod_fused_nn_conv2d_add_nn_relu_14 |        0.034 |        6018.34 |    128 |
|   11 |                                  vm_mod_fused_nn_conv2d_add_2 |        0.029 |        7090.09 |     64 |
|   12 |                            vm_mod_fused_nn_conv2d_add_nn_relu |        0.012 |       19385.01 |     64 |
|   13 |                          vm_mod_fused_nn_conv2d_add_nn_relu_7 |        0.005 |        6409.26 |     64 |
|   14 |                         vm_mod_fused_nn_conv2d_add_nn_relu_10 |        0.029 |        7141.12 |    128 |
|   15 |                         vm_mod_fused_nn_conv2d_add_nn_relu_13 |        0.009 |        3392.51 |     64 |
|   16 |                          vm_mod_fused_nn_conv2d_add_nn_relu_3 |        0.013 |       15557.61 |     64 |
|   17 |                         vm_mod_fused_nn_conv2d_add_nn_relu_15 |        0.006 |        4911.49 |     64 |
|   18 |                         vm_mod_fused_nn_conv2d_add_nn_relu_11 |        0.005 |        6332.14 |     64 |
|   19 |                                  vm_mod_fused_nn_conv2d_add_1 |        0.019 |       10667.00 |     64 |
|   20 |                          vm_mod_fused_nn_conv2d_add_nn_relu_6 |        0.014 |       14228.18 |     64 |
|   21 |                           vm_mod_fused_nn_adaptive_avg_pool2d |        0.004 |          -0.00 |     64 |
|   22 |                      vm_mod_fused_nn_conv2d_add_add_nn_relu_2 |        0.015 |       13818.64 |    128 |
|   23 |                                    vm_mod_fused_nn_max_pool2d |        0.003 |         563.39 |     64 |
|   24 |                          vm_mod_fused_nn_conv2d_add_nn_relu_2 |        0.005 |        5761.51 |     64 |
|   25 |                         vm_mod_fused_nn_conv2d_add_nn_relu_12 |        0.037 |       11180.40 |     64 |
|   26 |                          vm_mod_fused_nn_conv2d_add_nn_relu_9 |        0.006 |        5201.68 |     64 |
-----------------------------------------------------------------------------------------------------------------
Estimated total latency: 0.842 ms	Trials: 1980	Used time : 3914 s	Next ID: 9	

Time elapsed for measurement: 28.46 s
----------------------------------------------------------------------
------------------------------  [ Train cost model ]
----------------------------------------------------------------------
Time elapsed for training: 0.00 s
Tuning Time:
 ID |                  Name | Time (min) | Percentage 
------------------------------------------------------
    |                 Total |    68.3516 |   100.0000 
  1 |                Tuning |    67.1217 |    98.2006 
  2 | PostTuningCompilation |     0.7358 |     1.0765 
  3 |        TaskExtraction |     0.4941 |     0.7229 
------------------------------------------------------
Evaluate inference time cost...
Execution time summary:
 mean (ms)   median (ms)    max (ms)     min (ms)     std (ms)  
   0.8973       0.8973       0.8974       0.8970       0.0001   
               
