nohup: ignoring input
Workload: resnet_50
AutoScheduler log: /home/qsy/workspace/complier/llm_compiler/result/resnet_50_1x3x224x224_4090.json
==== Task 0: vm_mod_fused_nn_conv2d_add (weight 1 key: ["cb7a0e9e733d26ffc00e7f6c9cc0f879", [1, 56, 56, 64], [1, 1, 64, 256], [1, 1, 1, 256], [1, 56, 56, 256]]) =====
p0 = PLACEHOLDER [1, 56, 56, 64]
pad_temp(i0, i1, i2, i3) = p0[i0, i1, i2, i3]
p1 = PLACEHOLDER [1, 1, 64, 256]
conv2d_nhwc(nn, yy, xx, ff) += (pad_temp[nn, (yy + ry), (xx + rx), rc]*p1[ry, rx, rc, ff])
p2 = PLACEHOLDER [1, 1, 1, 256]
T_add(ax0, ax1, ax2, ax3) = (conv2d_nhwc[ax0, ax1, ax2, ax3] + p2[ax0, 0, 0, ax3])

==== Task 1: vm_mod_fused_nn_conv2d_add_nn_relu_5 (weight 3 key: ["6d628209072e3e3dd8f49359935acea6", [1, 28, 28, 512], [1, 1, 512, 128], [1, 1, 1, 128], [1, 28, 28, 128]]) =====
p0 = PLACEHOLDER [1, 28, 28, 512]
pad_temp(i0, i1, i2, i3) = p0[i0, i1, i2, i3]
p1 = PLACEHOLDER [1, 1, 512, 128]
conv2d_nhwc(nn, yy, xx, ff) += (pad_temp[nn, (yy + ry), (xx + rx), rc]*p1[ry, rx, rc, ff])
p2 = PLACEHOLDER [1, 1, 1, 128]
T_add(ax0, ax1, ax2, ax3) = (conv2d_nhwc[ax0, ax1, ax2, ax3] + p2[ax0, 0, 0, ax3])
T_relu(ax0, ax1, ax2, ax3) = max(T_add[ax0, ax1, ax2, ax3], 0f)

==== Task 2: vm_mod_fused_nn_conv2d_add_add_nn_relu_2 (weight 6 key: ["09e1468652ad0039f0b726123db6e54d", [1, 14, 14, 256], [1, 1, 256, 1024], [1, 1, 1, 1024], [1, 14, 14, 1024], [1, 14, 14, 1024]]) =====
p0 = PLACEHOLDER [1, 14, 14, 256]
pad_temp(i0, i1, i2, i3) = p0[i0, i1, i2, i3]
p1 = PLACEHOLDER [1, 1, 256, 1024]
conv2d_nhwc(nn, yy, xx, ff) += (pad_temp[nn, (yy + ry), (xx + rx), rc]*p1[ry, rx, rc, ff])
p2 = PLACEHOLDER [1, 1, 1, 1024]
T_add(ax0, ax1, ax2, ax3) = (conv2d_nhwc[ax0, ax1, ax2, ax3] + p2[ax0, 0, 0, ax3])
p3 = PLACEHOLDER [1, 14, 14, 1024]
T_add(ax0, ax1, ax2, ax3) = (T_add[ax0, ax1, ax2, ax3] + p3[ax0, ax1, ax2, ax3])
T_relu(ax0, ax1, ax2, ax3) = max(T_add[ax0, ax1, ax2, ax3], 0f)

==== Task 3: vm_mod_fused_nn_conv2d_add_nn_relu_1 (weight 1 key: ["6d628209072e3e3dd8f49359935acea6", [1, 56, 56, 64], [1, 1, 64, 64], [1, 1, 1, 64], [1, 56, 56, 64]]) =====
p0 = PLACEHOLDER [1, 56, 56, 64]
pad_temp(i0, i1, i2, i3) = p0[i0, i1, i2, i3]
p1 = PLACEHOLDER [1, 1, 64, 64]
conv2d_nhwc(nn, yy, xx, ff) += (pad_temp[nn, (yy + ry), (xx + rx), rc]*p1[ry, rx, rc, ff])
p2 = PLACEHOLDER [1, 1, 1, 64]
T_add(ax0, ax1, ax2, ax3) = (conv2d_nhwc[ax0, ax1, ax2, ax3] + p2[ax0, 0, 0, ax3])
T_relu(ax0, ax1, ax2, ax3) = max(T_add[ax0, ax1, ax2, ax3], 0f)

==== Task 4: vm_mod_fused_nn_dense_add (weight 1 key: ["00a059b856ac30ac172b6252254479a6", [1, 2048], [1000, 2048], [1, 1000], [1, 1000]]) =====
p0 = PLACEHOLDER [1, 2048]
p1 = PLACEHOLDER [1000, 2048]
T_matmul_NT(i, j) += (p0[i, k]*p1[j, k])
p2 = PLACEHOLDER [1, 1000]
T_add(ax0, ax1) = (T_matmul_NT[ax0, ax1] + p2[ax0, ax1])

==== Task 5: vm_mod_fused_nn_conv2d_add_nn_relu_8 (weight 5 key: ["6d628209072e3e3dd8f49359935acea6", [1, 14, 14, 1024], [1, 1, 1024, 256], [1, 1, 1, 256], [1, 14, 14, 256]]) =====
p0 = PLACEHOLDER [1, 14, 14, 1024]
pad_temp(i0, i1, i2, i3) = p0[i0, i1, i2, i3]
p1 = PLACEHOLDER [1, 1, 1024, 256]
conv2d_nhwc(nn, yy, xx, ff) += (pad_temp[nn, (yy + ry), (xx + rx), rc]*p1[ry, rx, rc, ff])
p2 = PLACEHOLDER [1, 1, 1, 256]
T_add(ax0, ax1, ax2, ax3) = (conv2d_nhwc[ax0, ax1, ax2, ax3] + p2[ax0, 0, 0, ax3])
T_relu(ax0, ax1, ax2, ax3) = max(T_add[ax0, ax1, ax2, ax3], 0f)

==== Task 6: vm_mod_fused_nn_conv2d_add_3 (weight 1 key: ["cb5e1bf27549411a1320749a1d8e07ca", [1, 14, 14, 1024], [1, 1, 1024, 2048], [1, 1, 1, 2048], [1, 7, 7, 2048]]) =====
p0 = PLACEHOLDER [1, 14, 14, 1024]
pad_temp(i0, i1, i2, i3) = p0[i0, i1, i2, i3]
p1 = PLACEHOLDER [1, 1, 1024, 2048]
conv2d_nhwc(nn, yy, xx, ff) += (pad_temp[nn, ((yy*2) + ry), ((xx*2) + rx), rc]*p1[ry, rx, rc, ff])
p2 = PLACEHOLDER [1, 1, 1, 2048]
T_add(ax0, ax1, ax2, ax3) = (conv2d_nhwc[ax0, ax1, ax2, ax3] + p2[ax0, 0, 0, ax3])

==== Task 7: vm_mod_fused_nn_conv2d_add_add_nn_relu_3 (weight 3 key: ["09e1468652ad0039f0b726123db6e54d", [1, 7, 7, 512], [1, 1, 512, 2048], [1, 1, 1, 2048], [1, 7, 7, 2048], [1, 7, 7, 2048]]) =====
p0 = PLACEHOLDER [1, 7, 7, 512]
pad_temp(i0, i1, i2, i3) = p0[i0, i1, i2, i3]
p1 = PLACEHOLDER [1, 1, 512, 2048]
conv2d_nhwc(nn, yy, xx, ff) += (pad_temp[nn, (yy + ry), (xx + rx), rc]*p1[ry, rx, rc, ff])
p2 = PLACEHOLDER [1, 1, 1, 2048]
T_add(ax0, ax1, ax2, ax3) = (conv2d_nhwc[ax0, ax1, ax2, ax3] + p2[ax0, 0, 0, ax3])
p3 = PLACEHOLDER [1, 7, 7, 2048]
T_add(ax0, ax1, ax2, ax3) = (T_add[ax0, ax1, ax2, ax3] + p3[ax0, ax1, ax2, ax3])
T_relu(ax0, ax1, ax2, ax3) = max(T_add[ax0, ax1, ax2, ax3], 0f)

==== Task 8: vm_mod_fused_nn_conv2d_add_nn_relu_4 (weight 1 key: ["07f9fcad27bdd3233f86fe35a5185d33", [1, 56, 56, 128], [3, 3, 128, 128], [1, 1, 1, 128], [1, 28, 28, 128]]) =====
p0 = PLACEHOLDER [1, 56, 56, 128]
pad_temp(i0, i1, i2, i3) = tir.if_then_else(((((i1 >= 1) && (i1 < 57)) && (i2 >= 1)) && (i2 < 57)), p0[i0, (i1 - 1), (i2 - 1), i3], 0f)
p1 = PLACEHOLDER [3, 3, 128, 128]
conv2d_nhwc(nn, yy, xx, ff) += (pad_temp[nn, ((yy*2) + ry), ((xx*2) + rx), rc]*p1[ry, rx, rc, ff])
p2 = PLACEHOLDER [1, 1, 1, 128]
T_add(ax0, ax1, ax2, ax3) = (conv2d_nhwc[ax0, ax1, ax2, ax3] + p2[ax0, 0, 0, ax3])
T_relu(ax0, ax1, ax2, ax3) = max(T_add[ax0, ax1, ax2, ax3], 0f)

==== Task 9: vm_mod_fused_nn_conv2d_add_add_nn_relu (weight 3 key: ["09e1468652ad0039f0b726123db6e54d", [1, 56, 56, 64], [1, 1, 64, 256], [1, 1, 1, 256], [1, 56, 56, 256], [1, 56, 56, 256]]) =====
p0 = PLACEHOLDER [1, 56, 56, 64]
pad_temp(i0, i1, i2, i3) = p0[i0, i1, i2, i3]
p1 = PLACEHOLDER [1, 1, 64, 256]
conv2d_nhwc(nn, yy, xx, ff) += (pad_temp[nn, (yy + ry), (xx + rx), rc]*p1[ry, rx, rc, ff])
p2 = PLACEHOLDER [1, 1, 1, 256]
T_add(ax0, ax1, ax2, ax3) = (conv2d_nhwc[ax0, ax1, ax2, ax3] + p2[ax0, 0, 0, ax3])
p3 = PLACEHOLDER [1, 56, 56, 256]
T_add(ax0, ax1, ax2, ax3) = (T_add[ax0, ax1, ax2, ax3] + p3[ax0, ax1, ax2, ax3])
T_relu(ax0, ax1, ax2, ax3) = max(T_add[ax0, ax1, ax2, ax3], 0f)

==== Task 10: vm_mod_fused_nn_conv2d_add_add_nn_relu_1 (weight 4 key: ["09e1468652ad0039f0b726123db6e54d", [1, 28, 28, 128], [1, 1, 128, 512], [1, 1, 1, 512], [1, 28, 28, 512], [1, 28, 28, 512]]) =====
p0 = PLACEHOLDER [1, 28, 28, 128]
pad_temp(i0, i1, i2, i3) = p0[i0, i1, i2, i3]
p1 = PLACEHOLDER [1, 1, 128, 512]
conv2d_nhwc(nn, yy, xx, ff) += (pad_temp[nn, (yy + ry), (xx + rx), rc]*p1[ry, rx, rc, ff])
p2 = PLACEHOLDER [1, 1, 1, 512]
T_add(ax0, ax1, ax2, ax3) = (conv2d_nhwc[ax0, ax1, ax2, ax3] + p2[ax0, 0, 0, ax3])
p3 = PLACEHOLDER [1, 28, 28, 512]
T_add(ax0, ax1, ax2, ax3) = (T_add[ax0, ax1, ax2, ax3] + p3[ax0, ax1, ax2, ax3])
T_relu(ax0, ax1, ax2, ax3) = max(T_add[ax0, ax1, ax2, ax3], 0f)

==== Task 11: vm_mod_fused_nn_contrib_conv2d_winograd_without_weight_transform_add_nn_relu_3 (weight 2 key: ["40b1cf1fd37b0ef111b3cc0247302508", [1, 7, 7, 512], [4, 4, 512, 512], [1, 1, 1, 512], [1, 7, 7, 512]]) =====
p0 = PLACEHOLDER [1, 7, 7, 512]
data_pad(i0, i1, i2, i3) = tir.if_then_else(((((i1 >= 1) && (i1 < 8)) && (i2 >= 1)) && (i2 < 8)), p0[i0, (i1 - 1), (i2 - 1), i3], 0f)
input_tile(eps, nu, p, ci) = data_pad[floordiv(p, 16), ((floormod(floordiv(p, 4), 4)*2) + eps), ((floormod(p, 4)*2) + nu), ci]
B(i, j) = select(((floormod(i, 4) == 3) && (floormod(j, 4) == 3)), 1f, select(((floormod(i, 4) == 3) && (floormod(j, 4) == 2)),  ..(OMITTED).. ormod(i, 4) == 0) && (floormod(j, 4) == 1)), 0f, select(((floormod(i, 4) == 0) && (floormod(j, 4) == 0)), 1f, 0f))))))))))))))))
data_pack(eps, nu, p, ci) += ((input_tile[r_a, r_b, p, ci]*B[r_a, eps])*B[r_b, nu])
p1 = PLACEHOLDER [4, 4, 512, 512]
bgemm(eps, nu, p, co) += (data_pack[eps, nu, p, ci]*p1[eps, nu, co, ci])
A(i, j) = select(((floormod(i, 4) == 3) && (floormod(j, 2) == 1)), 1f, select(((floormod(i, 4) == 3) && (floormod(j, 2) == 0)),  ..(OMITTED).. ct(((floormod(i, 4) == 0) && (floormod(j, 2) == 1)), 0f, select(((floormod(i, 4) == 0) && (floormod(j, 2) == 0)), 1f, 0f))))))))
inverse(vh, vw, p, co) += ((bgemm[r_a, r_b, p, co]*A[r_a, vh])*A[r_b, vw])
conv2d_winograd(n, h, w, co) = inverse[floormod(h, 2), floormod(w, 2), ((((n*4)*4) + (floordiv(h, 2)*4)) + floordiv(w, 2)), co]
p2 = PLACEHOLDER [1, 1, 1, 512]
T_add(ax0, ax1, ax2, ax3) = (conv2d_winograd[ax0, ax1, ax2, ax3] + p2[ax0, 0, 0, ax3])
T_relu(ax0, ax1, ax2, ax3) = max(T_add[ax0, ax1, ax2, ax3], 0f)

==== Task 12: vm_mod_fused_nn_conv2d_add_2 (weight 1 key: ["cb5e1bf27549411a1320749a1d8e07ca", [1, 28, 28, 512], [1, 1, 512, 1024], [1, 1, 1, 1024], [1, 14, 14, 1024]]) =====
p0 = PLACEHOLDER [1, 28, 28, 512]
pad_temp(i0, i1, i2, i3) = p0[i0, i1, i2, i3]
p1 = PLACEHOLDER [1, 1, 512, 1024]
conv2d_nhwc(nn, yy, xx, ff) += (pad_temp[nn, ((yy*2) + ry), ((xx*2) + rx), rc]*p1[ry, rx, rc, ff])
p2 = PLACEHOLDER [1, 1, 1, 1024]
T_add(ax0, ax1, ax2, ax3) = (conv2d_nhwc[ax0, ax1, ax2, ax3] + p2[ax0, 0, 0, ax3])

==== Task 13: vm_mod_fused_nn_conv2d_add_nn_relu (weight 1 key: ["07f9fcad27bdd3233f86fe35a5185d33", [1, 224, 224, 3], [7, 7, 3, 64], [1, 1, 1, 64], [1, 112, 112, 64]]) =====
p0 = PLACEHOLDER [1, 224, 224, 3]
pad_temp(i0, i1, i2, i3) = tir.if_then_else(((((i1 >= 3) && (i1 < 227)) && (i2 >= 3)) && (i2 < 227)), p0[i0, (i1 - 3), (i2 - 3), i3], 0f)
p1 = PLACEHOLDER [7, 7, 3, 64]
conv2d_nhwc(nn, yy, xx, ff) += (pad_temp[nn, ((yy*2) + ry), ((xx*2) + rx), rc]*p1[ry, rx, rc, ff])
p2 = PLACEHOLDER [1, 1, 1, 64]
T_add(ax0, ax1, ax2, ax3) = (conv2d_nhwc[ax0, ax1, ax2, ax3] + p2[ax0, 0, 0, ax3])
T_relu(ax0, ax1, ax2, ax3) = max(T_add[ax0, ax1, ax2, ax3], 0f)

==== Task 14: vm_mod_fused_nn_conv2d_add_nn_relu_10 (weight 1 key: ["07f9fcad27bdd3233f86fe35a5185d33", [1, 14, 14, 512], [3, 3, 512, 512], [1, 1, 1, 512], [1, 7, 7, 512]]) =====
p0 = PLACEHOLDER [1, 14, 14, 512]
pad_temp(i0, i1, i2, i3) = tir.if_then_else(((((i1 >= 1) && (i1 < 15)) && (i2 >= 1)) && (i2 < 15)), p0[i0, (i1 - 1), (i2 - 1), i3], 0f)
p1 = PLACEHOLDER [3, 3, 512, 512]
conv2d_nhwc(nn, yy, xx, ff) += (pad_temp[nn, ((yy*2) + ry), ((xx*2) + rx), rc]*p1[ry, rx, rc, ff])
p2 = PLACEHOLDER [1, 1, 1, 512]
T_add(ax0, ax1, ax2, ax3) = (conv2d_nhwc[ax0, ax1, ax2, ax3] + p2[ax0, 0, 0, ax3])
T_relu(ax0, ax1, ax2, ax3) = max(T_add[ax0, ax1, ax2, ax3], 0f)

==== Task 15: vm_mod_fused_nn_conv2d_add_nn_relu_7 (weight 1 key: ["07f9fcad27bdd3233f86fe35a5185d33", [1, 28, 28, 256], [3, 3, 256, 256], [1, 1, 1, 256], [1, 14, 14, 256]]) =====
p0 = PLACEHOLDER [1, 28, 28, 256]
pad_temp(i0, i1, i2, i3) = tir.if_then_else(((((i1 >= 1) && (i1 < 29)) && (i2 >= 1)) && (i2 < 29)), p0[i0, (i1 - 1), (i2 - 1), i3], 0f)
p1 = PLACEHOLDER [3, 3, 256, 256]
conv2d_nhwc(nn, yy, xx, ff) += (pad_temp[nn, ((yy*2) + ry), ((xx*2) + rx), rc]*p1[ry, rx, rc, ff])
p2 = PLACEHOLDER [1, 1, 1, 256]
T_add(ax0, ax1, ax2, ax3) = (conv2d_nhwc[ax0, ax1, ax2, ax3] + p2[ax0, 0, 0, ax3])
T_relu(ax0, ax1, ax2, ax3) = max(T_add[ax0, ax1, ax2, ax3], 0f)

==== Task 16: vm_mod_fused_nn_contrib_conv2d_winograd_without_weight_transform_add_nn_relu_1 (weight 3 key: ["0bcf718c0e6566bcd6c3b1437a3b6291", [1, 28, 28, 128], [4, 4, 128, 128], [1, 1, 1, 128], [1, 28, 28, 128]]) =====
p0 = PLACEHOLDER [1, 28, 28, 128]
data_pad(i0, i1, i2, i3) = tir.if_then_else(((((i1 >= 1) && (i1 < 29)) && (i2 >= 1)) && (i2 < 29)), p0[i0, (i1 - 1), (i2 - 1), i3], 0f)
input_tile(eps, nu, p, ci) = data_pad[floordiv(p, 196), ((floormod(floordiv(p, 14), 14)*2) + eps), ((floormod(p, 14)*2) + nu), ci]
B(i, j) = select(((floormod(i, 4) == 3) && (floormod(j, 4) == 3)), 1f, select(((floormod(i, 4) == 3) && (floormod(j, 4) == 2)),  ..(OMITTED).. ormod(i, 4) == 0) && (floormod(j, 4) == 1)), 0f, select(((floormod(i, 4) == 0) && (floormod(j, 4) == 0)), 1f, 0f))))))))))))))))
data_pack(eps, nu, p, ci) += ((input_tile[r_a, r_b, p, ci]*B[r_a, eps])*B[r_b, nu])
p1 = PLACEHOLDER [4, 4, 128, 128]
bgemm(eps, nu, p, co) += (data_pack[eps, nu, p, ci]*p1[eps, nu, co, ci])
A(i, j) = select(((floormod(i, 4) == 3) && (floormod(j, 2) == 1)), 1f, select(((floormod(i, 4) == 3) && (floormod(j, 2) == 0)),  ..(OMITTED).. ct(((floormod(i, 4) == 0) && (floormod(j, 2) == 1)), 0f, select(((floormod(i, 4) == 0) && (floormod(j, 2) == 0)), 1f, 0f))))))))
inverse(vh, vw, p, co) += ((bgemm[r_a, r_b, p, co]*A[r_a, vh])*A[r_b, vw])
conv2d_winograd(n, h, w, co) = inverse[floormod(h, 2), floormod(w, 2), ((((n*14)*14) + (floordiv(h, 2)*14)) + floordiv(w, 2)), co]
p2 = PLACEHOLDER [1, 1, 1, 128]
T_add(ax0, ax1, ax2, ax3) = (conv2d_winograd[ax0, ax1, ax2, ax3] + p2[ax0, 0, 0, ax3])
T_relu(ax0, ax1, ax2, ax3) = max(T_add[ax0, ax1, ax2, ax3], 0f)

==== Task 17: vm_mod_fused_nn_conv2d_add_nn_relu_3 (weight 1 key: ["6d628209072e3e3dd8f49359935acea6", [1, 56, 56, 256], [1, 1, 256, 128], [1, 1, 1, 128], [1, 56, 56, 128]]) =====
p0 = PLACEHOLDER [1, 56, 56, 256]
pad_temp(i0, i1, i2, i3) = p0[i0, i1, i2, i3]
p1 = PLACEHOLDER [1, 1, 256, 128]
conv2d_nhwc(nn, yy, xx, ff) += (pad_temp[nn, (yy + ry), (xx + rx), rc]*p1[ry, rx, rc, ff])
p2 = PLACEHOLDER [1, 1, 1, 128]
T_add(ax0, ax1, ax2, ax3) = (conv2d_nhwc[ax0, ax1, ax2, ax3] + p2[ax0, 0, 0, ax3])
T_relu(ax0, ax1, ax2, ax3) = max(T_add[ax0, ax1, ax2, ax3], 0f)

==== Task 18: vm_mod_fused_nn_adaptive_avg_pool2d (weight 1 key: ["8c53ca2904398da2889aa7508082d7bb", [1, 7, 7, 2048], [1, 1, 1, 2048]]) =====
p0 = PLACEHOLDER [1, 7, 7, 2048]
adaptive_pool_sum(ax0, ax1, ax2, ax3) += p0[ax0, ((ax1*7) + rv0), ((ax2*7) + rv1), ax3]
adaptive_pool_avg(ax0, ax1, ax2, ax3) = (adaptive_pool_sum[ax0, ax1, ax2, ax3]/(float32((select((bool)1, ((ax1 + 1)*7), (((ax1 + 1)*7) + 1)) - (ax1*7)))*float32((select((bool)1, ((ax2 + 1)*7), (((ax2 + 1)*7) + 1)) - (ax2*7)))))

==== Task 19: vm_mod_fused_nn_conv2d_add_nn_relu_11 (weight 2 key: ["6d628209072e3e3dd8f49359935acea6", [1, 7, 7, 2048], [1, 1, 2048, 512], [1, 1, 1, 512], [1, 7, 7, 512]]) =====
p0 = PLACEHOLDER [1, 7, 7, 2048]
pad_temp(i0, i1, i2, i3) = p0[i0, i1, i2, i3]
p1 = PLACEHOLDER [1, 1, 2048, 512]
conv2d_nhwc(nn, yy, xx, ff) += (pad_temp[nn, (yy + ry), (xx + rx), rc]*p1[ry, rx, rc, ff])
p2 = PLACEHOLDER [1, 1, 1, 512]
T_add(ax0, ax1, ax2, ax3) = (conv2d_nhwc[ax0, ax1, ax2, ax3] + p2[ax0, 0, 0, ax3])
T_relu(ax0, ax1, ax2, ax3) = max(T_add[ax0, ax1, ax2, ax3], 0f)

==== Task 20: vm_mod_fused_nn_conv2d_add_1 (weight 1 key: ["cb5e1bf27549411a1320749a1d8e07ca", [1, 56, 56, 256], [1, 1, 256, 512], [1, 1, 1, 512], [1, 28, 28, 512]]) =====
p0 = PLACEHOLDER [1, 56, 56, 256]
pad_temp(i0, i1, i2, i3) = p0[i0, i1, i2, i3]
p1 = PLACEHOLDER [1, 1, 256, 512]
conv2d_nhwc(nn, yy, xx, ff) += (pad_temp[nn, ((yy*2) + ry), ((xx*2) + rx), rc]*p1[ry, rx, rc, ff])
p2 = PLACEHOLDER [1, 1, 1, 512]
T_add(ax0, ax1, ax2, ax3) = (conv2d_nhwc[ax0, ax1, ax2, ax3] + p2[ax0, 0, 0, ax3])

==== Task 21: vm_mod_fused_nn_conv2d_add_nn_relu_6 (weight 1 key: ["6d628209072e3e3dd8f49359935acea6", [1, 28, 28, 512], [1, 1, 512, 256], [1, 1, 1, 256], [1, 28, 28, 256]]) =====
----------------------------------------------------------------------
------------------------------  [ Task Scheduler ]
----------------------------------------------------------------------
p0 = PLACEHOLDER [1, 28, 28, 512]
pad_temp(i0, i1, i2, i3) = p0[i0, i1, i2, i3]
p1 = PLACEHOLDER [1, 1, 512, 256]
conv2d_nhwc(nn, yy, xx, ff) += (pad_temp[nn, (yy + ry), (xx + rx), rc]*p1[ry, rx, rc, ff])
p2 = PLACEHOLDER [1, 1, 1, 256]
T_add(ax0, ax1, ax2, ax3) = (conv2d_nhwc[ax0, ax1, ax2, ax3] + p2[ax0, 0, 0, ax3])
T_relu(ax0, ax1, ax2, ax3) = max(T_add[ax0, ax1, ax2, ax3], 0f)

==== Task 22: vm_mod_fused_nn_conv2d_add_nn_relu_2 (weight 2 key: ["6d628209072e3e3dd8f49359935acea6", [1, 56, 56, 256], [1, 1, 256, 64], [1, 1, 1, 64], [1, 56, 56, 64]]) =====
p0 = PLACEHOLDER [1, 56, 56, 256]
pad_temp(i0, i1, i2, i3) = p0[i0, i1, i2, i3]
p1 = PLACEHOLDER [1, 1, 256, 64]
conv2d_nhwc(nn, yy, xx, ff) += (pad_temp[nn, (yy + ry), (xx + rx), rc]*p1[ry, rx, rc, ff])
p2 = PLACEHOLDER [1, 1, 1, 64]
T_add(ax0, ax1, ax2, ax3) = (conv2d_nhwc[ax0, ax1, ax2, ax3] + p2[ax0, 0, 0, ax3])
T_relu(ax0, ax1, ax2, ax3) = max(T_add[ax0, ax1, ax2, ax3], 0f)

==== Task 23: vm_mod_fused_nn_contrib_conv2d_winograd_without_weight_transform_add_nn_relu (weight 3 key: ["7c2a4f1f432f81c44985590780dfb52d", [1, 56, 56, 64], [6, 6, 64, 64], [1, 1, 1, 64], [1, 56, 56, 64]]) =====
p0 = PLACEHOLDER [1, 56, 56, 64]
data_pad(i0, i1, i2, i3) = tir.if_then_else(((((i1 >= 1) && (i1 < 57)) && (i2 >= 1)) && (i2 < 57)), p0[i0, (i1 - 1), (i2 - 1), i3], 0f)
input_tile(eps, nu, p, ci) = data_pad[floordiv(p, 196), ((floormod(floordiv(p, 14), 14)*4) + eps), ((floormod(p, 14)*4) + nu), ci]
B(i, j) = select(((floormod(i, 6) == 5) && (floormod(j, 6) == 5)), 1f, select(((floormod(i, 6) == 5) && (floormod(j, 6) == 4)),  ..(OMITTED)..  (floormod(j, 6) == 1)), 0f, select(((floormod(i, 6) == 0) && (floormod(j, 6) == 0)), 1f, 0f))))))))))))))))))))))))))))))))))))
data_pack(eps, nu, p, ci) += ((input_tile[r_a, r_b, p, ci]*B[r_a, eps])*B[r_b, nu])
p1 = PLACEHOLDER [6, 6, 64, 64]
bgemm(eps, nu, p, co) += (data_pack[eps, nu, p, ci]*p1[eps, nu, co, ci])
A(i, j) = select(((floormod(i, 6) == 5) && (floormod(j, 4) == 3)), 1f, select(((floormod(i, 6) == 5) && (floormod(j, 4) == 2)),  ..(OMITTED)..  6) == 0) && (floormod(j, 4) == 1)), 0f, select(((floormod(i, 6) == 0) && (floormod(j, 4) == 0)), 1f, 0f))))))))))))))))))))))))
inverse(vh, vw, p, co) += ((bgemm[r_a, r_b, p, co]*A[r_a, vh])*A[r_b, vw])
conv2d_winograd(n, h, w, co) = inverse[floormod(h, 4), floormod(w, 4), ((((n*14)*14) + (floordiv(h, 4)*14)) + floordiv(w, 4)), co]
p2 = PLACEHOLDER [1, 1, 1, 64]
T_add(ax0, ax1, ax2, ax3) = (conv2d_winograd[ax0, ax1, ax2, ax3] + p2[ax0, 0, 0, ax3])
T_relu(ax0, ax1, ax2, ax3) = max(T_add[ax0, ax1, ax2, ax3], 0f)

==== Task 24: vm_mod_fused_nn_max_pool2d (weight 1 key: ["c219de5fa5fe694343f2826ebe8e47ce", [1, 112, 112, 64], [1, 56, 56, 64]]) =====
p0 = PLACEHOLDER [1, 112, 112, 64]
pad_temp(ax0, ax1, ax2, ax3) = tir.if_then_else(((((ax1 >= 1) && (ax1 < 113)) && (ax2 >= 1)) && (ax2 < 113)), p0[ax0, (ax1 - 1), (ax2 - 1), ax3], -3.40282e+38f)
pool_max(ax0, ax1, ax2, ax3) max= pad_temp[ax0, ((ax1*2) + rv0), ((ax2*2) + rv1), ax3]

==== Task 25: vm_mod_fused_nn_conv2d_add_nn_relu_9 (weight 1 key: ["6d628209072e3e3dd8f49359935acea6", [1, 14, 14, 1024], [1, 1, 1024, 512], [1, 1, 1, 512], [1, 14, 14, 512]]) =====
p0 = PLACEHOLDER [1, 14, 14, 1024]
pad_temp(i0, i1, i2, i3) = p0[i0, i1, i2, i3]
p1 = PLACEHOLDER [1, 1, 1024, 512]
conv2d_nhwc(nn, yy, xx, ff) += (pad_temp[nn, (yy + ry), (xx + rx), rc]*p1[ry, rx, rc, ff])
p2 = PLACEHOLDER [1, 1, 1, 512]
T_add(ax0, ax1, ax2, ax3) = (conv2d_nhwc[ax0, ax1, ax2, ax3] + p2[ax0, 0, 0, ax3])
T_relu(ax0, ax1, ax2, ax3) = max(T_add[ax0, ax1, ax2, ax3], 0f)

==== Task 26: vm_mod_fused_nn_contrib_conv2d_winograd_without_weight_transform_add_nn_relu_2 (weight 5 key: ["1097323f3970e5c881ad3a0028ca79cb", [1, 14, 14, 256], [4, 4, 256, 256], [1, 1, 1, 256], [1, 14, 14, 256]]) =====
p0 = PLACEHOLDER [1, 14, 14, 256]
data_pad(i0, i1, i2, i3) = tir.if_then_else(((((i1 >= 1) && (i1 < 15)) && (i2 >= 1)) && (i2 < 15)), p0[i0, (i1 - 1), (i2 - 1), i3], 0f)
input_tile(eps, nu, p, ci) = data_pad[floordiv(p, 49), ((floormod(floordiv(p, 7), 7)*2) + eps), ((floormod(p, 7)*2) + nu), ci]
B(i, j) = select(((floormod(i, 4) == 3) && (floormod(j, 4) == 3)), 1f, select(((floormod(i, 4) == 3) && (floormod(j, 4) == 2)),  ..(OMITTED).. ormod(i, 4) == 0) && (floormod(j, 4) == 1)), 0f, select(((floormod(i, 4) == 0) && (floormod(j, 4) == 0)), 1f, 0f))))))))))))))))
data_pack(eps, nu, p, ci) += ((input_tile[r_a, r_b, p, ci]*B[r_a, eps])*B[r_b, nu])
p1 = PLACEHOLDER [4, 4, 256, 256]
bgemm(eps, nu, p, co) += (data_pack[eps, nu, p, ci]*p1[eps, nu, co, ci])
A(i, j) = select(((floormod(i, 4) == 3) && (floormod(j, 2) == 1)), 1f, select(((floormod(i, 4) == 3) && (floormod(j, 2) == 0)),  ..(OMITTED).. ct(((floormod(i, 4) == 0) && (floormod(j, 2) == 1)), 0f, select(((floormod(i, 4) == 0) && (floormod(j, 2) == 0)), 1f, 0f))))))))
inverse(vh, vw, p, co) += ((bgemm[r_a, r_b, p, co]*A[r_a, vh])*A[r_b, vw])
conv2d_winograd(n, h, w, co) = inverse[floormod(h, 2), floormod(w, 2), ((((n*7)*7) + (floordiv(h, 2)*7)) + floordiv(w, 2)), co]
p2 = PLACEHOLDER [1, 1, 1, 256]
T_add(ax0, ax1, ax2, ax3) = (conv2d_winograd[ax0, ax1, ax2, ax3] + p2[ax0, 0, 0, ax3])
T_relu(ax0, ax1, ax2, ax3) = max(T_add[ax0, ax1, ax2, ax3], 0f)

|  ID  |                       Task Description                        | Latency (ms) | Speed (GFLOPS) | Trials |
-----------------------------------------------------------------------------------------------------------------
|    0 |                                    vm_mod_fused_nn_conv2d_add |            - |              - |      0 |
|    1 |                          vm_mod_fused_nn_conv2d_add_nn_relu_5 |            - |              - |      0 |
|    2 |                      vm_mod_fused_nn_conv2d_add_add_nn_relu_2 |            - |              - |      0 |
|    3 |                          vm_mod_fused_nn_conv2d_add_nn_relu_1 |            - |              - |      0 |
|    4 |                                     vm_mod_fused_nn_dense_add |            - |              - |      0 |
|    5 |                          vm_mod_fused_nn_conv2d_add_nn_relu_8 |            - |              - |      0 |
|    6 |                                  vm_mod_fused_nn_conv2d_add_3 |            - |              - |      0 |
|    7 |                      vm_mod_fused_nn_conv2d_add_add_nn_relu_3 |            - |              - |      0 |
|    8 |                          vm_mod_fused_nn_conv2d_add_nn_relu_4 |            - |              - |      0 |
|    9 |                        vm_mod_fused_nn_conv2d_add_add_nn_relu |            - |              - |      0 |
|   10 |                      vm_mod_fused_nn_conv2d_add_add_nn_relu_1 |            - |              - |      0 |
|   11 | vm_mod_fused_nn_contrib_conv2d_winograd_without_weight_transform_add_nn_relu_3 |            - |              - |      0 |
|   12 |                                  vm_mod_fused_nn_conv2d_add_2 |            - |              - |      0 |
|   13 |                            vm_mod_fused_nn_conv2d_add_nn_relu |            - |              - |      0 |
|   14 |                         vm_mod_fused_nn_conv2d_add_nn_relu_10 |            - |              - |      0 |
|   15 |                          vm_mod_fused_nn_conv2d_add_nn_relu_7 |            - |              - |      0 |
|   16 | vm_mod_fused_nn_contrib_conv2d_winograd_without_weight_transform_add_nn_relu_1 |            - |              - |      0 |
|   17 |                          vm_mod_fused_nn_conv2d_add_nn_relu_3 |            - |              - |      0 |
|   18 |                           vm_mod_fused_nn_adaptive_avg_pool2d |            - |              - |      0 |
|   19 |                         vm_mod_fused_nn_conv2d_add_nn_relu_11 |            - |              - |      0 |
|   20 |                                  vm_mod_fused_nn_conv2d_add_1 |            - |              - |      0 |
|   21 |                          vm_mod_fused_nn_conv2d_add_nn_relu_6 |            - |              - |      0 |
|   22 |                          vm_mod_fused_nn_conv2d_add_nn_relu_2 |            - |              - |      0 |
----------------------------------------------------------------------
------------------------------  [ Search ]
----------------------------------------------------------------------
Generate Sketches		#s: 1
Sample Initial Population	#s: 101	fail_ct: 1947	Time elapsed: 7.41
GA Iter: 0	Max score: 0.9977	Min score: 0.0008	#Pop: 101	#M+: 0	#M-: 0
GA Iter: 4	Max score: 0.9998	Min score: 0.9816	#Pop: 128	#M+: 1401	#M-: 0
EvolutionarySearch		#s: 128	Time elapsed: 79.50
----------------------------------------------------------------------
------------------------------  [ Measure ]
----------------------------------------------------------------------
Get 64 programs to measure:
...........................................................|   23 | vm_mod_fused_nn_contrib_conv2d_winograd_without_weight_transform_add_nn_relu |            - |              - |      0 |
|   24 |                                    vm_mod_fused_nn_max_pool2d |            - |              - |      0 |
|   25 |                          vm_mod_fused_nn_conv2d_add_nn_relu_9 |            - |              - |      0 |
|   26 | vm_mod_fused_nn_contrib_conv2d_winograd_without_weight_transform_add_nn_relu_2 |            - |              - |      0 |
-----------------------------------------------------------------------------------------------------------------
Estimated total latency: - ms	Trials: 0	Used time : 0 s	Next ID: 0	
.T.T.T.T.T******************E*****************************************
Time elapsed for measurement: 33.09 s
----------------------------------------------------------------------
------------------------------  [ Train cost model ]
----------------------------------------------------------------------
Time elapsed for training: 0.95 s
----------------------------------------------------------------------
------------------------------  [ Task Scheduler ]
----------------------------------------------------------------------
----------------------------------------------------------------------
------------------------------  [ Search ]
----------------------------------------------------------------------
Generate Sketches		#s: 1
Sample Initial Population	#s: 51	fail_ct: 1997	Time elapsed: 6.07
GA Iter: 0	Max score: 0.9952	Min score: 0.0061	#Pop: 51	#M+: 0	#M-: 0
GA Iter: 4	Max score: 0.9999	Min score: 0.9802	#Pop: 128	#M+: 1392	#M-: 0
EvolutionarySearch		#s: 128	Time elapsed: 77.57
----------------------------------------------------------------------
------------------------------  [ Measure ]
----------------------------------------------------------------------
Get 64 programs to measure:
................................................................****************************************************************|  ID  |                       Task Description                        | Latency (ms) | Speed (GFLOPS) | Trials |
-----------------------------------------------------------------------------------------------------------------
|    0 |                                    vm_mod_fused_nn_conv2d_add |        0.018 |        5750.35 |     64 |
|    1 |                          vm_mod_fused_nn_conv2d_add_nn_relu_5 |            - |              - |      0 |
|    2 |                      vm_mod_fused_nn_conv2d_add_add_nn_relu_2 |            - |              - |      0 |
|    3 |                          vm_mod_fused_nn_conv2d_add_nn_relu_1 |            - |              - |      0 |
|    4 |                                     vm_mod_fused_nn_dense_add |            - |              - |      0 |
|    5 |                          vm_mod_fused_nn_conv2d_add_nn_relu_8 |            - |              - |      0 |
|    6 |                                  vm_mod_fused_nn_conv2d_add_3 |            - |              - |      0 |
|    7 |                      vm_mod_fused_nn_conv2d_add_add_nn_relu_3 |            - |              - |      0 |
|    8 |                          vm_mod_fused_nn_conv2d_add_nn_relu_4 |            - |              - |      0 |
|    9 |                        vm_mod_fused_nn_conv2d_add_add_nn_relu |            - |              - |      0 |
|   10 |                      vm_mod_fused_nn_conv2d_add_add_nn_relu_1 |            - |              - |      0 |
|   11 | vm_mod_fused_nn_contrib_conv2d_winograd_without_weight_transform_add_nn_relu_3 |            - |              - |      0 |
|   12 |                                  vm_mod_fused_nn_conv2d_add_2 |            - |              - |      0 |
|   13 |                            vm_mod_fused_nn_conv2d_add_nn_relu |            - |              - |      0 |
|   14 |                         vm_mod_fused_nn_conv2d_add_nn_relu_10 |            - |              - |      0 |
|   15 |                          vm_mod_fused_nn_conv2d_add_nn_relu_7 |            - |              - |      0 |
|   16 | vm_mod_fused_nn_contrib_conv2d_winograd_without_weight_transform_add_nn_relu_1 |            - |              - |      0 |
|   17 |                          vm_mod_fused_nn_conv2d_add_nn_relu_3 |            - |              - |      0 |
|   18 |                           vm_mod_fused_nn_adaptive_avg_pool2d |            - |              - |      0 |
|   19 |                         vm_mod_fused_nn_conv2d_add_nn_relu_11 |            - |              - |      0 |
|   20 |                                  vm_mod_fused_nn_conv2d_add_1 |            - |              - |      0 |
|   21 |                          vm_mod_fused_nn_conv2d_add_nn_relu_6 |            - |              - |      0 |
|   22 |                          vm_mod_fused_nn_conv2d_add_nn_relu_2 |            - |              - |      0 |
|   23 | vm_mod_fused_nn_contrib_conv2d_winograd_without_weight_transform_add_nn_relu |            - |              - |      0 |
|   24 |                                    vm_mod_fused_nn_max_pool2d |            - |              - |      0 |
|   25 |                          vm_mod_fused_nn_conv2d_add_nn_relu_9 |            - |              - |      0 |
|   26 | vm_mod_fused_nn_contrib_conv2d_winograd_without_weight_transform_add_nn_relu_2 |            - |              - |      0 |
-----------------------------------------------------------------------------------------------------------------
Estimated total latency: - ms	Trials: 64	Used time : 121 s	Next ID: 1	

Time elapsed for measurement: 32.64 s
----------------------------------------------------------------------
------------------------------  [ Train cost model ]
----------------------------------------------------------------------
Time elapsed for training: 0.68 s
----------------------------------------------------------------------
------------------------------  [ Task Scheduler ]
----------------------------------------------------------------------
----------------------------------------------------------------------
------------------------------  [ Search ]
----------------------------------------------------------------------
Generate Sketches		#s: 1
Sample Initial Population	#s: 84	fail_ct: 1964	Time elapsed: 6.67
GA Iter: 0	Max score: 0.9936	Min score: 0.0658	#Pop: 84	#M+: 0	#M-: 0
GA Iter: 4	Max score: 1.0000	Min score: 0.9797	#Pop: 128	#M+: 1383	#M-: 0
EvolutionarySearch		#s: 128	Time elapsed: 78.31
----------------------------------------------------------------------
------------------------------  [ Measure ]
----------------------------------------------------------------------
Get 64 programs to measure:
...............................................................|  ID  |                       Task Description                        | Latency (ms) | Speed (GFLOPS) | Trials |
-----------------------------------------------------------------------------------------------------------------
|    0 |                                    vm_mod_fused_nn_conv2d_add |        0.018 |        5750.35 |     64 |
|    1 |                          vm_mod_fused_nn_conv2d_add_nn_relu_5 |        0.020 |        5272.97 |     64 |
|    2 |                      vm_mod_fused_nn_conv2d_add_add_nn_relu_2 |            - |              - |      0 |
|    3 |                          vm_mod_fused_nn_conv2d_add_nn_relu_1 |            - |              - |      0 |
|    4 |                                     vm_mod_fused_nn_dense_add |            - |              - |      0 |
|    5 |                          vm_mod_fused_nn_conv2d_add_nn_relu_8 |            - |              - |      0 |
|    6 |                                  vm_mod_fused_nn_conv2d_add_3 |            - |              - |      0 |
|    7 |                      vm_mod_fused_nn_conv2d_add_add_nn_relu_3 |            - |              - |      0 |
|    8 |                          vm_mod_fused_nn_conv2d_add_nn_relu_4 |            - |              - |      0 |
|    9 |                        vm_mod_fused_nn_conv2d_add_add_nn_relu |            - |              - |      0 |
|   10 |                      vm_mod_fused_nn_conv2d_add_add_nn_relu_1 |            - |              - |      0 |
|   11 | vm_mod_fused_nn_contrib_conv2d_winograd_without_weight_transform_add_nn_relu_3 |            - |              - |      0 |
|   12 |                                  vm_mod_fused_nn_conv2d_add_2 |            - |              - |      0 |
|   13 |                            vm_mod_fused_nn_conv2d_add_nn_relu |            - |              - |      0 |
|   14 |                         vm_mod_fused_nn_conv2d_add_nn_relu_10 |            - |              - |      0 |
|   15 |                          vm_mod_fused_nn_conv2d_add_nn_relu_7 |            - |              - |      0 |
|   16 | vm_mod_fused_nn_contrib_conv2d_winograd_without_weight_transform_add_nn_relu_1 |            - |              - |      0 |
|   17 |                          vm_mod_fused_nn_conv2d_add_nn_relu_3 |            - |              - |      0 |
|   18 |                           vm_mod_fused_nn_adaptive_avg_pool2d |            - |              - |      0 |
|   19 |                         vm_mod_fused_nn_conv2d_add_nn_relu_11 |            - |              - |      0 |
|   20 |                                  vm_mod_fused_nn_conv2d_add_1 |            - |              - |      0 |
|   21 |                          vm_mod_fused_nn_conv2d_add_nn_relu_6 |            - |              - |      0 |
|   22 |                          vm_mod_fused_nn_conv2d_add_nn_relu_2 |            - |              - |      0 |
|   23 | vm_mod_fused_nn_contrib_conv2d_winograd_without_weight_transform_add_nn_relu |            - |              - |      0 |
|   24 |                                    vm_mod_fused_nn_max_pool2d |            - |              - |      0 |
|   25 |                          vm_mod_fused_nn_conv2d_add_nn_relu_9 |            - |              - |      0 |
|   26 | vm_mod_fused_nn_contrib_conv2d_winograd_without_weight_transform_add_nn_relu_2 |            - |              - |      0 |
-----------------------------------------------------------------------------------------------------------------
Estimated total latency: - ms	Trials: 128	Used time : 238 s	Next ID: 2	
.T*******************************Eterminate called after throwing an instance of 'tvm::runtime::InternalError'
  what():  [16:18:51] /data3/qsy/complier/tlm/src/runtime/cuda/cuda_module.cc:61: CUDAError: cuModuleUnload(module_[i]) failed with error: CUDA_ERROR_MISALIGNED_ADDRESS
Stack trace:
  0: tvm::runtime::SimpleObjAllocator::Handler<tvm::runtime::CUDAModuleNode>::Deleter_(tvm::runtime::Object*)
  1: tvm::runtime::SimpleObjAllocator::Handler<tvm::runtime::LibraryModuleNode>::Deleter_(tvm::runtime::Object*)
  2: _ZN3tvm7runtime18SimpleObjAllocator7HandlerINS0_16PackedFuncS
  3: _ZN3tvm7runtime18SimpleObjAllocator7HandlerINS0_16PackedFuncSubObjIZNS0_9profiling17WrapTimeE
  4: TVMObjectFree
  5: __pyx_tp_dealloc_3tvm_4_ffi_4_cy3_4core_PackedFuncBase(_object*)
  6: subtype_dealloc
        at /usr/local/src/conda/python-3.10.18/Objects/typeobject.c:1460
  7: _Py_DECREF
        at /usr/local/src/conda/python-3.10.18/Include/object.h:500
  8: _Py_XDECREF
        at /usr/local/src/conda/python-3.10.18/Include/object.h:567
  9: cell_dealloc
        at /usr/local/src/conda/python-3.10.18/Objects/cellobject.c:82
  10: _Py_Dealloc
        at /usr/local/src/conda/python-3.10.18/Objects/object.c:2301
  11: _Py_DECREF
        at /usr/local/src/conda/python-3.10.18/Include/object.h:500
  12: _Py_XDECREF
        at /usr/local/src/conda/python-3.10.18/Include/object.h:567
  13: tupledealloc
        at /usr/local/src/conda/python-3.10.18/Objects/tupleobject.c:276
  14: _Py_Dealloc
        at /usr/local/src/conda/python-3.10.18/Objects/object.c:2301
  15: _Py_DECREF
        at /usr/local/src/conda/python-3.10.18/Include/object.h:500
  16: func_clear
        at /usr/local/src/conda/python-3.10.18/Objects/funcobject.c:636
  17: func_dealloc
        at /usr/local/src/conda/python-3.10.18/Objects/funcobject.c:648
  18: _Py_Dealloc
        at /usr/local/src/conda/python-3.10.18/Objects/object.c:2301
  19: _Py_DECREF
        at /usr/local/src/conda/python-3.10.18/Include/object.h:500
  20: frame_dealloc
        at /usr/local/src/conda/python-3.10.18/Objects/frameobject.c:591
  21: _Py_Dealloc
        at /usr/local/src/conda/python-3.10.18/Objects/object.c:2301
  22: _Py_DECREF
        at /usr/local/src/conda/python-3.10.18/Include/object.h:500
  23: _PyEval_Vector
        at /usr/local/src/conda/python-3.10.18/Python/ceval.c:5080
  24: _PyFunction_Vectorcall
        at /usr/local/src/conda/python-3.10.18/Objects/call.c:342
  25: do_call_core
        at /usr/local/src/conda/python-3.10.18/Python/ceval.c:5945
  26: _PyEval_EvalFrameDefault
        at /usr/local/src/conda/python-3.10.18/Python/ceval.c:4277
  27: _PyEval_EvalFrame
        at /usr/local/src/conda/python-3.10.18/Include/internal/pycore_ceval.h:46
  28: _PyEval_Vector
        at /usr/local/src/conda/python-3.10.18/Python/ceval.c:5067
  29: _PyFunction_Vectorcall
        at /usr/local/src/conda/python-3.10.18/Objects/call.c:342
  30: _PyObject_VectorcallTstate
        at /usr/local/src/conda/python-3.10.18/Include/cpython/abstract.h:114
  31: PyObject_Vectorcall
        at /usr/local/src/conda/python-3.10.18/Include/cpython/abstract.h:123
  32: call_function
        at /usr/local/src/conda/python-3.10.18/Python/ceval.c:5893
  33: _PyEval_EvalFrameDefault
        at /usr/local/src/conda/python-3.10.18/Python/ceval.c:4213
  34: _PyEval_EvalFrame
        at /usr/local/src/conda/python-3.10.18/Include/internal/pycore_ceval.h:46
  35: _PyEval_Vector
        at /usr/local/src/conda/python-3.10.18/Python/ceval.c:5067
  36: PyEval_EvalCode
        at /usr/local/src/conda/python-3.10.18/Python/ceval.c:1134
  37: builtin_exec_impl
        at /usr/local/src/conda/python-3.10.18/Python/bltinmodule.c:1058
  38: builtin_exec
        at /usr/local/src/conda/python-3.10.18/Python/clinic/bltinmodule.c.h:371
  39: cfunction_vectorcall_FASTCALL
        at /usr/local/src/conda/python-3.10.18/Objects/methodobject.c:430
  40: _PyObject_VectorcallTstate
        at /usr/local/src/conda/python-3.10.18/Include/cpython/abstract.h:114
  41: PyObject_Vectorcall
        at /usr/local/src/conda/python-3.10.18/Include/cpython/abstract.h:123
  42: call_function
        at /usr/local/src/conda/python-3.10.18/Python/ceval.c:5893
  43: _PyEval_EvalFrameDefault
        at /usr/local/src/conda/python-3.10.18/Python/ceval.c:4213
  44: _PyEval_EvalFrame
        at /usr/local/src/conda/python-3.10.18/Include/internal/pycore_ceval.h:46
  45: _PyEval_Vector
        at /usr/local/src/conda/python-3.10.18/Python/ceval.c:5067
  46: _PyFunction_Vectorcall
        at /usr/local/src/conda/python-3.10.18/Objects/call.c:342
  47: _PyObject_VectorcallTstate
        at /usr/local/src/conda/python-3.10.18/Include/cpython/abstract.h:114
  48: PyObject_Vectorcall
        at /usr/local/src/conda/python-3.10.18/Include/cpython/abstract.h:123
  49: call_function
        at /usr/local/src/conda/python-3.10.18/Python/ceval.c:5893
  50: _PyEval_EvalFrameDefault
        at /usr/local/src/conda/python-3.10.18/Python/ceval.c:4213
  51: _PyEval_EvalFrame
        at /usr/local/src/conda/python-3.10.18/Include/internal/pycore_ceval.h:46
  52: _PyEval_Vector
        at /usr/local/src/conda/python-3.10.18/Python/ceval.c:5067
  53: _PyFunction_Vectorcall
        at /usr/local/src/conda/python-3.10.18/Objects/call.c:342
  54: pymain_run_module
        at /usr/local/src/conda/python-3.10.18/Modules/main.c:297
  55: pymain_run_python
        at /usr/local/src/conda/python-3.10.18/Modules/main.c:589
  56: Py_RunMain
        at /usr/local/src/conda/python-3.10.18/Modules/main.c:674
  57: Py_BytesMain
        at /usr/local/src/conda/python-3.10.18/Modules/main.c:1094
  58: __libc_start_main
        at ../csu/libc-start.c:308
  59: 0x000000000058728d
  60: 0xffffffffffffffff


*E********************************
Time elapsed for measurement: 33.80 s
----------------------------------------------------------------------
------------------------------  [ Train cost model ]
----------------------------------------------------------------------
Time elapsed for training: 3.45 s
----------------------------------------------------------------------
------------------------------  [ Task Scheduler ]
----------------------------------------------------------------------
----------------------------------------------------------------------
------------------------------  [ Search ]
----------------------------------------------------------------------
Generate Sketches		#s: 1
Sample Initial Population	#s: 74	fail_ct: 1974	Time elapsed: 7.09
GA Iter: 0	Max score: 0.9739	Min score: 0.0076	#Pop: 74	#M+: 0	#M-: 0
GA Iter: 4	Max score: 0.9997	Min score: 0.9800	#Pop: 128	#M+: 1387	#M-: 0
EvolutionarySearch		#s: 128	Time elapsed: 79.10
----------------------------------------------------------------------
------------------------------  [ Measure ]
----------------------------------------------------------------------
Get 64 programs to measure:
...............................................................|  ID  |                       Task Description                        | Latency (ms) | Speed (GFLOPS) | Trials |
-----------------------------------------------------------------------------------------------------------------
|    0 |                                    vm_mod_fused_nn_conv2d_add |        0.018 |        5750.35 |     64 |
|    1 |                          vm_mod_fused_nn_conv2d_add_nn_relu_5 |        0.020 |        5272.97 |     64 |
|    2 |                      vm_mod_fused_nn_conv2d_add_add_nn_relu_2 |        0.011 |        8990.69 |     64 |
|    3 |                          vm_mod_fused_nn_conv2d_add_nn_relu_1 |            - |              - |      0 |
|    4 |                                     vm_mod_fused_nn_dense_add |            - |              - |      0 |
|    5 |                          vm_mod_fused_nn_conv2d_add_nn_relu_8 |            - |              - |      0 |
|    6 |                                  vm_mod_fused_nn_conv2d_add_3 |            - |              - |      0 |
|    7 |                      vm_mod_fused_nn_conv2d_add_add_nn_relu_3 |            - |              - |      0 |
|    8 |                          vm_mod_fused_nn_conv2d_add_nn_relu_4 |            - |              - |      0 |
|    9 |                        vm_mod_fused_nn_conv2d_add_add_nn_relu |            - |              - |      0 |
|   10 |                      vm_mod_fused_nn_conv2d_add_add_nn_relu_1 |            - |              - |      0 |
|   11 | vm_mod_fused_nn_contrib_conv2d_winograd_without_weight_transform_add_nn_relu_3 |            - |              - |      0 |
|   12 |                                  vm_mod_fused_nn_conv2d_add_2 |            - |              - |      0 |
|   13 |                            vm_mod_fused_nn_conv2d_add_nn_relu |            - |              - |      0 |
|   14 |                         vm_mod_fused_nn_conv2d_add_nn_relu_10 |            - |              - |      0 |
|   15 |                          vm_mod_fused_nn_conv2d_add_nn_relu_7 |            - |              - |      0 |
|   16 | vm_mod_fused_nn_contrib_conv2d_winograd_without_weight_transform_add_nn_relu_1 |            - |              - |      0 |
|   17 |                          vm_mod_fused_nn_conv2d_add_nn_relu_3 |            - |              - |      0 |
|   18 |                           vm_mod_fused_nn_adaptive_avg_pool2d |            - |              - |      0 |
|   19 |                         vm_mod_fused_nn_conv2d_add_nn_relu_11 |            - |              - |      0 |
|   20 |                                  vm_mod_fused_nn_conv2d_add_1 |            - |              - |      0 |
|   21 |                          vm_mod_fused_nn_conv2d_add_nn_relu_6 |            - |              - |      0 |
|   22 |                          vm_mod_fused_nn_conv2d_add_nn_relu_2 |            - |              - |      0 |
|   23 | vm_mod_fused_nn_contrib_conv2d_winograd_without_weight_transform_add_nn_relu |            - |              - |      0 |
|   24 |                                    vm_mod_fused_nn_max_pool2d |            - |              - |      0 |
|   25 |                          vm_mod_fused_nn_conv2d_add_nn_relu_9 |            - |              - |      0 |
|   26 | vm_mod_fused_nn_contrib_conv2d_winograd_without_weight_transform_add_nn_relu_2 |            - |              - |      0 |
-----------------------------------------------------------------------------------------------------------------
Estimated total latency: - ms	Trials: 192	Used time : 361 s	Next ID: 3	
.T*******E********************************************************
Time elapsed for measurement: 32.34 s
----------------------------------------------------------------------
------------------------------  [ Train cost model ]
----------------------------------------------------------------------
Time elapsed for training: 3.36 s
----------------------------------------------------------------------
------------------------------  [ Task Scheduler ]
----------------------------------------------------------------------
----------------------------------------------------------------------
------------------------------  [ Search ]
----------------------------------------------------------------------
Generate Sketches		#s: 2
Sample Initial Population	#s: 67	fail_ct: 1981	Time elapsed: 2.63
GA Iter: 0	Max score: 0.9883	Min score: 0.0083	#Pop: 67	#M+: 0	#M-: 0
GA Iter: 4	Max score: 0.9987	Min score: 0.9142	#Pop: 128	#M+: 1400	#M-: 0
EvolutionarySearch		#s: 128	Time elapsed: 13.86
----------------------------------------------------------------------
------------------------------  [ Measure ]
----------------------------------------------------------------------
Get 64 programs to measure:
................................................................**************************************************Eterminate called after throwing an instance of 'tvm::runtime::InternalError'
  what():  [16:21:47] /data3/qsy/complier/tlm/src/runtime/cuda/cuda_module.cc:61: CUDAError: cuModuleUnload(module_[i]) failed with error: CUDA_ERROR_MISALIGNED_ADDRESS
Stack trace:
  0: tvm::runtime::SimpleObjAllocator::Handler<tvm::runtime::CUDAModuleNode>::Deleter_(tvm::runtime::Object*)
  1: tvm::runtime::SimpleObjAllocator::Handler<tvm::runtime::LibraryModuleNode>::Deleter_(tvm::runtime::Object*)
  2: _ZN3tvm7runtime18SimpleObjAllocator7HandlerINS0_16PackedFuncS
  3: _ZN3tvm7runtime18SimpleObjAllocator7HandlerINS0_16PackedFuncSubObjIZNS0_9profiling17WrapTimeE
  4: TVMObjectFree
  5: __pyx_tp_dealloc_3tvm_4_ffi_4_cy3_4core_PackedFuncBase(_object*)
  6: subtype_dealloc
        at /usr/local/src/conda/python-3.10.18/Objects/typeobject.c:1460
  7: _Py_DECREF
        at /usr/local/src/conda/python-3.10.18/Include/object.h:500
  8: _Py_XDECREF
        at /usr/local/src/conda/python-3.10.18/Include/object.h:567
  9: cell_dealloc
        at /usr/local/src/conda/python-3.10.18/Objects/cellobject.c:82
  10: _Py_Dealloc
        at /usr/local/src/conda/python-3.10.18/Objects/object.c:2301
  11: _Py_DECREF
        at /usr/local/src/conda/python-3.10.18/Include/object.h:500
  12: _Py_XDECREF
        at /usr/local/src/conda/python-3.10.18/Include/object.h:567
  13: tupledealloc
        at /usr/local/src/conda/python-3.10.18/Objects/tupleobject.c:276
  14: _Py_Dealloc
        at /usr/local/src/conda/python-3.10.18/Objects/object.c:2301
  15: _Py_DECREF
        at /usr/local/src/conda/python-3.10.18/Include/object.h:500
  16: func_clear
        at /usr/local/src/conda/python-3.10.18/Objects/funcobject.c:636
  17: func_dealloc
        at /usr/local/src/conda/python-3.10.18/Objects/funcobject.c:648
  18: _Py_Dealloc
        at /usr/local/src/conda/python-3.10.18/Objects/object.c:2301
  19: _Py_DECREF
        at /usr/local/src/conda/python-3.10.18/Include/object.h:500
  20: frame_dealloc
        at /usr/local/src/conda/python-3.10.18/Objects/frameobject.c:591
  21: _Py_Dealloc
        at /usr/local/src/conda/python-3.10.18/Objects/object.c:2301
  22: _Py_DECREF
        at /usr/local/src/conda/python-3.10.18/Include/object.h:500
  23: _PyEval_Vector
        at /usr/local/src/conda/python-3.10.18/Python/ceval.c:5080
  24: _PyFunction_Vectorcall
        at /usr/local/src/conda/python-3.10.18/Objects/call.c:342
  25: do_call_core
        at /usr/local/src/conda/python-3.10.18/Python/ceval.c:5945
  26: _PyEval_EvalFrameDefault
        at /usr/local/src/conda/python-3.10.18/Python/ceval.c:4277
  27: _PyEval_EvalFrame
        at /usr/local/src/conda/python-3.10.18/Include/internal/pycore_ceval.h:46
  28: _PyEval_Vector
        at /usr/local/src/conda/python-3.10.18/Python/ceval.c:5067
  29: _PyFunction_Vectorcall
        at /usr/local/src/conda/python-3.10.18/Objects/call.c:342
  30: _PyObject_VectorcallTstate
        at /usr/local/src/conda/python-3.10.18/Include/cpython/abstract.h:114
  31: PyObject_Vectorcall
        at /usr/local/src/conda/python-3.10.18/Include/cpython/abstract.h:123
  32: call_function
        at /usr/local/src/conda/python-3.10.18/Python/ceval.c:5893
  33: _PyEval_EvalFrameDefault
        at /usr/local/src/conda/python-3.10.18/Python/ceval.c:4213
  34: _PyEval_EvalFrame
        at /usr/local/src/conda/python-3.10.18/Include/internal/pycore_ceval.h:46
  35: _PyEval_Vector
        at /usr/local/src/conda/python-3.10.18/Python/ceval.c:5067
  36: PyEval_EvalCode
        at /usr/local/src/conda/python-3.10.18/Python/ceval.c:1134
  37: builtin_exec_impl
        at /usr/local/src/conda/python-3.10.18/Python/bltinmodule.c:1058
  38: builtin_exec
        at /usr/local/src/conda/python-3.10.18/Python/clinic/bltinmodule.c.h:371
  39: cfunction_vectorcall_FASTCALL
        at /usr/local/src/conda/python-3.10.18/Objects/methodobject.c:430
  40: _PyObject_VectorcallTstate
        at /usr/local/src/conda/python-3.10.18/Include/cpython/abstract.h:114
  41: PyObject_Vectorcall
        at /usr/local/src/conda/python-3.10.18/Include/cpython/abstract.h:123
  42: call_function
        at /usr/local/src/conda/python-3.10.18/Python/ceval.c:5893
  43: _PyEval_EvalFrameDefault
        at /usr/local/src/conda/python-3.10.18/Python/ceval.c:4213
  44: _PyEval_EvalFrame
        at /usr/local/src/conda/python-3.10.18/Include/internal/pycore_ceval.h:46
  45: _PyEval_Vector
        at /usr/local/src/conda/python-3.10.18/Python/ceval.c:5067
  46: _PyFunction_Vectorcall
        at /usr/local/src/conda/python-3.10.18/Objects/call.c:342
  47: _PyObject_VectorcallTstate
        at /usr/local/src/conda/python-3.10.18/Include/cpython/abstract.h:114
  48: PyObject_Vectorcall
        at /usr/local/src/conda/python-3.10.18/Include/cpython/abstract.h:123
  49: call_function
        at /usr/local/src/conda/python-3.10.18/Python/ceval.c:5893
  50: _PyEval_EvalFrameDefault
        at /usr/local/src/conda/python-3.10.18/Python/ceval.c:4213
  51: _PyEval_EvalFrame
        at /usr/local/src/conda/python-3.10.18/Include/internal/pycore_ceval.h:46
  52: _PyEval_Vector
        at /usr/local/src/conda/python-3.10.18/Python/ceval.c:5067
  53: _PyFunction_Vectorcall
        at /usr/local/src/conda/python-3.10.18/Objects/call.c:342
  54: pymain_run_module
        at /usr/local/src/conda/python-3.10.18/Modules/main.c:297
  55: pymain_run_python
        at /usr/local/src/conda/python-3.10.18/Modules/main.c:589
  56: Py_RunMain
        at /usr/local/src/conda/python-3.10.18/Modules/main.c:674
  57: Py_BytesMain
        at /usr/local/src/conda/python-3.10.18/Modules/main.c:1094
  58: __libc_start_main
        at ../csu/libc-start.c:308
  59: 0x000000000058728d
  60: 0xffffffffffffffff


|  ID  |                       Task Description                        | Latency (ms) | Speed (GFLOPS) | Trials |
-----------------------------------------------------------------------------------------------------------------
|    0 |                                    vm_mod_fused_nn_conv2d_add |        0.018 |        5750.35 |     64 |
|    1 |                          vm_mod_fused_nn_conv2d_add_nn_relu_5 |        0.020 |        5272.97 |     64 |
|    2 |                      vm_mod_fused_nn_conv2d_add_add_nn_relu_2 |        0.011 |        8990.69 |     64 |
|    3 |                          vm_mod_fused_nn_conv2d_add_nn_relu_1 |        0.006 |        4232.57 |     64 |
|    4 |                                     vm_mod_fused_nn_dense_add |            - |              - |      0 |
|    5 |                          vm_mod_fused_nn_conv2d_add_nn_relu_8 |            - |              - |      0 |
|    6 |                                  vm_mod_fused_nn_conv2d_add_3 |            - |              - |      0 |
|    7 |                      vm_mod_fused_nn_conv2d_add_add_nn_relu_3 |            - |              - |      0 |
|    8 |                          vm_mod_fused_nn_conv2d_add_nn_relu_4 |            - |              - |      0 |
|    9 |                        vm_mod_fused_nn_conv2d_add_add_nn_relu |            - |              - |      0 |
|   10 |                      vm_mod_fused_nn_conv2d_add_add_nn_relu_1 |            - |              - |      0 |
|   11 | vm_mod_fused_nn_contrib_conv2d_winograd_without_weight_transform_add_nn_relu_3 |            - |              - |      0 |
|   12 |                                  vm_mod_fused_nn_conv2d_add_2 |            - |              - |      0 |
|   13 |                            vm_mod_fused_nn_conv2d_add_nn_relu |            - |              - |      0 |
|   14 |                         vm_mod_fused_nn_conv2d_add_nn_relu_10 |            - |              - |      0 |
|   15 |                          vm_mod_fused_nn_conv2d_add_nn_relu_7 |            - |              - |      0 |
|   16 | vm_mod_fused_nn_contrib_conv2d_winograd_without_weight_transform_add_nn_relu_1 |            - |              - |      0 |
|   17 |                          vm_mod_fused_nn_conv2d_add_nn_relu_3 |            - |              - |      0 |
|   18 |                           vm_mod_fused_nn_adaptive_avg_pool2d |            - |              - |      0 |
|   19 |                         vm_mod_fused_nn_conv2d_add_nn_relu_11 |            - |              - |      0 |
|   20 |                                  vm_mod_fused_nn_conv2d_add_1 |            - |              - |      0 |
|   21 |                          vm_mod_fused_nn_conv2d_add_nn_relu_6 |            - |              - |      0 |
|   22 |                          vm_mod_fused_nn_conv2d_add_nn_relu_2 |            - |              - |      0 |
|   23 | vm_mod_fused_nn_contrib_conv2d_winograd_without_weight_transform_add_nn_relu |            - |              - |      0 |
|   24 |                                    vm_mod_fused_nn_max_pool2d |            - |              - |      0 |
|   25 |                          vm_mod_fused_nn_conv2d_add_nn_relu_9 |            - |              - |      0 |
|   26 | vm_mod_fused_nn_contrib_conv2d_winograd_without_weight_transform_add_nn_relu_2 |            - |              - |      0 |
-----------------------------------------------------------------------------------------------------------------
Estimated total latency: - ms	Trials: 256	Used time : 483 s	Next ID: 4	
*E**************
Time elapsed for measurement: 29.91 s
----------------------------------------------------------------------
------------------------------  [ Train cost model ]
----------------------------------------------------------------------
Time elapsed for training: 0.42 s
----------------------------------------------------------------------
------------------------------  [ Task Scheduler ]
----------------------------------------------------------------------
----------------------------------------------------------------------
------------------------------  [ Search ]
----------------------------------------------------------------------
Generate Sketches		#s: 1
Sample Initial Population	#s: 63	fail_ct: 1985	Time elapsed: 5.77
GA Iter: 0	Max score: 0.9917	Min score: 0.0136	#Pop: 63	#M+: 0	#M-: 0
GA Iter: 4	Max score: 0.9999	Min score: 0.9802	#Pop: 128	#M+: 1408	#M-: 0
EvolutionarySearch		#s: 128	Time elapsed: 73.99
----------------------------------------------------------------------
------------------------------  [ Measure ]
----------------------------------------------------------------------
Get 64 programs to measure:
................................................................****************************************************************|  ID  |                       Task Description                        | Latency (ms) | Speed (GFLOPS) | Trials |
-----------------------------------------------------------------------------------------------------------------
|    0 |                                    vm_mod_fused_nn_conv2d_add |        0.018 |        5750.35 |     64 |
|    1 |                          vm_mod_fused_nn_conv2d_add_nn_relu_5 |        0.020 |        5272.97 |     64 |
|    2 |                      vm_mod_fused_nn_conv2d_add_add_nn_relu_2 |        0.011 |        8990.69 |     64 |
|    3 |                          vm_mod_fused_nn_conv2d_add_nn_relu_1 |        0.006 |        4232.57 |     64 |
|    4 |                                     vm_mod_fused_nn_dense_add |        0.026 |         158.72 |     64 |
|    5 |                          vm_mod_fused_nn_conv2d_add_nn_relu_8 |            - |              - |      0 |
|    6 |                                  vm_mod_fused_nn_conv2d_add_3 |            - |              - |      0 |
|    7 |                      vm_mod_fused_nn_conv2d_add_add_nn_relu_3 |            - |              - |      0 |
|    8 |                          vm_mod_fused_nn_conv2d_add_nn_relu_4 |            - |              - |      0 |
|    9 |                        vm_mod_fused_nn_conv2d_add_add_nn_relu |            - |              - |      0 |
|   10 |                      vm_mod_fused_nn_conv2d_add_add_nn_relu_1 |            - |              - |      0 |
|   11 | vm_mod_fused_nn_contrib_conv2d_winograd_without_weight_transform_add_nn_relu_3 |            - |              - |      0 |
|   12 |                                  vm_mod_fused_nn_conv2d_add_2 |            - |              - |      0 |
|   13 |                            vm_mod_fused_nn_conv2d_add_nn_relu |            - |              - |      0 |
|   14 |                         vm_mod_fused_nn_conv2d_add_nn_relu_10 |            - |              - |      0 |
|   15 |                          vm_mod_fused_nn_conv2d_add_nn_relu_7 |            - |              - |      0 |
|   16 | vm_mod_fused_nn_contrib_conv2d_winograd_without_weight_transform_add_nn_relu_1 |            - |              - |      0 |
|   17 |                          vm_mod_fused_nn_conv2d_add_nn_relu_3 |            - |              - |      0 |
|   18 |                           vm_mod_fused_nn_adaptive_avg_pool2d |            - |              - |      0 |
|   19 |                         vm_mod_fused_nn_conv2d_add_nn_relu_11 |            - |              - |      0 |
|   20 |                                  vm_mod_fused_nn_conv2d_add_1 |            - |              - |      0 |
|   21 |                          vm_mod_fused_nn_conv2d_add_nn_relu_6 |            - |              - |      0 |
|   22 |                          vm_mod_fused_nn_conv2d_add_nn_relu_2 |            - |              - |      0 |
|   23 | vm_mod_fused_nn_contrib_conv2d_winograd_without_weight_transform_add_nn_relu |            - |              - |      0 |
|   24 |                                    vm_mod_fused_nn_max_pool2d |            - |              - |      0 |
|   25 |                          vm_mod_fused_nn_conv2d_add_nn_relu_9 |            - |              - |      0 |
|   26 | vm_mod_fused_nn_contrib_conv2d_winograd_without_weight_transform_add_nn_relu_2 |            - |              - |      0 |
-----------------------------------------------------------------------------------------------------------------
Estimated total latency: - ms	Trials: 320	Used time : 530 s	Next ID: 5	

Time elapsed for measurement: 24.27 s
----------------------------------------------------------------------
------------------------------  [ Train cost model ]
----------------------------------------------------------------------
Time elapsed for training: 0.72 s
----------------------------------------------------------------------
------------------------------  [ Task Scheduler ]
----------------------------------------------------------------------
----------------------------------------------------------------------
------------------------------  [ Search ]
----------------------------------------------------------------------
Generate Sketches		#s: 1
Sample Initial Population	#s: 68	fail_ct: 1980	Time elapsed: 6.64
GA Iter: 0	Max score: 0.9893	Min score: 0.0036	#Pop: 68	#M+: 0	#M-: 0
GA Iter: 4	Max score: 0.9999	Min score: 0.9777	#Pop: 128	#M+: 1395	#M-: 0
EvolutionarySearch		#s: 128	Time elapsed: 74.00
----------------------------------------------------------------------
------------------------------  [ Measure ]
----------------------------------------------------------------------
Get 64 programs to measure:
................................................................****************Eterminate called after throwing an instance of 'tvm::runtime::InternalError'
  what():  [16:25:19] /data3/qsy/complier/tlm/src/runtime/cuda/cuda_module.cc:61: CUDAError: cuModuleUnload(module_[i]) failed with error: CUDA_ERROR_MISALIGNED_ADDRESS
Stack trace:
  0: tvm::runtime::SimpleObjAllocator::Handler<tvm::runtime::CUDAModuleNode>::Deleter_(tvm::runtime::Object*)
  1: tvm::runtime::SimpleObjAllocator::Handler<tvm::runtime::LibraryModuleNode>::Deleter_(tvm::runtime::Object*)
  2: _ZN3tvm7runtime18SimpleObjAllocator7HandlerINS0_16PackedFuncS
  3: _ZN3tvm7runtime18SimpleObjAllocator7HandlerINS0_16PackedFuncSubObjIZNS0_9profiling17WrapTimeE
  4: TVMObjectFree
  5: __pyx_tp_dealloc_3tvm_4_ffi_4_cy3_4core_PackedFuncBase(_object*)
  6: subtype_dealloc
        at /usr/local/src/conda/python-3.10.18/Objects/typeobject.c:1460
  7: _Py_DECREF
        at /usr/local/src/conda/python-3.10.18/Include/object.h:500
  8: _Py_XDECREF
        at /usr/local/src/conda/python-3.10.18/Include/object.h:567
  9: cell_dealloc
        at /usr/local/src/conda/python-3.10.18/Objects/cellobject.c:82
  10: _Py_Dealloc
        at /usr/local/src/conda/python-3.10.18/Objects/object.c:2301
  11: _Py_DECREF
        at /usr/local/src/conda/python-3.10.18/Include/object.h:500
  12: _Py_XDECREF
        at /usr/local/src/conda/python-3.10.18/Include/object.h:567
  13: tupledealloc
        at /usr/local/src/conda/python-3.10.18/Objects/tupleobject.c:276
  14: _Py_Dealloc
        at /usr/local/src/conda/python-3.10.18/Objects/object.c:2301
  15: _Py_DECREF
        at /usr/local/src/conda/python-3.10.18/Include/object.h:500
  16: func_clear
        at /usr/local/src/conda/python-3.10.18/Objects/funcobject.c:636
  17: func_dealloc
        at /usr/local/src/conda/python-3.10.18/Objects/funcobject.c:648
  18: _Py_Dealloc
        at /usr/local/src/conda/python-3.10.18/Objects/object.c:2301
  19: _Py_DECREF
        at /usr/local/src/conda/python-3.10.18/Include/object.h:500
  20: frame_dealloc
        at /usr/local/src/conda/python-3.10.18/Objects/frameobject.c:591
  21: _Py_Dealloc
        at /usr/local/src/conda/python-3.10.18/Objects/object.c:2301
  22: _Py_DECREF
        at /usr/local/src/conda/python-3.10.18/Include/object.h:500
  23: _PyEval_Vector
        at /usr/local/src/conda/python-3.10.18/Python/ceval.c:5080
  24: _PyFunction_Vectorcall
        at /usr/local/src/conda/python-3.10.18/Objects/call.c:342
  25: do_call_core
        at /usr/local/src/conda/python-3.10.18/Python/ceval.c:5945
  26: _PyEval_EvalFrameDefault
        at /usr/local/src/conda/python-3.10.18/Python/ceval.c:4277
  27: _PyEval_EvalFrame
        at /usr/local/src/conda/python-3.10.18/Include/internal/pycore_ceval.h:46
  28: _PyEval_Vector
        at /usr/local/src/conda/python-3.10.18/Python/ceval.c:5067
  29: _PyFunction_Vectorcall
        at /usr/local/src/conda/python-3.10.18/Objects/call.c:342
  30: _PyObject_VectorcallTstate
        at /usr/local/src/conda/python-3.10.18/Include/cpython/abstract.h:114
  31: PyObject_Vectorcall
        at /usr/local/src/conda/python-3.10.18/Include/cpython/abstract.h:123
  32: call_function
        at /usr/local/src/conda/python-3.10.18/Python/ceval.c:5893
  33: _PyEval_EvalFrameDefault
        at /usr/local/src/conda/python-3.10.18/Python/ceval.c:4213
  34: _PyEval_EvalFrame
        at /usr/local/src/conda/python-3.10.18/Include/internal/pycore_ceval.h:46
  35: _PyEval_Vector
        at /usr/local/src/conda/python-3.10.18/Python/ceval.c:5067
  36: PyEval_EvalCode
        at /usr/local/src/conda/python-3.10.18/Python/ceval.c:1134
  37: builtin_exec_impl
        at /usr/local/src/conda/python-3.10.18/Python/bltinmodule.c:1058
  38: builtin_exec
        at /usr/local/src/conda/python-3.10.18/Python/clinic/bltinmodule.c.h:371
  39: cfunction_vectorcall_FASTCALL
        at /usr/local/src/conda/python-3.10.18/Objects/methodobject.c:430
  40: _PyObject_VectorcallTstate
        at /usr/local/src/conda/python-3.10.18/Include/cpython/abstract.h:114
  41: PyObject_Vectorcall
        at /usr/local/src/conda/python-3.10.18/Include/cpython/abstract.h:123
  42: call_function
        at /usr/local/src/conda/python-3.10.18/Python/ceval.c:5893
  43: _PyEval_EvalFrameDefault
        at /usr/local/src/conda/python-3.10.18/Python/ceval.c:4213
  44: _PyEval_EvalFrame
        at /usr/local/src/conda/python-3.10.18/Include/internal/pycore_ceval.h:46
  45: _PyEval_Vector
        at /usr/local/src/conda/python-3.10.18/Python/ceval.c:5067
  46: _PyFunction_Vectorcall
        at /usr/local/src/conda/python-3.10.18/Objects/call.c:342
  47: _PyObject_VectorcallTstate
        at /usr/local/src/conda/python-3.10.18/Include/cpython/abstract.h:114
  48: PyObject_Vectorcall
        at /usr/local/src/conda/python-3.10.18/Include/cpython/abstract.h:123
  49: call_function
        at /usr/local/src/conda/python-3.10.18/Python/ceval.c:5893
  50: _PyEval_EvalFrameDefault
        at /usr/local/src/conda/python-3.10.18/Python/ceval.c:4213
  51: _PyEval_EvalFrame
        at /usr/local/src/conda/python-3.10.18/Include/internal/pycore_ceval.h:46
  52: _PyEval_Vector
        at /usr/local/src/conda/python-3.10.18/Python/ceval.c:5067
  53: _PyFunction_Vectorcall
        at /usr/local/src/conda/python-3.10.18/Objects/call.c:342
  54: pymain_run_module
        at /usr/local/src/conda/python-3.10.18/Modules/main.c:297
  55: pymain_run_python
        at /usr/local/src/conda/python-3.10.18/Modules/main.c:589
  56: Py_RunMain
        at /usr/local/src/conda/python-3.10.18/Modules/main.c:674
  57: Py_BytesMain
        at /usr/local/src/conda/python-3.10.18/Modules/main.c:1094
  58: __libc_start_main
        at ../csu/libc-start.c:308
  59: 0x000000000058728d
  60: 0xffffffffffffffff


|  ID  |                       Task Description                        | Latency (ms) | Speed (GFLOPS) | Trials |
-----------------------------------------------------------------------------------------------------------------
|    0 |                                    vm_mod_fused_nn_conv2d_add |        0.018 |        5750.35 |     64 |
|    1 |                          vm_mod_fused_nn_conv2d_add_nn_relu_5 |        0.020 |        5272.97 |     64 |
|    2 |                      vm_mod_fused_nn_conv2d_add_add_nn_relu_2 |        0.011 |        8990.69 |     64 |
|    3 |                          vm_mod_fused_nn_conv2d_add_nn_relu_1 |        0.006 |        4232.57 |     64 |
|    4 |                                     vm_mod_fused_nn_dense_add |        0.026 |         158.72 |     64 |
|    5 |                          vm_mod_fused_nn_conv2d_add_nn_relu_8 |        0.036 |        2845.86 |     64 |
|    6 |                                  vm_mod_fused_nn_conv2d_add_3 |            - |              - |      0 |
|    7 |                      vm_mod_fused_nn_conv2d_add_add_nn_relu_3 |            - |              - |      0 |
|    8 |                          vm_mod_fused_nn_conv2d_add_nn_relu_4 |            - |              - |      0 |
|    9 |                        vm_mod_fused_nn_conv2d_add_add_nn_relu |            - |              - |      0 |
|   10 |                      vm_mod_fused_nn_conv2d_add_add_nn_relu_1 |            - |              - |      0 |
|   11 | vm_mod_fused_nn_contrib_conv2d_winograd_without_weight_transform_add_nn_relu_3 |            - |              - |      0 |
|   12 |                                  vm_mod_fused_nn_conv2d_add_2 |            - |              - |      0 |
|   13 |                            vm_mod_fused_nn_conv2d_add_nn_relu |            - |              - |      0 |
|   14 |                         vm_mod_fused_nn_conv2d_add_nn_relu_10 |            - |              - |      0 |
|   15 |                          vm_mod_fused_nn_conv2d_add_nn_relu_7 |            - |              - |      0 |
|   16 | vm_mod_fused_nn_contrib_conv2d_winograd_without_weight_transform_add_nn_relu_1 |            - |              - |      0 |
|   17 |                          vm_mod_fused_nn_conv2d_add_nn_relu_3 |            - |              - |      0 |
|   18 |                           vm_mod_fused_nn_adaptive_avg_pool2d |            - |              - |      0 |
|   19 |                         vm_mod_fused_nn_conv2d_add_nn_relu_11 |            - |              - |      0 |
|   20 |                                  vm_mod_fused_nn_conv2d_add_1 |            - |              - |      0 |
|   21 |                          vm_mod_fused_nn_conv2d_add_nn_relu_6 |            - |              - |      0 |
|   22 |                          vm_mod_fused_nn_conv2d_add_nn_relu_2 |            - |              - |      0 |
|   23 | vm_mod_fused_nn_contrib_conv2d_winograd_without_weight_transform_add_nn_relu |            - |              - |      0 |
|   24 |                                    vm_mod_fused_nn_max_pool2d |            - |              - |      0 |
|   25 |                          vm_mod_fused_nn_conv2d_add_nn_relu_9 |            - |              - |      0 |
|   26 | vm_mod_fused_nn_contrib_conv2d_winograd_without_weight_transform_add_nn_relu_2 |            - |              - |      0 |
-----------------------------------------------------------------------------------------------------------------
Estimated total latency: - ms	Trials: 384	Used time : 635 s	Next ID: 6	
*E*Eterminate called after throwing an instance of 'tvm::runtime::InternalError'
  what():  [16:25:20] /data3/qsy/complier/tlm/src/runtime/cuda/cuda_module.cc:61: CUDAError: cuModuleUnload(module_[i]) failed with error: CUDA_ERROR_MISALIGNED_ADDRESS
Stack trace:
  0: tvm::runtime::SimpleObjAllocator::Handler<tvm::runtime::CUDAModuleNode>::Deleter_(tvm::runtime::Object*)
  1: tvm::runtime::SimpleObjAllocator::Handler<tvm::runtime::LibraryModuleNode>::Deleter_(tvm::runtime::Object*)
  2: _ZN3tvm7runtime18SimpleObjAllocator7HandlerINS0_16PackedFuncS
  3: _ZN3tvm7runtime18SimpleObjAllocator7HandlerINS0_16PackedFuncSubObjIZNS0_9profiling17WrapTimeE
  4: TVMObjectFree
  5: __pyx_tp_dealloc_3tvm_4_ffi_4_cy3_4core_PackedFuncBase(_object*)
  6: subtype_dealloc
        at /usr/local/src/conda/python-3.10.18/Objects/typeobject.c:1460
  7: _Py_DECREF
        at /usr/local/src/conda/python-3.10.18/Include/object.h:500
  8: _Py_XDECREF
        at /usr/local/src/conda/python-3.10.18/Include/object.h:567
  9: cell_dealloc
        at /usr/local/src/conda/python-3.10.18/Objects/cellobject.c:82
  10: _Py_Dealloc
        at /usr/local/src/conda/python-3.10.18/Objects/object.c:2301
  11: _Py_DECREF
        at /usr/local/src/conda/python-3.10.18/Include/object.h:500
  12: _Py_XDECREF
        at /usr/local/src/conda/python-3.10.18/Include/object.h:567
  13: tupledealloc
        at /usr/local/src/conda/python-3.10.18/Objects/tupleobject.c:276
  14: _Py_Dealloc
        at /usr/local/src/conda/python-3.10.18/Objects/object.c:2301
  15: _Py_DECREF
        at /usr/local/src/conda/python-3.10.18/Include/object.h:500
  16: func_clear
        at /usr/local/src/conda/python-3.10.18/Objects/funcobject.c:636
  17: func_dealloc
        at /usr/local/src/conda/python-3.10.18/Objects/funcobject.c:648
  18: _Py_Dealloc
        at /usr/local/src/conda/python-3.10.18/Objects/object.c:2301
  19: _Py_DECREF
        at /usr/local/src/conda/python-3.10.18/Include/object.h:500
  20: frame_dealloc
        at /usr/local/src/conda/python-3.10.18/Objects/frameobject.c:591
  21: _Py_Dealloc
        at /usr/local/src/conda/python-3.10.18/Objects/object.c:2301
  22: _Py_DECREF
        at /usr/local/src/conda/python-3.10.18/Include/object.h:500
  23: _PyEval_Vector
        at /usr/local/src/conda/python-3.10.18/Python/ceval.c:5080
  24: _PyFunction_Vectorcall
        at /usr/local/src/conda/python-3.10.18/Objects/call.c:342
  25: do_call_core
        at /usr/local/src/conda/python-3.10.18/Python/ceval.c:5945
  26: _PyEval_EvalFrameDefault
        at /usr/local/src/conda/python-3.10.18/Python/ceval.c:4277
  27: _PyEval_EvalFrame
        at /usr/local/src/conda/python-3.10.18/Include/internal/pycore_ceval.h:46
  28: _PyEval_Vector
        at /usr/local/src/conda/python-3.10.18/Python/ceval.c:5067
  29: _PyFunction_Vectorcall
        at /usr/local/src/conda/python-3.10.18/Objects/call.c:342
  30: _PyObject_VectorcallTstate
        at /usr/local/src/conda/python-3.10.18/Include/cpython/abstract.h:114
  31: PyObject_Vectorcall
        at /usr/local/src/conda/python-3.10.18/Include/cpython/abstract.h:123
  32: call_function
        at /usr/local/src/conda/python-3.10.18/Python/ceval.c:5893
  33: _PyEval_EvalFrameDefault
        at /usr/local/src/conda/python-3.10.18/Python/ceval.c:4213
  34: _PyEval_EvalFrame
        at /usr/local/src/conda/python-3.10.18/Include/internal/pycore_ceval.h:46
  35: _PyEval_Vector
        at /usr/local/src/conda/python-3.10.18/Python/ceval.c:5067
  36: PyEval_EvalCode
        at /usr/local/src/conda/python-3.10.18/Python/ceval.c:1134
  37: builtin_exec_impl
        at /usr/local/src/conda/python-3.10.18/Python/bltinmodule.c:1058
  38: builtin_exec
        at /usr/local/src/conda/python-3.10.18/Python/clinic/bltinmodule.c.h:371
  39: cfunction_vectorcall_FASTCALL
        at /usr/local/src/conda/python-3.10.18/Objects/methodobject.c:430
  40: _PyObject_VectorcallTstate
        at /usr/local/src/conda/python-3.10.18/Include/cpython/abstract.h:114
  41: PyObject_Vectorcall
        at /usr/local/src/conda/python-3.10.18/Include/cpython/abstract.h:123
  42: call_function
        at /usr/local/src/conda/python-3.10.18/Python/ceval.c:5893
  43: _PyEval_EvalFrameDefault
        at /usr/local/src/conda/python-3.10.18/Python/ceval.c:4213
  44: _PyEval_EvalFrame
        at /usr/local/src/conda/python-3.10.18/Include/internal/pycore_ceval.h:46
  45: _PyEval_Vector
        at /usr/local/src/conda/python-3.10.18/Python/ceval.c:5067
  46: _PyFunction_Vectorcall
        at /usr/local/src/conda/python-3.10.18/Objects/call.c:342
  47: _PyObject_VectorcallTstate
        at /usr/local/src/conda/python-3.10.18/Include/cpython/abstract.h:114
  48: PyObject_Vectorcall
        at /usr/local/src/conda/python-3.10.18/Include/cpython/abstract.h:123
  49: call_function
        at /usr/local/src/conda/python-3.10.18/Python/ceval.c:5893
  50: _PyEval_EvalFrameDefault
        at /usr/local/src/conda/python-3.10.18/Python/ceval.c:4213
  51: _PyEval_EvalFrame
        at /usr/local/src/conda/python-3.10.18/Include/internal/pycore_ceval.h:46
  52: _PyEval_Vector
        at /usr/local/src/conda/python-3.10.18/Python/ceval.c:5067
  53: _PyFunction_Vectorcall
        at /usr/local/src/conda/python-3.10.18/Objects/call.c:342
  54: pymain_run_module
        at /usr/local/src/conda/python-3.10.18/Modules/main.c:297
  55: pymain_run_python
        at /usr/local/src/conda/python-3.10.18/Modules/main.c:589
  56: Py_RunMain
        at /usr/local/src/conda/python-3.10.18/Modules/main.c:674
  57: Py_BytesMain
        at /usr/local/src/conda/python-3.10.18/Modules/main.c:1094
  58: __libc_start_main
        at ../csu/libc-start.c:308
  59: 0x000000000058728d
  60: 0xffffffffffffffff


*E**E***********************************Eterminate called after throwing an instance of 'tvm::runtime::InternalError'
  what():  [16:25:32] /data3/qsy/complier/tlm/src/runtime/cuda/cuda_module.cc:61: CUDAError: cuModuleUnload(module_[i]) failed with error: CUDA_ERROR_MISALIGNED_ADDRESS
Stack trace:
  0: tvm::runtime::SimpleObjAllocator::Handler<tvm::runtime::CUDAModuleNode>::Deleter_(tvm::runtime::Object*)
  1: tvm::runtime::SimpleObjAllocator::Handler<tvm::runtime::LibraryModuleNode>::Deleter_(tvm::runtime::Object*)
  2: _ZN3tvm7runtime18SimpleObjAllocator7HandlerINS0_16PackedFuncS
  3: _ZN3tvm7runtime18SimpleObjAllocator7HandlerINS0_16PackedFuncSubObjIZNS0_9profiling17WrapTimeE
  4: TVMObjectFree
  5: __pyx_tp_dealloc_3tvm_4_ffi_4_cy3_4core_PackedFuncBase(_object*)
  6: subtype_dealloc
        at /usr/local/src/conda/python-3.10.18/Objects/typeobject.c:1460
  7: _Py_DECREF
        at /usr/local/src/conda/python-3.10.18/Include/object.h:500
  8: _Py_XDECREF
        at /usr/local/src/conda/python-3.10.18/Include/object.h:567
  9: cell_dealloc
        at /usr/local/src/conda/python-3.10.18/Objects/cellobject.c:82
  10: _Py_Dealloc
        at /usr/local/src/conda/python-3.10.18/Objects/object.c:2301
  11: _Py_DECREF
        at /usr/local/src/conda/python-3.10.18/Include/object.h:500
  12: _Py_XDECREF
        at /usr/local/src/conda/python-3.10.18/Include/object.h:567
  13: tupledealloc
        at /usr/local/src/conda/python-3.10.18/Objects/tupleobject.c:276
  14: _Py_Dealloc
        at /usr/local/src/conda/python-3.10.18/Objects/object.c:2301
  15: _Py_DECREF
        at /usr/local/src/conda/python-3.10.18/Include/object.h:500
  16: func_clear
        at /usr/local/src/conda/python-3.10.18/Objects/funcobject.c:636
  17: func_dealloc
        at /usr/local/src/conda/python-3.10.18/Objects/funcobject.c:648
  18: _Py_Dealloc
        at /usr/local/src/conda/python-3.10.18/Objects/object.c:2301
  19: _Py_DECREF
        at /usr/local/src/conda/python-3.10.18/Include/object.h:500
  20: frame_dealloc
        at /usr/local/src/conda/python-3.10.18/Objects/frameobject.c:591
  21: _Py_Dealloc
        at /usr/local/src/conda/python-3.10.18/Objects/object.c:2301
  22: _Py_DECREF
        at /usr/local/src/conda/python-3.10.18/Include/object.h:500
  23: _PyEval_Vector
        at /usr/local/src/conda/python-3.10.18/Python/ceval.c:5080
  24: _PyFunction_Vectorcall
        at /usr/local/src/conda/python-3.10.18/Objects/call.c:342
  25: do_call_core
        at /usr/local/src/conda/python-3.10.18/Python/ceval.c:5945
  26: _PyEval_EvalFrameDefault
        at /usr/local/src/conda/python-3.10.18/Python/ceval.c:4277
  27: _PyEval_EvalFrame
        at /usr/local/src/conda/python-3.10.18/Include/internal/pycore_ceval.h:46
  28: _PyEval_Vector
        at /usr/local/src/conda/python-3.10.18/Python/ceval.c:5067
  29: _PyFunction_Vectorcall
        at /usr/local/src/conda/python-3.10.18/Objects/call.c:342
  30: _PyObject_VectorcallTstate
        at /usr/local/src/conda/python-3.10.18/Include/cpython/abstract.h:114
  31: PyObject_Vectorcall
        at /usr/local/src/conda/python-3.10.18/Include/cpython/abstract.h:123
  32: call_function
        at /usr/local/src/conda/python-3.10.18/Python/ceval.c:5893
  33: _PyEval_EvalFrameDefault
        at /usr/local/src/conda/python-3.10.18/Python/ceval.c:4213
  34: _PyEval_EvalFrame
        at /usr/local/src/conda/python-3.10.18/Include/internal/pycore_ceval.h:46
  35: _PyEval_Vector
        at /usr/local/src/conda/python-3.10.18/Python/ceval.c:5067
  36: PyEval_EvalCode
        at /usr/local/src/conda/python-3.10.18/Python/ceval.c:1134
  37: builtin_exec_impl
        at /usr/local/src/conda/python-3.10.18/Python/bltinmodule.c:1058
  38: builtin_exec
        at /usr/local/src/conda/python-3.10.18/Python/clinic/bltinmodule.c.h:371
  39: cfunction_vectorcall_FASTCALL
        at /usr/local/src/conda/python-3.10.18/Objects/methodobject.c:430
  40: _PyObject_VectorcallTstate
        at /usr/local/src/conda/python-3.10.18/Include/cpython/abstract.h:114
  41: PyObject_Vectorcall
        at /usr/local/src/conda/python-3.10.18/Include/cpython/abstract.h:123
  42: call_function
        at /usr/local/src/conda/python-3.10.18/Python/ceval.c:5893
  43: _PyEval_EvalFrameDefault
        at /usr/local/src/conda/python-3.10.18/Python/ceval.c:4213
  44: _PyEval_EvalFrame
        at /usr/local/src/conda/python-3.10.18/Include/internal/pycore_ceval.h:46
  45: _PyEval_Vector
        at /usr/local/src/conda/python-3.10.18/Python/ceval.c:5067
  46: _PyFunction_Vectorcall
        at /usr/local/src/conda/python-3.10.18/Objects/call.c:342
  47: _PyObject_VectorcallTstate
        at /usr/local/src/conda/python-3.10.18/Include/cpython/abstract.h:114
  48: PyObject_Vectorcall
        at /usr/local/src/conda/python-3.10.18/Include/cpython/abstract.h:123
  49: call_function
        at /usr/local/src/conda/python-3.10.18/Python/ceval.c:5893
  50: _PyEval_EvalFrameDefault
        at /usr/local/src/conda/python-3.10.18/Python/ceval.c:4213
  51: _PyEval_EvalFrame
        at /usr/local/src/conda/python-3.10.18/Include/internal/pycore_ceval.h:46
  52: _PyEval_Vector
        at /usr/local/src/conda/python-3.10.18/Python/ceval.c:5067
  53: _PyFunction_Vectorcall
        at /usr/local/src/conda/python-3.10.18/Objects/call.c:342
  54: pymain_run_module
        at /usr/local/src/conda/python-3.10.18/Modules/main.c:297
  55: pymain_run_python
        at /usr/local/src/conda/python-3.10.18/Modules/main.c:589
  56: Py_RunMain
        at /usr/local/src/conda/python-3.10.18/Modules/main.c:674
  57: Py_BytesMain
        at /usr/local/src/conda/python-3.10.18/Modules/main.c:1094
  58: __libc_start_main
        at ../csu/libc-start.c:308
  59: 0x000000000058728d
  60: 0xffffffffffffffff


*E**Eterminate called after throwing an instance of 'tvm::runtime::InternalError'
  what():  [16:25:34] /data3/qsy/complier/tlm/src/runtime/cuda/cuda_module.cc:61: CUDAError: cuModuleUnload(module_[i]) failed with error: CUDA_ERROR_MISALIGNED_ADDRESS
Stack trace:
  0: tvm::runtime::SimpleObjAllocator::Handler<tvm::runtime::CUDAModuleNode>::Deleter_(tvm::runtime::Object*)
  1: tvm::runtime::SimpleObjAllocator::Handler<tvm::runtime::LibraryModuleNode>::Deleter_(tvm::runtime::Object*)
  2: _ZN3tvm7runtime18SimpleObjAllocator7HandlerINS0_16PackedFuncS
  3: _ZN3tvm7runtime18SimpleObjAllocator7HandlerINS0_16PackedFuncSubObjIZNS0_9profiling17WrapTimeE
  4: TVMObjectFree
  5: __pyx_tp_dealloc_3tvm_4_ffi_4_cy3_4core_PackedFuncBase(_object*)
  6: subtype_dealloc
        at /usr/local/src/conda/python-3.10.18/Objects/typeobject.c:1460
  7: _Py_DECREF
        at /usr/local/src/conda/python-3.10.18/Include/object.h:500
  8: _Py_XDECREF
        at /usr/local/src/conda/python-3.10.18/Include/object.h:567
  9: cell_dealloc
        at /usr/local/src/conda/python-3.10.18/Objects/cellobject.c:82
  10: _Py_Dealloc
        at /usr/local/src/conda/python-3.10.18/Objects/object.c:2301
  11: _Py_DECREF
        at /usr/local/src/conda/python-3.10.18/Include/object.h:500
  12: _Py_XDECREF
        at /usr/local/src/conda/python-3.10.18/Include/object.h:567
  13: tupledealloc
        at /usr/local/src/conda/python-3.10.18/Objects/tupleobject.c:276
  14: _Py_Dealloc
        at /usr/local/src/conda/python-3.10.18/Objects/object.c:2301
  15: _Py_DECREF
        at /usr/local/src/conda/python-3.10.18/Include/object.h:500
  16: func_clear
        at /usr/local/src/conda/python-3.10.18/Objects/funcobject.c:636
  17: func_dealloc
        at /usr/local/src/conda/python-3.10.18/Objects/funcobject.c:648
  18: _Py_Dealloc
        at /usr/local/src/conda/python-3.10.18/Objects/object.c:2301
  19: _Py_DECREF
        at /usr/local/src/conda/python-3.10.18/Include/object.h:500
  20: frame_dealloc
        at /usr/local/src/conda/python-3.10.18/Objects/frameobject.c:591
  21: _Py_Dealloc
        at /usr/local/src/conda/python-3.10.18/Objects/object.c:2301
  22: _Py_DECREF
        at /usr/local/src/conda/python-3.10.18/Include/object.h:500
  23: _PyEval_Vector
        at /usr/local/src/conda/python-3.10.18/Python/ceval.c:5080
  24: _PyFunction_Vectorcall
        at /usr/local/src/conda/python-3.10.18/Objects/call.c:342
  25: do_call_core
        at /usr/local/src/conda/python-3.10.18/Python/ceval.c:5945
  26: _PyEval_EvalFrameDefault
        at /usr/local/src/conda/python-3.10.18/Python/ceval.c:4277
  27: _PyEval_EvalFrame
        at /usr/local/src/conda/python-3.10.18/Include/internal/pycore_ceval.h:46
  28: _PyEval_Vector
        at /usr/local/src/conda/python-3.10.18/Python/ceval.c:5067
  29: _PyFunction_Vectorcall
        at /usr/local/src/conda/python-3.10.18/Objects/call.c:342
  30: _PyObject_VectorcallTstate
        at /usr/local/src/conda/python-3.10.18/Include/cpython/abstract.h:114
  31: PyObject_Vectorcall
        at /usr/local/src/conda/python-3.10.18/Include/cpython/abstract.h:123
  32: call_function
        at /usr/local/src/conda/python-3.10.18/Python/ceval.c:5893
  33: _PyEval_EvalFrameDefault
        at /usr/local/src/conda/python-3.10.18/Python/ceval.c:4213
  34: _PyEval_EvalFrame
        at /usr/local/src/conda/python-3.10.18/Include/internal/pycore_ceval.h:46
  35: _PyEval_Vector
        at /usr/local/src/conda/python-3.10.18/Python/ceval.c:5067
  36: PyEval_EvalCode
        at /usr/local/src/conda/python-3.10.18/Python/ceval.c:1134
  37: builtin_exec_impl
        at /usr/local/src/conda/python-3.10.18/Python/bltinmodule.c:1058
  38: builtin_exec
        at /usr/local/src/conda/python-3.10.18/Python/clinic/bltinmodule.c.h:371
  39: cfunction_vectorcall_FASTCALL
        at /usr/local/src/conda/python-3.10.18/Objects/methodobject.c:430
  40: _PyObject_VectorcallTstate
        at /usr/local/src/conda/python-3.10.18/Include/cpython/abstract.h:114
  41: PyObject_Vectorcall
        at /usr/local/src/conda/python-3.10.18/Include/cpython/abstract.h:123
  42: call_function
        at /usr/local/src/conda/python-3.10.18/Python/ceval.c:5893
  43: _PyEval_EvalFrameDefault
        at /usr/local/src/conda/python-3.10.18/Python/ceval.c:4213
  44: _PyEval_EvalFrame
        at /usr/local/src/conda/python-3.10.18/Include/internal/pycore_ceval.h:46
  45: _PyEval_Vector
        at /usr/local/src/conda/python-3.10.18/Python/ceval.c:5067
  46: _PyFunction_Vectorcall
        at /usr/local/src/conda/python-3.10.18/Objects/call.c:342
  47: _PyObject_VectorcallTstate
        at /usr/local/src/conda/python-3.10.18/Include/cpython/abstract.h:114
  48: PyObject_Vectorcall
        at /usr/local/src/conda/python-3.10.18/Include/cpython/abstract.h:123
  49: call_function
        at /usr/local/src/conda/python-3.10.18/Python/ceval.c:5893
  50: _PyEval_EvalFrameDefault
        at /usr/local/src/conda/python-3.10.18/Python/ceval.c:4213
  51: _PyEval_EvalFrame
        at /usr/local/src/conda/python-3.10.18/Include/internal/pycore_ceval.h:46
  52: _PyEval_Vector
        at /usr/local/src/conda/python-3.10.18/Python/ceval.c:5067
  53: _PyFunction_Vectorcall
        at /usr/local/src/conda/python-3.10.18/Objects/call.c:342
  54: pymain_run_module
        at /usr/local/src/conda/python-3.10.18/Modules/main.c:297
  55: pymain_run_python
        at /usr/local/src/conda/python-3.10.18/Modules/main.c:589
  56: Py_RunMain
        at /usr/local/src/conda/python-3.10.18/Modules/main.c:674
  57: Py_BytesMain
        at /usr/local/src/conda/python-3.10.18/Modules/main.c:1094
  58: __libc_start_main
        at ../csu/libc-start.c:308
  59: 0x000000000058728d
  60: 0xffffffffffffffff


*E********
Time elapsed for measurement: 38.59 s
----------------------------------------------------------------------
------------------------------  [ Train cost model ]
----------------------------------------------------------------------
Time elapsed for training: 0.00 s
----------------------------------------------------------------------
------------------------------  [ Task Scheduler ]
----------------------------------------------------------------------
----------------------------------------------------------------------
------------------------------  [ Search ]
----------------------------------------------------------------------
Generate Sketches		#s: 1
Sample Initial Population	#s: 73	fail_ct: 1975	Time elapsed: 6.66
GA Iter: 0	Max score: 0.9916	Min score: 0.0079	#Pop: 73	#M+: 0	#M-: 0
GA Iter: 4	Max score: 0.9996	Min score: 0.9817	#Pop: 128	#M+: 1392	#M-: 0
EvolutionarySearch		#s: 128	Time elapsed: 73.04
----------------------------------------------------------------------
------------------------------  [ Measure ]
----------------------------------------------------------------------
Get 64 programs to measure:
...............................................................|  ID  |                       Task Description                        | Latency (ms) | Speed (GFLOPS) | Trials |
-----------------------------------------------------------------------------------------------------------------
|    0 |                                    vm_mod_fused_nn_conv2d_add |        0.018 |        5750.35 |     64 |
|    1 |                          vm_mod_fused_nn_conv2d_add_nn_relu_5 |        0.020 |        5272.97 |     64 |
|    2 |                      vm_mod_fused_nn_conv2d_add_add_nn_relu_2 |        0.011 |        8990.69 |     64 |
|    3 |                          vm_mod_fused_nn_conv2d_add_nn_relu_1 |        0.006 |        4232.57 |     64 |
|    4 |                                     vm_mod_fused_nn_dense_add |        0.026 |         158.72 |     64 |
|    5 |                          vm_mod_fused_nn_conv2d_add_nn_relu_8 |        0.036 |        2845.86 |     64 |
|    6 |                                  vm_mod_fused_nn_conv2d_add_3 |        0.056 |        3685.32 |     64 |
|    7 |                      vm_mod_fused_nn_conv2d_add_add_nn_relu_3 |            - |              - |      0 |
|    8 |                          vm_mod_fused_nn_conv2d_add_nn_relu_4 |            - |              - |      0 |
|    9 |                        vm_mod_fused_nn_conv2d_add_add_nn_relu |            - |              - |      0 |
|   10 |                      vm_mod_fused_nn_conv2d_add_add_nn_relu_1 |            - |              - |      0 |
|   11 | vm_mod_fused_nn_contrib_conv2d_winograd_without_weight_transform_add_nn_relu_3 |            - |              - |      0 |
|   12 |                                  vm_mod_fused_nn_conv2d_add_2 |            - |              - |      0 |
|   13 |                            vm_mod_fused_nn_conv2d_add_nn_relu |            - |              - |      0 |
|   14 |                         vm_mod_fused_nn_conv2d_add_nn_relu_10 |            - |              - |      0 |
|   15 |                          vm_mod_fused_nn_conv2d_add_nn_relu_7 |            - |              - |      0 |
|   16 | vm_mod_fused_nn_contrib_conv2d_winograd_without_weight_transform_add_nn_relu_1 |            - |              - |      0 |
|   17 |                          vm_mod_fused_nn_conv2d_add_nn_relu_3 |            - |              - |      0 |
|   18 |                           vm_mod_fused_nn_adaptive_avg_pool2d |            - |              - |      0 |
|   19 |                         vm_mod_fused_nn_conv2d_add_nn_relu_11 |            - |              - |      0 |
|   20 |                                  vm_mod_fused_nn_conv2d_add_1 |            - |              - |      0 |
|   21 |                          vm_mod_fused_nn_conv2d_add_nn_relu_6 |            - |              - |      0 |
|   22 |                          vm_mod_fused_nn_conv2d_add_nn_relu_2 |            - |              - |      0 |
|   23 | vm_mod_fused_nn_contrib_conv2d_winograd_without_weight_transform_add_nn_relu |            - |              - |      0 |
|   24 |                                    vm_mod_fused_nn_max_pool2d |            - |              - |      0 |
|   25 |                          vm_mod_fused_nn_conv2d_add_nn_relu_9 |            - |              - |      0 |
|   26 | vm_mod_fused_nn_contrib_conv2d_winograd_without_weight_transform_add_nn_relu_2 |            - |              - |      0 |
-----------------------------------------------------------------------------------------------------------------
Estimated total latency: - ms	Trials: 448	Used time : 755 s	Next ID: 7	
.T**Eterminate called after throwing an instance of 'tvm::runtime::InternalError'
  what():  [16:27:16] /data3/qsy/complier/tlm/src/runtime/cuda/cuda_module.cc:61: CUDAError: cuModuleUnload(module_[i]) failed with error: CUDA_ERROR_MISALIGNED_ADDRESS
Stack trace:
  0: tvm::runtime::SimpleObjAllocator::Handler<tvm::runtime::CUDAModuleNode>::Deleter_(tvm::runtime::Object*)
  1: tvm::runtime::SimpleObjAllocator::Handler<tvm::runtime::LibraryModuleNode>::Deleter_(tvm::runtime::Object*)
  2: _ZN3tvm7runtime18SimpleObjAllocator7HandlerINS0_16PackedFuncS
  3: _ZN3tvm7runtime18SimpleObjAllocator7HandlerINS0_16PackedFuncSubObjIZNS0_9profiling17WrapTimeE
  4: TVMObjectFree
  5: __pyx_tp_dealloc_3tvm_4_ffi_4_cy3_4core_PackedFuncBase(_object*)
  6: subtype_dealloc
        at /usr/local/src/conda/python-3.10.18/Objects/typeobject.c:1460
  7: _Py_DECREF
        at /usr/local/src/conda/python-3.10.18/Include/object.h:500
  8: _Py_XDECREF
        at /usr/local/src/conda/python-3.10.18/Include/object.h:567
  9: cell_dealloc
        at /usr/local/src/conda/python-3.10.18/Objects/cellobject.c:82
  10: _Py_Dealloc
        at /usr/local/src/conda/python-3.10.18/Objects/object.c:2301
  11: _Py_DECREF
        at /usr/local/src/conda/python-3.10.18/Include/object.h:500
  12: _Py_XDECREF
        at /usr/local/src/conda/python-3.10.18/Include/object.h:567
  13: tupledealloc
        at /usr/local/src/conda/python-3.10.18/Objects/tupleobject.c:276
  14: _Py_Dealloc
        at /usr/local/src/conda/python-3.10.18/Objects/object.c:2301
  15: _Py_DECREF
        at /usr/local/src/conda/python-3.10.18/Include/object.h:500
  16: func_clear
        at /usr/local/src/conda/python-3.10.18/Objects/funcobject.c:636
  17: func_dealloc
        at /usr/local/src/conda/python-3.10.18/Objects/funcobject.c:648
  18: _Py_Dealloc
        at /usr/local/src/conda/python-3.10.18/Objects/object.c:2301
  19: _Py_DECREF
        at /usr/local/src/conda/python-3.10.18/Include/object.h:500
  20: frame_dealloc
        at /usr/local/src/conda/python-3.10.18/Objects/frameobject.c:591
  21: _Py_Dealloc
        at /usr/local/src/conda/python-3.10.18/Objects/object.c:2301
  22: _Py_DECREF
        at /usr/local/src/conda/python-3.10.18/Include/object.h:500
  23: _PyEval_Vector
        at /usr/local/src/conda/python-3.10.18/Python/ceval.c:5080
  24: _PyFunction_Vectorcall
        at /usr/local/src/conda/python-3.10.18/Objects/call.c:342
  25: do_call_core
        at /usr/local/src/conda/python-3.10.18/Python/ceval.c:5945
  26: _PyEval_EvalFrameDefault
        at /usr/local/src/conda/python-3.10.18/Python/ceval.c:4277
  27: _PyEval_EvalFrame
        at /usr/local/src/conda/python-3.10.18/Include/internal/pycore_ceval.h:46
  28: _PyEval_Vector
        at /usr/local/src/conda/python-3.10.18/Python/ceval.c:5067
  29: _PyFunction_Vectorcall
        at /usr/local/src/conda/python-3.10.18/Objects/call.c:342
  30: _PyObject_VectorcallTstate
        at /usr/local/src/conda/python-3.10.18/Include/cpython/abstract.h:114
  31: PyObject_Vectorcall
        at /usr/local/src/conda/python-3.10.18/Include/cpython/abstract.h:123
  32: call_function
        at /usr/local/src/conda/python-3.10.18/Python/ceval.c:5893
  33: _PyEval_EvalFrameDefault
        at /usr/local/src/conda/python-3.10.18/Python/ceval.c:4213
  34: _PyEval_EvalFrame
        at /usr/local/src/conda/python-3.10.18/Include/internal/pycore_ceval.h:46
  35: _PyEval_Vector
        at /usr/local/src/conda/python-3.10.18/Python/ceval.c:5067
  36: PyEval_EvalCode
        at /usr/local/src/conda/python-3.10.18/Python/ceval.c:1134
  37: builtin_exec_impl
        at /usr/local/src/conda/python-3.10.18/Python/bltinmodule.c:1058
  38: builtin_exec
        at /usr/local/src/conda/python-3.10.18/Python/clinic/bltinmodule.c.h:371
  39: cfunction_vectorcall_FASTCALL
        at /usr/local/src/conda/python-3.10.18/Objects/methodobject.c:430
  40: _PyObject_VectorcallTstate
        at /usr/local/src/conda/python-3.10.18/Include/cpython/abstract.h:114
  41: PyObject_Vectorcall
        at /usr/local/src/conda/python-3.10.18/Include/cpython/abstract.h:123
  42: call_function
        at /usr/local/src/conda/python-3.10.18/Python/ceval.c:5893
  43: _PyEval_EvalFrameDefault
        at /usr/local/src/conda/python-3.10.18/Python/ceval.c:4213
  44: _PyEval_EvalFrame
        at /usr/local/src/conda/python-3.10.18/Include/internal/pycore_ceval.h:46
  45: _PyEval_Vector
        at /usr/local/src/conda/python-3.10.18/Python/ceval.c:5067
  46: _PyFunction_Vectorcall
        at /usr/local/src/conda/python-3.10.18/Objects/call.c:342
  47: _PyObject_VectorcallTstate
        at /usr/local/src/conda/python-3.10.18/Include/cpython/abstract.h:114
  48: PyObject_Vectorcall
        at /usr/local/src/conda/python-3.10.18/Include/cpython/abstract.h:123
  49: call_function
        at /usr/local/src/conda/python-3.10.18/Python/ceval.c:5893
  50: _PyEval_EvalFrameDefault
        at /usr/local/src/conda/python-3.10.18/Python/ceval.c:4213
  51: _PyEval_EvalFrame
        at /usr/local/src/conda/python-3.10.18/Include/internal/pycore_ceval.h:46
  52: _PyEval_Vector
        at /usr/local/src/conda/python-3.10.18/Python/ceval.c:5067
  53: _PyFunction_Vectorcall
        at /usr/local/src/conda/python-3.10.18/Objects/call.c:342
  54: pymain_run_module
        at /usr/local/src/conda/python-3.10.18/Modules/main.c:297
  55: pymain_run_python
        at /usr/local/src/conda/python-3.10.18/Modules/main.c:589
  56: Py_RunMain
        at /usr/local/src/conda/python-3.10.18/Modules/main.c:674
  57: Py_BytesMain
        at /usr/local/src/conda/python-3.10.18/Modules/main.c:1094
  58: __libc_start_main
        at ../csu/libc-start.c:308
  59: 0x000000000058728d
  60: 0xffffffffffffffff


*E******E***Eterminate called after throwing an instance of 'tvm::runtime::InternalError'
  what():  [16:27:19] /data3/qsy/complier/tlm/src/runtime/cuda/cuda_module.cc:61: CUDAError: cuModuleUnload(module_[i]) failed with error: CUDA_ERROR_MISALIGNED_ADDRESS
Stack trace:
  0: tvm::runtime::SimpleObjAllocator::Handler<tvm::runtime::CUDAModuleNode>::Deleter_(tvm::runtime::Object*)
  1: tvm::runtime::SimpleObjAllocator::Handler<tvm::runtime::LibraryModuleNode>::Deleter_(tvm::runtime::Object*)
  2: _ZN3tvm7runtime18SimpleObjAllocator7HandlerINS0_16PackedFuncS
  3: _ZN3tvm7runtime18SimpleObjAllocator7HandlerINS0_16PackedFuncSubObjIZNS0_9profiling17WrapTimeE
  4: TVMObjectFree
  5: __pyx_tp_dealloc_3tvm_4_ffi_4_cy3_4core_PackedFuncBase(_object*)
  6: subtype_dealloc
        at /usr/local/src/conda/python-3.10.18/Objects/typeobject.c:1460
  7: _Py_DECREF
        at /usr/local/src/conda/python-3.10.18/Include/object.h:500
  8: _Py_XDECREF
        at /usr/local/src/conda/python-3.10.18/Include/object.h:567
  9: cell_dealloc
        at /usr/local/src/conda/python-3.10.18/Objects/cellobject.c:82
  10: _Py_Dealloc
        at /usr/local/src/conda/python-3.10.18/Objects/object.c:2301
  11: _Py_DECREF
        at /usr/local/src/conda/python-3.10.18/Include/object.h:500
  12: _Py_XDECREF
        at /usr/local/src/conda/python-3.10.18/Include/object.h:567
  13: tupledealloc
        at /usr/local/src/conda/python-3.10.18/Objects/tupleobject.c:276
  14: _Py_Dealloc
        at /usr/local/src/conda/python-3.10.18/Objects/object.c:2301
  15: _Py_DECREF
        at /usr/local/src/conda/python-3.10.18/Include/object.h:500
  16: func_clear
        at /usr/local/src/conda/python-3.10.18/Objects/funcobject.c:636
  17: func_dealloc
        at /usr/local/src/conda/python-3.10.18/Objects/funcobject.c:648
  18: _Py_Dealloc
        at /usr/local/src/conda/python-3.10.18/Objects/object.c:2301
  19: _Py_DECREF
        at /usr/local/src/conda/python-3.10.18/Include/object.h:500
  20: frame_dealloc
        at /usr/local/src/conda/python-3.10.18/Objects/frameobject.c:591
  21: _Py_Dealloc
        at /usr/local/src/conda/python-3.10.18/Objects/object.c:2301
  22: _Py_DECREF
        at /usr/local/src/conda/python-3.10.18/Include/object.h:500
  23: _PyEval_Vector
        at /usr/local/src/conda/python-3.10.18/Python/ceval.c:5080
  24: _PyFunction_Vectorcall
        at /usr/local/src/conda/python-3.10.18/Objects/call.c:342
  25: do_call_core
        at /usr/local/src/conda/python-3.10.18/Python/ceval.c:5945
  26: _PyEval_EvalFrameDefault
        at /usr/local/src/conda/python-3.10.18/Python/ceval.c:4277
  27: _PyEval_EvalFrame
        at /usr/local/src/conda/python-3.10.18/Include/internal/pycore_ceval.h:46
  28: _PyEval_Vector
        at /usr/local/src/conda/python-3.10.18/Python/ceval.c:5067
  29: _PyFunction_Vectorcall
        at /usr/local/src/conda/python-3.10.18/Objects/call.c:342
  30: _PyObject_VectorcallTstate
        at /usr/local/src/conda/python-3.10.18/Include/cpython/abstract.h:114
  31: PyObject_Vectorcall
        at /usr/local/src/conda/python-3.10.18/Include/cpython/abstract.h:123
  32: call_function
        at /usr/local/src/conda/python-3.10.18/Python/ceval.c:5893
  33: _PyEval_EvalFrameDefault
        at /usr/local/src/conda/python-3.10.18/Python/ceval.c:4213
  34: _PyEval_EvalFrame
        at /usr/local/src/conda/python-3.10.18/Include/internal/pycore_ceval.h:46
  35: _PyEval_Vector
        at /usr/local/src/conda/python-3.10.18/Python/ceval.c:5067
  36: PyEval_EvalCode
        at /usr/local/src/conda/python-3.10.18/Python/ceval.c:1134
  37: builtin_exec_impl
        at /usr/local/src/conda/python-3.10.18/Python/bltinmodule.c:1058
  38: builtin_exec
        at /usr/local/src/conda/python-3.10.18/Python/clinic/bltinmodule.c.h:371
  39: cfunction_vectorcall_FASTCALL
        at /usr/local/src/conda/python-3.10.18/Objects/methodobject.c:430
  40: _PyObject_VectorcallTstate
        at /usr/local/src/conda/python-3.10.18/Include/cpython/abstract.h:114
  41: PyObject_Vectorcall
        at /usr/local/src/conda/python-3.10.18/Include/cpython/abstract.h:123
  42: call_function
        at /usr/local/src/conda/python-3.10.18/Python/ceval.c:5893
  43: _PyEval_EvalFrameDefault
        at /usr/local/src/conda/python-3.10.18/Python/ceval.c:4213
  44: _PyEval_EvalFrame
        at /usr/local/src/conda/python-3.10.18/Include/internal/pycore_ceval.h:46
  45: _PyEval_Vector
        at /usr/local/src/conda/python-3.10.18/Python/ceval.c:5067
  46: _PyFunction_Vectorcall
        at /usr/local/src/conda/python-3.10.18/Objects/call.c:342
  47: _PyObject_VectorcallTstate
        at /usr/local/src/conda/python-3.10.18/Include/cpython/abstract.h:114
  48: PyObject_Vectorcall
        at /usr/local/src/conda/python-3.10.18/Include/cpython/abstract.h:123
  49: call_function
        at /usr/local/src/conda/python-3.10.18/Python/ceval.c:5893
  50: _PyEval_EvalFrameDefault
        at /usr/local/src/conda/python-3.10.18/Python/ceval.c:4213
  51: _PyEval_EvalFrame
        at /usr/local/src/conda/python-3.10.18/Include/internal/pycore_ceval.h:46
  52: _PyEval_Vector
        at /usr/local/src/conda/python-3.10.18/Python/ceval.c:5067
  53: _PyFunction_Vectorcall
        at /usr/local/src/conda/python-3.10.18/Objects/call.c:342
  54: pymain_run_module
        at /usr/local/src/conda/python-3.10.18/Modules/main.c:297
  55: pymain_run_python
        at /usr/local/src/conda/python-3.10.18/Modules/main.c:589
  56: Py_RunMain
        at /usr/local/src/conda/python-3.10.18/Modules/main.c:674
  57: Py_BytesMain
        at /usr/local/src/conda/python-3.10.18/Modules/main.c:1094
  58: __libc_start_main
        at ../csu/libc-start.c:308
  59: 0x000000000058728d
  60: 0xffffffffffffffff


*E******Eterminate called after throwing an instance of 'tvm::runtime::InternalError'
  what():  [16:27:21] /data3/qsy/complier/tlm/src/runtime/cuda/cuda_module.cc:61: CUDAError: cuModuleUnload(module_[i]) failed with error: CUDA_ERROR_MISALIGNED_ADDRESS
Stack trace:
  0: tvm::runtime::SimpleObjAllocator::Handler<tvm::runtime::CUDAModuleNode>::Deleter_(tvm::runtime::Object*)
  1: tvm::runtime::SimpleObjAllocator::Handler<tvm::runtime::LibraryModuleNode>::Deleter_(tvm::runtime::Object*)
  2: _ZN3tvm7runtime18SimpleObjAllocator7HandlerINS0_16PackedFuncS
  3: _ZN3tvm7runtime18SimpleObjAllocator7HandlerINS0_16PackedFuncSubObjIZNS0_9profiling17WrapTimeE
  4: TVMObjectFree
  5: __pyx_tp_dealloc_3tvm_4_ffi_4_cy3_4core_PackedFuncBase(_object*)
  6: subtype_dealloc
        at /usr/local/src/conda/python-3.10.18/Objects/typeobject.c:1460
  7: _Py_DECREF
        at /usr/local/src/conda/python-3.10.18/Include/object.h:500
  8: _Py_XDECREF
        at /usr/local/src/conda/python-3.10.18/Include/object.h:567
  9: cell_dealloc
        at /usr/local/src/conda/python-3.10.18/Objects/cellobject.c:82
  10: _Py_Dealloc
        at /usr/local/src/conda/python-3.10.18/Objects/object.c:2301
  11: _Py_DECREF
        at /usr/local/src/conda/python-3.10.18/Include/object.h:500
  12: _Py_XDECREF
        at /usr/local/src/conda/python-3.10.18/Include/object.h:567
  13: tupledealloc
        at /usr/local/src/conda/python-3.10.18/Objects/tupleobject.c:276
  14: _Py_Dealloc
        at /usr/local/src/conda/python-3.10.18/Objects/object.c:2301
  15: _Py_DECREF
        at /usr/local/src/conda/python-3.10.18/Include/object.h:500
  16: func_clear
        at /usr/local/src/conda/python-3.10.18/Objects/funcobject.c:636
  17: func_dealloc
        at /usr/local/src/conda/python-3.10.18/Objects/funcobject.c:648
  18: _Py_Dealloc
        at /usr/local/src/conda/python-3.10.18/Objects/object.c:2301
  19: _Py_DECREF
        at /usr/local/src/conda/python-3.10.18/Include/object.h:500
  20: frame_dealloc
        at /usr/local/src/conda/python-3.10.18/Objects/frameobject.c:591
  21: _Py_Dealloc
        at /usr/local/src/conda/python-3.10.18/Objects/object.c:2301
  22: _Py_DECREF
        at /usr/local/src/conda/python-3.10.18/Include/object.h:500
  23: _PyEval_Vector
        at /usr/local/src/conda/python-3.10.18/Python/ceval.c:5080
  24: _PyFunction_Vectorcall
        at /usr/local/src/conda/python-3.10.18/Objects/call.c:342
  25: do_call_core
        at /usr/local/src/conda/python-3.10.18/Python/ceval.c:5945
  26: _PyEval_EvalFrameDefault
        at /usr/local/src/conda/python-3.10.18/Python/ceval.c:4277
  27: _PyEval_EvalFrame
        at /usr/local/src/conda/python-3.10.18/Include/internal/pycore_ceval.h:46
  28: _PyEval_Vector
        at /usr/local/src/conda/python-3.10.18/Python/ceval.c:5067
  29: _PyFunction_Vectorcall
        at /usr/local/src/conda/python-3.10.18/Objects/call.c:342
  30: _PyObject_VectorcallTstate
        at /usr/local/src/conda/python-3.10.18/Include/cpython/abstract.h:114
  31: PyObject_Vectorcall
        at /usr/local/src/conda/python-3.10.18/Include/cpython/abstract.h:123
  32: call_function
        at /usr/local/src/conda/python-3.10.18/Python/ceval.c:5893
  33: _PyEval_EvalFrameDefault
        at /usr/local/src/conda/python-3.10.18/Python/ceval.c:4213
  34: _PyEval_EvalFrame
        at /usr/local/src/conda/python-3.10.18/Include/internal/pycore_ceval.h:46
  35: _PyEval_Vector
        at /usr/local/src/conda/python-3.10.18/Python/ceval.c:5067
  36: PyEval_EvalCode
        at /usr/local/src/conda/python-3.10.18/Python/ceval.c:1134
  37: builtin_exec_impl
        at /usr/local/src/conda/python-3.10.18/Python/bltinmodule.c:1058
  38: builtin_exec
        at /usr/local/src/conda/python-3.10.18/Python/clinic/bltinmodule.c.h:371
  39: cfunction_vectorcall_FASTCALL
        at /usr/local/src/conda/python-3.10.18/Objects/methodobject.c:430
  40: _PyObject_VectorcallTstate
        at /usr/local/src/conda/python-3.10.18/Include/cpython/abstract.h:114
  41: PyObject_Vectorcall
        at /usr/local/src/conda/python-3.10.18/Include/cpython/abstract.h:123
  42: call_function
        at /usr/local/src/conda/python-3.10.18/Python/ceval.c:5893
  43: _PyEval_EvalFrameDefault
        at /usr/local/src/conda/python-3.10.18/Python/ceval.c:4213
  44: _PyEval_EvalFrame
        at /usr/local/src/conda/python-3.10.18/Include/internal/pycore_ceval.h:46
  45: _PyEval_Vector
        at /usr/local/src/conda/python-3.10.18/Python/ceval.c:5067
  46: _PyFunction_Vectorcall
        at /usr/local/src/conda/python-3.10.18/Objects/call.c:342
  47: _PyObject_VectorcallTstate
        at /usr/local/src/conda/python-3.10.18/Include/cpython/abstract.h:114
  48: PyObject_Vectorcall
        at /usr/local/src/conda/python-3.10.18/Include/cpython/abstract.h:123
  49: call_function
        at /usr/local/src/conda/python-3.10.18/Python/ceval.c:5893
  50: _PyEval_EvalFrameDefault
        at /usr/local/src/conda/python-3.10.18/Python/ceval.c:4213
  51: _PyEval_EvalFrame
        at /usr/local/src/conda/python-3.10.18/Include/internal/pycore_ceval.h:46
  52: _PyEval_Vector
        at /usr/local/src/conda/python-3.10.18/Python/ceval.c:5067
  53: _PyFunction_Vectorcall
        at /usr/local/src/conda/python-3.10.18/Objects/call.c:342
  54: pymain_run_module
        at /usr/local/src/conda/python-3.10.18/Modules/main.c:297
  55: pymain_run_python
        at /usr/local/src/conda/python-3.10.18/Modules/main.c:589
  56: Py_RunMain
        at /usr/local/src/conda/python-3.10.18/Modules/main.c:674
  57: Py_BytesMain
        at /usr/local/src/conda/python-3.10.18/Modules/main.c:1094
  58: __libc_start_main
        at ../csu/libc-start.c:308
  59: 0x000000000058728d
  60: 0xffffffffffffffff


*E**********************************************
Time elapsed for measurement: 37.60 s
----------------------------------------------------------------------
------------------------------  [ Train cost model ]
----------------------------------------------------------------------
Time elapsed for training: 1.19 s
----------------------------------------------------------------------
------------------------------  [ Task Scheduler ]
----------------------------------------------------------------------
----------------------------------------------------------------------
------------------------------  [ Search ]
----------------------------------------------------------------------
Generate Sketches		#s: 1
Sample Initial Population	#s: 115	fail_ct: 3981	Time elapsed: 15.07
GA Iter: 0	Max score: 0.9983	Min score: 0.0018	#Pop: 115	#M+: 0	#M-: 0
GA Iter: 4	Max score: 0.9999	Min score: 0.9824	#Pop: 128	#M+: 1405	#M-: 0
EvolutionarySearch		#s: 128	Time elapsed: 112.73
----------------------------------------------------------------------
------------------------------  [ Measure ]
----------------------------------------------------------------------
Get 64 programs to measure:
................................................................****************Eterminate called after throwing an instance of 'tvm::runtime::InternalError'
  what():  [16:30:08] /data3/qsy/complier/tlm/src/runtime/cuda/cuda_module.cc:61: CUDAError: cuModuleUnload(module_[i]) failed with error: CUDA_ERROR_MISALIGNED_ADDRESS
Stack trace:
  0: tvm::runtime::SimpleObjAllocator::Handler<tvm::runtime::CUDAModuleNode>::Deleter_(tvm::runtime::Object*)
  1: tvm::runtime::SimpleObjAllocator::Handler<tvm::runtime::LibraryModuleNode>::Deleter_(tvm::runtime::Object*)
  2: _ZN3tvm7runtime18SimpleObjAllocator7HandlerINS0_16PackedFuncS
  3: _ZN3tvm7runtime18SimpleObjAllocator7HandlerINS0_16PackedFuncSubObjIZNS0_9profiling17WrapTimeE
  4: TVMObjectFree
  5: __pyx_tp_dealloc_3tvm_4_ffi_4_cy3_4core_PackedFuncBase(_object*)
  6: subtype_dealloc
        at /usr/local/src/conda/python-3.10.18/Objects/typeobject.c:1460
  7: _Py_DECREF
        at /usr/local/src/conda/python-3.10.18/Include/object.h:500
  8: _Py_XDECREF
        at /usr/local/src/conda/python-3.10.18/Include/object.h:567
  9: cell_dealloc
        at /usr/local/src/conda/python-3.10.18/Objects/cellobject.c:82
  10: _Py_Dealloc
        at /usr/local/src/conda/python-3.10.18/Objects/object.c:2301
  11: _Py_DECREF
        at /usr/local/src/conda/python-3.10.18/Include/object.h:500
  12: _Py_XDECREF
        at /usr/local/src/conda/python-3.10.18/Include/object.h:567
  13: tupledealloc
        at /usr/local/src/conda/python-3.10.18/Objects/tupleobject.c:276
  14: _Py_Dealloc
        at /usr/local/src/conda/python-3.10.18/Objects/object.c:2301
  15: _Py_DECREF
        at /usr/local/src/conda/python-3.10.18/Include/object.h:500
  16: func_clear
        at /usr/local/src/conda/python-3.10.18/Objects/funcobject.c:636
  17: func_dealloc
        at /usr/local/src/conda/python-3.10.18/Objects/funcobject.c:648
  18: _Py_Dealloc
        at /usr/local/src/conda/python-3.10.18/Objects/object.c:2301
  19: _Py_DECREF
        at /usr/local/src/conda/python-3.10.18/Include/object.h:500
  20: frame_dealloc
        at /usr/local/src/conda/python-3.10.18/Objects/frameobject.c:591
  21: _Py_Dealloc
        at /usr/local/src/conda/python-3.10.18/Objects/object.c:2301
  22: _Py_DECREF
        at /usr/local/src/conda/python-3.10.18/Include/object.h:500
  23: _PyEval_Vector
        at /usr/local/src/conda/python-3.10.18/Python/ceval.c:5080
  24: _PyFunction_Vectorcall
        at /usr/local/src/conda/python-3.10.18/Objects/call.c:342
  25: do_call_core
        at /usr/local/src/conda/python-3.10.18/Python/ceval.c:5945
  26: _PyEval_EvalFrameDefault
        at /usr/local/src/conda/python-3.10.18/Python/ceval.c:4277
  27: _PyEval_EvalFrame
        at /usr/local/src/conda/python-3.10.18/Include/internal/pycore_ceval.h:46
  28: _PyEval_Vector
        at /usr/local/src/conda/python-3.10.18/Python/ceval.c:5067
  29: _PyFunction_Vectorcall
        at /usr/local/src/conda/python-3.10.18/Objects/call.c:342
  30: _PyObject_VectorcallTstate
        at /usr/local/src/conda/python-3.10.18/Include/cpython/abstract.h:114
  31: PyObject_Vectorcall
        at /usr/local/src/conda/python-3.10.18/Include/cpython/abstract.h:123
  32: call_function
        at /usr/local/src/conda/python-3.10.18/Python/ceval.c:5893
  33: _PyEval_EvalFrameDefault
        at /usr/local/src/conda/python-3.10.18/Python/ceval.c:4213
  34: _PyEval_EvalFrame
        at /usr/local/src/conda/python-3.10.18/Include/internal/pycore_ceval.h:46
  35: _PyEval_Vector
        at /usr/local/src/conda/python-3.10.18/Python/ceval.c:5067
  36: PyEval_EvalCode
        at /usr/local/src/conda/python-3.10.18/Python/ceval.c:1134
  37: builtin_exec_impl
        at /usr/local/src/conda/python-3.10.18/Python/bltinmodule.c:1058
  38: builtin_exec
        at /usr/local/src/conda/python-3.10.18/Python/clinic/bltinmodule.c.h:371
  39: cfunction_vectorcall_FASTCALL
        at /usr/local/src/conda/python-3.10.18/Objects/methodobject.c:430
  40: _PyObject_VectorcallTstate
        at /usr/local/src/conda/python-3.10.18/Include/cpython/abstract.h:114
  41: PyObject_Vectorcall
        at /usr/local/src/conda/python-3.10.18/Include/cpython/abstract.h:123
  42: call_function
        at /usr/local/src/conda/python-3.10.18/Python/ceval.c:5893
  43: _PyEval_EvalFrameDefault
        at /usr/local/src/conda/python-3.10.18/Python/ceval.c:4213
  44: _PyEval_EvalFrame
        at /usr/local/src/conda/python-3.10.18/Include/internal/pycore_ceval.h:46
  45: _PyEval_Vector
        at /usr/local/src/conda/python-3.10.18/Python/ceval.c:5067
  46: _PyFunction_Vectorcall
        at /usr/local/src/conda/python-3.10.18/Objects/call.c:342
  47: _PyObject_VectorcallTstate
        at /usr/local/src/conda/python-3.10.18/Include/cpython/abstract.h:114
  48: PyObject_Vectorcall
        at /usr/local/src/conda/python-3.10.18/Include/cpython/abstract.h:123
  49: call_function
        at /usr/local/src/conda/python-3.10.18/Python/ceval.c:5893
  50: _PyEval_EvalFrameDefault
        at /usr/local/src/conda/python-3.10.18/Python/ceval.c:4213
  51: _PyEval_EvalFrame
        at /usr/local/src/conda/python-3.10.18/Include/internal/pycore_ceval.h:46
  52: _PyEval_Vector
        at /usr/local/src/conda/python-3.10.18/Python/ceval.c:5067
  53: _PyFunction_Vectorcall
        at /usr/local/src/conda/python-3.10.18/Objects/call.c:342
  54: pymain_run_module
        at /usr/local/src/conda/python-3.10.18/Modules/main.c:297
  55: pymain_run_python
        at /usr/local/src/conda/python-3.10.18/Modules/main.c:589
  56: Py_RunMain
        at /usr/local/src/conda/python-3.10.18/Modules/main.c:674
  57: Py_BytesMain
        at /usr/local/src/conda/python-3.10.18/Modules/main.c:1094
  58: __libc_start_main
        at ../csu/libc-start.c:308
  59: 0x000000000058728d
  60: 0xffffffffffffffff


|  ID  |                       Task Description                        | Latency (ms) | Speed (GFLOPS) | Trials |
-----------------------------------------------------------------------------------------------------------------
|    0 |                                    vm_mod_fused_nn_conv2d_add |        0.018 |        5750.35 |     64 |
|    1 |                          vm_mod_fused_nn_conv2d_add_nn_relu_5 |        0.020 |        5272.97 |     64 |
|    2 |                      vm_mod_fused_nn_conv2d_add_add_nn_relu_2 |        0.011 |        8990.69 |     64 |
|    3 |                          vm_mod_fused_nn_conv2d_add_nn_relu_1 |        0.006 |        4232.57 |     64 |
|    4 |                                     vm_mod_fused_nn_dense_add |        0.026 |         158.72 |     64 |
|    5 |                          vm_mod_fused_nn_conv2d_add_nn_relu_8 |        0.036 |        2845.86 |     64 |
|    6 |                                  vm_mod_fused_nn_conv2d_add_3 |        0.056 |        3685.32 |     64 |
|    7 |                      vm_mod_fused_nn_conv2d_add_add_nn_relu_3 |        0.013 |        7792.30 |     64 |
|    8 |                          vm_mod_fused_nn_conv2d_add_nn_relu_4 |            - |              - |      0 |
|    9 |                        vm_mod_fused_nn_conv2d_add_add_nn_relu |            - |              - |      0 |
|   10 |                      vm_mod_fused_nn_conv2d_add_add_nn_relu_1 |            - |              - |      0 |
|   11 | vm_mod_fused_nn_contrib_conv2d_winograd_without_weight_transform_add_nn_relu_3 |            - |              - |      0 |
|   12 |                                  vm_mod_fused_nn_conv2d_add_2 |            - |              - |      0 |
|   13 |                            vm_mod_fused_nn_conv2d_add_nn_relu |            - |              - |      0 |
|   14 |                         vm_mod_fused_nn_conv2d_add_nn_relu_10 |            - |              - |      0 |
|   15 |                          vm_mod_fused_nn_conv2d_add_nn_relu_7 |            - |              - |      0 |
|   16 | vm_mod_fused_nn_contrib_conv2d_winograd_without_weight_transform_add_nn_relu_1 |            - |              - |      0 |
|   17 |                          vm_mod_fused_nn_conv2d_add_nn_relu_3 |            - |              - |      0 |
|   18 |                           vm_mod_fused_nn_adaptive_avg_pool2d |            - |              - |      0 |
|   19 |                         vm_mod_fused_nn_conv2d_add_nn_relu_11 |            - |              - |      0 |
|   20 |                                  vm_mod_fused_nn_conv2d_add_1 |            - |              - |      0 |
|   21 |                          vm_mod_fused_nn_conv2d_add_nn_relu_6 |            - |              - |      0 |
|   22 |                          vm_mod_fused_nn_conv2d_add_nn_relu_2 |            - |              - |      0 |
|   23 | vm_mod_fused_nn_contrib_conv2d_winograd_without_weight_transform_add_nn_relu |            - |              - |      0 |
|   24 |                                    vm_mod_fused_nn_max_pool2d |            - |              - |      0 |
|   25 |                          vm_mod_fused_nn_conv2d_add_nn_relu_9 |            - |              - |      0 |
|   26 | vm_mod_fused_nn_contrib_conv2d_winograd_without_weight_transform_add_nn_relu_2 |            - |              - |      0 |
-----------------------------------------------------------------------------------------------------------------
Estimated total latency: - ms	Trials: 512	Used time : 873 s	Next ID: 8	
*E**********************************Eterminate called after throwing an instance of 'tvm::runtime::InternalError'
  what():  [16:30:18] /data3/qsy/complier/tlm/src/runtime/cuda/cuda_module.cc:61: CUDAError: cuModuleUnload(module_[i]) failed with error: CUDA_ERROR_MISALIGNED_ADDRESS
Stack trace:
  0: tvm::runtime::SimpleObjAllocator::Handler<tvm::runtime::CUDAModuleNode>::Deleter_(tvm::runtime::Object*)
  1: tvm::runtime::SimpleObjAllocator::Handler<tvm::runtime::LibraryModuleNode>::Deleter_(tvm::runtime::Object*)
  2: _ZN3tvm7runtime18SimpleObjAllocator7HandlerINS0_16PackedFuncS
  3: _ZN3tvm7runtime18SimpleObjAllocator7HandlerINS0_16PackedFuncSubObjIZNS0_9profiling17WrapTimeE
  4: TVMObjectFree
  5: __pyx_tp_dealloc_3tvm_4_ffi_4_cy3_4core_PackedFuncBase(_object*)
  6: subtype_dealloc
        at /usr/local/src/conda/python-3.10.18/Objects/typeobject.c:1460
  7: _Py_DECREF
        at /usr/local/src/conda/python-3.10.18/Include/object.h:500
  8: _Py_XDECREF
        at /usr/local/src/conda/python-3.10.18/Include/object.h:567
  9: cell_dealloc
        at /usr/local/src/conda/python-3.10.18/Objects/cellobject.c:82
  10: _Py_Dealloc
        at /usr/local/src/conda/python-3.10.18/Objects/object.c:2301
  11: _Py_DECREF
        at /usr/local/src/conda/python-3.10.18/Include/object.h:500
  12: _Py_XDECREF
        at /usr/local/src/conda/python-3.10.18/Include/object.h:567
  13: tupledealloc
        at /usr/local/src/conda/python-3.10.18/Objects/tupleobject.c:276
  14: _Py_Dealloc
        at /usr/local/src/conda/python-3.10.18/Objects/object.c:2301
  15: _Py_DECREF
        at /usr/local/src/conda/python-3.10.18/Include/object.h:500
  16: func_clear
        at /usr/local/src/conda/python-3.10.18/Objects/funcobject.c:636
  17: func_dealloc
        at /usr/local/src/conda/python-3.10.18/Objects/funcobject.c:648
  18: _Py_Dealloc
        at /usr/local/src/conda/python-3.10.18/Objects/object.c:2301
  19: _Py_DECREF
        at /usr/local/src/conda/python-3.10.18/Include/object.h:500
  20: frame_dealloc
        at /usr/local/src/conda/python-3.10.18/Objects/frameobject.c:591
  21: _Py_Dealloc
        at /usr/local/src/conda/python-3.10.18/Objects/object.c:2301
  22: _Py_DECREF
        at /usr/local/src/conda/python-3.10.18/Include/object.h:500
  23: _PyEval_Vector
        at /usr/local/src/conda/python-3.10.18/Python/ceval.c:5080
  24: _PyFunction_Vectorcall
        at /usr/local/src/conda/python-3.10.18/Objects/call.c:342
  25: do_call_core
        at /usr/local/src/conda/python-3.10.18/Python/ceval.c:5945
  26: _PyEval_EvalFrameDefault
        at /usr/local/src/conda/python-3.10.18/Python/ceval.c:4277
  27: _PyEval_EvalFrame
        at /usr/local/src/conda/python-3.10.18/Include/internal/pycore_ceval.h:46
  28: _PyEval_Vector
        at /usr/local/src/conda/python-3.10.18/Python/ceval.c:5067
  29: _PyFunction_Vectorcall
        at /usr/local/src/conda/python-3.10.18/Objects/call.c:342
  30: _PyObject_VectorcallTstate
        at /usr/local/src/conda/python-3.10.18/Include/cpython/abstract.h:114
  31: PyObject_Vectorcall
        at /usr/local/src/conda/python-3.10.18/Include/cpython/abstract.h:123
  32: call_function
        at /usr/local/src/conda/python-3.10.18/Python/ceval.c:5893
  33: _PyEval_EvalFrameDefault
        at /usr/local/src/conda/python-3.10.18/Python/ceval.c:4213
  34: _PyEval_EvalFrame
        at /usr/local/src/conda/python-3.10.18/Include/internal/pycore_ceval.h:46
  35: _PyEval_Vector
        at /usr/local/src/conda/python-3.10.18/Python/ceval.c:5067
  36: PyEval_EvalCode
        at /usr/local/src/conda/python-3.10.18/Python/ceval.c:1134
  37: builtin_exec_impl
        at /usr/local/src/conda/python-3.10.18/Python/bltinmodule.c:1058
  38: builtin_exec
        at /usr/local/src/conda/python-3.10.18/Python/clinic/bltinmodule.c.h:371
  39: cfunction_vectorcall_FASTCALL
        at /usr/local/src/conda/python-3.10.18/Objects/methodobject.c:430
  40: _PyObject_VectorcallTstate
        at /usr/local/src/conda/python-3.10.18/Include/cpython/abstract.h:114
  41: PyObject_Vectorcall
        at /usr/local/src/conda/python-3.10.18/Include/cpython/abstract.h:123
  42: call_function
        at /usr/local/src/conda/python-3.10.18/Python/ceval.c:5893
  43: _PyEval_EvalFrameDefault
        at /usr/local/src/conda/python-3.10.18/Python/ceval.c:4213
  44: _PyEval_EvalFrame
        at /usr/local/src/conda/python-3.10.18/Include/internal/pycore_ceval.h:46
  45: _PyEval_Vector
        at /usr/local/src/conda/python-3.10.18/Python/ceval.c:5067
  46: _PyFunction_Vectorcall
        at /usr/local/src/conda/python-3.10.18/Objects/call.c:342
  47: _PyObject_VectorcallTstate
        at /usr/local/src/conda/python-3.10.18/Include/cpython/abstract.h:114
  48: PyObject_Vectorcall
        at /usr/local/src/conda/python-3.10.18/Include/cpython/abstract.h:123
  49: call_function
        at /usr/local/src/conda/python-3.10.18/Python/ceval.c:5893
  50: _PyEval_EvalFrameDefault
        at /usr/local/src/conda/python-3.10.18/Python/ceval.c:4213
  51: _PyEval_EvalFrame
        at /usr/local/src/conda/python-3.10.18/Include/internal/pycore_ceval.h:46
  52: _PyEval_Vector
        at /usr/local/src/conda/python-3.10.18/Python/ceval.c:5067
  53: _PyFunction_Vectorcall
        at /usr/local/src/conda/python-3.10.18/Objects/call.c:342
  54: pymain_run_module
        at /usr/local/src/conda/python-3.10.18/Modules/main.c:297
  55: pymain_run_python
        at /usr/local/src/conda/python-3.10.18/Modules/main.c:589
  56: Py_RunMain
        at /usr/local/src/conda/python-3.10.18/Modules/main.c:674
  57: Py_BytesMain
        at /usr/local/src/conda/python-3.10.18/Modules/main.c:1094
  58: __libc_start_main
        at ../csu/libc-start.c:308
  59: 0x000000000058728d
  60: 0xffffffffffffffff


*E**************
Time elapsed for measurement: 38.55 s
----------------------------------------------------------------------
------------------------------  [ Train cost model ]
----------------------------------------------------------------------
Time elapsed for training: 0.00 s
----------------------------------------------------------------------
------------------------------  [ Task Scheduler ]
----------------------------------------------------------------------
----------------------------------------------------------------------
------------------------------  [ Search ]
----------------------------------------------------------------------
Generate Sketches		#s: 1
Sample Initial Population	#s: 80	fail_ct: 1968	Time elapsed: 7.49
GA Iter: 0	Max score: 0.9900	Min score: 0.0133	#Pop: 80	#M+: 0	#M-: 0
GA Iter: 4	Max score: 0.9999	Min score: 0.9796	#Pop: 128	#M+: 1390	#M-: 0
EvolutionarySearch		#s: 128	Time elapsed: 81.00
----------------------------------------------------------------------
------------------------------  [ Measure ]
----------------------------------------------------------------------
Get 64 programs to measure:
................................................................****************************************************************|  ID  |                       Task Description                        | Latency (ms) | Speed (GFLOPS) | Trials |
-----------------------------------------------------------------------------------------------------------------
|    0 |                                    vm_mod_fused_nn_conv2d_add |        0.018 |        5750.35 |     64 |
|    1 |                          vm_mod_fused_nn_conv2d_add_nn_relu_5 |        0.020 |        5272.97 |     64 |
|    2 |                      vm_mod_fused_nn_conv2d_add_add_nn_relu_2 |        0.011 |        8990.69 |     64 |
|    3 |                          vm_mod_fused_nn_conv2d_add_nn_relu_1 |        0.006 |        4232.57 |     64 |
|    4 |                                     vm_mod_fused_nn_dense_add |        0.026 |         158.72 |     64 |
|    5 |                          vm_mod_fused_nn_conv2d_add_nn_relu_8 |        0.036 |        2845.86 |     64 |
|    6 |                                  vm_mod_fused_nn_conv2d_add_3 |        0.056 |        3685.32 |     64 |
|    7 |                      vm_mod_fused_nn_conv2d_add_add_nn_relu_3 |        0.013 |        7792.30 |     64 |
|    8 |                          vm_mod_fused_nn_conv2d_add_nn_relu_4 |        0.045 |        5150.88 |     64 |
|    9 |                        vm_mod_fused_nn_conv2d_add_add_nn_relu |            - |              - |      0 |
|   10 |                      vm_mod_fused_nn_conv2d_add_add_nn_relu_1 |            - |              - |      0 |
|   11 | vm_mod_fused_nn_contrib_conv2d_winograd_without_weight_transform_add_nn_relu_3 |            - |              - |      0 |
|   12 |                                  vm_mod_fused_nn_conv2d_add_2 |            - |              - |      0 |
|   13 |                            vm_mod_fused_nn_conv2d_add_nn_relu |            - |              - |      0 |
|   14 |                         vm_mod_fused_nn_conv2d_add_nn_relu_10 |            - |              - |      0 |
|   15 |                          vm_mod_fused_nn_conv2d_add_nn_relu_7 |            - |              - |      0 |
|   16 | vm_mod_fused_nn_contrib_conv2d_winograd_without_weight_transform_add_nn_relu_1 |            - |              - |      0 |
|   17 |                          vm_mod_fused_nn_conv2d_add_nn_relu_3 |            - |              - |      0 |
|   18 |                           vm_mod_fused_nn_adaptive_avg_pool2d |            - |              - |      0 |
|   19 |                         vm_mod_fused_nn_conv2d_add_nn_relu_11 |            - |              - |      0 |
|   20 |                                  vm_mod_fused_nn_conv2d_add_1 |            - |              - |      0 |
|   21 |                          vm_mod_fused_nn_conv2d_add_nn_relu_6 |            - |              - |      0 |
|   22 |                          vm_mod_fused_nn_conv2d_add_nn_relu_2 |            - |              - |      0 |
|   23 | vm_mod_fused_nn_contrib_conv2d_winograd_without_weight_transform_add_nn_relu |            - |              - |      0 |
|   24 |                                    vm_mod_fused_nn_max_pool2d |            - |              - |      0 |
|   25 |                          vm_mod_fused_nn_conv2d_add_nn_relu_9 |            - |              - |      0 |
|   26 | vm_mod_fused_nn_contrib_conv2d_winograd_without_weight_transform_add_nn_relu_2 |            - |              - |      0 |
-----------------------------------------------------------------------------------------------------------------
Estimated total latency: - ms	Trials: 576	Used time : 1040 s	Next ID: 9	

Time elapsed for measurement: 35.08 s
----------------------------------------------------------------------
------------------------------  [ Train cost model ]
----------------------------------------------------------------------
Time elapsed for training: 1.58 s
----------------------------------------------------------------------
------------------------------  [ Task Scheduler ]
----------------------------------------------------------------------
----------------------------------------------------------------------
------------------------------  [ Search ]
----------------------------------------------------------------------
Generate Sketches		#s: 1
Sample Initial Population	#s: 78	fail_ct: 1970	Time elapsed: 6.97
GA Iter: 0	Max score: 0.9986	Min score: 0.0138	#Pop: 78	#M+: 0	#M-: 0
GA Iter: 4	Max score: 0.9998	Min score: 0.9777	#Pop: 128	#M+: 1390	#M-: 0
EvolutionarySearch		#s: 128	Time elapsed: 82.23
----------------------------------------------------------------------
------------------------------  [ Measure ]
----------------------------------------------------------------------
Get 64 programs to measure:
..............................................................|  ID  |                       Task Description                        | Latency (ms) | Speed (GFLOPS) | Trials |
-----------------------------------------------------------------------------------------------------------------
|    0 |                                    vm_mod_fused_nn_conv2d_add |        0.018 |        5750.35 |     64 |
|    1 |                          vm_mod_fused_nn_conv2d_add_nn_relu_5 |        0.020 |        5272.97 |     64 |
|    2 |                      vm_mod_fused_nn_conv2d_add_add_nn_relu_2 |        0.011 |        8990.69 |     64 |
|    3 |                          vm_mod_fused_nn_conv2d_add_nn_relu_1 |        0.006 |        4232.57 |     64 |
|    4 |                                     vm_mod_fused_nn_dense_add |        0.026 |         158.72 |     64 |
|    5 |                          vm_mod_fused_nn_conv2d_add_nn_relu_8 |        0.036 |        2845.86 |     64 |
|    6 |                                  vm_mod_fused_nn_conv2d_add_3 |        0.056 |        3685.32 |     64 |
|    7 |                      vm_mod_fused_nn_conv2d_add_add_nn_relu_3 |        0.013 |        7792.30 |     64 |
|    8 |                          vm_mod_fused_nn_conv2d_add_nn_relu_4 |        0.045 |        5150.88 |     64 |
|    9 |                        vm_mod_fused_nn_conv2d_add_add_nn_relu |        0.017 |        6065.10 |     64 |
|   10 |                      vm_mod_fused_nn_conv2d_add_add_nn_relu_1 |            - |              - |      0 |
|   11 | vm_mod_fused_nn_contrib_conv2d_winograd_without_weight_transform_add_nn_relu_3 |            - |              - |      0 |
|   12 |                                  vm_mod_fused_nn_conv2d_add_2 |            - |              - |      0 |
|   13 |                            vm_mod_fused_nn_conv2d_add_nn_relu |            - |              - |      0 |
|   14 |                         vm_mod_fused_nn_conv2d_add_nn_relu_10 |            - |              - |      0 |
|   15 |                          vm_mod_fused_nn_conv2d_add_nn_relu_7 |            - |              - |      0 |
|   16 | vm_mod_fused_nn_contrib_conv2d_winograd_without_weight_transform_add_nn_relu_1 |            - |              - |      0 |
|   17 |                          vm_mod_fused_nn_conv2d_add_nn_relu_3 |            - |              - |      0 |
|   18 |                           vm_mod_fused_nn_adaptive_avg_pool2d |            - |              - |      0 |
|   19 |                         vm_mod_fused_nn_conv2d_add_nn_relu_11 |            - |              - |      0 |
|   20 |                                  vm_mod_fused_nn_conv2d_add_1 |            - |              - |      0 |
|   21 |                          vm_mod_fused_nn_conv2d_add_nn_relu_6 |            - |              - |      0 |
|   22 |                          vm_mod_fused_nn_conv2d_add_nn_relu_2 |            - |              - |      0 |
|   23 | vm_mod_fused_nn_contrib_conv2d_winograd_without_weight_transform_add_nn_relu |            - |              - |      0 |
|   24 |                                    vm_mod_fused_nn_max_pool2d |            - |              - |      0 |
|   25 |                          vm_mod_fused_nn_conv2d_add_nn_relu_9 |            - |              - |      0 |
|   26 | vm_mod_fused_nn_contrib_conv2d_winograd_without_weight_transform_add_nn_relu_2 |            - |              - |      0 |
-----------------------------------------------------------------------------------------------------------------
Estimated total latency: - ms	Trials: 640	Used time : 1166 s	Next ID: 10	
.T.T***************************E******E************E*****************
Time elapsed for measurement: 35.00 s
----------------------------------------------------------------------
------------------------------  [ Train cost model ]
----------------------------------------------------------------------
Time elapsed for training: 0.00 s
----------------------------------------------------------------------
------------------------------  [ Task Scheduler ]
----------------------------------------------------------------------
----------------------------------------------------------------------
------------------------------  [ Search ]
----------------------------------------------------------------------
Generate Sketches		#s: 1
Sample Initial Population	#s: 71	fail_ct: 4025	Time elapsed: 33.15
GA Iter: 0	Max score: 0.9912	Min score: 0.0006	#Pop: 71	#M+: 0	#M-: 0
GA Iter: 4	Max score: 1.0000	Min score: 0.9814	#Pop: 128	#M+: 1387	#M-: 0
EvolutionarySearch		#s: 128	Time elapsed: 208.06
----------------------------------------------------------------------
------------------------------  [ Measure ]
----------------------------------------------------------------------
Get 64 programs to measure:
................................................................****************************************************************|  ID  |                       Task Description                        | Latency (ms) | Speed (GFLOPS) | Trials |
-----------------------------------------------------------------------------------------------------------------
|    0 |                                    vm_mod_fused_nn_conv2d_add |        0.018 |        5750.35 |     64 |
|    1 |                          vm_mod_fused_nn_conv2d_add_nn_relu_5 |        0.020 |        5272.97 |     64 |
|    2 |                      vm_mod_fused_nn_conv2d_add_add_nn_relu_2 |        0.011 |        8990.69 |     64 |
|    3 |                          vm_mod_fused_nn_conv2d_add_nn_relu_1 |        0.006 |        4232.57 |     64 |
|    4 |                                     vm_mod_fused_nn_dense_add |        0.026 |         158.72 |     64 |
|    5 |                          vm_mod_fused_nn_conv2d_add_nn_relu_8 |        0.036 |        2845.86 |     64 |
|    6 |                                  vm_mod_fused_nn_conv2d_add_3 |        0.056 |        3685.32 |     64 |
|    7 |                      vm_mod_fused_nn_conv2d_add_add_nn_relu_3 |        0.013 |        7792.30 |     64 |
|    8 |                          vm_mod_fused_nn_conv2d_add_nn_relu_4 |        0.045 |        5150.88 |     64 |
|    9 |                        vm_mod_fused_nn_conv2d_add_add_nn_relu |        0.017 |        6065.10 |     64 |
|   10 |                      vm_mod_fused_nn_conv2d_add_add_nn_relu_1 |        0.009 |       11016.84 |     64 |
|   11 | vm_mod_fused_nn_contrib_conv2d_winograd_without_weight_transform_add_nn_relu_3 |            - |              - |      0 |
|   12 |                                  vm_mod_fused_nn_conv2d_add_2 |            - |              - |      0 |
|   13 |                            vm_mod_fused_nn_conv2d_add_nn_relu |            - |              - |      0 |
|   14 |                         vm_mod_fused_nn_conv2d_add_nn_relu_10 |            - |              - |      0 |
|   15 |                          vm_mod_fused_nn_conv2d_add_nn_relu_7 |            - |              - |      0 |
|   16 | vm_mod_fused_nn_contrib_conv2d_winograd_without_weight_transform_add_nn_relu_1 |            - |              - |      0 |
|   17 |                          vm_mod_fused_nn_conv2d_add_nn_relu_3 |            - |              - |      0 |
|   18 |                           vm_mod_fused_nn_adaptive_avg_pool2d |            - |              - |      0 |
|   19 |                         vm_mod_fused_nn_conv2d_add_nn_relu_11 |            - |              - |      0 |
|   20 |                                  vm_mod_fused_nn_conv2d_add_1 |            - |              - |      0 |
|   21 |                          vm_mod_fused_nn_conv2d_add_nn_relu_6 |            - |              - |      0 |
|   22 |                          vm_mod_fused_nn_conv2d_add_nn_relu_2 |            - |              - |      0 |
|   23 | vm_mod_fused_nn_contrib_conv2d_winograd_without_weight_transform_add_nn_relu |            - |              - |      0 |
|   24 |                                    vm_mod_fused_nn_max_pool2d |            - |              - |      0 |
|   25 |                          vm_mod_fused_nn_conv2d_add_nn_relu_9 |            - |              - |      0 |
|   26 | vm_mod_fused_nn_contrib_conv2d_winograd_without_weight_transform_add_nn_relu_2 |            - |              - |      0 |
-----------------------------------------------------------------------------------------------------------------
Estimated total latency: - ms	Trials: 704	Used time : 1290 s	Next ID: 11	

Time elapsed for measurement: 39.46 s
----------------------------------------------------------------------
------------------------------  [ Train cost model ]
----------------------------------------------------------------------
Time elapsed for training: 2.27 s
----------------------------------------------------------------------
------------------------------  [ Task Scheduler ]
----------------------------------------------------------------------
----------------------------------------------------------------------
------------------------------  [ Search ]
----------------------------------------------------------------------
Generate Sketches		#s: 1
Sample Initial Population	#s: 80	fail_ct: 1968	Time elapsed: 7.22
GA Iter: 0	Max score: 0.9991	Min score: 0.0000	#Pop: 80	#M+: 0	#M-: 0
GA Iter: 4	Max score: 1.0000	Min score: 0.9813	#Pop: 128	#M+: 1396	#M-: 0
EvolutionarySearch		#s: 128	Time elapsed: 81.46
----------------------------------------------------------------------
------------------------------  [ Measure ]
----------------------------------------------------------------------
Get 64 programs to measure:
................................................................*********************************************Eterminate called after throwing an instance of 'tvm::runtime::InternalError'
  what():  [16:41:13] /data3/qsy/complier/tlm/src/runtime/cuda/cuda_module.cc:61: CUDAError: cuModuleUnload(module_[i]) failed with error: CUDA_ERROR_MISALIGNED_ADDRESS
Stack trace:
  0: tvm::runtime::SimpleObjAllocator::Handler<tvm::runtime::CUDAModuleNode>::Deleter_(tvm::runtime::Object*)
  1: tvm::runtime::SimpleObjAllocator::Handler<tvm::runtime::LibraryModuleNode>::Deleter_(tvm::runtime::Object*)
  2: _ZN3tvm7runtime18SimpleObjAllocator7HandlerINS0_16PackedFuncS
  3: _ZN3tvm7runtime18SimpleObjAllocator7HandlerINS0_16PackedFuncSubObjIZNS0_9profiling17WrapTimeE
  4: TVMObjectFree
  5: __pyx_tp_dealloc_3tvm_4_ffi_4_cy3_4core_PackedFuncBase(_object*)
  6: subtype_dealloc
        at /usr/local/src/conda/python-3.10.18/Objects/typeobject.c:1460
  7: _Py_DECREF
        at /usr/local/src/conda/python-3.10.18/Include/object.h:500
  8: _Py_XDECREF
        at /usr/local/src/conda/python-3.10.18/Include/object.h:567
  9: cell_dealloc
        at /usr/local/src/conda/python-3.10.18/Objects/cellobject.c:82
  10: _Py_Dealloc
        at /usr/local/src/conda/python-3.10.18/Objects/object.c:2301
  11: _Py_DECREF
        at /usr/local/src/conda/python-3.10.18/Include/object.h:500
  12: _Py_XDECREF
        at /usr/local/src/conda/python-3.10.18/Include/object.h:567
  13: tupledealloc
        at /usr/local/src/conda/python-3.10.18/Objects/tupleobject.c:276
  14: _Py_Dealloc
        at /usr/local/src/conda/python-3.10.18/Objects/object.c:2301
  15: _Py_DECREF
        at /usr/local/src/conda/python-3.10.18/Include/object.h:500
  16: func_clear
        at /usr/local/src/conda/python-3.10.18/Objects/funcobject.c:636
  17: func_dealloc
        at /usr/local/src/conda/python-3.10.18/Objects/funcobject.c:648
  18: _Py_Dealloc
        at /usr/local/src/conda/python-3.10.18/Objects/object.c:2301
  19: _Py_DECREF
        at /usr/local/src/conda/python-3.10.18/Include/object.h:500
  20: frame_dealloc
        at /usr/local/src/conda/python-3.10.18/Objects/frameobject.c:591
  21: _Py_Dealloc
        at /usr/local/src/conda/python-3.10.18/Objects/object.c:2301
  22: _Py_DECREF
        at /usr/local/src/conda/python-3.10.18/Include/object.h:500
  23: _PyEval_Vector
        at /usr/local/src/conda/python-3.10.18/Python/ceval.c:5080
  24: _PyFunction_Vectorcall
        at /usr/local/src/conda/python-3.10.18/Objects/call.c:342
  25: do_call_core
        at /usr/local/src/conda/python-3.10.18/Python/ceval.c:5945
  26: _PyEval_EvalFrameDefault
        at /usr/local/src/conda/python-3.10.18/Python/ceval.c:4277
  27: _PyEval_EvalFrame
        at /usr/local/src/conda/python-3.10.18/Include/internal/pycore_ceval.h:46
  28: _PyEval_Vector
        at /usr/local/src/conda/python-3.10.18/Python/ceval.c:5067
  29: _PyFunction_Vectorcall
        at /usr/local/src/conda/python-3.10.18/Objects/call.c:342
  30: _PyObject_VectorcallTstate
        at /usr/local/src/conda/python-3.10.18/Include/cpython/abstract.h:114
  31: PyObject_Vectorcall
        at /usr/local/src/conda/python-3.10.18/Include/cpython/abstract.h:123
  32: call_function
        at /usr/local/src/conda/python-3.10.18/Python/ceval.c:5893
  33: _PyEval_EvalFrameDefault
        at /usr/local/src/conda/python-3.10.18/Python/ceval.c:4213
  34: _PyEval_EvalFrame
        at /usr/local/src/conda/python-3.10.18/Include/internal/pycore_ceval.h:46
  35: _PyEval_Vector
        at /usr/local/src/conda/python-3.10.18/Python/ceval.c:5067
  36: PyEval_EvalCode
        at /usr/local/src/conda/python-3.10.18/Python/ceval.c:1134
  37: builtin_exec_impl
        at /usr/local/src/conda/python-3.10.18/Python/bltinmodule.c:1058
  38: builtin_exec
        at /usr/local/src/conda/python-3.10.18/Python/clinic/bltinmodule.c.h:371
  39: cfunction_vectorcall_FASTCALL
        at /usr/local/src/conda/python-3.10.18/Objects/methodobject.c:430
  40: _PyObject_VectorcallTstate
        at /usr/local/src/conda/python-3.10.18/Include/cpython/abstract.h:114
  41: PyObject_Vectorcall
        at /usr/local/src/conda/python-3.10.18/Include/cpython/abstract.h:123
  42: call_function
        at /usr/local/src/conda/python-3.10.18/Python/ceval.c:5893
  43: _PyEval_EvalFrameDefault
        at /usr/local/src/conda/python-3.10.18/Python/ceval.c:4213
  44: _PyEval_EvalFrame
        at /usr/local/src/conda/python-3.10.18/Include/internal/pycore_ceval.h:46
  45: _PyEval_Vector
        at /usr/local/src/conda/python-3.10.18/Python/ceval.c:5067
  46: _PyFunction_Vectorcall
        at /usr/local/src/conda/python-3.10.18/Objects/call.c:342
  47: _PyObject_VectorcallTstate
        at /usr/local/src/conda/python-3.10.18/Include/cpython/abstract.h:114
  48: PyObject_Vectorcall
        at /usr/local/src/conda/python-3.10.18/Include/cpython/abstract.h:123
  49: call_function
        at /usr/local/src/conda/python-3.10.18/Python/ceval.c:5893
  50: _PyEval_EvalFrameDefault
        at /usr/local/src/conda/python-3.10.18/Python/ceval.c:4213
  51: _PyEval_EvalFrame
        at /usr/local/src/conda/python-3.10.18/Include/internal/pycore_ceval.h:46
  52: _PyEval_Vector
        at /usr/local/src/conda/python-3.10.18/Python/ceval.c:5067
  53: _PyFunction_Vectorcall
        at /usr/local/src/conda/python-3.10.18/Objects/call.c:342
  54: pymain_run_module
        at /usr/local/src/conda/python-3.10.18/Modules/main.c:297
  55: pymain_run_python
        at /usr/local/src/conda/python-3.10.18/Modules/main.c:589
  56: Py_RunMain
        at /usr/local/src/conda/python-3.10.18/Modules/main.c:674
  57: Py_BytesMain
        at /usr/local/src/conda/python-3.10.18/Modules/main.c:1094
  58: __libc_start_main
        at ../csu/libc-start.c:308
  59: 0x000000000058728d
  60: 0xffffffffffffffff


|  ID  |                       Task Description                        | Latency (ms) | Speed (GFLOPS) | Trials |
-----------------------------------------------------------------------------------------------------------------
|    0 |                                    vm_mod_fused_nn_conv2d_add |        0.018 |        5750.35 |     64 |
|    1 |                          vm_mod_fused_nn_conv2d_add_nn_relu_5 |        0.020 |        5272.97 |     64 |
|    2 |                      vm_mod_fused_nn_conv2d_add_add_nn_relu_2 |        0.011 |        8990.69 |     64 |
|    3 |                          vm_mod_fused_nn_conv2d_add_nn_relu_1 |        0.006 |        4232.57 |     64 |
|    4 |                                     vm_mod_fused_nn_dense_add |        0.026 |         158.72 |     64 |
|    5 |                          vm_mod_fused_nn_conv2d_add_nn_relu_8 |        0.036 |        2845.86 |     64 |
|    6 |                                  vm_mod_fused_nn_conv2d_add_3 |        0.056 |        3685.32 |     64 |
|    7 |                      vm_mod_fused_nn_conv2d_add_add_nn_relu_3 |        0.013 |        7792.30 |     64 |
|    8 |                          vm_mod_fused_nn_conv2d_add_nn_relu_4 |        0.045 |        5150.88 |     64 |
|    9 |                        vm_mod_fused_nn_conv2d_add_add_nn_relu |        0.017 |        6065.10 |     64 |
|   10 |                      vm_mod_fused_nn_conv2d_add_add_nn_relu_1 |        0.009 |       11016.84 |     64 |
|   11 | vm_mod_fused_nn_contrib_conv2d_winograd_without_weight_transform_add_nn_relu_3 |        0.047 |        3022.47 |     64 |
|   12 |                                  vm_mod_fused_nn_conv2d_add_2 |            - |              - |      0 |
|   13 |                            vm_mod_fused_nn_conv2d_add_nn_relu |            - |              - |      0 |
|   14 |                         vm_mod_fused_nn_conv2d_add_nn_relu_10 |            - |              - |      0 |
|   15 |                          vm_mod_fused_nn_conv2d_add_nn_relu_7 |            - |              - |      0 |
|   16 | vm_mod_fused_nn_contrib_conv2d_winograd_without_weight_transform_add_nn_relu_1 |            - |              - |      0 |
|   17 |                          vm_mod_fused_nn_conv2d_add_nn_relu_3 |            - |              - |      0 |
|   18 |                           vm_mod_fused_nn_adaptive_avg_pool2d |            - |              - |      0 |
|   19 |                         vm_mod_fused_nn_conv2d_add_nn_relu_11 |            - |              - |      0 |
|   20 |                                  vm_mod_fused_nn_conv2d_add_1 |            - |              - |      0 |
|   21 |                          vm_mod_fused_nn_conv2d_add_nn_relu_6 |            - |              - |      0 |
|   22 |                          vm_mod_fused_nn_conv2d_add_nn_relu_2 |            - |              - |      0 |
|   23 | vm_mod_fused_nn_contrib_conv2d_winograd_without_weight_transform_add_nn_relu |            - |              - |      0 |
|   24 |                                    vm_mod_fused_nn_max_pool2d |            - |              - |      0 |
|   25 |                          vm_mod_fused_nn_conv2d_add_nn_relu_9 |            - |              - |      0 |
|   26 | vm_mod_fused_nn_contrib_conv2d_winograd_without_weight_transform_add_nn_relu_2 |            - |              - |      0 |
-----------------------------------------------------------------------------------------------------------------
Estimated total latency: - ms	Trials: 768	Used time : 1574 s	Next ID: 12	
*E*****Eterminate called after throwing an instance of 'tvm::runtime::InternalError'
  what():  [16:41:16] /data3/qsy/complier/tlm/src/runtime/cuda/cuda_module.cc:61: CUDAError: cuModuleUnload(module_[i]) failed with error: CUDA_ERROR_MISALIGNED_ADDRESS
Stack trace:
  0: tvm::runtime::SimpleObjAllocator::Handler<tvm::runtime::CUDAModuleNode>::Deleter_(tvm::runtime::Object*)
  1: tvm::runtime::SimpleObjAllocator::Handler<tvm::runtime::LibraryModuleNode>::Deleter_(tvm::runtime::Object*)
  2: _ZN3tvm7runtime18SimpleObjAllocator7HandlerINS0_16PackedFuncS
  3: _ZN3tvm7runtime18SimpleObjAllocator7HandlerINS0_16PackedFuncSubObjIZNS0_9profiling17WrapTimeE
  4: TVMObjectFree
  5: __pyx_tp_dealloc_3tvm_4_ffi_4_cy3_4core_PackedFuncBase(_object*)
  6: subtype_dealloc
        at /usr/local/src/conda/python-3.10.18/Objects/typeobject.c:1460
  7: _Py_DECREF
        at /usr/local/src/conda/python-3.10.18/Include/object.h:500
  8: _Py_XDECREF
        at /usr/local/src/conda/python-3.10.18/Include/object.h:567
  9: cell_dealloc
        at /usr/local/src/conda/python-3.10.18/Objects/cellobject.c:82
  10: _Py_Dealloc
        at /usr/local/src/conda/python-3.10.18/Objects/object.c:2301
  11: _Py_DECREF
        at /usr/local/src/conda/python-3.10.18/Include/object.h:500
  12: _Py_XDECREF
        at /usr/local/src/conda/python-3.10.18/Include/object.h:567
  13: tupledealloc
        at /usr/local/src/conda/python-3.10.18/Objects/tupleobject.c:276
  14: _Py_Dealloc
        at /usr/local/src/conda/python-3.10.18/Objects/object.c:2301
  15: _Py_DECREF
        at /usr/local/src/conda/python-3.10.18/Include/object.h:500
  16: func_clear
        at /usr/local/src/conda/python-3.10.18/Objects/funcobject.c:636
  17: func_dealloc
        at /usr/local/src/conda/python-3.10.18/Objects/funcobject.c:648
  18: _Py_Dealloc
        at /usr/local/src/conda/python-3.10.18/Objects/object.c:2301
  19: _Py_DECREF
        at /usr/local/src/conda/python-3.10.18/Include/object.h:500
  20: frame_dealloc
        at /usr/local/src/conda/python-3.10.18/Objects/frameobject.c:591
  21: _Py_Dealloc
        at /usr/local/src/conda/python-3.10.18/Objects/object.c:2301
  22: _Py_DECREF
        at /usr/local/src/conda/python-3.10.18/Include/object.h:500
  23: _PyEval_Vector
        at /usr/local/src/conda/python-3.10.18/Python/ceval.c:5080
  24: _PyFunction_Vectorcall
        at /usr/local/src/conda/python-3.10.18/Objects/call.c:342
  25: do_call_core
        at /usr/local/src/conda/python-3.10.18/Python/ceval.c:5945
  26: _PyEval_EvalFrameDefault
        at /usr/local/src/conda/python-3.10.18/Python/ceval.c:4277
  27: _PyEval_EvalFrame
        at /usr/local/src/conda/python-3.10.18/Include/internal/pycore_ceval.h:46
  28: _PyEval_Vector
        at /usr/local/src/conda/python-3.10.18/Python/ceval.c:5067
  29: _PyFunction_Vectorcall
        at /usr/local/src/conda/python-3.10.18/Objects/call.c:342
  30: _PyObject_VectorcallTstate
        at /usr/local/src/conda/python-3.10.18/Include/cpython/abstract.h:114
  31: PyObject_Vectorcall
        at /usr/local/src/conda/python-3.10.18/Include/cpython/abstract.h:123
  32: call_function
        at /usr/local/src/conda/python-3.10.18/Python/ceval.c:5893
  33: _PyEval_EvalFrameDefault
        at /usr/local/src/conda/python-3.10.18/Python/ceval.c:4213
  34: _PyEval_EvalFrame
        at /usr/local/src/conda/python-3.10.18/Include/internal/pycore_ceval.h:46
  35: _PyEval_Vector
        at /usr/local/src/conda/python-3.10.18/Python/ceval.c:5067
  36: PyEval_EvalCode
        at /usr/local/src/conda/python-3.10.18/Python/ceval.c:1134
  37: builtin_exec_impl
        at /usr/local/src/conda/python-3.10.18/Python/bltinmodule.c:1058
  38: builtin_exec
        at /usr/local/src/conda/python-3.10.18/Python/clinic/bltinmodule.c.h:371
  39: cfunction_vectorcall_FASTCALL
        at /usr/local/src/conda/python-3.10.18/Objects/methodobject.c:430
  40: _PyObject_VectorcallTstate
        at /usr/local/src/conda/python-3.10.18/Include/cpython/abstract.h:114
  41: PyObject_Vectorcall
        at /usr/local/src/conda/python-3.10.18/Include/cpython/abstract.h:123
  42: call_function
        at /usr/local/src/conda/python-3.10.18/Python/ceval.c:5893
  43: _PyEval_EvalFrameDefault
        at /usr/local/src/conda/python-3.10.18/Python/ceval.c:4213
  44: _PyEval_EvalFrame
        at /usr/local/src/conda/python-3.10.18/Include/internal/pycore_ceval.h:46
  45: _PyEval_Vector
        at /usr/local/src/conda/python-3.10.18/Python/ceval.c:5067
  46: _PyFunction_Vectorcall
        at /usr/local/src/conda/python-3.10.18/Objects/call.c:342
  47: _PyObject_VectorcallTstate
        at /usr/local/src/conda/python-3.10.18/Include/cpython/abstract.h:114
  48: PyObject_Vectorcall
        at /usr/local/src/conda/python-3.10.18/Include/cpython/abstract.h:123
  49: call_function
        at /usr/local/src/conda/python-3.10.18/Python/ceval.c:5893
  50: _PyEval_EvalFrameDefault
        at /usr/local/src/conda/python-3.10.18/Python/ceval.c:4213
  51: _PyEval_EvalFrame
        at /usr/local/src/conda/python-3.10.18/Include/internal/pycore_ceval.h:46
  52: _PyEval_Vector
        at /usr/local/src/conda/python-3.10.18/Python/ceval.c:5067
  53: _PyFunction_Vectorcall
        at /usr/local/src/conda/python-3.10.18/Objects/call.c:342
  54: pymain_run_module
        at /usr/local/src/conda/python-3.10.18/Modules/main.c:297
  55: pymain_run_python
        at /usr/local/src/conda/python-3.10.18/Modules/main.c:589
  56: Py_RunMain
        at /usr/local/src/conda/python-3.10.18/Modules/main.c:674
  57: Py_BytesMain
        at /usr/local/src/conda/python-3.10.18/Modules/main.c:1094
  58: __libc_start_main
        at ../csu/libc-start.c:308
  59: 0x000000000058728d
  60: 0xffffffffffffffff


*E****Eterminate called after throwing an instance of 'tvm::runtime::InternalError'
  what():  [16:41:18] /data3/qsy/complier/tlm/src/runtime/cuda/cuda_module.cc:61: CUDAError: cuModuleUnload(module_[i]) failed with error: CUDA_ERROR_MISALIGNED_ADDRESS
Stack trace:
  0: tvm::runtime::SimpleObjAllocator::Handler<tvm::runtime::CUDAModuleNode>::Deleter_(tvm::runtime::Object*)
  1: tvm::runtime::SimpleObjAllocator::Handler<tvm::runtime::LibraryModuleNode>::Deleter_(tvm::runtime::Object*)
  2: _ZN3tvm7runtime18SimpleObjAllocator7HandlerINS0_16PackedFuncS
  3: _ZN3tvm7runtime18SimpleObjAllocator7HandlerINS0_16PackedFuncSubObjIZNS0_9profiling17WrapTimeE
  4: TVMObjectFree
  5: __pyx_tp_dealloc_3tvm_4_ffi_4_cy3_4core_PackedFuncBase(_object*)
  6: subtype_dealloc
        at /usr/local/src/conda/python-3.10.18/Objects/typeobject.c:1460
  7: _Py_DECREF
        at /usr/local/src/conda/python-3.10.18/Include/object.h:500
  8: _Py_XDECREF
        at /usr/local/src/conda/python-3.10.18/Include/object.h:567
  9: cell_dealloc
        at /usr/local/src/conda/python-3.10.18/Objects/cellobject.c:82
  10: _Py_Dealloc
        at /usr/local/src/conda/python-3.10.18/Objects/object.c:2301
  11: _Py_DECREF
        at /usr/local/src/conda/python-3.10.18/Include/object.h:500
  12: _Py_XDECREF
        at /usr/local/src/conda/python-3.10.18/Include/object.h:567
  13: tupledealloc
        at /usr/local/src/conda/python-3.10.18/Objects/tupleobject.c:276
  14: _Py_Dealloc
        at /usr/local/src/conda/python-3.10.18/Objects/object.c:2301
  15: _Py_DECREF
        at /usr/local/src/conda/python-3.10.18/Include/object.h:500
  16: func_clear
        at /usr/local/src/conda/python-3.10.18/Objects/funcobject.c:636
  17: func_dealloc
        at /usr/local/src/conda/python-3.10.18/Objects/funcobject.c:648
  18: _Py_Dealloc
        at /usr/local/src/conda/python-3.10.18/Objects/object.c:2301
  19: _Py_DECREF
        at /usr/local/src/conda/python-3.10.18/Include/object.h:500
  20: frame_dealloc
        at /usr/local/src/conda/python-3.10.18/Objects/frameobject.c:591
  21: _Py_Dealloc
        at /usr/local/src/conda/python-3.10.18/Objects/object.c:2301
  22: _Py_DECREF
        at /usr/local/src/conda/python-3.10.18/Include/object.h:500
  23: _PyEval_Vector
        at /usr/local/src/conda/python-3.10.18/Python/ceval.c:5080
  24: _PyFunction_Vectorcall
        at /usr/local/src/conda/python-3.10.18/Objects/call.c:342
  25: do_call_core
        at /usr/local/src/conda/python-3.10.18/Python/ceval.c:5945
  26: _PyEval_EvalFrameDefault
        at /usr/local/src/conda/python-3.10.18/Python/ceval.c:4277
  27: _PyEval_EvalFrame
        at /usr/local/src/conda/python-3.10.18/Include/internal/pycore_ceval.h:46
  28: _PyEval_Vector
        at /usr/local/src/conda/python-3.10.18/Python/ceval.c:5067
  29: _PyFunction_Vectorcall
        at /usr/local/src/conda/python-3.10.18/Objects/call.c:342
  30: _PyObject_VectorcallTstate
        at /usr/local/src/conda/python-3.10.18/Include/cpython/abstract.h:114
  31: PyObject_Vectorcall
        at /usr/local/src/conda/python-3.10.18/Include/cpython/abstract.h:123
  32: call_function
        at /usr/local/src/conda/python-3.10.18/Python/ceval.c:5893
  33: _PyEval_EvalFrameDefault
        at /usr/local/src/conda/python-3.10.18/Python/ceval.c:4213
  34: _PyEval_EvalFrame
        at /usr/local/src/conda/python-3.10.18/Include/internal/pycore_ceval.h:46
  35: _PyEval_Vector
        at /usr/local/src/conda/python-3.10.18/Python/ceval.c:5067
  36: PyEval_EvalCode
        at /usr/local/src/conda/python-3.10.18/Python/ceval.c:1134
  37: builtin_exec_impl
        at /usr/local/src/conda/python-3.10.18/Python/bltinmodule.c:1058
  38: builtin_exec
        at /usr/local/src/conda/python-3.10.18/Python/clinic/bltinmodule.c.h:371
  39: cfunction_vectorcall_FASTCALL
        at /usr/local/src/conda/python-3.10.18/Objects/methodobject.c:430
  40: _PyObject_VectorcallTstate
        at /usr/local/src/conda/python-3.10.18/Include/cpython/abstract.h:114
  41: PyObject_Vectorcall
        at /usr/local/src/conda/python-3.10.18/Include/cpython/abstract.h:123
  42: call_function
        at /usr/local/src/conda/python-3.10.18/Python/ceval.c:5893
  43: _PyEval_EvalFrameDefault
        at /usr/local/src/conda/python-3.10.18/Python/ceval.c:4213
  44: _PyEval_EvalFrame
        at /usr/local/src/conda/python-3.10.18/Include/internal/pycore_ceval.h:46
  45: _PyEval_Vector
        at /usr/local/src/conda/python-3.10.18/Python/ceval.c:5067
  46: _PyFunction_Vectorcall
        at /usr/local/src/conda/python-3.10.18/Objects/call.c:342
  47: _PyObject_VectorcallTstate
        at /usr/local/src/conda/python-3.10.18/Include/cpython/abstract.h:114
  48: PyObject_Vectorcall
        at /usr/local/src/conda/python-3.10.18/Include/cpython/abstract.h:123
  49: call_function
        at /usr/local/src/conda/python-3.10.18/Python/ceval.c:5893
  50: _PyEval_EvalFrameDefault
        at /usr/local/src/conda/python-3.10.18/Python/ceval.c:4213
  51: _PyEval_EvalFrame
        at /usr/local/src/conda/python-3.10.18/Include/internal/pycore_ceval.h:46
  52: _PyEval_Vector
        at /usr/local/src/conda/python-3.10.18/Python/ceval.c:5067
  53: _PyFunction_Vectorcall
        at /usr/local/src/conda/python-3.10.18/Objects/call.c:342
  54: pymain_run_module
        at /usr/local/src/conda/python-3.10.18/Modules/main.c:297
  55: pymain_run_python
        at /usr/local/src/conda/python-3.10.18/Modules/main.c:589
  56: Py_RunMain
        at /usr/local/src/conda/python-3.10.18/Modules/main.c:674
  57: Py_BytesMain
        at /usr/local/src/conda/python-3.10.18/Modules/main.c:1094
  58: __libc_start_main
        at ../csu/libc-start.c:308
  59: 0x000000000058728d
  60: 0xffffffffffffffff


*E**********
Time elapsed for measurement: 36.82 s
----------------------------------------------------------------------
------------------------------  [ Train cost model ]
----------------------------------------------------------------------
Time elapsed for training: 0.00 s
----------------------------------------------------------------------
------------------------------  [ Task Scheduler ]
----------------------------------------------------------------------
----------------------------------------------------------------------
------------------------------  [ Search ]
----------------------------------------------------------------------
Generate Sketches		#s: 1
Sample Initial Population	#s: 87	fail_ct: 1961	Time elapsed: 9.89
GA Iter: 0	Max score: 0.9970	Min score: 0.0031	#Pop: 87	#M+: 0	#M-: 0
GA Iter: 4	Max score: 0.9998	Min score: 0.9800	#Pop: 128	#M+: 1402	#M-: 0
EvolutionarySearch		#s: 128	Time elapsed: 133.83
----------------------------------------------------------------------
------------------------------  [ Measure ]
----------------------------------------------------------------------
Get 64 programs to measure:
.............................................................|  ID  |                       Task Description                        | Latency (ms) | Speed (GFLOPS) | Trials |
-----------------------------------------------------------------------------------------------------------------
|    0 |                                    vm_mod_fused_nn_conv2d_add |        0.018 |        5750.35 |     64 |
|    1 |                          vm_mod_fused_nn_conv2d_add_nn_relu_5 |        0.020 |        5272.97 |     64 |
|    2 |                      vm_mod_fused_nn_conv2d_add_add_nn_relu_2 |        0.011 |        8990.69 |     64 |
|    3 |                          vm_mod_fused_nn_conv2d_add_nn_relu_1 |        0.006 |        4232.57 |     64 |
|    4 |                                     vm_mod_fused_nn_dense_add |        0.026 |         158.72 |     64 |
|    5 |                          vm_mod_fused_nn_conv2d_add_nn_relu_8 |        0.036 |        2845.86 |     64 |
|    6 |                                  vm_mod_fused_nn_conv2d_add_3 |        0.056 |        3685.32 |     64 |
|    7 |                      vm_mod_fused_nn_conv2d_add_add_nn_relu_3 |        0.013 |        7792.30 |     64 |
|    8 |                          vm_mod_fused_nn_conv2d_add_nn_relu_4 |        0.045 |        5150.88 |     64 |
|    9 |                        vm_mod_fused_nn_conv2d_add_add_nn_relu |        0.017 |        6065.10 |     64 |
|   10 |                      vm_mod_fused_nn_conv2d_add_add_nn_relu_1 |        0.009 |       11016.84 |     64 |
|   11 | vm_mod_fused_nn_contrib_conv2d_winograd_without_weight_transform_add_nn_relu_3 |        0.047 |        3022.47 |     64 |
|   12 |                                  vm_mod_fused_nn_conv2d_add_2 |        0.029 |        7054.14 |     64 |
|   13 |                            vm_mod_fused_nn_conv2d_add_nn_relu |            - |              - |      0 |
|   14 |                         vm_mod_fused_nn_conv2d_add_nn_relu_10 |            - |              - |      0 |
|   15 |                          vm_mod_fused_nn_conv2d_add_nn_relu_7 |            - |              - |      0 |
|   16 | vm_mod_fused_nn_contrib_conv2d_winograd_without_weight_transform_add_nn_relu_1 |            - |              - |      0 |
|   17 |                          vm_mod_fused_nn_conv2d_add_nn_relu_3 |            - |              - |      0 |
|   18 |                           vm_mod_fused_nn_adaptive_avg_pool2d |            - |              - |      0 |
|   19 |                         vm_mod_fused_nn_conv2d_add_nn_relu_11 |            - |              - |      0 |
|   20 |                                  vm_mod_fused_nn_conv2d_add_1 |            - |              - |      0 |
|   21 |                          vm_mod_fused_nn_conv2d_add_nn_relu_6 |            - |              - |      0 |
|   22 |                          vm_mod_fused_nn_conv2d_add_nn_relu_2 |            - |              - |      0 |
|   23 | vm_mod_fused_nn_contrib_conv2d_winograd_without_weight_transform_add_nn_relu |            - |              - |      0 |
|   24 |                                    vm_mod_fused_nn_max_pool2d |            - |              - |      0 |
|   25 |                          vm_mod_fused_nn_conv2d_add_nn_relu_9 |            - |              - |      0 |
|   26 | vm_mod_fused_nn_contrib_conv2d_winograd_without_weight_transform_add_nn_relu_2 |            - |              - |      0 |
-----------------------------------------------------------------------------------------------------------------
Estimated total latency: - ms	Trials: 832	Used time : 1700 s	Next ID: 13	
.T.T.T**Eterminate called after throwing an instance of 'tvm::runtime::InternalError'
  what():  [16:44:04] /data3/qsy/complier/tlm/src/runtime/cuda/cuda_module.cc:61: CUDAError: cuModuleUnload(module_[i]) failed with error: CUDA_ERROR_MISALIGNED_ADDRESS
Stack trace:
  0: tvm::runtime::SimpleObjAllocator::Handler<tvm::runtime::CUDAModuleNode>::Deleter_(tvm::runtime::Object*)
  1: tvm::runtime::SimpleObjAllocator::Handler<tvm::runtime::LibraryModuleNode>::Deleter_(tvm::runtime::Object*)
  2: _ZN3tvm7runtime18SimpleObjAllocator7HandlerINS0_16PackedFuncS
  3: _ZN3tvm7runtime18SimpleObjAllocator7HandlerINS0_16PackedFuncSubObjIZNS0_9profiling17WrapTimeE
  4: TVMObjectFree
  5: __pyx_tp_dealloc_3tvm_4_ffi_4_cy3_4core_PackedFuncBase(_object*)
  6: subtype_dealloc
        at /usr/local/src/conda/python-3.10.18/Objects/typeobject.c:1460
  7: _Py_DECREF
        at /usr/local/src/conda/python-3.10.18/Include/object.h:500
  8: _Py_XDECREF
        at /usr/local/src/conda/python-3.10.18/Include/object.h:567
  9: cell_dealloc
        at /usr/local/src/conda/python-3.10.18/Objects/cellobject.c:82
  10: _Py_Dealloc
        at /usr/local/src/conda/python-3.10.18/Objects/object.c:2301
  11: _Py_DECREF
        at /usr/local/src/conda/python-3.10.18/Include/object.h:500
  12: _Py_XDECREF
        at /usr/local/src/conda/python-3.10.18/Include/object.h:567
  13: tupledealloc
        at /usr/local/src/conda/python-3.10.18/Objects/tupleobject.c:276
  14: _Py_Dealloc
        at /usr/local/src/conda/python-3.10.18/Objects/object.c:2301
  15: _Py_DECREF
        at /usr/local/src/conda/python-3.10.18/Include/object.h:500
  16: func_clear
        at /usr/local/src/conda/python-3.10.18/Objects/funcobject.c:636
  17: func_dealloc
        at /usr/local/src/conda/python-3.10.18/Objects/funcobject.c:648
  18: _Py_Dealloc
        at /usr/local/src/conda/python-3.10.18/Objects/object.c:2301
  19: _Py_DECREF
        at /usr/local/src/conda/python-3.10.18/Include/object.h:500
  20: frame_dealloc
        at /usr/local/src/conda/python-3.10.18/Objects/frameobject.c:591
  21: _Py_Dealloc
        at /usr/local/src/conda/python-3.10.18/Objects/object.c:2301
  22: _Py_DECREF
        at /usr/local/src/conda/python-3.10.18/Include/object.h:500
  23: _PyEval_Vector
        at /usr/local/src/conda/python-3.10.18/Python/ceval.c:5080
  24: _PyFunction_Vectorcall
        at /usr/local/src/conda/python-3.10.18/Objects/call.c:342
  25: do_call_core
        at /usr/local/src/conda/python-3.10.18/Python/ceval.c:5945
  26: _PyEval_EvalFrameDefault
        at /usr/local/src/conda/python-3.10.18/Python/ceval.c:4277
  27: _PyEval_EvalFrame
        at /usr/local/src/conda/python-3.10.18/Include/internal/pycore_ceval.h:46
  28: _PyEval_Vector
        at /usr/local/src/conda/python-3.10.18/Python/ceval.c:5067
  29: _PyFunction_Vectorcall
        at /usr/local/src/conda/python-3.10.18/Objects/call.c:342
  30: _PyObject_VectorcallTstate
        at /usr/local/src/conda/python-3.10.18/Include/cpython/abstract.h:114
  31: PyObject_Vectorcall
        at /usr/local/src/conda/python-3.10.18/Include/cpython/abstract.h:123
  32: call_function
        at /usr/local/src/conda/python-3.10.18/Python/ceval.c:5893
  33: _PyEval_EvalFrameDefault
        at /usr/local/src/conda/python-3.10.18/Python/ceval.c:4213
  34: _PyEval_EvalFrame
        at /usr/local/src/conda/python-3.10.18/Include/internal/pycore_ceval.h:46
  35: _PyEval_Vector
        at /usr/local/src/conda/python-3.10.18/Python/ceval.c:5067
  36: PyEval_EvalCode
        at /usr/local/src/conda/python-3.10.18/Python/ceval.c:1134
  37: builtin_exec_impl
        at /usr/local/src/conda/python-3.10.18/Python/bltinmodule.c:1058
  38: builtin_exec
        at /usr/local/src/conda/python-3.10.18/Python/clinic/bltinmodule.c.h:371
  39: cfunction_vectorcall_FASTCALL
        at /usr/local/src/conda/python-3.10.18/Objects/methodobject.c:430
  40: _PyObject_VectorcallTstate
        at /usr/local/src/conda/python-3.10.18/Include/cpython/abstract.h:114
  41: PyObject_Vectorcall
        at /usr/local/src/conda/python-3.10.18/Include/cpython/abstract.h:123
  42: call_function
        at /usr/local/src/conda/python-3.10.18/Python/ceval.c:5893
  43: _PyEval_EvalFrameDefault
        at /usr/local/src/conda/python-3.10.18/Python/ceval.c:4213
  44: _PyEval_EvalFrame
        at /usr/local/src/conda/python-3.10.18/Include/internal/pycore_ceval.h:46
  45: _PyEval_Vector
        at /usr/local/src/conda/python-3.10.18/Python/ceval.c:5067
  46: _PyFunction_Vectorcall
        at /usr/local/src/conda/python-3.10.18/Objects/call.c:342
  47: _PyObject_VectorcallTstate
        at /usr/local/src/conda/python-3.10.18/Include/cpython/abstract.h:114
  48: PyObject_Vectorcall
        at /usr/local/src/conda/python-3.10.18/Include/cpython/abstract.h:123
  49: call_function
        at /usr/local/src/conda/python-3.10.18/Python/ceval.c:5893
  50: _PyEval_EvalFrameDefault
        at /usr/local/src/conda/python-3.10.18/Python/ceval.c:4213
  51: _PyEval_EvalFrame
        at /usr/local/src/conda/python-3.10.18/Include/internal/pycore_ceval.h:46
  52: _PyEval_Vector
        at /usr/local/src/conda/python-3.10.18/Python/ceval.c:5067
  53: _PyFunction_Vectorcall
        at /usr/local/src/conda/python-3.10.18/Objects/call.c:342
  54: pymain_run_module
        at /usr/local/src/conda/python-3.10.18/Modules/main.c:297
  55: pymain_run_python
        at /usr/local/src/conda/python-3.10.18/Modules/main.c:589
  56: Py_RunMain
        at /usr/local/src/conda/python-3.10.18/Modules/main.c:674
  57: Py_BytesMain
        at /usr/local/src/conda/python-3.10.18/Modules/main.c:1094
  58: __libc_start_main
        at ../csu/libc-start.c:308
  59: 0x000000000058728d
  60: 0xffffffffffffffff


*E***Eterminate called after throwing an instance of 'tvm::runtime::InternalError'
  what():  [16:44:06] /data3/qsy/complier/tlm/src/runtime/cuda/cuda_module.cc:61: CUDAError: cuModuleUnload(module_[i]) failed with error: CUDA_ERROR_MISALIGNED_ADDRESS
Stack trace:
  0: tvm::runtime::SimpleObjAllocator::Handler<tvm::runtime::CUDAModuleNode>::Deleter_(tvm::runtime::Object*)
  1: tvm::runtime::SimpleObjAllocator::Handler<tvm::runtime::LibraryModuleNode>::Deleter_(tvm::runtime::Object*)
  2: _ZN3tvm7runtime18SimpleObjAllocator7HandlerINS0_16PackedFuncS
  3: _ZN3tvm7runtime18SimpleObjAllocator7HandlerINS0_16PackedFuncSubObjIZNS0_9profiling17WrapTimeE
  4: TVMObjectFree
  5: __pyx_tp_dealloc_3tvm_4_ffi_4_cy3_4core_PackedFuncBase(_object*)
  6: subtype_dealloc
        at /usr/local/src/conda/python-3.10.18/Objects/typeobject.c:1460
  7: _Py_DECREF
        at /usr/local/src/conda/python-3.10.18/Include/object.h:500
  8: _Py_XDECREF
        at /usr/local/src/conda/python-3.10.18/Include/object.h:567
  9: cell_dealloc
        at /usr/local/src/conda/python-3.10.18/Objects/cellobject.c:82
  10: _Py_Dealloc
        at /usr/local/src/conda/python-3.10.18/Objects/object.c:2301
  11: _Py_DECREF
        at /usr/local/src/conda/python-3.10.18/Include/object.h:500
  12: _Py_XDECREF
        at /usr/local/src/conda/python-3.10.18/Include/object.h:567
  13: tupledealloc
        at /usr/local/src/conda/python-3.10.18/Objects/tupleobject.c:276
  14: _Py_Dealloc
        at /usr/local/src/conda/python-3.10.18/Objects/object.c:2301
  15: _Py_DECREF
        at /usr/local/src/conda/python-3.10.18/Include/object.h:500
  16: func_clear
        at /usr/local/src/conda/python-3.10.18/Objects/funcobject.c:636
  17: func_dealloc
        at /usr/local/src/conda/python-3.10.18/Objects/funcobject.c:648
  18: _Py_Dealloc
        at /usr/local/src/conda/python-3.10.18/Objects/object.c:2301
  19: _Py_DECREF
        at /usr/local/src/conda/python-3.10.18/Include/object.h:500
  20: frame_dealloc
        at /usr/local/src/conda/python-3.10.18/Objects/frameobject.c:591
  21: _Py_Dealloc
        at /usr/local/src/conda/python-3.10.18/Objects/object.c:2301
  22: _Py_DECREF
        at /usr/local/src/conda/python-3.10.18/Include/object.h:500
  23: _PyEval_Vector
        at /usr/local/src/conda/python-3.10.18/Python/ceval.c:5080
  24: _PyFunction_Vectorcall
        at /usr/local/src/conda/python-3.10.18/Objects/call.c:342
  25: do_call_core
        at /usr/local/src/conda/python-3.10.18/Python/ceval.c:5945
  26: _PyEval_EvalFrameDefault
        at /usr/local/src/conda/python-3.10.18/Python/ceval.c:4277
  27: _PyEval_EvalFrame
        at /usr/local/src/conda/python-3.10.18/Include/internal/pycore_ceval.h:46
  28: _PyEval_Vector
        at /usr/local/src/conda/python-3.10.18/Python/ceval.c:5067
  29: _PyFunction_Vectorcall
        at /usr/local/src/conda/python-3.10.18/Objects/call.c:342
  30: _PyObject_VectorcallTstate
        at /usr/local/src/conda/python-3.10.18/Include/cpython/abstract.h:114
  31: PyObject_Vectorcall
        at /usr/local/src/conda/python-3.10.18/Include/cpython/abstract.h:123
  32: call_function
        at /usr/local/src/conda/python-3.10.18/Python/ceval.c:5893
  33: _PyEval_EvalFrameDefault
        at /usr/local/src/conda/python-3.10.18/Python/ceval.c:4213
  34: _PyEval_EvalFrame
        at /usr/local/src/conda/python-3.10.18/Include/internal/pycore_ceval.h:46
  35: _PyEval_Vector
        at /usr/local/src/conda/python-3.10.18/Python/ceval.c:5067
  36: PyEval_EvalCode
        at /usr/local/src/conda/python-3.10.18/Python/ceval.c:1134
  37: builtin_exec_impl
        at /usr/local/src/conda/python-3.10.18/Python/bltinmodule.c:1058
  38: builtin_exec
        at /usr/local/src/conda/python-3.10.18/Python/clinic/bltinmodule.c.h:371
  39: cfunction_vectorcall_FASTCALL
        at /usr/local/src/conda/python-3.10.18/Objects/methodobject.c:430
  40: _PyObject_VectorcallTstate
        at /usr/local/src/conda/python-3.10.18/Include/cpython/abstract.h:114
  41: PyObject_Vectorcall
        at /usr/local/src/conda/python-3.10.18/Include/cpython/abstract.h:123
  42: call_function
        at /usr/local/src/conda/python-3.10.18/Python/ceval.c:5893
  43: _PyEval_EvalFrameDefault
        at /usr/local/src/conda/python-3.10.18/Python/ceval.c:4213
  44: _PyEval_EvalFrame
        at /usr/local/src/conda/python-3.10.18/Include/internal/pycore_ceval.h:46
  45: _PyEval_Vector
        at /usr/local/src/conda/python-3.10.18/Python/ceval.c:5067
  46: _PyFunction_Vectorcall
        at /usr/local/src/conda/python-3.10.18/Objects/call.c:342
  47: _PyObject_VectorcallTstate
        at /usr/local/src/conda/python-3.10.18/Include/cpython/abstract.h:114
  48: PyObject_Vectorcall
        at /usr/local/src/conda/python-3.10.18/Include/cpython/abstract.h:123
  49: call_function
        at /usr/local/src/conda/python-3.10.18/Python/ceval.c:5893
  50: _PyEval_EvalFrameDefault
        at /usr/local/src/conda/python-3.10.18/Python/ceval.c:4213
  51: _PyEval_EvalFrame
        at /usr/local/src/conda/python-3.10.18/Include/internal/pycore_ceval.h:46
  52: _PyEval_Vector
        at /usr/local/src/conda/python-3.10.18/Python/ceval.c:5067
  53: _PyFunction_Vectorcall
        at /usr/local/src/conda/python-3.10.18/Objects/call.c:342
  54: pymain_run_module
        at /usr/local/src/conda/python-3.10.18/Modules/main.c:297
  55: pymain_run_python
        at /usr/local/src/conda/python-3.10.18/Modules/main.c:589
  56: Py_RunMain
        at /usr/local/src/conda/python-3.10.18/Modules/main.c:674
  57: Py_BytesMain
        at /usr/local/src/conda/python-3.10.18/Modules/main.c:1094
  58: __libc_start_main
        at ../csu/libc-start.c:308
  59: 0x000000000058728d
  60: 0xffffffffffffffff


*E**Eterminate called after throwing an instance of 'tvm::runtime::InternalError'
  what():  [16:44:07] /data3/qsy/complier/tlm/src/runtime/cuda/cuda_module.cc:61: CUDAError: cuModuleUnload(module_[i]) failed with error: CUDA_ERROR_MISALIGNED_ADDRESS
Stack trace:
  0: tvm::runtime::SimpleObjAllocator::Handler<tvm::runtime::CUDAModuleNode>::Deleter_(tvm::runtime::Object*)
  1: tvm::runtime::SimpleObjAllocator::Handler<tvm::runtime::LibraryModuleNode>::Deleter_(tvm::runtime::Object*)
  2: _ZN3tvm7runtime18SimpleObjAllocator7HandlerINS0_16PackedFuncS
  3: _ZN3tvm7runtime18SimpleObjAllocator7HandlerINS0_16PackedFuncSubObjIZNS0_9profiling17WrapTimeE
  4: TVMObjectFree
  5: __pyx_tp_dealloc_3tvm_4_ffi_4_cy3_4core_PackedFuncBase(_object*)
  6: subtype_dealloc
        at /usr/local/src/conda/python-3.10.18/Objects/typeobject.c:1460
  7: _Py_DECREF
        at /usr/local/src/conda/python-3.10.18/Include/object.h:500
  8: _Py_XDECREF
        at /usr/local/src/conda/python-3.10.18/Include/object.h:567
  9: cell_dealloc
        at /usr/local/src/conda/python-3.10.18/Objects/cellobject.c:82
  10: _Py_Dealloc
        at /usr/local/src/conda/python-3.10.18/Objects/object.c:2301
  11: _Py_DECREF
        at /usr/local/src/conda/python-3.10.18/Include/object.h:500
  12: _Py_XDECREF
        at /usr/local/src/conda/python-3.10.18/Include/object.h:567
  13: tupledealloc
        at /usr/local/src/conda/python-3.10.18/Objects/tupleobject.c:276
  14: _Py_Dealloc
        at /usr/local/src/conda/python-3.10.18/Objects/object.c:2301
  15: _Py_DECREF
        at /usr/local/src/conda/python-3.10.18/Include/object.h:500
  16: func_clear
        at /usr/local/src/conda/python-3.10.18/Objects/funcobject.c:636
  17: func_dealloc
        at /usr/local/src/conda/python-3.10.18/Objects/funcobject.c:648
  18: _Py_Dealloc
        at /usr/local/src/conda/python-3.10.18/Objects/object.c:2301
  19: _Py_DECREF
        at /usr/local/src/conda/python-3.10.18/Include/object.h:500
  20: frame_dealloc
        at /usr/local/src/conda/python-3.10.18/Objects/frameobject.c:591
  21: _Py_Dealloc
        at /usr/local/src/conda/python-3.10.18/Objects/object.c:2301
  22: _Py_DECREF
        at /usr/local/src/conda/python-3.10.18/Include/object.h:500
  23: _PyEval_Vector
        at /usr/local/src/conda/python-3.10.18/Python/ceval.c:5080
  24: _PyFunction_Vectorcall
        at /usr/local/src/conda/python-3.10.18/Objects/call.c:342
  25: do_call_core
        at /usr/local/src/conda/python-3.10.18/Python/ceval.c:5945
  26: _PyEval_EvalFrameDefault
        at /usr/local/src/conda/python-3.10.18/Python/ceval.c:4277
  27: _PyEval_EvalFrame
        at /usr/local/src/conda/python-3.10.18/Include/internal/pycore_ceval.h:46
  28: _PyEval_Vector
        at /usr/local/src/conda/python-3.10.18/Python/ceval.c:5067
  29: _PyFunction_Vectorcall
        at /usr/local/src/conda/python-3.10.18/Objects/call.c:342
  30: _PyObject_VectorcallTstate
        at /usr/local/src/conda/python-3.10.18/Include/cpython/abstract.h:114
  31: PyObject_Vectorcall
        at /usr/local/src/conda/python-3.10.18/Include/cpython/abstract.h:123
  32: call_function
        at /usr/local/src/conda/python-3.10.18/Python/ceval.c:5893
  33: _PyEval_EvalFrameDefault
        at /usr/local/src/conda/python-3.10.18/Python/ceval.c:4213
  34: _PyEval_EvalFrame
        at /usr/local/src/conda/python-3.10.18/Include/internal/pycore_ceval.h:46
  35: _PyEval_Vector
        at /usr/local/src/conda/python-3.10.18/Python/ceval.c:5067
  36: PyEval_EvalCode
        at /usr/local/src/conda/python-3.10.18/Python/ceval.c:1134
  37: builtin_exec_impl
        at /usr/local/src/conda/python-3.10.18/Python/bltinmodule.c:1058
  38: builtin_exec
        at /usr/local/src/conda/python-3.10.18/Python/clinic/bltinmodule.c.h:371
  39: cfunction_vectorcall_FASTCALL
        at /usr/local/src/conda/python-3.10.18/Objects/methodobject.c:430
  40: _PyObject_VectorcallTstate
        at /usr/local/src/conda/python-3.10.18/Include/cpython/abstract.h:114
  41: PyObject_Vectorcall
        at /usr/local/src/conda/python-3.10.18/Include/cpython/abstract.h:123
  42: call_function
        at /usr/local/src/conda/python-3.10.18/Python/ceval.c:5893
  43: _PyEval_EvalFrameDefault
        at /usr/local/src/conda/python-3.10.18/Python/ceval.c:4213
  44: _PyEval_EvalFrame
        at /usr/local/src/conda/python-3.10.18/Include/internal/pycore_ceval.h:46
  45: _PyEval_Vector
        at /usr/local/src/conda/python-3.10.18/Python/ceval.c:5067
  46: _PyFunction_Vectorcall
        at /usr/local/src/conda/python-3.10.18/Objects/call.c:342
  47: _PyObject_VectorcallTstate
        at /usr/local/src/conda/python-3.10.18/Include/cpython/abstract.h:114
  48: PyObject_Vectorcall
        at /usr/local/src/conda/python-3.10.18/Include/cpython/abstract.h:123
  49: call_function
        at /usr/local/src/conda/python-3.10.18/Python/ceval.c:5893
  50: _PyEval_EvalFrameDefault
        at /usr/local/src/conda/python-3.10.18/Python/ceval.c:4213
  51: _PyEval_EvalFrame
        at /usr/local/src/conda/python-3.10.18/Include/internal/pycore_ceval.h:46
  52: _PyEval_Vector
        at /usr/local/src/conda/python-3.10.18/Python/ceval.c:5067
  53: _PyFunction_Vectorcall
        at /usr/local/src/conda/python-3.10.18/Objects/call.c:342
  54: pymain_run_module
        at /usr/local/src/conda/python-3.10.18/Modules/main.c:297
  55: pymain_run_python
        at /usr/local/src/conda/python-3.10.18/Modules/main.c:589
  56: Py_RunMain
        at /usr/local/src/conda/python-3.10.18/Modules/main.c:674
  57: Py_BytesMain
        at /usr/local/src/conda/python-3.10.18/Modules/main.c:1094
  58: __libc_start_main
        at ../csu/libc-start.c:308
  59: 0x000000000058728d
  60: 0xffffffffffffffff


*E*******Eterminate called after throwing an instance of 'tvm::runtime::InternalError'
  what():  [16:44:10] /data3/qsy/complier/tlm/src/runtime/cuda/cuda_module.cc:61: CUDAError: cuModuleUnload(module_[i]) failed with error: CUDA_ERROR_MISALIGNED_ADDRESS
Stack trace:
  0: tvm::runtime::SimpleObjAllocator::Handler<tvm::runtime::CUDAModuleNode>::Deleter_(tvm::runtime::Object*)
  1: tvm::runtime::SimpleObjAllocator::Handler<tvm::runtime::LibraryModuleNode>::Deleter_(tvm::runtime::Object*)
  2: _ZN3tvm7runtime18SimpleObjAllocator7HandlerINS0_16PackedFuncS
  3: _ZN3tvm7runtime18SimpleObjAllocator7HandlerINS0_16PackedFuncSubObjIZNS0_9profiling17WrapTimeE
  4: TVMObjectFree
  5: __pyx_tp_dealloc_3tvm_4_ffi_4_cy3_4core_PackedFuncBase(_object*)
  6: subtype_dealloc
        at /usr/local/src/conda/python-3.10.18/Objects/typeobject.c:1460
  7: _Py_DECREF
        at /usr/local/src/conda/python-3.10.18/Include/object.h:500
  8: _Py_XDECREF
        at /usr/local/src/conda/python-3.10.18/Include/object.h:567
  9: cell_dealloc
        at /usr/local/src/conda/python-3.10.18/Objects/cellobject.c:82
  10: _Py_Dealloc
        at /usr/local/src/conda/python-3.10.18/Objects/object.c:2301
  11: _Py_DECREF
        at /usr/local/src/conda/python-3.10.18/Include/object.h:500
  12: _Py_XDECREF
        at /usr/local/src/conda/python-3.10.18/Include/object.h:567
  13: tupledealloc
        at /usr/local/src/conda/python-3.10.18/Objects/tupleobject.c:276
  14: _Py_Dealloc
        at /usr/local/src/conda/python-3.10.18/Objects/object.c:2301
  15: _Py_DECREF
        at /usr/local/src/conda/python-3.10.18/Include/object.h:500
  16: func_clear
        at /usr/local/src/conda/python-3.10.18/Objects/funcobject.c:636
  17: func_dealloc
        at /usr/local/src/conda/python-3.10.18/Objects/funcobject.c:648
  18: _Py_Dealloc
        at /usr/local/src/conda/python-3.10.18/Objects/object.c:2301
  19: _Py_DECREF
        at /usr/local/src/conda/python-3.10.18/Include/object.h:500
  20: frame_dealloc
        at /usr/local/src/conda/python-3.10.18/Objects/frameobject.c:591
  21: _Py_Dealloc
        at /usr/local/src/conda/python-3.10.18/Objects/object.c:2301
  22: _Py_DECREF
        at /usr/local/src/conda/python-3.10.18/Include/object.h:500
  23: _PyEval_Vector
        at /usr/local/src/conda/python-3.10.18/Python/ceval.c:5080
  24: _PyFunction_Vectorcall
        at /usr/local/src/conda/python-3.10.18/Objects/call.c:342
  25: do_call_core
        at /usr/local/src/conda/python-3.10.18/Python/ceval.c:5945
  26: _PyEval_EvalFrameDefault
        at /usr/local/src/conda/python-3.10.18/Python/ceval.c:4277
  27: _PyEval_EvalFrame
        at /usr/local/src/conda/python-3.10.18/Include/internal/pycore_ceval.h:46
  28: _PyEval_Vector
        at /usr/local/src/conda/python-3.10.18/Python/ceval.c:5067
  29: _PyFunction_Vectorcall
        at /usr/local/src/conda/python-3.10.18/Objects/call.c:342
  30: _PyObject_VectorcallTstate
        at /usr/local/src/conda/python-3.10.18/Include/cpython/abstract.h:114
  31: PyObject_Vectorcall
        at /usr/local/src/conda/python-3.10.18/Include/cpython/abstract.h:123
  32: call_function
        at /usr/local/src/conda/python-3.10.18/Python/ceval.c:5893
  33: _PyEval_EvalFrameDefault
        at /usr/local/src/conda/python-3.10.18/Python/ceval.c:4213
  34: _PyEval_EvalFrame
        at /usr/local/src/conda/python-3.10.18/Include/internal/pycore_ceval.h:46
  35: _PyEval_Vector
        at /usr/local/src/conda/python-3.10.18/Python/ceval.c:5067
  36: PyEval_EvalCode
        at /usr/local/src/conda/python-3.10.18/Python/ceval.c:1134
  37: builtin_exec_impl
        at /usr/local/src/conda/python-3.10.18/Python/bltinmodule.c:1058
  38: builtin_exec
        at /usr/local/src/conda/python-3.10.18/Python/clinic/bltinmodule.c.h:371
  39: cfunction_vectorcall_FASTCALL
        at /usr/local/src/conda/python-3.10.18/Objects/methodobject.c:430
  40: _PyObject_VectorcallTstate
        at /usr/local/src/conda/python-3.10.18/Include/cpython/abstract.h:114
  41: PyObject_Vectorcall
        at /usr/local/src/conda/python-3.10.18/Include/cpython/abstract.h:123
  42: call_function
        at /usr/local/src/conda/python-3.10.18/Python/ceval.c:5893
  43: _PyEval_EvalFrameDefault
        at /usr/local/src/conda/python-3.10.18/Python/ceval.c:4213
  44: _PyEval_EvalFrame
        at /usr/local/src/conda/python-3.10.18/Include/internal/pycore_ceval.h:46
  45: _PyEval_Vector
        at /usr/local/src/conda/python-3.10.18/Python/ceval.c:5067
  46: _PyFunction_Vectorcall
        at /usr/local/src/conda/python-3.10.18/Objects/call.c:342
  47: _PyObject_VectorcallTstate
        at /usr/local/src/conda/python-3.10.18/Include/cpython/abstract.h:114
  48: PyObject_Vectorcall
        at /usr/local/src/conda/python-3.10.18/Include/cpython/abstract.h:123
  49: call_function
        at /usr/local/src/conda/python-3.10.18/Python/ceval.c:5893
  50: _PyEval_EvalFrameDefault
        at /usr/local/src/conda/python-3.10.18/Python/ceval.c:4213
  51: _PyEval_EvalFrame
        at /usr/local/src/conda/python-3.10.18/Include/internal/pycore_ceval.h:46
  52: _PyEval_Vector
        at /usr/local/src/conda/python-3.10.18/Python/ceval.c:5067
  53: _PyFunction_Vectorcall
        at /usr/local/src/conda/python-3.10.18/Objects/call.c:342
  54: pymain_run_module
        at /usr/local/src/conda/python-3.10.18/Modules/main.c:297
  55: pymain_run_python
        at /usr/local/src/conda/python-3.10.18/Modules/main.c:589
  56: Py_RunMain
        at /usr/local/src/conda/python-3.10.18/Modules/main.c:674
  57: Py_BytesMain
        at /usr/local/src/conda/python-3.10.18/Modules/main.c:1094
  58: __libc_start_main
        at ../csu/libc-start.c:308
  59: 0x000000000058728d
  60: 0xffffffffffffffff


*E***************Eterminate called after throwing an instance of 'tvm::runtime::InternalError'
  what():  [16:44:15] /data3/qsy/complier/tlm/src/runtime/cuda/cuda_module.cc:61: CUDAError: cuModuleUnload(module_[i]) failed with error: CUDA_ERROR_MISALIGNED_ADDRESS
Stack trace:
  0: tvm::runtime::SimpleObjAllocator::Handler<tvm::runtime::CUDAModuleNode>::Deleter_(tvm::runtime::Object*)
  1: tvm::runtime::SimpleObjAllocator::Handler<tvm::runtime::LibraryModuleNode>::Deleter_(tvm::runtime::Object*)
  2: _ZN3tvm7runtime18SimpleObjAllocator7HandlerINS0_16PackedFuncS
  3: _ZN3tvm7runtime18SimpleObjAllocator7HandlerINS0_16PackedFuncSubObjIZNS0_9profiling17WrapTimeE
  4: TVMObjectFree
  5: __pyx_tp_dealloc_3tvm_4_ffi_4_cy3_4core_PackedFuncBase(_object*)
  6: subtype_dealloc
        at /usr/local/src/conda/python-3.10.18/Objects/typeobject.c:1460
  7: _Py_DECREF
        at /usr/local/src/conda/python-3.10.18/Include/object.h:500
  8: _Py_XDECREF
        at /usr/local/src/conda/python-3.10.18/Include/object.h:567
  9: cell_dealloc
        at /usr/local/src/conda/python-3.10.18/Objects/cellobject.c:82
  10: _Py_Dealloc
        at /usr/local/src/conda/python-3.10.18/Objects/object.c:2301
  11: _Py_DECREF
        at /usr/local/src/conda/python-3.10.18/Include/object.h:500
  12: _Py_XDECREF
        at /usr/local/src/conda/python-3.10.18/Include/object.h:567
  13: tupledealloc
        at /usr/local/src/conda/python-3.10.18/Objects/tupleobject.c:276
  14: _Py_Dealloc
        at /usr/local/src/conda/python-3.10.18/Objects/object.c:2301
  15: _Py_DECREF
        at /usr/local/src/conda/python-3.10.18/Include/object.h:500
  16: func_clear
        at /usr/local/src/conda/python-3.10.18/Objects/funcobject.c:636
  17: func_dealloc
        at /usr/local/src/conda/python-3.10.18/Objects/funcobject.c:648
  18: _Py_Dealloc
        at /usr/local/src/conda/python-3.10.18/Objects/object.c:2301
  19: _Py_DECREF
        at /usr/local/src/conda/python-3.10.18/Include/object.h:500
  20: frame_dealloc
        at /usr/local/src/conda/python-3.10.18/Objects/frameobject.c:591
  21: _Py_Dealloc
        at /usr/local/src/conda/python-3.10.18/Objects/object.c:2301
  22: _Py_DECREF
        at /usr/local/src/conda/python-3.10.18/Include/object.h:500
  23: _PyEval_Vector
        at /usr/local/src/conda/python-3.10.18/Python/ceval.c:5080
  24: _PyFunction_Vectorcall
        at /usr/local/src/conda/python-3.10.18/Objects/call.c:342
  25: do_call_core
        at /usr/local/src/conda/python-3.10.18/Python/ceval.c:5945
  26: _PyEval_EvalFrameDefault
        at /usr/local/src/conda/python-3.10.18/Python/ceval.c:4277
  27: _PyEval_EvalFrame
        at /usr/local/src/conda/python-3.10.18/Include/internal/pycore_ceval.h:46
  28: _PyEval_Vector
        at /usr/local/src/conda/python-3.10.18/Python/ceval.c:5067
  29: _PyFunction_Vectorcall
        at /usr/local/src/conda/python-3.10.18/Objects/call.c:342
  30: _PyObject_VectorcallTstate
        at /usr/local/src/conda/python-3.10.18/Include/cpython/abstract.h:114
  31: PyObject_Vectorcall
        at /usr/local/src/conda/python-3.10.18/Include/cpython/abstract.h:123
  32: call_function
        at /usr/local/src/conda/python-3.10.18/Python/ceval.c:5893
  33: _PyEval_EvalFrameDefault
        at /usr/local/src/conda/python-3.10.18/Python/ceval.c:4213
  34: _PyEval_EvalFrame
        at /usr/local/src/conda/python-3.10.18/Include/internal/pycore_ceval.h:46
  35: _PyEval_Vector
        at /usr/local/src/conda/python-3.10.18/Python/ceval.c:5067
  36: PyEval_EvalCode
        at /usr/local/src/conda/python-3.10.18/Python/ceval.c:1134
  37: builtin_exec_impl
        at /usr/local/src/conda/python-3.10.18/Python/bltinmodule.c:1058
  38: builtin_exec
        at /usr/local/src/conda/python-3.10.18/Python/clinic/bltinmodule.c.h:371
  39: cfunction_vectorcall_FASTCALL
        at /usr/local/src/conda/python-3.10.18/Objects/methodobject.c:430
  40: _PyObject_VectorcallTstate
        at /usr/local/src/conda/python-3.10.18/Include/cpython/abstract.h:114
  41: PyObject_Vectorcall
        at /usr/local/src/conda/python-3.10.18/Include/cpython/abstract.h:123
  42: call_function
        at /usr/local/src/conda/python-3.10.18/Python/ceval.c:5893
  43: _PyEval_EvalFrameDefault
        at /usr/local/src/conda/python-3.10.18/Python/ceval.c:4213
  44: _PyEval_EvalFrame
        at /usr/local/src/conda/python-3.10.18/Include/internal/pycore_ceval.h:46
  45: _PyEval_Vector
        at /usr/local/src/conda/python-3.10.18/Python/ceval.c:5067
  46: _PyFunction_Vectorcall
        at /usr/local/src/conda/python-3.10.18/Objects/call.c:342
  47: _PyObject_VectorcallTstate
        at /usr/local/src/conda/python-3.10.18/Include/cpython/abstract.h:114
  48: PyObject_Vectorcall
        at /usr/local/src/conda/python-3.10.18/Include/cpython/abstract.h:123
  49: call_function
        at /usr/local/src/conda/python-3.10.18/Python/ceval.c:5893
  50: _PyEval_EvalFrameDefault
        at /usr/local/src/conda/python-3.10.18/Python/ceval.c:4213
  51: _PyEval_EvalFrame
        at /usr/local/src/conda/python-3.10.18/Include/internal/pycore_ceval.h:46
  52: _PyEval_Vector
        at /usr/local/src/conda/python-3.10.18/Python/ceval.c:5067
  53: _PyFunction_Vectorcall
        at /usr/local/src/conda/python-3.10.18/Objects/call.c:342
  54: pymain_run_module
        at /usr/local/src/conda/python-3.10.18/Modules/main.c:297
  55: pymain_run_python
        at /usr/local/src/conda/python-3.10.18/Modules/main.c:589
  56: Py_RunMain
        at /usr/local/src/conda/python-3.10.18/Modules/main.c:674
  57: Py_BytesMain
        at /usr/local/src/conda/python-3.10.18/Modules/main.c:1094
  58: __libc_start_main
        at ../csu/libc-start.c:308
  59: 0x000000000058728d
  60: 0xffffffffffffffff


*E*******Eterminate called after throwing an instance of 'tvm::runtime::InternalError'
  what():  [16:44:21] /data3/qsy/complier/tlm/src/runtime/cuda/cuda_module.cc:61: CUDAError: cuModuleUnload(module_[i]) failed with error: CUDA_ERROR_MISALIGNED_ADDRESS
Stack trace:
  0: tvm::runtime::SimpleObjAllocator::Handler<tvm::runtime::CUDAModuleNode>::Deleter_(tvm::runtime::Object*)
  1: tvm::runtime::SimpleObjAllocator::Handler<tvm::runtime::LibraryModuleNode>::Deleter_(tvm::runtime::Object*)
  2: _ZN3tvm7runtime18SimpleObjAllocator7HandlerINS0_16PackedFuncS
  3: _ZN3tvm7runtime18SimpleObjAllocator7HandlerINS0_16PackedFuncSubObjIZNS0_9profiling17WrapTimeE
  4: TVMObjectFree
  5: __pyx_tp_dealloc_3tvm_4_ffi_4_cy3_4core_PackedFuncBase(_object*)
  6: subtype_dealloc
        at /usr/local/src/conda/python-3.10.18/Objects/typeobject.c:1460
  7: _Py_DECREF
        at /usr/local/src/conda/python-3.10.18/Include/object.h:500
  8: _Py_XDECREF
        at /usr/local/src/conda/python-3.10.18/Include/object.h:567
  9: cell_dealloc
        at /usr/local/src/conda/python-3.10.18/Objects/cellobject.c:82
  10: _Py_Dealloc
        at /usr/local/src/conda/python-3.10.18/Objects/object.c:2301
  11: _Py_DECREF
        at /usr/local/src/conda/python-3.10.18/Include/object.h:500
  12: _Py_XDECREF
        at /usr/local/src/conda/python-3.10.18/Include/object.h:567
  13: tupledealloc
        at /usr/local/src/conda/python-3.10.18/Objects/tupleobject.c:276
  14: _Py_Dealloc
        at /usr/local/src/conda/python-3.10.18/Objects/object.c:2301
  15: _Py_DECREF
        at /usr/local/src/conda/python-3.10.18/Include/object.h:500
  16: func_clear
        at /usr/local/src/conda/python-3.10.18/Objects/funcobject.c:636
  17: func_dealloc
        at /usr/local/src/conda/python-3.10.18/Objects/funcobject.c:648
  18: _Py_Dealloc
        at /usr/local/src/conda/python-3.10.18/Objects/object.c:2301
  19: _Py_DECREF
        at /usr/local/src/conda/python-3.10.18/Include/object.h:500
  20: frame_dealloc
        at /usr/local/src/conda/python-3.10.18/Objects/frameobject.c:591
  21: _Py_Dealloc
        at /usr/local/src/conda/python-3.10.18/Objects/object.c:2301
  22: _Py_DECREF
        at /usr/local/src/conda/python-3.10.18/Include/object.h:500
  23: _PyEval_Vector
        at /usr/local/src/conda/python-3.10.18/Python/ceval.c:5080
  24: _PyFunction_Vectorcall
        at /usr/local/src/conda/python-3.10.18/Objects/call.c:342
  25: do_call_core
        at /usr/local/src/conda/python-3.10.18/Python/ceval.c:5945
  26: _PyEval_EvalFrameDefault
        at /usr/local/src/conda/python-3.10.18/Python/ceval.c:4277
  27: _PyEval_EvalFrame
        at /usr/local/src/conda/python-3.10.18/Include/internal/pycore_ceval.h:46
  28: _PyEval_Vector
        at /usr/local/src/conda/python-3.10.18/Python/ceval.c:5067
  29: _PyFunction_Vectorcall
        at /usr/local/src/conda/python-3.10.18/Objects/call.c:342
  30: _PyObject_VectorcallTstate
        at /usr/local/src/conda/python-3.10.18/Include/cpython/abstract.h:114
  31: PyObject_Vectorcall
        at /usr/local/src/conda/python-3.10.18/Include/cpython/abstract.h:123
  32: call_function
        at /usr/local/src/conda/python-3.10.18/Python/ceval.c:5893
  33: _PyEval_EvalFrameDefault
        at /usr/local/src/conda/python-3.10.18/Python/ceval.c:4213
  34: _PyEval_EvalFrame
        at /usr/local/src/conda/python-3.10.18/Include/internal/pycore_ceval.h:46
  35: _PyEval_Vector
        at /usr/local/src/conda/python-3.10.18/Python/ceval.c:5067
  36: PyEval_EvalCode
        at /usr/local/src/conda/python-3.10.18/Python/ceval.c:1134
  37: builtin_exec_impl
        at /usr/local/src/conda/python-3.10.18/Python/bltinmodule.c:1058
  38: builtin_exec
        at /usr/local/src/conda/python-3.10.18/Python/clinic/bltinmodule.c.h:371
  39: cfunction_vectorcall_FASTCALL
        at /usr/local/src/conda/python-3.10.18/Objects/methodobject.c:430
  40: _PyObject_VectorcallTstate
        at /usr/local/src/conda/python-3.10.18/Include/cpython/abstract.h:114
  41: PyObject_Vectorcall
        at /usr/local/src/conda/python-3.10.18/Include/cpython/abstract.h:123
  42: call_function
        at /usr/local/src/conda/python-3.10.18/Python/ceval.c:5893
  43: _PyEval_EvalFrameDefault
        at /usr/local/src/conda/python-3.10.18/Python/ceval.c:4213
  44: _PyEval_EvalFrame
        at /usr/local/src/conda/python-3.10.18/Include/internal/pycore_ceval.h:46
  45: _PyEval_Vector
        at /usr/local/src/conda/python-3.10.18/Python/ceval.c:5067
  46: _PyFunction_Vectorcall
        at /usr/local/src/conda/python-3.10.18/Objects/call.c:342
  47: _PyObject_VectorcallTstate
        at /usr/local/src/conda/python-3.10.18/Include/cpython/abstract.h:114
  48: PyObject_Vectorcall
        at /usr/local/src/conda/python-3.10.18/Include/cpython/abstract.h:123
  49: call_function
        at /usr/local/src/conda/python-3.10.18/Python/ceval.c:5893
  50: _PyEval_EvalFrameDefault
        at /usr/local/src/conda/python-3.10.18/Python/ceval.c:4213
  51: _PyEval_EvalFrame
        at /usr/local/src/conda/python-3.10.18/Include/internal/pycore_ceval.h:46
  52: _PyEval_Vector
        at /usr/local/src/conda/python-3.10.18/Python/ceval.c:5067
  53: _PyFunction_Vectorcall
        at /usr/local/src/conda/python-3.10.18/Objects/call.c:342
  54: pymain_run_module
        at /usr/local/src/conda/python-3.10.18/Modules/main.c:297
  55: pymain_run_python
        at /usr/local/src/conda/python-3.10.18/Modules/main.c:589
  56: Py_RunMain
        at /usr/local/src/conda/python-3.10.18/Modules/main.c:674
  57: Py_BytesMain
        at /usr/local/src/conda/python-3.10.18/Modules/main.c:1094
  58: __libc_start_main
        at ../csu/libc-start.c:308
  59: 0x000000000058728d
  60: 0xffffffffffffffff


*E***Eterminate called after throwing an instance of 'tvm::runtime::InternalError'
  what():  [16:44:22] /data3/qsy/complier/tlm/src/runtime/cuda/cuda_module.cc:61: CUDAError: cuModuleUnload(module_[i]) failed with error: CUDA_ERROR_MISALIGNED_ADDRESS
Stack trace:
  0: tvm::runtime::SimpleObjAllocator::Handler<tvm::runtime::CUDAModuleNode>::Deleter_(tvm::runtime::Object*)
  1: tvm::runtime::SimpleObjAllocator::Handler<tvm::runtime::LibraryModuleNode>::Deleter_(tvm::runtime::Object*)
  2: _ZN3tvm7runtime18SimpleObjAllocator7HandlerINS0_16PackedFuncS
  3: _ZN3tvm7runtime18SimpleObjAllocator7HandlerINS0_16PackedFuncSubObjIZNS0_9profiling17WrapTimeE
  4: TVMObjectFree
  5: __pyx_tp_dealloc_3tvm_4_ffi_4_cy3_4core_PackedFuncBase(_object*)
  6: subtype_dealloc
        at /usr/local/src/conda/python-3.10.18/Objects/typeobject.c:1460
  7: _Py_DECREF
        at /usr/local/src/conda/python-3.10.18/Include/object.h:500
  8: _Py_XDECREF
        at /usr/local/src/conda/python-3.10.18/Include/object.h:567
  9: cell_dealloc
        at /usr/local/src/conda/python-3.10.18/Objects/cellobject.c:82
  10: _Py_Dealloc
        at /usr/local/src/conda/python-3.10.18/Objects/object.c:2301
  11: _Py_DECREF
        at /usr/local/src/conda/python-3.10.18/Include/object.h:500
  12: _Py_XDECREF
        at /usr/local/src/conda/python-3.10.18/Include/object.h:567
  13: tupledealloc
        at /usr/local/src/conda/python-3.10.18/Objects/tupleobject.c:276
  14: _Py_Dealloc
        at /usr/local/src/conda/python-3.10.18/Objects/object.c:2301
  15: _Py_DECREF
        at /usr/local/src/conda/python-3.10.18/Include/object.h:500
  16: func_clear
        at /usr/local/src/conda/python-3.10.18/Objects/funcobject.c:636
  17: func_dealloc
        at /usr/local/src/conda/python-3.10.18/Objects/funcobject.c:648
  18: _Py_Dealloc
        at /usr/local/src/conda/python-3.10.18/Objects/object.c:2301
  19: _Py_DECREF
        at /usr/local/src/conda/python-3.10.18/Include/object.h:500
  20: frame_dealloc
        at /usr/local/src/conda/python-3.10.18/Objects/frameobject.c:591
  21: _Py_Dealloc
        at /usr/local/src/conda/python-3.10.18/Objects/object.c:2301
  22: _Py_DECREF
        at /usr/local/src/conda/python-3.10.18/Include/object.h:500
  23: _PyEval_Vector
        at /usr/local/src/conda/python-3.10.18/Python/ceval.c:5080
  24: _PyFunction_Vectorcall
        at /usr/local/src/conda/python-3.10.18/Objects/call.c:342
  25: do_call_core
        at /usr/local/src/conda/python-3.10.18/Python/ceval.c:5945
  26: _PyEval_EvalFrameDefault
        at /usr/local/src/conda/python-3.10.18/Python/ceval.c:4277
  27: _PyEval_EvalFrame
        at /usr/local/src/conda/python-3.10.18/Include/internal/pycore_ceval.h:46
  28: _PyEval_Vector
        at /usr/local/src/conda/python-3.10.18/Python/ceval.c:5067
  29: _PyFunction_Vectorcall
        at /usr/local/src/conda/python-3.10.18/Objects/call.c:342
  30: _PyObject_VectorcallTstate
        at /usr/local/src/conda/python-3.10.18/Include/cpython/abstract.h:114
  31: PyObject_Vectorcall
        at /usr/local/src/conda/python-3.10.18/Include/cpython/abstract.h:123
  32: call_function
        at /usr/local/src/conda/python-3.10.18/Python/ceval.c:5893
  33: _PyEval_EvalFrameDefault
        at /usr/local/src/conda/python-3.10.18/Python/ceval.c:4213
  34: _PyEval_EvalFrame
        at /usr/local/src/conda/python-3.10.18/Include/internal/pycore_ceval.h:46
  35: _PyEval_Vector
        at /usr/local/src/conda/python-3.10.18/Python/ceval.c:5067
  36: PyEval_EvalCode
        at /usr/local/src/conda/python-3.10.18/Python/ceval.c:1134
  37: builtin_exec_impl
        at /usr/local/src/conda/python-3.10.18/Python/bltinmodule.c:1058
  38: builtin_exec
        at /usr/local/src/conda/python-3.10.18/Python/clinic/bltinmodule.c.h:371
  39: cfunction_vectorcall_FASTCALL
        at /usr/local/src/conda/python-3.10.18/Objects/methodobject.c:430
  40: _PyObject_VectorcallTstate
        at /usr/local/src/conda/python-3.10.18/Include/cpython/abstract.h:114
  41: PyObject_Vectorcall
        at /usr/local/src/conda/python-3.10.18/Include/cpython/abstract.h:123
  42: call_function
        at /usr/local/src/conda/python-3.10.18/Python/ceval.c:5893
  43: _PyEval_EvalFrameDefault
        at /usr/local/src/conda/python-3.10.18/Python/ceval.c:4213
  44: _PyEval_EvalFrame
        at /usr/local/src/conda/python-3.10.18/Include/internal/pycore_ceval.h:46
  45: _PyEval_Vector
        at /usr/local/src/conda/python-3.10.18/Python/ceval.c:5067
  46: _PyFunction_Vectorcall
        at /usr/local/src/conda/python-3.10.18/Objects/call.c:342
  47: _PyObject_VectorcallTstate
        at /usr/local/src/conda/python-3.10.18/Include/cpython/abstract.h:114
  48: PyObject_Vectorcall
        at /usr/local/src/conda/python-3.10.18/Include/cpython/abstract.h:123
  49: call_function
        at /usr/local/src/conda/python-3.10.18/Python/ceval.c:5893
  50: _PyEval_EvalFrameDefault
        at /usr/local/src/conda/python-3.10.18/Python/ceval.c:4213
  51: _PyEval_EvalFrame
        at /usr/local/src/conda/python-3.10.18/Include/internal/pycore_ceval.h:46
  52: _PyEval_Vector
        at /usr/local/src/conda/python-3.10.18/Python/ceval.c:5067
  53: _PyFunction_Vectorcall
        at /usr/local/src/conda/python-3.10.18/Objects/call.c:342
  54: pymain_run_module
        at /usr/local/src/conda/python-3.10.18/Modules/main.c:297
  55: pymain_run_python
        at /usr/local/src/conda/python-3.10.18/Modules/main.c:589
  56: Py_RunMain
        at /usr/local/src/conda/python-3.10.18/Modules/main.c:674
  57: Py_BytesMain
        at /usr/local/src/conda/python-3.10.18/Modules/main.c:1094
  58: __libc_start_main
        at ../csu/libc-start.c:308
  59: 0x000000000058728d
  60: 0xffffffffffffffff


*E*******Eterminate called after throwing an instance of 'tvm::runtime::InternalError'
  what():  [16:44:25] /data3/qsy/complier/tlm/src/runtime/cuda/cuda_module.cc:61: CUDAError: cuModuleUnload(module_[i]) failed with error: CUDA_ERROR_MISALIGNED_ADDRESS
Stack trace:
  0: tvm::runtime::SimpleObjAllocator::Handler<tvm::runtime::CUDAModuleNode>::Deleter_(tvm::runtime::Object*)
  1: tvm::runtime::SimpleObjAllocator::Handler<tvm::runtime::LibraryModuleNode>::Deleter_(tvm::runtime::Object*)
  2: _ZN3tvm7runtime18SimpleObjAllocator7HandlerINS0_16PackedFuncS
  3: _ZN3tvm7runtime18SimpleObjAllocator7HandlerINS0_16PackedFuncSubObjIZNS0_9profiling17WrapTimeE
  4: TVMObjectFree
  5: __pyx_tp_dealloc_3tvm_4_ffi_4_cy3_4core_PackedFuncBase(_object*)
  6: subtype_dealloc
        at /usr/local/src/conda/python-3.10.18/Objects/typeobject.c:1460
  7: _Py_DECREF
        at /usr/local/src/conda/python-3.10.18/Include/object.h:500
  8: _Py_XDECREF
        at /usr/local/src/conda/python-3.10.18/Include/object.h:567
  9: cell_dealloc
        at /usr/local/src/conda/python-3.10.18/Objects/cellobject.c:82
  10: _Py_Dealloc
        at /usr/local/src/conda/python-3.10.18/Objects/object.c:2301
  11: _Py_DECREF
        at /usr/local/src/conda/python-3.10.18/Include/object.h:500
  12: _Py_XDECREF
        at /usr/local/src/conda/python-3.10.18/Include/object.h:567
  13: tupledealloc
        at /usr/local/src/conda/python-3.10.18/Objects/tupleobject.c:276
  14: _Py_Dealloc
        at /usr/local/src/conda/python-3.10.18/Objects/object.c:2301
  15: _Py_DECREF
        at /usr/local/src/conda/python-3.10.18/Include/object.h:500
  16: func_clear
        at /usr/local/src/conda/python-3.10.18/Objects/funcobject.c:636
  17: func_dealloc
        at /usr/local/src/conda/python-3.10.18/Objects/funcobject.c:648
  18: _Py_Dealloc
        at /usr/local/src/conda/python-3.10.18/Objects/object.c:2301
  19: _Py_DECREF
        at /usr/local/src/conda/python-3.10.18/Include/object.h:500
  20: frame_dealloc
        at /usr/local/src/conda/python-3.10.18/Objects/frameobject.c:591
  21: _Py_Dealloc
        at /usr/local/src/conda/python-3.10.18/Objects/object.c:2301
  22: _Py_DECREF
        at /usr/local/src/conda/python-3.10.18/Include/object.h:500
  23: _PyEval_Vector
        at /usr/local/src/conda/python-3.10.18/Python/ceval.c:5080
  24: _PyFunction_Vectorcall
        at /usr/local/src/conda/python-3.10.18/Objects/call.c:342
  25: do_call_core
        at /usr/local/src/conda/python-3.10.18/Python/ceval.c:5945
  26: _PyEval_EvalFrameDefault
        at /usr/local/src/conda/python-3.10.18/Python/ceval.c:4277
  27: _PyEval_EvalFrame
        at /usr/local/src/conda/python-3.10.18/Include/internal/pycore_ceval.h:46
  28: _PyEval_Vector
        at /usr/local/src/conda/python-3.10.18/Python/ceval.c:5067
  29: _PyFunction_Vectorcall
        at /usr/local/src/conda/python-3.10.18/Objects/call.c:342
  30: _PyObject_VectorcallTstate
        at /usr/local/src/conda/python-3.10.18/Include/cpython/abstract.h:114
  31: PyObject_Vectorcall
        at /usr/local/src/conda/python-3.10.18/Include/cpython/abstract.h:123
  32: call_function
        at /usr/local/src/conda/python-3.10.18/Python/ceval.c:5893
  33: _PyEval_EvalFrameDefault
        at /usr/local/src/conda/python-3.10.18/Python/ceval.c:4213
  34: _PyEval_EvalFrame
        at /usr/local/src/conda/python-3.10.18/Include/internal/pycore_ceval.h:46
  35: _PyEval_Vector
        at /usr/local/src/conda/python-3.10.18/Python/ceval.c:5067
  36: PyEval_EvalCode
        at /usr/local/src/conda/python-3.10.18/Python/ceval.c:1134
  37: builtin_exec_impl
        at /usr/local/src/conda/python-3.10.18/Python/bltinmodule.c:1058
  38: builtin_exec
        at /usr/local/src/conda/python-3.10.18/Python/clinic/bltinmodule.c.h:371
  39: cfunction_vectorcall_FASTCALL
        at /usr/local/src/conda/python-3.10.18/Objects/methodobject.c:430
  40: _PyObject_VectorcallTstate
        at /usr/local/src/conda/python-3.10.18/Include/cpython/abstract.h:114
  41: PyObject_Vectorcall
        at /usr/local/src/conda/python-3.10.18/Include/cpython/abstract.h:123
  42: call_function
        at /usr/local/src/conda/python-3.10.18/Python/ceval.c:5893
  43: _PyEval_EvalFrameDefault
        at /usr/local/src/conda/python-3.10.18/Python/ceval.c:4213
  44: _PyEval_EvalFrame
        at /usr/local/src/conda/python-3.10.18/Include/internal/pycore_ceval.h:46
  45: _PyEval_Vector
        at /usr/local/src/conda/python-3.10.18/Python/ceval.c:5067
  46: _PyFunction_Vectorcall
        at /usr/local/src/conda/python-3.10.18/Objects/call.c:342
  47: _PyObject_VectorcallTstate
        at /usr/local/src/conda/python-3.10.18/Include/cpython/abstract.h:114
  48: PyObject_Vectorcall
        at /usr/local/src/conda/python-3.10.18/Include/cpython/abstract.h:123
  49: call_function
        at /usr/local/src/conda/python-3.10.18/Python/ceval.c:5893
  50: _PyEval_EvalFrameDefault
        at /usr/local/src/conda/python-3.10.18/Python/ceval.c:4213
  51: _PyEval_EvalFrame
        at /usr/local/src/conda/python-3.10.18/Include/internal/pycore_ceval.h:46
  52: _PyEval_Vector
        at /usr/local/src/conda/python-3.10.18/Python/ceval.c:5067
  53: _PyFunction_Vectorcall
        at /usr/local/src/conda/python-3.10.18/Objects/call.c:342
  54: pymain_run_module
        at /usr/local/src/conda/python-3.10.18/Modules/main.c:297
  55: pymain_run_python
        at /usr/local/src/conda/python-3.10.18/Modules/main.c:589
  56: Py_RunMain
        at /usr/local/src/conda/python-3.10.18/Modules/main.c:674
  57: Py_BytesMain
        at /usr/local/src/conda/python-3.10.18/Modules/main.c:1094
  58: __libc_start_main
        at ../csu/libc-start.c:308
  59: 0x000000000058728d
  60: 0xffffffffffffffff


*E***************
Time elapsed for measurement: 44.67 s
----------------------------------------------------------------------
------------------------------  [ Train cost model ]
----------------------------------------------------------------------
Time elapsed for training: 0.00 s
----------------------------------------------------------------------
------------------------------  [ Task Scheduler ]
----------------------------------------------------------------------
----------------------------------------------------------------------
------------------------------  [ Search ]
----------------------------------------------------------------------
Generate Sketches		#s: 1
Sample Initial Population	#s: 55	fail_ct: 1993	Time elapsed: 6.44
GA Iter: 0	Max score: 0.9772	Min score: 0.0011	#Pop: 55	#M+: 0	#M-: 0
GA Iter: 4	Max score: 0.9996	Min score: 0.9795	#Pop: 128	#M+: 1399	#M-: 0
EvolutionarySearch		#s: 128	Time elapsed: 94.00
----------------------------------------------------------------------
------------------------------  [ Measure ]
----------------------------------------------------------------------
Get 64 programs to measure:
................................................................******************************Eterminate called after throwing an instance of 'tvm::runtime::InternalError'
  what():  [16:46:36] /data3/qsy/complier/tlm/src/runtime/cuda/cuda_module.cc:61: CUDAError: cuModuleUnload(module_[i]) failed with error: CUDA_ERROR_MISALIGNED_ADDRESS
Stack trace:
  0: tvm::runtime::SimpleObjAllocator::Handler<tvm::runtime::CUDAModuleNode>::Deleter_(tvm::runtime::Object*)
  1: tvm::runtime::SimpleObjAllocator::Handler<tvm::runtime::LibraryModuleNode>::Deleter_(tvm::runtime::Object*)
  2: _ZN3tvm7runtime18SimpleObjAllocator7HandlerINS0_16PackedFuncS
  3: _ZN3tvm7runtime18SimpleObjAllocator7HandlerINS0_16PackedFuncSubObjIZNS0_9profiling17WrapTimeE
  4: TVMObjectFree
  5: __pyx_tp_dealloc_3tvm_4_ffi_4_cy3_4core_PackedFuncBase(_object*)
  6: subtype_dealloc
        at /usr/local/src/conda/python-3.10.18/Objects/typeobject.c:1460
  7: _Py_DECREF
        at /usr/local/src/conda/python-3.10.18/Include/object.h:500
  8: _Py_XDECREF
        at /usr/local/src/conda/python-3.10.18/Include/object.h:567
  9: cell_dealloc
        at /usr/local/src/conda/python-3.10.18/Objects/cellobject.c:82
  10: _Py_Dealloc
        at /usr/local/src/conda/python-3.10.18/Objects/object.c:2301
  11: _Py_DECREF
        at /usr/local/src/conda/python-3.10.18/Include/object.h:500
  12: _Py_XDECREF
        at /usr/local/src/conda/python-3.10.18/Include/object.h:567
  13: tupledealloc
        at /usr/local/src/conda/python-3.10.18/Objects/tupleobject.c:276
  14: _Py_Dealloc
        at /usr/local/src/conda/python-3.10.18/Objects/object.c:2301
  15: _Py_DECREF
        at /usr/local/src/conda/python-3.10.18/Include/object.h:500
  16: func_clear
        at /usr/local/src/conda/python-3.10.18/Objects/funcobject.c:636
  17: func_dealloc
        at /usr/local/src/conda/python-3.10.18/Objects/funcobject.c:648
  18: _Py_Dealloc
        at /usr/local/src/conda/python-3.10.18/Objects/object.c:2301
  19: _Py_DECREF
        at /usr/local/src/conda/python-3.10.18/Include/object.h:500
  20: frame_dealloc
        at /usr/local/src/conda/python-3.10.18/Objects/frameobject.c:591
  21: _Py_Dealloc
        at /usr/local/src/conda/python-3.10.18/Objects/object.c:2301
  22: _Py_DECREF
        at /usr/local/src/conda/python-3.10.18/Include/object.h:500
  23: _PyEval_Vector
        at /usr/local/src/conda/python-3.10.18/Python/ceval.c:5080
  24: _PyFunction_Vectorcall
        at /usr/local/src/conda/python-3.10.18/Objects/call.c:342
  25: do_call_core
        at /usr/local/src/conda/python-3.10.18/Python/ceval.c:5945
  26: _PyEval_EvalFrameDefault
        at /usr/local/src/conda/python-3.10.18/Python/ceval.c:4277
  27: _PyEval_EvalFrame
        at /usr/local/src/conda/python-3.10.18/Include/internal/pycore_ceval.h:46
  28: _PyEval_Vector
        at /usr/local/src/conda/python-3.10.18/Python/ceval.c:5067
  29: _PyFunction_Vectorcall
        at /usr/local/src/conda/python-3.10.18/Objects/call.c:342
  30: _PyObject_VectorcallTstate
        at /usr/local/src/conda/python-3.10.18/Include/cpython/abstract.h:114
  31: PyObject_Vectorcall
        at /usr/local/src/conda/python-3.10.18/Include/cpython/abstract.h:123
  32: call_function
        at /usr/local/src/conda/python-3.10.18/Python/ceval.c:5893
  33: _PyEval_EvalFrameDefault
        at /usr/local/src/conda/python-3.10.18/Python/ceval.c:4213
  34: _PyEval_EvalFrame
        at /usr/local/src/conda/python-3.10.18/Include/internal/pycore_ceval.h:46
  35: _PyEval_Vector
        at /usr/local/src/conda/python-3.10.18/Python/ceval.c:5067
  36: PyEval_EvalCode
        at /usr/local/src/conda/python-3.10.18/Python/ceval.c:1134
  37: builtin_exec_impl
        at /usr/local/src/conda/python-3.10.18/Python/bltinmodule.c:1058
  38: builtin_exec
        at /usr/local/src/conda/python-3.10.18/Python/clinic/bltinmodule.c.h:371
  39: cfunction_vectorcall_FASTCALL
        at /usr/local/src/conda/python-3.10.18/Objects/methodobject.c:430
  40: _PyObject_VectorcallTstate
        at /usr/local/src/conda/python-3.10.18/Include/cpython/abstract.h:114
  41: PyObject_Vectorcall
        at /usr/local/src/conda/python-3.10.18/Include/cpython/abstract.h:123
  42: call_function
        at /usr/local/src/conda/python-3.10.18/Python/ceval.c:5893
  43: _PyEval_EvalFrameDefault
        at /usr/local/src/conda/python-3.10.18/Python/ceval.c:4213
  44: _PyEval_EvalFrame
        at /usr/local/src/conda/python-3.10.18/Include/internal/pycore_ceval.h:46
  45: _PyEval_Vector
        at /usr/local/src/conda/python-3.10.18/Python/ceval.c:5067
  46: _PyFunction_Vectorcall
        at /usr/local/src/conda/python-3.10.18/Objects/call.c:342
  47: _PyObject_VectorcallTstate
        at /usr/local/src/conda/python-3.10.18/Include/cpython/abstract.h:114
  48: PyObject_Vectorcall
        at /usr/local/src/conda/python-3.10.18/Include/cpython/abstract.h:123
  49: call_function
        at /usr/local/src/conda/python-3.10.18/Python/ceval.c:5893
  50: _PyEval_EvalFrameDefault
        at /usr/local/src/conda/python-3.10.18/Python/ceval.c:4213
  51: _PyEval_EvalFrame
        at /usr/local/src/conda/python-3.10.18/Include/internal/pycore_ceval.h:46
  52: _PyEval_Vector
        at /usr/local/src/conda/python-3.10.18/Python/ceval.c:5067
  53: _PyFunction_Vectorcall
        at /usr/local/src/conda/python-3.10.18/Objects/call.c:342
  54: pymain_run_module
        at /usr/local/src/conda/python-3.10.18/Modules/main.c:297
  55: pymain_run_python
        at /usr/local/src/conda/python-3.10.18/Modules/main.c:589
  56: Py_RunMain
        at /usr/local/src/conda/python-3.10.18/Modules/main.c:674
  57: Py_BytesMain
        at /usr/local/src/conda/python-3.10.18/Modules/main.c:1094
  58: __libc_start_main
        at ../csu/libc-start.c:308
  59: 0x000000000058728d
  60: 0xffffffffffffffff


|  ID  |                       Task Description                        | Latency (ms) | Speed (GFLOPS) | Trials |
-----------------------------------------------------------------------------------------------------------------
|    0 |                                    vm_mod_fused_nn_conv2d_add |        0.018 |        5750.35 |     64 |
|    1 |                          vm_mod_fused_nn_conv2d_add_nn_relu_5 |        0.020 |        5272.97 |     64 |
|    2 |                      vm_mod_fused_nn_conv2d_add_add_nn_relu_2 |        0.011 |        8990.69 |     64 |
|    3 |                          vm_mod_fused_nn_conv2d_add_nn_relu_1 |        0.006 |        4232.57 |     64 |
|    4 |                                     vm_mod_fused_nn_dense_add |        0.026 |         158.72 |     64 |
|    5 |                          vm_mod_fused_nn_conv2d_add_nn_relu_8 |        0.036 |        2845.86 |     64 |
|    6 |                                  vm_mod_fused_nn_conv2d_add_3 |        0.056 |        3685.32 |     64 |
|    7 |                      vm_mod_fused_nn_conv2d_add_add_nn_relu_3 |        0.013 |        7792.30 |     64 |
|    8 |                          vm_mod_fused_nn_conv2d_add_nn_relu_4 |        0.045 |        5150.88 |     64 |
|    9 |                        vm_mod_fused_nn_conv2d_add_add_nn_relu |        0.017 |        6065.10 |     64 |
|   10 |                      vm_mod_fused_nn_conv2d_add_add_nn_relu_1 |        0.009 |       11016.84 |     64 |
|   11 | vm_mod_fused_nn_contrib_conv2d_winograd_without_weight_transform_add_nn_relu_3 |        0.047 |        3022.47 |     64 |
|   12 |                                  vm_mod_fused_nn_conv2d_add_2 |        0.029 |        7054.14 |     64 |
|   13 |                            vm_mod_fused_nn_conv2d_add_nn_relu |        0.018 |       13463.95 |     64 |
|   14 |                         vm_mod_fused_nn_conv2d_add_nn_relu_10 |            - |              - |      0 |
|   15 |                          vm_mod_fused_nn_conv2d_add_nn_relu_7 |            - |              - |      0 |
|   16 | vm_mod_fused_nn_contrib_conv2d_winograd_without_weight_transform_add_nn_relu_1 |            - |              - |      0 |
|   17 |                          vm_mod_fused_nn_conv2d_add_nn_relu_3 |            - |              - |      0 |
|   18 |                           vm_mod_fused_nn_adaptive_avg_pool2d |            - |              - |      0 |
|   19 |                         vm_mod_fused_nn_conv2d_add_nn_relu_11 |            - |              - |      0 |
|   20 |                                  vm_mod_fused_nn_conv2d_add_1 |            - |              - |      0 |
|   21 |                          vm_mod_fused_nn_conv2d_add_nn_relu_6 |            - |              - |      0 |
|   22 |                          vm_mod_fused_nn_conv2d_add_nn_relu_2 |            - |              - |      0 |
|   23 | vm_mod_fused_nn_contrib_conv2d_winograd_without_weight_transform_add_nn_relu |            - |              - |      0 |
|   24 |                                    vm_mod_fused_nn_max_pool2d |            - |              - |      0 |
|   25 |                          vm_mod_fused_nn_conv2d_add_nn_relu_9 |            - |              - |      0 |
|   26 | vm_mod_fused_nn_contrib_conv2d_winograd_without_weight_transform_add_nn_relu_2 |            - |              - |      0 |
-----------------------------------------------------------------------------------------------------------------
Estimated total latency: - ms	Trials: 896	Used time : 1888 s	Next ID: 14	
*E**********************************
Time elapsed for measurement: 36.32 s
----------------------------------------------------------------------
------------------------------  [ Train cost model ]
----------------------------------------------------------------------
Time elapsed for training: 2.52 s
----------------------------------------------------------------------
------------------------------  [ Task Scheduler ]
----------------------------------------------------------------------
----------------------------------------------------------------------
------------------------------  [ Search ]
----------------------------------------------------------------------
Generate Sketches		#s: 1
Sample Initial Population	#s: 57	fail_ct: 1991	Time elapsed: 7.13
GA Iter: 0	Max score: 0.9347	Min score: 0.0106	#Pop: 57	#M+: 0	#M-: 0
GA Iter: 4	Max score: 0.9997	Min score: 0.9813	#Pop: 128	#M+: 1387	#M-: 0
EvolutionarySearch		#s: 128	Time elapsed: 109.06
----------------------------------------------------------------------
------------------------------  [ Measure ]
----------------------------------------------------------------------
Get 64 programs to measure:
................................................................****************************************************************|  ID  |                       Task Description                        | Latency (ms) | Speed (GFLOPS) | Trials |
-----------------------------------------------------------------------------------------------------------------
|    0 |                                    vm_mod_fused_nn_conv2d_add |        0.018 |        5750.35 |     64 |
|    1 |                          vm_mod_fused_nn_conv2d_add_nn_relu_5 |        0.020 |        5272.97 |     64 |
|    2 |                      vm_mod_fused_nn_conv2d_add_add_nn_relu_2 |        0.011 |        8990.69 |     64 |
|    3 |                          vm_mod_fused_nn_conv2d_add_nn_relu_1 |        0.006 |        4232.57 |     64 |
|    4 |                                     vm_mod_fused_nn_dense_add |        0.026 |         158.72 |     64 |
|    5 |                          vm_mod_fused_nn_conv2d_add_nn_relu_8 |        0.036 |        2845.86 |     64 |
|    6 |                                  vm_mod_fused_nn_conv2d_add_3 |        0.056 |        3685.32 |     64 |
|    7 |                      vm_mod_fused_nn_conv2d_add_add_nn_relu_3 |        0.013 |        7792.30 |     64 |
|    8 |                          vm_mod_fused_nn_conv2d_add_nn_relu_4 |        0.045 |        5150.88 |     64 |
|    9 |                        vm_mod_fused_nn_conv2d_add_add_nn_relu |        0.017 |        6065.10 |     64 |
|   10 |                      vm_mod_fused_nn_conv2d_add_add_nn_relu_1 |        0.009 |       11016.84 |     64 |
|   11 | vm_mod_fused_nn_contrib_conv2d_winograd_without_weight_transform_add_nn_relu_3 |        0.047 |        3022.47 |     64 |
|   12 |                                  vm_mod_fused_nn_conv2d_add_2 |        0.029 |        7054.14 |     64 |
|   13 |                            vm_mod_fused_nn_conv2d_add_nn_relu |        0.018 |       13463.95 |     64 |
|   14 |                         vm_mod_fused_nn_conv2d_add_nn_relu_10 |        0.189 |        1224.82 |     64 |
|   15 |                          vm_mod_fused_nn_conv2d_add_nn_relu_7 |            - |              - |      0 |
|   16 | vm_mod_fused_nn_contrib_conv2d_winograd_without_weight_transform_add_nn_relu_1 |            - |              - |      0 |
|   17 |                          vm_mod_fused_nn_conv2d_add_nn_relu_3 |            - |              - |      0 |
|   18 |                           vm_mod_fused_nn_adaptive_avg_pool2d |            - |              - |      0 |
|   19 |                         vm_mod_fused_nn_conv2d_add_nn_relu_11 |            - |              - |      0 |
|   20 |                                  vm_mod_fused_nn_conv2d_add_1 |            - |              - |      0 |
|   21 |                          vm_mod_fused_nn_conv2d_add_nn_relu_6 |            - |              - |      0 |
|   22 |                          vm_mod_fused_nn_conv2d_add_nn_relu_2 |            - |              - |      0 |
|   23 | vm_mod_fused_nn_contrib_conv2d_winograd_without_weight_transform_add_nn_relu |            - |              - |      0 |
|   24 |                                    vm_mod_fused_nn_max_pool2d |            - |              - |      0 |
|   25 |                          vm_mod_fused_nn_conv2d_add_nn_relu_9 |            - |              - |      0 |
|   26 | vm_mod_fused_nn_contrib_conv2d_winograd_without_weight_transform_add_nn_relu_2 |            - |              - |      0 |
-----------------------------------------------------------------------------------------------------------------
Estimated total latency: - ms	Trials: 960	Used time : 2028 s	Next ID: 15	

Time elapsed for measurement: 30.55 s
----------------------------------------------------------------------
------------------------------  [ Train cost model ]
----------------------------------------------------------------------
Time elapsed for training: 0.00 s
----------------------------------------------------------------------
------------------------------  [ Task Scheduler ]
----------------------------------------------------------------------
----------------------------------------------------------------------
------------------------------  [ Search ]
----------------------------------------------------------------------
Generate Sketches		#s: 1
Sample Initial Population	#s: 51	fail_ct: 1997	Time elapsed: 16.91
GA Iter: 0	Max score: 0.9731	Min score: 0.0083	#Pop: 51	#M+: 0	#M-: 0
GA Iter: 4	Max score: 0.9999	Min score: 0.9799	#Pop: 128	#M+: 1388	#M-: 0
EvolutionarySearch		#s: 128	Time elapsed: 225.45
----------------------------------------------------------------------
------------------------------  [ Measure ]
----------------------------------------------------------------------
Get 64 programs to measure:
.........................................................|  ID  |                       Task Description                        | Latency (ms) | Speed (GFLOPS) | Trials |
-----------------------------------------------------------------------------------------------------------------
|    0 |                                    vm_mod_fused_nn_conv2d_add |        0.018 |        5750.35 |     64 |
|    1 |                          vm_mod_fused_nn_conv2d_add_nn_relu_5 |        0.020 |        5272.97 |     64 |
|    2 |                      vm_mod_fused_nn_conv2d_add_add_nn_relu_2 |        0.011 |        8990.69 |     64 |
|    3 |                          vm_mod_fused_nn_conv2d_add_nn_relu_1 |        0.006 |        4232.57 |     64 |
|    4 |                                     vm_mod_fused_nn_dense_add |        0.026 |         158.72 |     64 |
|    5 |                          vm_mod_fused_nn_conv2d_add_nn_relu_8 |        0.036 |        2845.86 |     64 |
|    6 |                                  vm_mod_fused_nn_conv2d_add_3 |        0.056 |        3685.32 |     64 |
|    7 |                      vm_mod_fused_nn_conv2d_add_add_nn_relu_3 |        0.013 |        7792.30 |     64 |
|    8 |                          vm_mod_fused_nn_conv2d_add_nn_relu_4 |        0.045 |        5150.88 |     64 |
|    9 |                        vm_mod_fused_nn_conv2d_add_add_nn_relu |        0.017 |        6065.10 |     64 |
|   10 |                      vm_mod_fused_nn_conv2d_add_add_nn_relu_1 |        0.009 |       11016.84 |     64 |
|   11 | vm_mod_fused_nn_contrib_conv2d_winograd_without_weight_transform_add_nn_relu_3 |        0.047 |        3022.47 |     64 |
|   12 |                                  vm_mod_fused_nn_conv2d_add_2 |        0.029 |        7054.14 |     64 |
|   13 |                            vm_mod_fused_nn_conv2d_add_nn_relu |        0.018 |       13463.95 |     64 |
|   14 |                         vm_mod_fused_nn_conv2d_add_nn_relu_10 |        0.189 |        1224.82 |     64 |
|   15 |                          vm_mod_fused_nn_conv2d_add_nn_relu_7 |        0.104 |        2228.10 |     64 |
|   16 | vm_mod_fused_nn_contrib_conv2d_winograd_without_weight_transform_add_nn_relu_1 |            - |              - |      0 |
|   17 |                          vm_mod_fused_nn_conv2d_add_nn_relu_3 |            - |              - |      0 |
|   18 |                           vm_mod_fused_nn_adaptive_avg_pool2d |            - |              - |      0 |
|   19 |                         vm_mod_fused_nn_conv2d_add_nn_relu_11 |            - |              - |      0 |
|   20 |                                  vm_mod_fused_nn_conv2d_add_1 |            - |              - |      0 |
|   21 |                          vm_mod_fused_nn_conv2d_add_nn_relu_6 |            - |              - |      0 |
|   22 |                          vm_mod_fused_nn_conv2d_add_nn_relu_2 |            - |              - |      0 |
|   23 | vm_mod_fused_nn_contrib_conv2d_winograd_without_weight_transform_add_nn_relu |            - |              - |      0 |
|   24 |                                    vm_mod_fused_nn_max_pool2d |            - |              - |      0 |
|   25 |                          vm_mod_fused_nn_conv2d_add_nn_relu_9 |            - |              - |      0 |
|   26 | vm_mod_fused_nn_contrib_conv2d_winograd_without_weight_transform_add_nn_relu_2 |            - |              - |      0 |
-----------------------------------------------------------------------------------------------------------------
Estimated total latency: - ms	Trials: 1024	Used time : 2175 s	Next ID: 16	
.T.T.T.T.T.T.T*********************************************************
Time elapsed for measurement: 32.88 s
----------------------------------------------------------------------
------------------------------  [ Train cost model ]
----------------------------------------------------------------------
Time elapsed for training: 0.00 s
----------------------------------------------------------------------
------------------------------  [ Task Scheduler ]
----------------------------------------------------------------------
----------------------------------------------------------------------
------------------------------  [ Search ]
----------------------------------------------------------------------
Generate Sketches		#s: 1
Sample Initial Population	#s: 59	fail_ct: 1989	Time elapsed: 7.13
GA Iter: 0	Max score: 0.9922	Min score: 0.0130	#Pop: 59	#M+: 0	#M-: 0
GA Iter: 4	Max score: 0.9999	Min score: 0.9798	#Pop: 128	#M+: 1410	#M-: 0
EvolutionarySearch		#s: 128	Time elapsed: 80.29
----------------------------------------------------------------------
------------------------------  [ Measure ]
----------------------------------------------------------------------
Get 64 programs to measure:
.............................................................|  ID  |                       Task Description                        | Latency (ms) | Speed (GFLOPS) | Trials |
-----------------------------------------------------------------------------------------------------------------
|    0 |                                    vm_mod_fused_nn_conv2d_add |        0.018 |        5750.35 |     64 |
|    1 |                          vm_mod_fused_nn_conv2d_add_nn_relu_5 |        0.020 |        5272.97 |     64 |
|    2 |                      vm_mod_fused_nn_conv2d_add_add_nn_relu_2 |        0.011 |        8990.69 |     64 |
|    3 |                          vm_mod_fused_nn_conv2d_add_nn_relu_1 |        0.006 |        4232.57 |     64 |
|    4 |                                     vm_mod_fused_nn_dense_add |        0.026 |         158.72 |     64 |
|    5 |                          vm_mod_fused_nn_conv2d_add_nn_relu_8 |        0.036 |        2845.86 |     64 |
|    6 |                                  vm_mod_fused_nn_conv2d_add_3 |        0.056 |        3685.32 |     64 |
|    7 |                      vm_mod_fused_nn_conv2d_add_add_nn_relu_3 |        0.013 |        7792.30 |     64 |
|    8 |                          vm_mod_fused_nn_conv2d_add_nn_relu_4 |        0.045 |        5150.88 |     64 |
|    9 |                        vm_mod_fused_nn_conv2d_add_add_nn_relu |        0.017 |        6065.10 |     64 |
|   10 |                      vm_mod_fused_nn_conv2d_add_add_nn_relu_1 |        0.009 |       11016.84 |     64 |
|   11 | vm_mod_fused_nn_contrib_conv2d_winograd_without_weight_transform_add_nn_relu_3 |        0.047 |        3022.47 |     64 |
|   12 |                                  vm_mod_fused_nn_conv2d_add_2 |        0.029 |        7054.14 |     64 |
|   13 |                            vm_mod_fused_nn_conv2d_add_nn_relu |        0.018 |       13463.95 |     64 |
|   14 |                         vm_mod_fused_nn_conv2d_add_nn_relu_10 |        0.189 |        1224.82 |     64 |
|   15 |                          vm_mod_fused_nn_conv2d_add_nn_relu_7 |        0.104 |        2228.10 |     64 |
|   16 | vm_mod_fused_nn_contrib_conv2d_winograd_without_weight_transform_add_nn_relu_1 |        0.066 |        1926.39 |     64 |
|   17 |                          vm_mod_fused_nn_conv2d_add_nn_relu_3 |            - |              - |      0 |
|   18 |                           vm_mod_fused_nn_adaptive_avg_pool2d |            - |              - |      0 |
|   19 |                         vm_mod_fused_nn_conv2d_add_nn_relu_11 |            - |              - |      0 |
|   20 |                                  vm_mod_fused_nn_conv2d_add_1 |            - |              - |      0 |
|   21 |                          vm_mod_fused_nn_conv2d_add_nn_relu_6 |            - |              - |      0 |
|   22 |                          vm_mod_fused_nn_conv2d_add_nn_relu_2 |            - |              - |      0 |
|   23 | vm_mod_fused_nn_contrib_conv2d_winograd_without_weight_transform_add_nn_relu |            - |              - |      0 |
|   24 |                                    vm_mod_fused_nn_max_pool2d |            - |              - |      0 |
|   25 |                          vm_mod_fused_nn_conv2d_add_nn_relu_9 |            - |              - |      0 |
|   26 | vm_mod_fused_nn_contrib_conv2d_winograd_without_weight_transform_add_nn_relu_2 |            - |              - |      0 |
-----------------------------------------------------------------------------------------------------------------
Estimated total latency: - ms	Trials: 1088	Used time : 2451 s	Next ID: 17	
.T.T.**************************************************************
Time elapsed for measurement: 35.97 s
----------------------------------------------------------------------
------------------------------  [ Train cost model ]
----------------------------------------------------------------------
Time elapsed for training: 3.13 s
----------------------------------------------------------------------
------------------------------  [ Task Scheduler ]
----------------------------------------------------------------------
----------------------------------------------------------------------
------------------------------  [ Search ]
----------------------------------------------------------------------
Generate Sketches		#s: 1
Sample Initial Population	#s: 244	fail_ct: 1804	Time elapsed: 3.10
GA Iter: 0	Max score: 0.9982	Min score: 0.4657	#Pop: 128	#M+: 0	#M-: 0
GA Iter: 4	Max score: 0.9999	Min score: 0.9685	#Pop: 128	#M+: 1391	#M-: 0
EvolutionarySearch		#s: 128	Time elapsed: 11.37
----------------------------------------------------------------------
------------------------------  [ Measure ]
----------------------------------------------------------------------
Get 64 programs to measure:
................................................................****************************************************************|  ID  |                       Task Description                        | Latency (ms) | Speed (GFLOPS) | Trials |
-----------------------------------------------------------------------------------------------------------------
|    0 |                                    vm_mod_fused_nn_conv2d_add |        0.018 |        5750.35 |     64 |
|    1 |                          vm_mod_fused_nn_conv2d_add_nn_relu_5 |        0.020 |        5272.97 |     64 |
|    2 |                      vm_mod_fused_nn_conv2d_add_add_nn_relu_2 |        0.011 |        8990.69 |     64 |
|    3 |                          vm_mod_fused_nn_conv2d_add_nn_relu_1 |        0.006 |        4232.57 |     64 |
|    4 |                                     vm_mod_fused_nn_dense_add |        0.026 |         158.72 |     64 |
|    5 |                          vm_mod_fused_nn_conv2d_add_nn_relu_8 |        0.036 |        2845.86 |     64 |
|    6 |                                  vm_mod_fused_nn_conv2d_add_3 |        0.056 |        3685.32 |     64 |
|    7 |                      vm_mod_fused_nn_conv2d_add_add_nn_relu_3 |        0.013 |        7792.30 |     64 |
|    8 |                          vm_mod_fused_nn_conv2d_add_nn_relu_4 |        0.045 |        5150.88 |     64 |
|    9 |                        vm_mod_fused_nn_conv2d_add_add_nn_relu |        0.017 |        6065.10 |     64 |
|   10 |                      vm_mod_fused_nn_conv2d_add_add_nn_relu_1 |        0.009 |       11016.84 |     64 |
|   11 | vm_mod_fused_nn_contrib_conv2d_winograd_without_weight_transform_add_nn_relu_3 |        0.047 |        3022.47 |     64 |
|   12 |                                  vm_mod_fused_nn_conv2d_add_2 |        0.029 |        7054.14 |     64 |
|   13 |                            vm_mod_fused_nn_conv2d_add_nn_relu |        0.018 |       13463.95 |     64 |
|   14 |                         vm_mod_fused_nn_conv2d_add_nn_relu_10 |        0.189 |        1224.82 |     64 |
|   15 |                          vm_mod_fused_nn_conv2d_add_nn_relu_7 |        0.104 |        2228.10 |     64 |
|   16 | vm_mod_fused_nn_contrib_conv2d_winograd_without_weight_transform_add_nn_relu_1 |        0.066 |        1926.39 |     64 |
|   17 |                          vm_mod_fused_nn_conv2d_add_nn_relu_3 |        0.033 |        6339.72 |     64 |
|   18 |                           vm_mod_fused_nn_adaptive_avg_pool2d |            - |              - |      0 |
|   19 |                         vm_mod_fused_nn_conv2d_add_nn_relu_11 |            - |              - |      0 |
|   20 |                                  vm_mod_fused_nn_conv2d_add_1 |            - |              - |      0 |
|   21 |                          vm_mod_fused_nn_conv2d_add_nn_relu_6 |            - |              - |      0 |
|   22 |                          vm_mod_fused_nn_conv2d_add_nn_relu_2 |            - |              - |      0 |
|   23 | vm_mod_fused_nn_contrib_conv2d_winograd_without_weight_transform_add_nn_relu |            - |              - |      0 |
|   24 |                                    vm_mod_fused_nn_max_pool2d |            - |              - |      0 |
|   25 |                          vm_mod_fused_nn_conv2d_add_nn_relu_9 |            - |              - |      0 |
|   26 | vm_mod_fused_nn_contrib_conv2d_winograd_without_weight_transform_add_nn_relu_2 |            - |              - |      0 |
-----------------------------------------------------------------------------------------------------------------
Estimated total latency: - ms	Trials: 1152	Used time : 2578 s	Next ID: 18	

Time elapsed for measurement: 20.76 s
----------------------------------------------------------------------
------------------------------  [ Train cost model ]
----------------------------------------------------------------------
Time elapsed for training: 0.00 s
----------------------------------------------------------------------
------------------------------  [ Task Scheduler ]
----------------------------------------------------------------------
----------------------------------------------------------------------
------------------------------  [ Search ]
----------------------------------------------------------------------
Generate Sketches		#s: 1
Sample Initial Population	#s: 66	fail_ct: 1982	Time elapsed: 5.63
GA Iter: 0	Max score: 0.9923	Min score: 0.0536	#Pop: 66	#M+: 0	#M-: 0
GA Iter: 4	Max score: 0.9999	Min score: 0.9815	#Pop: 128	#M+: 1392	#M-: 0
EvolutionarySearch		#s: 128	Time elapsed: 69.30
----------------------------------------------------------------------
------------------------------  [ Measure ]
----------------------------------------------------------------------
Get 64 programs to measure:
................................................................**Eterminate called after throwing an instance of 'tvm::runtime::InternalError'
  what():  [16:58:08] /data3/qsy/complier/tlm/src/runtime/cuda/cuda_module.cc:61: CUDAError: cuModuleUnload(module_[i]) failed with error: CUDA_ERROR_MISALIGNED_ADDRESS
Stack trace:
  0: tvm::runtime::SimpleObjAllocator::Handler<tvm::runtime::CUDAModuleNode>::Deleter_(tvm::runtime::Object*)
  1: tvm::runtime::SimpleObjAllocator::Handler<tvm::runtime::LibraryModuleNode>::Deleter_(tvm::runtime::Object*)
  2: _ZN3tvm7runtime18SimpleObjAllocator7HandlerINS0_16PackedFuncS
  3: _ZN3tvm7runtime18SimpleObjAllocator7HandlerINS0_16PackedFuncSubObjIZNS0_9profiling17WrapTimeE
  4: TVMObjectFree
  5: __pyx_tp_dealloc_3tvm_4_ffi_4_cy3_4core_PackedFuncBase(_object*)
  6: subtype_dealloc
        at /usr/local/src/conda/python-3.10.18/Objects/typeobject.c:1460
  7: _Py_DECREF
        at /usr/local/src/conda/python-3.10.18/Include/object.h:500
  8: _Py_XDECREF
        at /usr/local/src/conda/python-3.10.18/Include/object.h:567
  9: cell_dealloc
        at /usr/local/src/conda/python-3.10.18/Objects/cellobject.c:82
  10: _Py_Dealloc
        at /usr/local/src/conda/python-3.10.18/Objects/object.c:2301
  11: _Py_DECREF
        at /usr/local/src/conda/python-3.10.18/Include/object.h:500
  12: _Py_XDECREF
        at /usr/local/src/conda/python-3.10.18/Include/object.h:567
  13: tupledealloc
        at /usr/local/src/conda/python-3.10.18/Objects/tupleobject.c:276
  14: _Py_Dealloc
        at /usr/local/src/conda/python-3.10.18/Objects/object.c:2301
  15: _Py_DECREF
        at /usr/local/src/conda/python-3.10.18/Include/object.h:500
  16: func_clear
        at /usr/local/src/conda/python-3.10.18/Objects/funcobject.c:636
  17: func_dealloc
        at /usr/local/src/conda/python-3.10.18/Objects/funcobject.c:648
  18: _Py_Dealloc
        at /usr/local/src/conda/python-3.10.18/Objects/object.c:2301
  19: _Py_DECREF
        at /usr/local/src/conda/python-3.10.18/Include/object.h:500
  20: frame_dealloc
        at /usr/local/src/conda/python-3.10.18/Objects/frameobject.c:591
  21: _Py_Dealloc
        at /usr/local/src/conda/python-3.10.18/Objects/object.c:2301
  22: _Py_DECREF
        at /usr/local/src/conda/python-3.10.18/Include/object.h:500
  23: _PyEval_Vector
        at /usr/local/src/conda/python-3.10.18/Python/ceval.c:5080
  24: _PyFunction_Vectorcall
        at /usr/local/src/conda/python-3.10.18/Objects/call.c:342
  25: do_call_core
        at /usr/local/src/conda/python-3.10.18/Python/ceval.c:5945
  26: _PyEval_EvalFrameDefault
        at /usr/local/src/conda/python-3.10.18/Python/ceval.c:4277
  27: _PyEval_EvalFrame
        at /usr/local/src/conda/python-3.10.18/Include/internal/pycore_ceval.h:46
  28: _PyEval_Vector
        at /usr/local/src/conda/python-3.10.18/Python/ceval.c:5067
  29: _PyFunction_Vectorcall
        at /usr/local/src/conda/python-3.10.18/Objects/call.c:342
  30: _PyObject_VectorcallTstate
        at /usr/local/src/conda/python-3.10.18/Include/cpython/abstract.h:114
  31: PyObject_Vectorcall
        at /usr/local/src/conda/python-3.10.18/Include/cpython/abstract.h:123
  32: call_function
        at /usr/local/src/conda/python-3.10.18/Python/ceval.c:5893
  33: _PyEval_EvalFrameDefault
        at /usr/local/src/conda/python-3.10.18/Python/ceval.c:4213
  34: _PyEval_EvalFrame
        at /usr/local/src/conda/python-3.10.18/Include/internal/pycore_ceval.h:46
  35: _PyEval_Vector
        at /usr/local/src/conda/python-3.10.18/Python/ceval.c:5067
  36: PyEval_EvalCode
        at /usr/local/src/conda/python-3.10.18/Python/ceval.c:1134
  37: builtin_exec_impl
        at /usr/local/src/conda/python-3.10.18/Python/bltinmodule.c:1058
  38: builtin_exec
        at /usr/local/src/conda/python-3.10.18/Python/clinic/bltinmodule.c.h:371
  39: cfunction_vectorcall_FASTCALL
        at /usr/local/src/conda/python-3.10.18/Objects/methodobject.c:430
  40: _PyObject_VectorcallTstate
        at /usr/local/src/conda/python-3.10.18/Include/cpython/abstract.h:114
  41: PyObject_Vectorcall
        at /usr/local/src/conda/python-3.10.18/Include/cpython/abstract.h:123
  42: call_function
        at /usr/local/src/conda/python-3.10.18/Python/ceval.c:5893
  43: _PyEval_EvalFrameDefault
        at /usr/local/src/conda/python-3.10.18/Python/ceval.c:4213
  44: _PyEval_EvalFrame
        at /usr/local/src/conda/python-3.10.18/Include/internal/pycore_ceval.h:46
  45: _PyEval_Vector
        at /usr/local/src/conda/python-3.10.18/Python/ceval.c:5067
  46: _PyFunction_Vectorcall
        at /usr/local/src/conda/python-3.10.18/Objects/call.c:342
  47: _PyObject_VectorcallTstate
        at /usr/local/src/conda/python-3.10.18/Include/cpython/abstract.h:114
  48: PyObject_Vectorcall
        at /usr/local/src/conda/python-3.10.18/Include/cpython/abstract.h:123
  49: call_function
        at /usr/local/src/conda/python-3.10.18/Python/ceval.c:5893
  50: _PyEval_EvalFrameDefault
        at /usr/local/src/conda/python-3.10.18/Python/ceval.c:4213
  51: _PyEval_EvalFrame
        at /usr/local/src/conda/python-3.10.18/Include/internal/pycore_ceval.h:46
  52: _PyEval_Vector
        at /usr/local/src/conda/python-3.10.18/Python/ceval.c:5067
  53: _PyFunction_Vectorcall
        at /usr/local/src/conda/python-3.10.18/Objects/call.c:342
  54: pymain_run_module
        at /usr/local/src/conda/python-3.10.18/Modules/main.c:297
  55: pymain_run_python
        at /usr/local/src/conda/python-3.10.18/Modules/main.c:589
  56: Py_RunMain
        at /usr/local/src/conda/python-3.10.18/Modules/main.c:674
  57: Py_BytesMain
        at /usr/local/src/conda/python-3.10.18/Modules/main.c:1094
  58: __libc_start_main
        at ../csu/libc-start.c:308
  59: 0x000000000058728d
  60: 0xffffffffffffffff


|  ID  |                       Task Description                        | Latency (ms) | Speed (GFLOPS) | Trials |
-----------------------------------------------------------------------------------------------------------------
|    0 |                                    vm_mod_fused_nn_conv2d_add |        0.018 |        5750.35 |     64 |
|    1 |                          vm_mod_fused_nn_conv2d_add_nn_relu_5 |        0.020 |        5272.97 |     64 |
|    2 |                      vm_mod_fused_nn_conv2d_add_add_nn_relu_2 |        0.011 |        8990.69 |     64 |
|    3 |                          vm_mod_fused_nn_conv2d_add_nn_relu_1 |        0.006 |        4232.57 |     64 |
|    4 |                                     vm_mod_fused_nn_dense_add |        0.026 |         158.72 |     64 |
|    5 |                          vm_mod_fused_nn_conv2d_add_nn_relu_8 |        0.036 |        2845.86 |     64 |
|    6 |                                  vm_mod_fused_nn_conv2d_add_3 |        0.056 |        3685.32 |     64 |
|    7 |                      vm_mod_fused_nn_conv2d_add_add_nn_relu_3 |        0.013 |        7792.30 |     64 |
|    8 |                          vm_mod_fused_nn_conv2d_add_nn_relu_4 |        0.045 |        5150.88 |     64 |
|    9 |                        vm_mod_fused_nn_conv2d_add_add_nn_relu |        0.017 |        6065.10 |     64 |
|   10 |                      vm_mod_fused_nn_conv2d_add_add_nn_relu_1 |        0.009 |       11016.84 |     64 |
|   11 | vm_mod_fused_nn_contrib_conv2d_winograd_without_weight_transform_add_nn_relu_3 |        0.047 |        3022.47 |     64 |
|   12 |                                  vm_mod_fused_nn_conv2d_add_2 |        0.029 |        7054.14 |     64 |
|   13 |                            vm_mod_fused_nn_conv2d_add_nn_relu |        0.018 |       13463.95 |     64 |
|   14 |                         vm_mod_fused_nn_conv2d_add_nn_relu_10 |        0.189 |        1224.82 |     64 |
|   15 |                          vm_mod_fused_nn_conv2d_add_nn_relu_7 |        0.104 |        2228.10 |     64 |
|   16 | vm_mod_fused_nn_contrib_conv2d_winograd_without_weight_transform_add_nn_relu_1 |        0.066 |        1926.39 |     64 |
|   17 |                          vm_mod_fused_nn_conv2d_add_nn_relu_3 |        0.033 |        6339.72 |     64 |
|   18 |                           vm_mod_fused_nn_adaptive_avg_pool2d |        0.005 |          -0.00 |     64 |
|   19 |                         vm_mod_fused_nn_conv2d_add_nn_relu_11 |            - |              - |      0 |
|   20 |                                  vm_mod_fused_nn_conv2d_add_1 |            - |              - |      0 |
|   21 |                          vm_mod_fused_nn_conv2d_add_nn_relu_6 |            - |              - |      0 |
|   22 |                          vm_mod_fused_nn_conv2d_add_nn_relu_2 |            - |              - |      0 |
|   23 | vm_mod_fused_nn_contrib_conv2d_winograd_without_weight_transform_add_nn_relu |            - |              - |      0 |
|   24 |                                    vm_mod_fused_nn_max_pool2d |            - |              - |      0 |
|   25 |                          vm_mod_fused_nn_conv2d_add_nn_relu_9 |            - |              - |      0 |
|   26 | vm_mod_fused_nn_contrib_conv2d_winograd_without_weight_transform_add_nn_relu_2 |            - |              - |      0 |
-----------------------------------------------------------------------------------------------------------------
Estimated total latency: - ms	Trials: 1216	Used time : 2613 s	Next ID: 19	
*E***********************Eterminate called after throwing an instance of 'tvm::runtime::InternalError'
  what():  [16:58:15] /data3/qsy/complier/tlm/src/runtime/cuda/cuda_module.cc:61: CUDAError: cuModuleUnload(module_[i]) failed with error: CUDA_ERROR_MISALIGNED_ADDRESS
Stack trace:
  0: tvm::runtime::SimpleObjAllocator::Handler<tvm::runtime::CUDAModuleNode>::Deleter_(tvm::runtime::Object*)
  1: tvm::runtime::SimpleObjAllocator::Handler<tvm::runtime::LibraryModuleNode>::Deleter_(tvm::runtime::Object*)
  2: _ZN3tvm7runtime18SimpleObjAllocator7HandlerINS0_16PackedFuncS
  3: _ZN3tvm7runtime18SimpleObjAllocator7HandlerINS0_16PackedFuncSubObjIZNS0_9profiling17WrapTimeE
  4: TVMObjectFree
  5: __pyx_tp_dealloc_3tvm_4_ffi_4_cy3_4core_PackedFuncBase(_object*)
  6: subtype_dealloc
        at /usr/local/src/conda/python-3.10.18/Objects/typeobject.c:1460
  7: _Py_DECREF
        at /usr/local/src/conda/python-3.10.18/Include/object.h:500
  8: _Py_XDECREF
        at /usr/local/src/conda/python-3.10.18/Include/object.h:567
  9: cell_dealloc
        at /usr/local/src/conda/python-3.10.18/Objects/cellobject.c:82
  10: _Py_Dealloc
        at /usr/local/src/conda/python-3.10.18/Objects/object.c:2301
  11: _Py_DECREF
        at /usr/local/src/conda/python-3.10.18/Include/object.h:500
  12: _Py_XDECREF
        at /usr/local/src/conda/python-3.10.18/Include/object.h:567
  13: tupledealloc
        at /usr/local/src/conda/python-3.10.18/Objects/tupleobject.c:276
  14: _Py_Dealloc
        at /usr/local/src/conda/python-3.10.18/Objects/object.c:2301
  15: _Py_DECREF
        at /usr/local/src/conda/python-3.10.18/Include/object.h:500
  16: func_clear
        at /usr/local/src/conda/python-3.10.18/Objects/funcobject.c:636
  17: func_dealloc
        at /usr/local/src/conda/python-3.10.18/Objects/funcobject.c:648
  18: _Py_Dealloc
        at /usr/local/src/conda/python-3.10.18/Objects/object.c:2301
  19: _Py_DECREF
        at /usr/local/src/conda/python-3.10.18/Include/object.h:500
  20: frame_dealloc
        at /usr/local/src/conda/python-3.10.18/Objects/frameobject.c:591
  21: _Py_Dealloc
        at /usr/local/src/conda/python-3.10.18/Objects/object.c:2301
  22: _Py_DECREF
        at /usr/local/src/conda/python-3.10.18/Include/object.h:500
  23: _PyEval_Vector
        at /usr/local/src/conda/python-3.10.18/Python/ceval.c:5080
  24: _PyFunction_Vectorcall
        at /usr/local/src/conda/python-3.10.18/Objects/call.c:342
  25: do_call_core
        at /usr/local/src/conda/python-3.10.18/Python/ceval.c:5945
  26: _PyEval_EvalFrameDefault
        at /usr/local/src/conda/python-3.10.18/Python/ceval.c:4277
  27: _PyEval_EvalFrame
        at /usr/local/src/conda/python-3.10.18/Include/internal/pycore_ceval.h:46
  28: _PyEval_Vector
        at /usr/local/src/conda/python-3.10.18/Python/ceval.c:5067
  29: _PyFunction_Vectorcall
        at /usr/local/src/conda/python-3.10.18/Objects/call.c:342
  30: _PyObject_VectorcallTstate
        at /usr/local/src/conda/python-3.10.18/Include/cpython/abstract.h:114
  31: PyObject_Vectorcall
        at /usr/local/src/conda/python-3.10.18/Include/cpython/abstract.h:123
  32: call_function
        at /usr/local/src/conda/python-3.10.18/Python/ceval.c:5893
  33: _PyEval_EvalFrameDefault
        at /usr/local/src/conda/python-3.10.18/Python/ceval.c:4213
  34: _PyEval_EvalFrame
        at /usr/local/src/conda/python-3.10.18/Include/internal/pycore_ceval.h:46
  35: _PyEval_Vector
        at /usr/local/src/conda/python-3.10.18/Python/ceval.c:5067
  36: PyEval_EvalCode
        at /usr/local/src/conda/python-3.10.18/Python/ceval.c:1134
  37: builtin_exec_impl
        at /usr/local/src/conda/python-3.10.18/Python/bltinmodule.c:1058
  38: builtin_exec
        at /usr/local/src/conda/python-3.10.18/Python/clinic/bltinmodule.c.h:371
  39: cfunction_vectorcall_FASTCALL
        at /usr/local/src/conda/python-3.10.18/Objects/methodobject.c:430
  40: _PyObject_VectorcallTstate
        at /usr/local/src/conda/python-3.10.18/Include/cpython/abstract.h:114
  41: PyObject_Vectorcall
        at /usr/local/src/conda/python-3.10.18/Include/cpython/abstract.h:123
  42: call_function
        at /usr/local/src/conda/python-3.10.18/Python/ceval.c:5893
  43: _PyEval_EvalFrameDefault
        at /usr/local/src/conda/python-3.10.18/Python/ceval.c:4213
  44: _PyEval_EvalFrame
        at /usr/local/src/conda/python-3.10.18/Include/internal/pycore_ceval.h:46
  45: _PyEval_Vector
        at /usr/local/src/conda/python-3.10.18/Python/ceval.c:5067
  46: _PyFunction_Vectorcall
        at /usr/local/src/conda/python-3.10.18/Objects/call.c:342
  47: _PyObject_VectorcallTstate
        at /usr/local/src/conda/python-3.10.18/Include/cpython/abstract.h:114
  48: PyObject_Vectorcall
        at /usr/local/src/conda/python-3.10.18/Include/cpython/abstract.h:123
  49: call_function
        at /usr/local/src/conda/python-3.10.18/Python/ceval.c:5893
  50: _PyEval_EvalFrameDefault
        at /usr/local/src/conda/python-3.10.18/Python/ceval.c:4213
  51: _PyEval_EvalFrame
        at /usr/local/src/conda/python-3.10.18/Include/internal/pycore_ceval.h:46
  52: _PyEval_Vector
        at /usr/local/src/conda/python-3.10.18/Python/ceval.c:5067
  53: _PyFunction_Vectorcall
        at /usr/local/src/conda/python-3.10.18/Objects/call.c:342
  54: pymain_run_module
        at /usr/local/src/conda/python-3.10.18/Modules/main.c:297
  55: pymain_run_python
        at /usr/local/src/conda/python-3.10.18/Modules/main.c:589
  56: Py_RunMain
        at /usr/local/src/conda/python-3.10.18/Modules/main.c:674
  57: Py_BytesMain
        at /usr/local/src/conda/python-3.10.18/Modules/main.c:1094
  58: __libc_start_main
        at ../csu/libc-start.c:308
  59: 0x000000000058728d
  60: 0xffffffffffffffff


*E***************************************
Time elapsed for measurement: 36.59 s
----------------------------------------------------------------------
------------------------------  [ Train cost model ]
----------------------------------------------------------------------
Time elapsed for training: 0.00 s
----------------------------------------------------------------------
------------------------------  [ Task Scheduler ]
----------------------------------------------------------------------
----------------------------------------------------------------------
------------------------------  [ Search ]
----------------------------------------------------------------------
Generate Sketches		#s: 1
Sample Initial Population	#s: 55	fail_ct: 1993	Time elapsed: 7.34
GA Iter: 0	Max score: 0.9900	Min score: 0.0241	#Pop: 55	#M+: 0	#M-: 0
GA Iter: 4	Max score: 1.0000	Min score: 0.9803	#Pop: 128	#M+: 1397	#M-: 0
EvolutionarySearch		#s: 128	Time elapsed: 83.42
----------------------------------------------------------------------
------------------------------  [ Measure ]
----------------------------------------------------------------------
Get 64 programs to measure:
.............................................................|  ID  |                       Task Description                        | Latency (ms) | Speed (GFLOPS) | Trials |
-----------------------------------------------------------------------------------------------------------------
|    0 |                                    vm_mod_fused_nn_conv2d_add |        0.018 |        5750.35 |     64 |
|    1 |                          vm_mod_fused_nn_conv2d_add_nn_relu_5 |        0.020 |        5272.97 |     64 |
|    2 |                      vm_mod_fused_nn_conv2d_add_add_nn_relu_2 |        0.011 |        8990.69 |     64 |
|    3 |                          vm_mod_fused_nn_conv2d_add_nn_relu_1 |        0.006 |        4232.57 |     64 |
|    4 |                                     vm_mod_fused_nn_dense_add |        0.026 |         158.72 |     64 |
|    5 |                          vm_mod_fused_nn_conv2d_add_nn_relu_8 |        0.036 |        2845.86 |     64 |
|    6 |                                  vm_mod_fused_nn_conv2d_add_3 |        0.056 |        3685.32 |     64 |
|    7 |                      vm_mod_fused_nn_conv2d_add_add_nn_relu_3 |        0.013 |        7792.30 |     64 |
|    8 |                          vm_mod_fused_nn_conv2d_add_nn_relu_4 |        0.045 |        5150.88 |     64 |
|    9 |                        vm_mod_fused_nn_conv2d_add_add_nn_relu |        0.017 |        6065.10 |     64 |
|   10 |                      vm_mod_fused_nn_conv2d_add_add_nn_relu_1 |        0.009 |       11016.84 |     64 |
|   11 | vm_mod_fused_nn_contrib_conv2d_winograd_without_weight_transform_add_nn_relu_3 |        0.047 |        3022.47 |     64 |
|   12 |                                  vm_mod_fused_nn_conv2d_add_2 |        0.029 |        7054.14 |     64 |
|   13 |                            vm_mod_fused_nn_conv2d_add_nn_relu |        0.018 |       13463.95 |     64 |
|   14 |                         vm_mod_fused_nn_conv2d_add_nn_relu_10 |        0.189 |        1224.82 |     64 |
|   15 |                          vm_mod_fused_nn_conv2d_add_nn_relu_7 |        0.104 |        2228.10 |     64 |
|   16 | vm_mod_fused_nn_contrib_conv2d_winograd_without_weight_transform_add_nn_relu_1 |        0.066 |        1926.39 |     64 |
|   17 |                          vm_mod_fused_nn_conv2d_add_nn_relu_3 |        0.033 |        6339.72 |     64 |
|   18 |                           vm_mod_fused_nn_adaptive_avg_pool2d |        0.005 |          -0.00 |     64 |
|   19 |                         vm_mod_fused_nn_conv2d_add_nn_relu_11 |        0.070 |        1469.74 |     64 |
|   20 |                                  vm_mod_fused_nn_conv2d_add_1 |            - |              - |      0 |
|   21 |                          vm_mod_fused_nn_conv2d_add_nn_relu_6 |            - |              - |      0 |
|   22 |                          vm_mod_fused_nn_conv2d_add_nn_relu_2 |            - |              - |      0 |
|   23 | vm_mod_fused_nn_contrib_conv2d_winograd_without_weight_transform_add_nn_relu |            - |              - |      0 |
|   24 |                                    vm_mod_fused_nn_max_pool2d |            - |              - |      0 |
|   25 |                          vm_mod_fused_nn_conv2d_add_nn_relu_9 |            - |              - |      0 |
|   26 | vm_mod_fused_nn_contrib_conv2d_winograd_without_weight_transform_add_nn_relu_2 |            - |              - |      0 |
-----------------------------------------------------------------------------------------------------------------
Estimated total latency: - ms	Trials: 1280	Used time : 2725 s	Next ID: 20	
.T.T.T********Eterminate called after throwing an instance of 'tvm::runtime::InternalError'
  what():  [17:00:18] /data3/qsy/complier/tlm/src/runtime/cuda/cuda_module.cc:61: CUDAError: cuModuleUnload(module_[i]) failed with error: CUDA_ERROR_MISALIGNED_ADDRESS
Stack trace:
  0: tvm::runtime::SimpleObjAllocator::Handler<tvm::runtime::CUDAModuleNode>::Deleter_(tvm::runtime::Object*)
  1: tvm::runtime::SimpleObjAllocator::Handler<tvm::runtime::LibraryModuleNode>::Deleter_(tvm::runtime::Object*)
  2: _ZN3tvm7runtime18SimpleObjAllocator7HandlerINS0_16PackedFuncS
  3: _ZN3tvm7runtime18SimpleObjAllocator7HandlerINS0_16PackedFuncSubObjIZNS0_9profiling17WrapTimeE
  4: TVMObjectFree
  5: __pyx_tp_dealloc_3tvm_4_ffi_4_cy3_4core_PackedFuncBase(_object*)
  6: subtype_dealloc
        at /usr/local/src/conda/python-3.10.18/Objects/typeobject.c:1460
  7: _Py_DECREF
        at /usr/local/src/conda/python-3.10.18/Include/object.h:500
  8: _Py_XDECREF
        at /usr/local/src/conda/python-3.10.18/Include/object.h:567
  9: cell_dealloc
        at /usr/local/src/conda/python-3.10.18/Objects/cellobject.c:82
  10: _Py_Dealloc
        at /usr/local/src/conda/python-3.10.18/Objects/object.c:2301
  11: _Py_DECREF
        at /usr/local/src/conda/python-3.10.18/Include/object.h:500
  12: _Py_XDECREF
        at /usr/local/src/conda/python-3.10.18/Include/object.h:567
  13: tupledealloc
        at /usr/local/src/conda/python-3.10.18/Objects/tupleobject.c:276
  14: _Py_Dealloc
        at /usr/local/src/conda/python-3.10.18/Objects/object.c:2301
  15: _Py_DECREF
        at /usr/local/src/conda/python-3.10.18/Include/object.h:500
  16: func_clear
        at /usr/local/src/conda/python-3.10.18/Objects/funcobject.c:636
  17: func_dealloc
        at /usr/local/src/conda/python-3.10.18/Objects/funcobject.c:648
  18: _Py_Dealloc
        at /usr/local/src/conda/python-3.10.18/Objects/object.c:2301
  19: _Py_DECREF
        at /usr/local/src/conda/python-3.10.18/Include/object.h:500
  20: frame_dealloc
        at /usr/local/src/conda/python-3.10.18/Objects/frameobject.c:591
  21: _Py_Dealloc
        at /usr/local/src/conda/python-3.10.18/Objects/object.c:2301
  22: _Py_DECREF
        at /usr/local/src/conda/python-3.10.18/Include/object.h:500
  23: _PyEval_Vector
        at /usr/local/src/conda/python-3.10.18/Python/ceval.c:5080
  24: _PyFunction_Vectorcall
        at /usr/local/src/conda/python-3.10.18/Objects/call.c:342
  25: do_call_core
        at /usr/local/src/conda/python-3.10.18/Python/ceval.c:5945
  26: _PyEval_EvalFrameDefault
        at /usr/local/src/conda/python-3.10.18/Python/ceval.c:4277
  27: _PyEval_EvalFrame
        at /usr/local/src/conda/python-3.10.18/Include/internal/pycore_ceval.h:46
  28: _PyEval_Vector
        at /usr/local/src/conda/python-3.10.18/Python/ceval.c:5067
  29: _PyFunction_Vectorcall
        at /usr/local/src/conda/python-3.10.18/Objects/call.c:342
  30: _PyObject_VectorcallTstate
        at /usr/local/src/conda/python-3.10.18/Include/cpython/abstract.h:114
  31: PyObject_Vectorcall
        at /usr/local/src/conda/python-3.10.18/Include/cpython/abstract.h:123
  32: call_function
        at /usr/local/src/conda/python-3.10.18/Python/ceval.c:5893
  33: _PyEval_EvalFrameDefault
        at /usr/local/src/conda/python-3.10.18/Python/ceval.c:4213
  34: _PyEval_EvalFrame
        at /usr/local/src/conda/python-3.10.18/Include/internal/pycore_ceval.h:46
  35: _PyEval_Vector
        at /usr/local/src/conda/python-3.10.18/Python/ceval.c:5067
  36: PyEval_EvalCode
        at /usr/local/src/conda/python-3.10.18/Python/ceval.c:1134
  37: builtin_exec_impl
        at /usr/local/src/conda/python-3.10.18/Python/bltinmodule.c:1058
  38: builtin_exec
        at /usr/local/src/conda/python-3.10.18/Python/clinic/bltinmodule.c.h:371
  39: cfunction_vectorcall_FASTCALL
        at /usr/local/src/conda/python-3.10.18/Objects/methodobject.c:430
  40: _PyObject_VectorcallTstate
        at /usr/local/src/conda/python-3.10.18/Include/cpython/abstract.h:114
  41: PyObject_Vectorcall
        at /usr/local/src/conda/python-3.10.18/Include/cpython/abstract.h:123
  42: call_function
        at /usr/local/src/conda/python-3.10.18/Python/ceval.c:5893
  43: _PyEval_EvalFrameDefault
        at /usr/local/src/conda/python-3.10.18/Python/ceval.c:4213
  44: _PyEval_EvalFrame
        at /usr/local/src/conda/python-3.10.18/Include/internal/pycore_ceval.h:46
  45: _PyEval_Vector
        at /usr/local/src/conda/python-3.10.18/Python/ceval.c:5067
  46: _PyFunction_Vectorcall
        at /usr/local/src/conda/python-3.10.18/Objects/call.c:342
  47: _PyObject_VectorcallTstate
        at /usr/local/src/conda/python-3.10.18/Include/cpython/abstract.h:114
  48: PyObject_Vectorcall
        at /usr/local/src/conda/python-3.10.18/Include/cpython/abstract.h:123
  49: call_function
        at /usr/local/src/conda/python-3.10.18/Python/ceval.c:5893
  50: _PyEval_EvalFrameDefault
        at /usr/local/src/conda/python-3.10.18/Python/ceval.c:4213
  51: _PyEval_EvalFrame
        at /usr/local/src/conda/python-3.10.18/Include/internal/pycore_ceval.h:46
  52: _PyEval_Vector
        at /usr/local/src/conda/python-3.10.18/Python/ceval.c:5067
  53: _PyFunction_Vectorcall
        at /usr/local/src/conda/python-3.10.18/Objects/call.c:342
  54: pymain_run_module
        at /usr/local/src/conda/python-3.10.18/Modules/main.c:297
  55: pymain_run_python
        at /usr/local/src/conda/python-3.10.18/Modules/main.c:589
  56: Py_RunMain
        at /usr/local/src/conda/python-3.10.18/Modules/main.c:674
  57: Py_BytesMain
        at /usr/local/src/conda/python-3.10.18/Modules/main.c:1094
  58: __libc_start_main
        at ../csu/libc-start.c:308
  59: 0x000000000058728d
  60: 0xffffffffffffffff


*E****E******************************************E*******
Time elapsed for measurement: 35.99 s
----------------------------------------------------------------------
------------------------------  [ Train cost model ]
----------------------------------------------------------------------
Time elapsed for training: 0.00 s
----------------------------------------------------------------------
------------------------------  [ Task Scheduler ]
----------------------------------------------------------------------
----------------------------------------------------------------------
------------------------------  [ Search ]
----------------------------------------------------------------------
Generate Sketches		#s: 1
Sample Initial Population	#s: 66	fail_ct: 1982	Time elapsed: 6.56
GA Iter: 0	Max score: 0.9923	Min score: 0.0046	#Pop: 66	#M+: 0	#M-: 0
GA Iter: 4	Max score: 1.0000	Min score: 0.9802	#Pop: 128	#M+: 1401	#M-: 0
EvolutionarySearch		#s: 128	Time elapsed: 76.28
----------------------------------------------------------------------
------------------------------  [ Measure ]
----------------------------------------------------------------------
Get 64 programs to measure:
..............................................................|  ID  |                       Task Description                        | Latency (ms) | Speed (GFLOPS) | Trials |
-----------------------------------------------------------------------------------------------------------------
|    0 |                                    vm_mod_fused_nn_conv2d_add |        0.018 |        5750.35 |     64 |
|    1 |                          vm_mod_fused_nn_conv2d_add_nn_relu_5 |        0.020 |        5272.97 |     64 |
|    2 |                      vm_mod_fused_nn_conv2d_add_add_nn_relu_2 |        0.011 |        8990.69 |     64 |
|    3 |                          vm_mod_fused_nn_conv2d_add_nn_relu_1 |        0.006 |        4232.57 |     64 |
|    4 |                                     vm_mod_fused_nn_dense_add |        0.026 |         158.72 |     64 |
|    5 |                          vm_mod_fused_nn_conv2d_add_nn_relu_8 |        0.036 |        2845.86 |     64 |
|    6 |                                  vm_mod_fused_nn_conv2d_add_3 |        0.056 |        3685.32 |     64 |
|    7 |                      vm_mod_fused_nn_conv2d_add_add_nn_relu_3 |        0.013 |        7792.30 |     64 |
|    8 |                          vm_mod_fused_nn_conv2d_add_nn_relu_4 |        0.045 |        5150.88 |     64 |
|    9 |                        vm_mod_fused_nn_conv2d_add_add_nn_relu |        0.017 |        6065.10 |     64 |
|   10 |                      vm_mod_fused_nn_conv2d_add_add_nn_relu_1 |        0.009 |       11016.84 |     64 |
|   11 | vm_mod_fused_nn_contrib_conv2d_winograd_without_weight_transform_add_nn_relu_3 |        0.047 |        3022.47 |     64 |
|   12 |                                  vm_mod_fused_nn_conv2d_add_2 |        0.029 |        7054.14 |     64 |
|   13 |                            vm_mod_fused_nn_conv2d_add_nn_relu |        0.018 |       13463.95 |     64 |
|   14 |                         vm_mod_fused_nn_conv2d_add_nn_relu_10 |        0.189 |        1224.82 |     64 |
|   15 |                          vm_mod_fused_nn_conv2d_add_nn_relu_7 |        0.104 |        2228.10 |     64 |
|   16 | vm_mod_fused_nn_contrib_conv2d_winograd_without_weight_transform_add_nn_relu_1 |        0.066 |        1926.39 |     64 |
|   17 |                          vm_mod_fused_nn_conv2d_add_nn_relu_3 |        0.033 |        6339.72 |     64 |
|   18 |                           vm_mod_fused_nn_adaptive_avg_pool2d |        0.005 |          -0.00 |     64 |
|   19 |                         vm_mod_fused_nn_conv2d_add_nn_relu_11 |        0.070 |        1469.74 |     64 |
|   20 |                                  vm_mod_fused_nn_conv2d_add_1 |        0.029 |        7110.61 |     64 |
|   21 |                          vm_mod_fused_nn_conv2d_add_nn_relu_6 |            - |              - |      0 |
|   22 |                          vm_mod_fused_nn_conv2d_add_nn_relu_2 |            - |              - |      0 |
|   23 | vm_mod_fused_nn_contrib_conv2d_winograd_without_weight_transform_add_nn_relu |            - |              - |      0 |
|   24 |                                    vm_mod_fused_nn_max_pool2d |            - |              - |      0 |
|   25 |                          vm_mod_fused_nn_conv2d_add_nn_relu_9 |            - |              - |      0 |
|   26 | vm_mod_fused_nn_contrib_conv2d_winograd_without_weight_transform_add_nn_relu_2 |            - |              - |      0 |
-----------------------------------------------------------------------------------------------------------------
Estimated total latency: - ms	Trials: 1344	Used time : 2852 s	Next ID: 21	
.T.T****************E************************************E**********
Time elapsed for measurement: 45.92 s
----------------------------------------------------------------------
------------------------------  [ Train cost model ]
----------------------------------------------------------------------
Time elapsed for training: 1.96 s
----------------------------------------------------------------------
------------------------------  [ Task Scheduler ]
----------------------------------------------------------------------
----------------------------------------------------------------------
------------------------------  [ Search ]
----------------------------------------------------------------------
Generate Sketches		#s: 1
Sample Initial Population	#s: 57	fail_ct: 1991	Time elapsed: 6.81
GA Iter: 0	Max score: 0.9241	Min score: 0.0122	#Pop: 57	#M+: 0	#M-: 0
GA Iter: 4	Max score: 0.9998	Min score: 0.9791	#Pop: 128	#M+: 1392	#M-: 0
EvolutionarySearch		#s: 128	Time elapsed: 78.13
----------------------------------------------------------------------
------------------------------  [ Measure ]
----------------------------------------------------------------------
Get 64 programs to measure:
............................................................|  ID  |                       Task Description                        | Latency (ms) | Speed (GFLOPS) | Trials |
-----------------------------------------------------------------------------------------------------------------
|    0 |                                    vm_mod_fused_nn_conv2d_add |        0.018 |        5750.35 |     64 |
|    1 |                          vm_mod_fused_nn_conv2d_add_nn_relu_5 |        0.020 |        5272.97 |     64 |
|    2 |                      vm_mod_fused_nn_conv2d_add_add_nn_relu_2 |        0.011 |        8990.69 |     64 |
|    3 |                          vm_mod_fused_nn_conv2d_add_nn_relu_1 |        0.006 |        4232.57 |     64 |
|    4 |                                     vm_mod_fused_nn_dense_add |        0.026 |         158.72 |     64 |
|    5 |                          vm_mod_fused_nn_conv2d_add_nn_relu_8 |        0.036 |        2845.86 |     64 |
|    6 |                                  vm_mod_fused_nn_conv2d_add_3 |        0.056 |        3685.32 |     64 |
|    7 |                      vm_mod_fused_nn_conv2d_add_add_nn_relu_3 |        0.013 |        7792.30 |     64 |
|    8 |                          vm_mod_fused_nn_conv2d_add_nn_relu_4 |        0.045 |        5150.88 |     64 |
|    9 |                        vm_mod_fused_nn_conv2d_add_add_nn_relu |        0.017 |        6065.10 |     64 |
|   10 |                      vm_mod_fused_nn_conv2d_add_add_nn_relu_1 |        0.009 |       11016.84 |     64 |
|   11 | vm_mod_fused_nn_contrib_conv2d_winograd_without_weight_transform_add_nn_relu_3 |        0.047 |        3022.47 |     64 |
|   12 |                                  vm_mod_fused_nn_conv2d_add_2 |        0.029 |        7054.14 |     64 |
|   13 |                            vm_mod_fused_nn_conv2d_add_nn_relu |        0.018 |       13463.95 |     64 |
|   14 |                         vm_mod_fused_nn_conv2d_add_nn_relu_10 |        0.189 |        1224.82 |     64 |
|   15 |                          vm_mod_fused_nn_conv2d_add_nn_relu_7 |        0.104 |        2228.10 |     64 |
|   16 | vm_mod_fused_nn_contrib_conv2d_winograd_without_weight_transform_add_nn_relu_1 |        0.066 |        1926.39 |     64 |
|   17 |                          vm_mod_fused_nn_conv2d_add_nn_relu_3 |        0.033 |        6339.72 |     64 |
|   18 |                           vm_mod_fused_nn_adaptive_avg_pool2d |        0.005 |          -0.00 |     64 |
|   19 |                         vm_mod_fused_nn_conv2d_add_nn_relu_11 |        0.070 |        1469.74 |     64 |
|   20 |                                  vm_mod_fused_nn_conv2d_add_1 |        0.029 |        7110.61 |     64 |
|   21 |                          vm_mod_fused_nn_conv2d_add_nn_relu_6 |        0.033 |        6226.64 |     64 |
|   22 |                          vm_mod_fused_nn_conv2d_add_nn_relu_2 |            - |              - |      0 |
|   23 | vm_mod_fused_nn_contrib_conv2d_winograd_without_weight_transform_add_nn_relu |            - |              - |      0 |
|   24 |                                    vm_mod_fused_nn_max_pool2d |            - |              - |      0 |
|   25 |                          vm_mod_fused_nn_conv2d_add_nn_relu_9 |            - |              - |      0 |
|   26 | vm_mod_fused_nn_contrib_conv2d_winograd_without_weight_transform_add_nn_relu_2 |            - |              - |      0 |
-----------------------------------------------------------------------------------------------------------------
Estimated total latency: - ms	Trials: 1408	Used time : 2983 s	Next ID: 22	
.T.T.T.T************************************************************
Time elapsed for measurement: 32.99 s
----------------------------------------------------------------------
------------------------------  [ Train cost model ]
----------------------------------------------------------------------
Time elapsed for training: 0.00 s
----------------------------------------------------------------------
------------------------------  [ Task Scheduler ]
----------------------------------------------------------------------
----------------------------------------------------------------------
------------------------------  [ Search ]
----------------------------------------------------------------------
Generate Sketches		#s: 1
Sample Initial Population	#s: 87	fail_ct: 4009	Time elapsed: 32.07
GA Iter: 0	Max score: 0.9960	Min score: 0.0095	#Pop: 87	#M+: 0	#M-: 0
GA Iter: 4	Max score: 0.9998	Min score: 0.9793	#Pop: 128	#M+: 1389	#M-: 0
EvolutionarySearch		#s: 128	Time elapsed: 227.83
----------------------------------------------------------------------
------------------------------  [ Measure ]
----------------------------------------------------------------------
Get 64 programs to measure:
...........................................................|  ID  |                       Task Description                        | Latency (ms) | Speed (GFLOPS) | Trials |
-----------------------------------------------------------------------------------------------------------------
|    0 |                                    vm_mod_fused_nn_conv2d_add |        0.018 |        5750.35 |     64 |
|    1 |                          vm_mod_fused_nn_conv2d_add_nn_relu_5 |        0.020 |        5272.97 |     64 |
|    2 |                      vm_mod_fused_nn_conv2d_add_add_nn_relu_2 |        0.011 |        8990.69 |     64 |
|    3 |                          vm_mod_fused_nn_conv2d_add_nn_relu_1 |        0.006 |        4232.57 |     64 |
|    4 |                                     vm_mod_fused_nn_dense_add |        0.026 |         158.72 |     64 |
|    5 |                          vm_mod_fused_nn_conv2d_add_nn_relu_8 |        0.036 |        2845.86 |     64 |
|    6 |                                  vm_mod_fused_nn_conv2d_add_3 |        0.056 |        3685.32 |     64 |
|    7 |                      vm_mod_fused_nn_conv2d_add_add_nn_relu_3 |        0.013 |        7792.30 |     64 |
|    8 |                          vm_mod_fused_nn_conv2d_add_nn_relu_4 |        0.045 |        5150.88 |     64 |
|    9 |                        vm_mod_fused_nn_conv2d_add_add_nn_relu |        0.017 |        6065.10 |     64 |
|   10 |                      vm_mod_fused_nn_conv2d_add_add_nn_relu_1 |        0.009 |       11016.84 |     64 |
|   11 | vm_mod_fused_nn_contrib_conv2d_winograd_without_weight_transform_add_nn_relu_3 |        0.047 |        3022.47 |     64 |
|   12 |                                  vm_mod_fused_nn_conv2d_add_2 |        0.029 |        7054.14 |     64 |
|   13 |                            vm_mod_fused_nn_conv2d_add_nn_relu |        0.018 |       13463.95 |     64 |
|   14 |                         vm_mod_fused_nn_conv2d_add_nn_relu_10 |        0.189 |        1224.82 |     64 |
|   15 |                          vm_mod_fused_nn_conv2d_add_nn_relu_7 |        0.104 |        2228.10 |     64 |
|   16 | vm_mod_fused_nn_contrib_conv2d_winograd_without_weight_transform_add_nn_relu_1 |        0.066 |        1926.39 |     64 |
|   17 |                          vm_mod_fused_nn_conv2d_add_nn_relu_3 |        0.033 |        6339.72 |     64 |
|   18 |                           vm_mod_fused_nn_adaptive_avg_pool2d |        0.005 |          -0.00 |     64 |
|   19 |                         vm_mod_fused_nn_conv2d_add_nn_relu_11 |        0.070 |        1469.74 |     64 |
|   20 |                                  vm_mod_fused_nn_conv2d_add_1 |        0.029 |        7110.61 |     64 |
|   21 |                          vm_mod_fused_nn_conv2d_add_nn_relu_6 |        0.033 |        6226.64 |     64 |
|   22 |                          vm_mod_fused_nn_conv2d_add_nn_relu_2 |        0.011 |        9695.30 |     64 |
|   23 | vm_mod_fused_nn_contrib_conv2d_winograd_without_weight_transform_add_nn_relu |            - |              - |      0 |
|   24 |                                    vm_mod_fused_nn_max_pool2d |            - |              - |      0 |
|   25 |                          vm_mod_fused_nn_conv2d_add_nn_relu_9 |            - |              - |      0 |
|   26 | vm_mod_fused_nn_contrib_conv2d_winograd_without_weight_transform_add_nn_relu_2 |            - |              - |      0 |
-----------------------------------------------------------------------------------------------------------------
Estimated total latency: - ms	Trials: 1472	Used time : 3101 s	Next ID: 23	
.T.T.T.T.T***********************************************************
Time elapsed for measurement: 33.66 s
----------------------------------------------------------------------
------------------------------  [ Train cost model ]
----------------------------------------------------------------------
Time elapsed for training: 0.00 s
----------------------------------------------------------------------
------------------------------  [ Task Scheduler ]
----------------------------------------------------------------------
----------------------------------------------------------------------
------------------------------  [ Search ]
----------------------------------------------------------------------
Generate Sketches		#s: 1
Sample Initial Population	#s: 59	fail_ct: 1989	Time elapsed: 6.30
GA Iter: 0	Max score: 0.9709	Min score: 0.0732	#Pop: 59	#M+: 0	#M-: 0
GA Iter: 4	Max score: 0.9709	Min score: 0.0732	#Pop: 60	#M+: 1381	#M-: 0
EvolutionarySearch		#s: 60	Time elapsed: 24.42
----------------------------------------------------------------------
------------------------------  [ Measure ]
----------------------------------------------------------------------
Get 60 programs to measure:
............................................................************************************************************|  ID  |                       Task Description                        | Latency (ms) | Speed (GFLOPS) | Trials |
-----------------------------------------------------------------------------------------------------------------
|    0 |                                    vm_mod_fused_nn_conv2d_add |        0.018 |        5750.35 |     64 |
|    1 |                          vm_mod_fused_nn_conv2d_add_nn_relu_5 |        0.020 |        5272.97 |     64 |
|    2 |                      vm_mod_fused_nn_conv2d_add_add_nn_relu_2 |        0.011 |        8990.69 |     64 |
|    3 |                          vm_mod_fused_nn_conv2d_add_nn_relu_1 |        0.006 |        4232.57 |     64 |
|    4 |                                     vm_mod_fused_nn_dense_add |        0.026 |         158.72 |     64 |
|    5 |                          vm_mod_fused_nn_conv2d_add_nn_relu_8 |        0.036 |        2845.86 |     64 |
|    6 |                                  vm_mod_fused_nn_conv2d_add_3 |        0.056 |        3685.32 |     64 |
|    7 |                      vm_mod_fused_nn_conv2d_add_add_nn_relu_3 |        0.013 |        7792.30 |     64 |
|    8 |                          vm_mod_fused_nn_conv2d_add_nn_relu_4 |        0.045 |        5150.88 |     64 |
|    9 |                        vm_mod_fused_nn_conv2d_add_add_nn_relu |        0.017 |        6065.10 |     64 |
|   10 |                      vm_mod_fused_nn_conv2d_add_add_nn_relu_1 |        0.009 |       11016.84 |     64 |
|   11 | vm_mod_fused_nn_contrib_conv2d_winograd_without_weight_transform_add_nn_relu_3 |        0.047 |        3022.47 |     64 |
|   12 |                                  vm_mod_fused_nn_conv2d_add_2 |        0.029 |        7054.14 |     64 |
|   13 |                            vm_mod_fused_nn_conv2d_add_nn_relu |        0.018 |       13463.95 |     64 |
|   14 |                         vm_mod_fused_nn_conv2d_add_nn_relu_10 |        0.189 |        1224.82 |     64 |
|   15 |                          vm_mod_fused_nn_conv2d_add_nn_relu_7 |        0.104 |        2228.10 |     64 |
|   16 | vm_mod_fused_nn_contrib_conv2d_winograd_without_weight_transform_add_nn_relu_1 |        0.066 |        1926.39 |     64 |
|   17 |                          vm_mod_fused_nn_conv2d_add_nn_relu_3 |        0.033 |        6339.72 |     64 |
|   18 |                           vm_mod_fused_nn_adaptive_avg_pool2d |        0.005 |          -0.00 |     64 |
|   19 |                         vm_mod_fused_nn_conv2d_add_nn_relu_11 |        0.070 |        1469.74 |     64 |
|   20 |                                  vm_mod_fused_nn_conv2d_add_1 |        0.029 |        7110.61 |     64 |
|   21 |                          vm_mod_fused_nn_conv2d_add_nn_relu_6 |        0.033 |        6226.64 |     64 |
|   22 |                          vm_mod_fused_nn_conv2d_add_nn_relu_2 |        0.011 |        9695.30 |     64 |
|   23 | vm_mod_fused_nn_contrib_conv2d_winograd_without_weight_transform_add_nn_relu |        0.038 |        3400.95 |     64 |
|   24 |                                    vm_mod_fused_nn_max_pool2d |            - |              - |      0 |
|   25 |                          vm_mod_fused_nn_conv2d_add_nn_relu_9 |            - |              - |      0 |
|   26 | vm_mod_fused_nn_contrib_conv2d_winograd_without_weight_transform_add_nn_relu_2 |            - |              - |      0 |
-----------------------------------------------------------------------------------------------------------------
Estimated total latency: - ms	Trials: 1536	Used time : 3395 s	Next ID: 24	

Time elapsed for measurement: 20.20 s
----------------------------------------------------------------------
------------------------------  [ Train cost model ]
----------------------------------------------------------------------
Time elapsed for training: 0.00 s
----------------------------------------------------------------------
------------------------------  [ Task Scheduler ]
----------------------------------------------------------------------
----------------------------------------------------------------------
------------------------------  [ Search ]
----------------------------------------------------------------------
Generate Sketches		#s: 1
Sample Initial Population	#s: 71	fail_ct: 1977	Time elapsed: 6.32
GA Iter: 0	Max score: 0.9974	Min score: 0.0247	#Pop: 71	#M+: 0	#M-: 0
GA Iter: 4	Max score: 0.9997	Min score: 0.9789	#Pop: 128	#M+: 1407	#M-: 0
EvolutionarySearch		#s: 128	Time elapsed: 77.17
----------------------------------------------------------------------
------------------------------  [ Measure ]
----------------------------------------------------------------------
Get 64 programs to measure:
................................................................****************************************************************|  ID  |                       Task Description                        | Latency (ms) | Speed (GFLOPS) | Trials |
-----------------------------------------------------------------------------------------------------------------
|    0 |                                    vm_mod_fused_nn_conv2d_add |        0.018 |        5750.35 |     64 |
|    1 |                          vm_mod_fused_nn_conv2d_add_nn_relu_5 |        0.020 |        5272.97 |     64 |
|    2 |                      vm_mod_fused_nn_conv2d_add_add_nn_relu_2 |        0.011 |        8990.69 |     64 |
|    3 |                          vm_mod_fused_nn_conv2d_add_nn_relu_1 |        0.006 |        4232.57 |     64 |
|    4 |                                     vm_mod_fused_nn_dense_add |        0.026 |         158.72 |     64 |
|    5 |                          vm_mod_fused_nn_conv2d_add_nn_relu_8 |        0.036 |        2845.86 |     64 |
|    6 |                                  vm_mod_fused_nn_conv2d_add_3 |        0.056 |        3685.32 |     64 |
|    7 |                      vm_mod_fused_nn_conv2d_add_add_nn_relu_3 |        0.013 |        7792.30 |     64 |
|    8 |                          vm_mod_fused_nn_conv2d_add_nn_relu_4 |        0.045 |        5150.88 |     64 |
|    9 |                        vm_mod_fused_nn_conv2d_add_add_nn_relu |        0.017 |        6065.10 |     64 |
|   10 |                      vm_mod_fused_nn_conv2d_add_add_nn_relu_1 |        0.009 |       11016.84 |     64 |
|   11 | vm_mod_fused_nn_contrib_conv2d_winograd_without_weight_transform_add_nn_relu_3 |        0.047 |        3022.47 |     64 |
|   12 |                                  vm_mod_fused_nn_conv2d_add_2 |        0.029 |        7054.14 |     64 |
|   13 |                            vm_mod_fused_nn_conv2d_add_nn_relu |        0.018 |       13463.95 |     64 |
|   14 |                         vm_mod_fused_nn_conv2d_add_nn_relu_10 |        0.189 |        1224.82 |     64 |
|   15 |                          vm_mod_fused_nn_conv2d_add_nn_relu_7 |        0.104 |        2228.10 |     64 |
|   16 | vm_mod_fused_nn_contrib_conv2d_winograd_without_weight_transform_add_nn_relu_1 |        0.066 |        1926.39 |     64 |
|   17 |                          vm_mod_fused_nn_conv2d_add_nn_relu_3 |        0.033 |        6339.72 |     64 |
|   18 |                           vm_mod_fused_nn_adaptive_avg_pool2d |        0.005 |          -0.00 |     64 |
|   19 |                         vm_mod_fused_nn_conv2d_add_nn_relu_11 |        0.070 |        1469.74 |     64 |
|   20 |                                  vm_mod_fused_nn_conv2d_add_1 |        0.029 |        7110.61 |     64 |
|   21 |                          vm_mod_fused_nn_conv2d_add_nn_relu_6 |        0.033 |        6226.64 |     64 |
|   22 |                          vm_mod_fused_nn_conv2d_add_nn_relu_2 |        0.011 |        9695.30 |     64 |
|   23 | vm_mod_fused_nn_contrib_conv2d_winograd_without_weight_transform_add_nn_relu |        0.038 |        3400.95 |     64 |
|   24 |                                    vm_mod_fused_nn_max_pool2d |        0.004 |         509.86 |     64 |
|   25 |                          vm_mod_fused_nn_conv2d_add_nn_relu_9 |            - |              - |      0 |
|   26 | vm_mod_fused_nn_contrib_conv2d_winograd_without_weight_transform_add_nn_relu_2 |            - |              - |      0 |
-----------------------------------------------------------------------------------------------------------------
Estimated total latency: - ms	Trials: 1596	Used time : 3446 s	Next ID: 25	

Time elapsed for measurement: 37.52 s
----------------------------------------------------------------------
------------------------------  [ Train cost model ]
----------------------------------------------------------------------
Time elapsed for training: 0.00 s
----------------------------------------------------------------------
------------------------------  [ Task Scheduler ]
----------------------------------------------------------------------
----------------------------------------------------------------------
------------------------------  [ Search ]
----------------------------------------------------------------------
Generate Sketches		#s: 1
Sample Initial Population	#s: 82	fail_ct: 4014	Time elapsed: 30.76
GA Iter: 0	Max score: 0.9749	Min score: 0.0135	#Pop: 82	#M+: 0	#M-: 0
GA Iter: 4	Max score: 1.0000	Min score: 0.9803	#Pop: 128	#M+: 1391	#M-: 0
EvolutionarySearch		#s: 128	Time elapsed: 210.01
----------------------------------------------------------------------
------------------------------  [ Measure ]
----------------------------------------------------------------------
Get 64 programs to measure:
................................................................****************************************************************|  ID  |                       Task Description                        | Latency (ms) | Speed (GFLOPS) | Trials |
-----------------------------------------------------------------------------------------------------------------
|    0 |                                    vm_mod_fused_nn_conv2d_add |        0.018 |        5750.35 |     64 |
|    1 |                          vm_mod_fused_nn_conv2d_add_nn_relu_5 |        0.020 |        5272.97 |     64 |
|    2 |                      vm_mod_fused_nn_conv2d_add_add_nn_relu_2 |        0.011 |        8990.69 |     64 |
|    3 |                          vm_mod_fused_nn_conv2d_add_nn_relu_1 |        0.006 |        4232.57 |     64 |
|    4 |                                     vm_mod_fused_nn_dense_add |        0.026 |         158.72 |     64 |
|    5 |                          vm_mod_fused_nn_conv2d_add_nn_relu_8 |        0.036 |        2845.86 |     64 |
|    6 |                                  vm_mod_fused_nn_conv2d_add_3 |        0.056 |        3685.32 |     64 |
|    7 |                      vm_mod_fused_nn_conv2d_add_add_nn_relu_3 |        0.013 |        7792.30 |     64 |
|    8 |                          vm_mod_fused_nn_conv2d_add_nn_relu_4 |        0.045 |        5150.88 |     64 |
|    9 |                        vm_mod_fused_nn_conv2d_add_add_nn_relu |        0.017 |        6065.10 |     64 |
|   10 |                      vm_mod_fused_nn_conv2d_add_add_nn_relu_1 |        0.009 |       11016.84 |     64 |
|   11 | vm_mod_fused_nn_contrib_conv2d_winograd_without_weight_transform_add_nn_relu_3 |        0.047 |        3022.47 |     64 |
|   12 |                                  vm_mod_fused_nn_conv2d_add_2 |        0.029 |        7054.14 |     64 |
|   13 |                            vm_mod_fused_nn_conv2d_add_nn_relu |        0.018 |       13463.95 |     64 |
|   14 |                         vm_mod_fused_nn_conv2d_add_nn_relu_10 |        0.189 |        1224.82 |     64 |
|   15 |                          vm_mod_fused_nn_conv2d_add_nn_relu_7 |        0.104 |        2228.10 |     64 |
|   16 | vm_mod_fused_nn_contrib_conv2d_winograd_without_weight_transform_add_nn_relu_1 |        0.066 |        1926.39 |     64 |
|   17 |                          vm_mod_fused_nn_conv2d_add_nn_relu_3 |        0.033 |        6339.72 |     64 |
|   18 |                           vm_mod_fused_nn_adaptive_avg_pool2d |        0.005 |          -0.00 |     64 |
|   19 |                         vm_mod_fused_nn_conv2d_add_nn_relu_11 |        0.070 |        1469.74 |     64 |
|   20 |                                  vm_mod_fused_nn_conv2d_add_1 |        0.029 |        7110.61 |     64 |
|   21 |                          vm_mod_fused_nn_conv2d_add_nn_relu_6 |        0.033 |        6226.64 |     64 |
|   22 |                          vm_mod_fused_nn_conv2d_add_nn_relu_2 |        0.011 |        9695.30 |     64 |
|   23 | vm_mod_fused_nn_contrib_conv2d_winograd_without_weight_transform_add_nn_relu |        0.038 |        3400.95 |     64 |
|   24 |                                    vm_mod_fused_nn_max_pool2d |        0.004 |         509.86 |     64 |
|   25 |                          vm_mod_fused_nn_conv2d_add_nn_relu_9 |        0.082 |        2495.69 |     64 |
|   26 | vm_mod_fused_nn_contrib_conv2d_winograd_without_weight_transform_add_nn_relu_2 |            - |              - |      0 |
-----------------------------------------------------------------------------------------------------------------
Estimated total latency: - ms	Trials: 1660	Used time : 3568 s	Next ID: 26	

Time elapsed for measurement: 26.57 s
----------------------------------------------------------------------
------------------------------  [ Train cost model ]
----------------------------------------------------------------------
Time elapsed for training: 4.44 s
----------------------------------------------------------------------
------------------------------  [ Task Scheduler ]
----------------------------------------------------------------------
----------------------------------------------------------------------
------------------------------  [ Search ]
----------------------------------------------------------------------
Sample Initial Population	#s: 98	fail_ct: 3998	Time elapsed: 30.72
GA Iter: 0	Max score: 0.9877	Min score: 0.0012	#Pop: 98	#M+: 0	#M-: 0
GA Iter: 4	Max score: 0.9997	Min score: 0.9792	#Pop: 128	#M+: 1400	#M-: 0
EvolutionarySearch		#s: 128	Time elapsed: 213.64
----------------------------------------------------------------------
------------------------------  [ Measure ]
----------------------------------------------------------------------
Get 64 programs to measure:
.............................................................|  ID  |                       Task Description                        | Latency (ms) | Speed (GFLOPS) | Trials |
-----------------------------------------------------------------------------------------------------------------
|    0 |                                    vm_mod_fused_nn_conv2d_add |        0.018 |        5750.35 |     64 |
|    1 |                          vm_mod_fused_nn_conv2d_add_nn_relu_5 |        0.020 |        5272.97 |     64 |
|    2 |                      vm_mod_fused_nn_conv2d_add_add_nn_relu_2 |        0.011 |        8990.69 |     64 |
|    3 |                          vm_mod_fused_nn_conv2d_add_nn_relu_1 |        0.006 |        4232.57 |     64 |
|    4 |                                     vm_mod_fused_nn_dense_add |        0.026 |         158.72 |     64 |
|    5 |                          vm_mod_fused_nn_conv2d_add_nn_relu_8 |        0.036 |        2845.86 |     64 |
|    6 |                                  vm_mod_fused_nn_conv2d_add_3 |        0.056 |        3685.32 |     64 |
|    7 |                      vm_mod_fused_nn_conv2d_add_add_nn_relu_3 |        0.013 |        7792.30 |     64 |
|    8 |                          vm_mod_fused_nn_conv2d_add_nn_relu_4 |        0.045 |        5150.88 |     64 |
|    9 |                        vm_mod_fused_nn_conv2d_add_add_nn_relu |        0.017 |        6065.10 |     64 |
|   10 |                      vm_mod_fused_nn_conv2d_add_add_nn_relu_1 |        0.009 |       11016.84 |     64 |
|   11 | vm_mod_fused_nn_contrib_conv2d_winograd_without_weight_transform_add_nn_relu_3 |        0.047 |        3022.47 |     64 |
|   12 |                                  vm_mod_fused_nn_conv2d_add_2 |        0.029 |        7054.14 |     64 |
|   13 |                            vm_mod_fused_nn_conv2d_add_nn_relu |        0.018 |       13463.95 |     64 |
|   14 |                         vm_mod_fused_nn_conv2d_add_nn_relu_10 |        0.189 |        1224.82 |     64 |
|   15 |                          vm_mod_fused_nn_conv2d_add_nn_relu_7 |        0.104 |        2228.10 |     64 |
|   16 | vm_mod_fused_nn_contrib_conv2d_winograd_without_weight_transform_add_nn_relu_1 |        0.066 |        1926.39 |     64 |
|   17 |                          vm_mod_fused_nn_conv2d_add_nn_relu_3 |        0.033 |        6339.72 |     64 |
|   18 |                           vm_mod_fused_nn_adaptive_avg_pool2d |        0.005 |          -0.00 |     64 |
|   19 |                         vm_mod_fused_nn_conv2d_add_nn_relu_11 |        0.070 |        1469.74 |     64 |
|   20 |                                  vm_mod_fused_nn_conv2d_add_1 |        0.029 |        7110.61 |     64 |
|   21 |                          vm_mod_fused_nn_conv2d_add_nn_relu_6 |        0.033 |        6226.64 |     64 |
|   22 |                          vm_mod_fused_nn_conv2d_add_nn_relu_2 |        0.011 |        9695.30 |     64 |
|   23 | vm_mod_fused_nn_contrib_conv2d_winograd_without_weight_transform_add_nn_relu |        0.038 |        3400.95 |     64 |
|   24 |                                    vm_mod_fused_nn_max_pool2d |        0.004 |         509.86 |     64 |
|   25 |                          vm_mod_fused_nn_conv2d_add_nn_relu_9 |        0.082 |        2495.69 |     64 |
|   26 | vm_mod_fused_nn_contrib_conv2d_winograd_without_weight_transform_add_nn_relu_2 |        0.046 |        2484.95 |     64 |
-----------------------------------------------------------------------------------------------------------------
Estimated total latency: 1.911 ms	Trials: 1724	Used time : 3840 s	Next ID: 26	
.T.T.T*************************************************************
Time elapsed for measurement: 36.64 s
----------------------------------------------------------------------
------------------------------  [ Train cost model ]
----------------------------------------------------------------------
Time elapsed for training: 0.00 s
----------------------------------------------------------------------
------------------------------  [ Task Scheduler ]
----------------------------------------------------------------------
----------------------------------------------------------------------
------------------------------  [ Search ]
----------------------------------------------------------------------
Sample Initial Population	#s: 55	fail_ct: 1993	Time elapsed: 17.12
GA Iter: 0	Max score: 0.8184	Min score: -0.1855	#Pop: 55	#M+: 0	#M-: 0
GA Iter: 4	Max score: 1.4925	Min score: 1.0016	#Pop: 128	#M+: 1388	#M-: 0
EvolutionarySearch		#s: 128	Time elapsed: 225.67
----------------------------------------------------------------------
------------------------------  [ Measure ]
----------------------------------------------------------------------
Get 64 programs to measure:
..............................................................|  ID  |                       Task Description                        | Latency (ms) | Speed (GFLOPS) | Trials |
-----------------------------------------------------------------------------------------------------------------
|    0 |                                    vm_mod_fused_nn_conv2d_add |        0.018 |        5750.35 |     64 |
|    1 |                          vm_mod_fused_nn_conv2d_add_nn_relu_5 |        0.020 |        5272.97 |     64 |
|    2 |                      vm_mod_fused_nn_conv2d_add_add_nn_relu_2 |        0.011 |        8990.69 |     64 |
|    3 |                          vm_mod_fused_nn_conv2d_add_nn_relu_1 |        0.006 |        4232.57 |     64 |
|    4 |                                     vm_mod_fused_nn_dense_add |        0.026 |         158.72 |     64 |
|    5 |                          vm_mod_fused_nn_conv2d_add_nn_relu_8 |        0.036 |        2845.86 |     64 |
|    6 |                                  vm_mod_fused_nn_conv2d_add_3 |        0.056 |        3685.32 |     64 |
|    7 |                      vm_mod_fused_nn_conv2d_add_add_nn_relu_3 |        0.013 |        7792.30 |     64 |
|    8 |                          vm_mod_fused_nn_conv2d_add_nn_relu_4 |        0.045 |        5150.88 |     64 |
|    9 |                        vm_mod_fused_nn_conv2d_add_add_nn_relu |        0.017 |        6065.10 |     64 |
|   10 |                      vm_mod_fused_nn_conv2d_add_add_nn_relu_1 |        0.009 |       11016.84 |     64 |
|   11 | vm_mod_fused_nn_contrib_conv2d_winograd_without_weight_transform_add_nn_relu_3 |        0.047 |        3022.47 |     64 |
|   12 |                                  vm_mod_fused_nn_conv2d_add_2 |        0.029 |        7054.14 |     64 |
|   13 |                            vm_mod_fused_nn_conv2d_add_nn_relu |        0.018 |       13463.95 |     64 |
|   14 |                         vm_mod_fused_nn_conv2d_add_nn_relu_10 |        0.189 |        1224.82 |     64 |
|   15 |                          vm_mod_fused_nn_conv2d_add_nn_relu_7 |        0.104 |        2228.10 |     64 |
|   16 | vm_mod_fused_nn_contrib_conv2d_winograd_without_weight_transform_add_nn_relu_1 |        0.066 |        1926.39 |     64 |
|   17 |                          vm_mod_fused_nn_conv2d_add_nn_relu_3 |        0.033 |        6339.72 |     64 |
|   18 |                           vm_mod_fused_nn_adaptive_avg_pool2d |        0.005 |          -0.00 |     64 |
|   19 |                         vm_mod_fused_nn_conv2d_add_nn_relu_11 |        0.070 |        1469.74 |     64 |
|   20 |                                  vm_mod_fused_nn_conv2d_add_1 |        0.029 |        7110.61 |     64 |
|   21 |                          vm_mod_fused_nn_conv2d_add_nn_relu_6 |        0.033 |        6226.64 |     64 |
|   22 |                          vm_mod_fused_nn_conv2d_add_nn_relu_2 |        0.011 |        9695.30 |     64 |
|   23 | vm_mod_fused_nn_contrib_conv2d_winograd_without_weight_transform_add_nn_relu |        0.038 |        3400.95 |     64 |
|   24 |                                    vm_mod_fused_nn_max_pool2d |        0.004 |         509.86 |     64 |
|   25 |                          vm_mod_fused_nn_conv2d_add_nn_relu_9 |        0.082 |        2495.69 |     64 |
|   26 | vm_mod_fused_nn_contrib_conv2d_winograd_without_weight_transform_add_nn_relu_2 |        0.046 |        2484.95 |    128 |
-----------------------------------------------------------------------------------------------------------------
Estimated total latency: 1.911 ms	Trials: 1788	Used time : 4122 s	Next ID: 16	
.T.T********************************************************E******
Time elapsed for measurement: 37.16 s
----------------------------------------------------------------------
------------------------------  [ Train cost model ]
----------------------------------------------------------------------
Time elapsed for training: 0.00 s
----------------------------------------------------------------------
------------------------------  [ Task Scheduler ]
----------------------------------------------------------------------
----------------------------------------------------------------------
------------------------------  [ Search ]
----------------------------------------------------------------------
Sample Initial Population	#s: 61	fail_ct: 1987	Time elapsed: 6.99
GA Iter: 0	Max score: 0.7954	Min score: -0.1299	#Pop: 61	#M+: 0	#M-: 0
GA Iter: 4	Max score: 1.2633	Min score: 0.9227	#Pop: 128	#M+: 1399	#M-: 0
EvolutionarySearch		#s: 128	Time elapsed: 96.00
----------------------------------------------------------------------
------------------------------  [ Measure ]
----------------------------------------------------------------------
Get 64 programs to measure:
................................................................********Eterminate called after throwing an instance of 'tvm::runtime::InternalError'
  what():  [17:28:19] /data3/qsy/complier/tlm/src/runtime/cuda/cuda_module.cc:61: CUDAError: cuModuleUnload(module_[i]) failed with error: CUDA_ERROR_MISALIGNED_ADDRESS
Stack trace:
  0: tvm::runtime::SimpleObjAllocator::Handler<tvm::runtime::CUDAModuleNode>::Deleter_(tvm::runtime::Object*)
  1: tvm::runtime::SimpleObjAllocator::Handler<tvm::runtime::LibraryModuleNode>::Deleter_(tvm::runtime::Object*)
  2: _ZN3tvm7runtime18SimpleObjAllocator7HandlerINS0_16PackedFuncS
  3: _ZN3tvm7runtime18SimpleObjAllocator7HandlerINS0_16PackedFuncSubObjIZNS0_9profiling17WrapTimeE
  4: TVMObjectFree
  5: __pyx_tp_dealloc_3tvm_4_ffi_4_cy3_4core_PackedFuncBase(_object*)
  6: subtype_dealloc
        at /usr/local/src/conda/python-3.10.18/Objects/typeobject.c:1460
  7: _Py_DECREF
        at /usr/local/src/conda/python-3.10.18/Include/object.h:500
  8: _Py_XDECREF
        at /usr/local/src/conda/python-3.10.18/Include/object.h:567
  9: cell_dealloc
        at /usr/local/src/conda/python-3.10.18/Objects/cellobject.c:82
  10: _Py_Dealloc
        at /usr/local/src/conda/python-3.10.18/Objects/object.c:2301
  11: _Py_DECREF
        at /usr/local/src/conda/python-3.10.18/Include/object.h:500
  12: _Py_XDECREF
        at /usr/local/src/conda/python-3.10.18/Include/object.h:567
  13: tupledealloc
        at /usr/local/src/conda/python-3.10.18/Objects/tupleobject.c:276
  14: _Py_Dealloc
        at /usr/local/src/conda/python-3.10.18/Objects/object.c:2301
  15: _Py_DECREF
        at /usr/local/src/conda/python-3.10.18/Include/object.h:500
  16: func_clear
        at /usr/local/src/conda/python-3.10.18/Objects/funcobject.c:636
  17: func_dealloc
        at /usr/local/src/conda/python-3.10.18/Objects/funcobject.c:648
  18: _Py_Dealloc
        at /usr/local/src/conda/python-3.10.18/Objects/object.c:2301
  19: _Py_DECREF
        at /usr/local/src/conda/python-3.10.18/Include/object.h:500
  20: frame_dealloc
        at /usr/local/src/conda/python-3.10.18/Objects/frameobject.c:591
  21: _Py_Dealloc
        at /usr/local/src/conda/python-3.10.18/Objects/object.c:2301
  22: _Py_DECREF
        at /usr/local/src/conda/python-3.10.18/Include/object.h:500
  23: _PyEval_Vector
        at /usr/local/src/conda/python-3.10.18/Python/ceval.c:5080
  24: _PyFunction_Vectorcall
        at /usr/local/src/conda/python-3.10.18/Objects/call.c:342
  25: do_call_core
        at /usr/local/src/conda/python-3.10.18/Python/ceval.c:5945
  26: _PyEval_EvalFrameDefault
        at /usr/local/src/conda/python-3.10.18/Python/ceval.c:4277
  27: _PyEval_EvalFrame
        at /usr/local/src/conda/python-3.10.18/Include/internal/pycore_ceval.h:46
  28: _PyEval_Vector
        at /usr/local/src/conda/python-3.10.18/Python/ceval.c:5067
  29: _PyFunction_Vectorcall
        at /usr/local/src/conda/python-3.10.18/Objects/call.c:342
  30: _PyObject_VectorcallTstate
        at /usr/local/src/conda/python-3.10.18/Include/cpython/abstract.h:114
  31: PyObject_Vectorcall
        at /usr/local/src/conda/python-3.10.18/Include/cpython/abstract.h:123
  32: call_function
        at /usr/local/src/conda/python-3.10.18/Python/ceval.c:5893
  33: _PyEval_EvalFrameDefault
        at /usr/local/src/conda/python-3.10.18/Python/ceval.c:4213
  34: _PyEval_EvalFrame
        at /usr/local/src/conda/python-3.10.18/Include/internal/pycore_ceval.h:46
  35: _PyEval_Vector
        at /usr/local/src/conda/python-3.10.18/Python/ceval.c:5067
  36: PyEval_EvalCode
        at /usr/local/src/conda/python-3.10.18/Python/ceval.c:1134
  37: builtin_exec_impl
        at /usr/local/src/conda/python-3.10.18/Python/bltinmodule.c:1058
  38: builtin_exec
        at /usr/local/src/conda/python-3.10.18/Python/clinic/bltinmodule.c.h:371
  39: cfunction_vectorcall_FASTCALL
        at /usr/local/src/conda/python-3.10.18/Objects/methodobject.c:430
  40: _PyObject_VectorcallTstate
        at /usr/local/src/conda/python-3.10.18/Include/cpython/abstract.h:114
  41: PyObject_Vectorcall
        at /usr/local/src/conda/python-3.10.18/Include/cpython/abstract.h:123
  42: call_function
        at /usr/local/src/conda/python-3.10.18/Python/ceval.c:5893
  43: _PyEval_EvalFrameDefault
        at /usr/local/src/conda/python-3.10.18/Python/ceval.c:4213
  44: _PyEval_EvalFrame
        at /usr/local/src/conda/python-3.10.18/Include/internal/pycore_ceval.h:46
  45: _PyEval_Vector
        at /usr/local/src/conda/python-3.10.18/Python/ceval.c:5067
  46: _PyFunction_Vectorcall
        at /usr/local/src/conda/python-3.10.18/Objects/call.c:342
  47: _PyObject_VectorcallTstate
        at /usr/local/src/conda/python-3.10.18/Include/cpython/abstract.h:114
  48: PyObject_Vectorcall
        at /usr/local/src/conda/python-3.10.18/Include/cpython/abstract.h:123
  49: call_function
        at /usr/local/src/conda/python-3.10.18/Python/ceval.c:5893
  50: _PyEval_EvalFrameDefault
        at /usr/local/src/conda/python-3.10.18/Python/ceval.c:4213
  51: _PyEval_EvalFrame
        at /usr/local/src/conda/python-3.10.18/Include/internal/pycore_ceval.h:46
  52: _PyEval_Vector
        at /usr/local/src/conda/python-3.10.18/Python/ceval.c:5067
  53: _PyFunction_Vectorcall
        at /usr/local/src/conda/python-3.10.18/Objects/call.c:342
  54: pymain_run_module
        at /usr/local/src/conda/python-3.10.18/Modules/main.c:297
  55: pymain_run_python
        at /usr/local/src/conda/python-3.10.18/Modules/main.c:589
  56: Py_RunMain
        at /usr/local/src/conda/python-3.10.18/Modules/main.c:674
  57: Py_BytesMain
        at /usr/local/src/conda/python-3.10.18/Modules/main.c:1094
  58: __libc_start_main
        at ../csu/libc-start.c:308
  59: 0x000000000058728d
  60: 0xffffffffffffffff


|  ID  |                       Task Description                        | Latency (ms) | Speed (GFLOPS) | Trials |
-----------------------------------------------------------------------------------------------------------------
|    0 |                                    vm_mod_fused_nn_conv2d_add |        0.018 |        5750.35 |     64 |
|    1 |                          vm_mod_fused_nn_conv2d_add_nn_relu_5 |        0.020 |        5272.97 |     64 |
|    2 |                      vm_mod_fused_nn_conv2d_add_add_nn_relu_2 |        0.011 |        8990.69 |     64 |
|    3 |                          vm_mod_fused_nn_conv2d_add_nn_relu_1 |        0.006 |        4232.57 |     64 |
|    4 |                                     vm_mod_fused_nn_dense_add |        0.026 |         158.72 |     64 |
|    5 |                          vm_mod_fused_nn_conv2d_add_nn_relu_8 |        0.036 |        2845.86 |     64 |
|    6 |                                  vm_mod_fused_nn_conv2d_add_3 |        0.056 |        3685.32 |     64 |
|    7 |                      vm_mod_fused_nn_conv2d_add_add_nn_relu_3 |        0.013 |        7792.30 |     64 |
|    8 |                          vm_mod_fused_nn_conv2d_add_nn_relu_4 |        0.045 |        5150.88 |     64 |
|    9 |                        vm_mod_fused_nn_conv2d_add_add_nn_relu |        0.017 |        6065.10 |     64 |
|   10 |                      vm_mod_fused_nn_conv2d_add_add_nn_relu_1 |        0.009 |       11016.84 |     64 |
|   11 | vm_mod_fused_nn_contrib_conv2d_winograd_without_weight_transform_add_nn_relu_3 |        0.047 |        3022.47 |     64 |
|   12 |                                  vm_mod_fused_nn_conv2d_add_2 |        0.029 |        7054.14 |     64 |
|   13 |                            vm_mod_fused_nn_conv2d_add_nn_relu |        0.018 |       13463.95 |     64 |
|   14 |                         vm_mod_fused_nn_conv2d_add_nn_relu_10 |        0.189 |        1224.82 |     64 |
|   15 |                          vm_mod_fused_nn_conv2d_add_nn_relu_7 |        0.104 |        2228.10 |     64 |
|   16 | vm_mod_fused_nn_contrib_conv2d_winograd_without_weight_transform_add_nn_relu_1 |        0.031 |        4157.78 |    128 |
|   17 |                          vm_mod_fused_nn_conv2d_add_nn_relu_3 |        0.033 |        6339.72 |     64 |
|   18 |                           vm_mod_fused_nn_adaptive_avg_pool2d |        0.005 |          -0.00 |     64 |
|   19 |                         vm_mod_fused_nn_conv2d_add_nn_relu_11 |        0.070 |        1469.74 |     64 |
|   20 |                                  vm_mod_fused_nn_conv2d_add_1 |        0.029 |        7110.61 |     64 |
|   21 |                          vm_mod_fused_nn_conv2d_add_nn_relu_6 |        0.033 |        6226.64 |     64 |
|   22 |                          vm_mod_fused_nn_conv2d_add_nn_relu_2 |        0.011 |        9695.30 |     64 |
|   23 | vm_mod_fused_nn_contrib_conv2d_winograd_without_weight_transform_add_nn_relu |        0.038 |        3400.95 |     64 |
|   24 |                                    vm_mod_fused_nn_max_pool2d |        0.004 |         509.86 |     64 |
|   25 |                          vm_mod_fused_nn_conv2d_add_nn_relu_9 |        0.082 |        2495.69 |     64 |
|   26 | vm_mod_fused_nn_contrib_conv2d_winograd_without_weight_transform_add_nn_relu_2 |        0.046 |        2484.95 |    128 |
-----------------------------------------------------------------------------------------------------------------
Estimated total latency: 1.805 ms	Trials: 1852	Used time : 4402 s	Next ID: 14	
*E*Eterminate called after throwing an instance of 'tvm::runtime::InternalError'
  what():  [17:28:20] /data3/qsy/complier/tlm/src/runtime/cuda/cuda_module.cc:61: CUDAError: cuModuleUnload(module_[i]) failed with error: CUDA_ERROR_MISALIGNED_ADDRESS
Stack trace:
  0: tvm::runtime::SimpleObjAllocator::Handler<tvm::runtime::CUDAModuleNode>::Deleter_(tvm::runtime::Object*)
  1: tvm::runtime::SimpleObjAllocator::Handler<tvm::runtime::LibraryModuleNode>::Deleter_(tvm::runtime::Object*)
  2: _ZN3tvm7runtime18SimpleObjAllocator7HandlerINS0_16PackedFuncS
  3: _ZN3tvm7runtime18SimpleObjAllocator7HandlerINS0_16PackedFuncSubObjIZNS0_9profiling17WrapTimeE
  4: TVMObjectFree
  5: __pyx_tp_dealloc_3tvm_4_ffi_4_cy3_4core_PackedFuncBase(_object*)
  6: subtype_dealloc
        at /usr/local/src/conda/python-3.10.18/Objects/typeobject.c:1460
  7: _Py_DECREF
        at /usr/local/src/conda/python-3.10.18/Include/object.h:500
  8: _Py_XDECREF
        at /usr/local/src/conda/python-3.10.18/Include/object.h:567
  9: cell_dealloc
        at /usr/local/src/conda/python-3.10.18/Objects/cellobject.c:82
  10: _Py_Dealloc
        at /usr/local/src/conda/python-3.10.18/Objects/object.c:2301
  11: _Py_DECREF
        at /usr/local/src/conda/python-3.10.18/Include/object.h:500
  12: _Py_XDECREF
        at /usr/local/src/conda/python-3.10.18/Include/object.h:567
  13: tupledealloc
        at /usr/local/src/conda/python-3.10.18/Objects/tupleobject.c:276
  14: _Py_Dealloc
        at /usr/local/src/conda/python-3.10.18/Objects/object.c:2301
  15: _Py_DECREF
        at /usr/local/src/conda/python-3.10.18/Include/object.h:500
  16: func_clear
        at /usr/local/src/conda/python-3.10.18/Objects/funcobject.c:636
  17: func_dealloc
        at /usr/local/src/conda/python-3.10.18/Objects/funcobject.c:648
  18: _Py_Dealloc
        at /usr/local/src/conda/python-3.10.18/Objects/object.c:2301
  19: _Py_DECREF
        at /usr/local/src/conda/python-3.10.18/Include/object.h:500
  20: frame_dealloc
        at /usr/local/src/conda/python-3.10.18/Objects/frameobject.c:591
  21: _Py_Dealloc
        at /usr/local/src/conda/python-3.10.18/Objects/object.c:2301
  22: _Py_DECREF
        at /usr/local/src/conda/python-3.10.18/Include/object.h:500
  23: _PyEval_Vector
        at /usr/local/src/conda/python-3.10.18/Python/ceval.c:5080
  24: _PyFunction_Vectorcall
        at /usr/local/src/conda/python-3.10.18/Objects/call.c:342
  25: do_call_core
        at /usr/local/src/conda/python-3.10.18/Python/ceval.c:5945
  26: _PyEval_EvalFrameDefault
        at /usr/local/src/conda/python-3.10.18/Python/ceval.c:4277
  27: _PyEval_EvalFrame
        at /usr/local/src/conda/python-3.10.18/Include/internal/pycore_ceval.h:46
  28: _PyEval_Vector
        at /usr/local/src/conda/python-3.10.18/Python/ceval.c:5067
  29: _PyFunction_Vectorcall
        at /usr/local/src/conda/python-3.10.18/Objects/call.c:342
  30: _PyObject_VectorcallTstate
        at /usr/local/src/conda/python-3.10.18/Include/cpython/abstract.h:114
  31: PyObject_Vectorcall
        at /usr/local/src/conda/python-3.10.18/Include/cpython/abstract.h:123
  32: call_function
        at /usr/local/src/conda/python-3.10.18/Python/ceval.c:5893
  33: _PyEval_EvalFrameDefault
        at /usr/local/src/conda/python-3.10.18/Python/ceval.c:4213
  34: _PyEval_EvalFrame
        at /usr/local/src/conda/python-3.10.18/Include/internal/pycore_ceval.h:46
  35: _PyEval_Vector
        at /usr/local/src/conda/python-3.10.18/Python/ceval.c:5067
  36: PyEval_EvalCode
        at /usr/local/src/conda/python-3.10.18/Python/ceval.c:1134
  37: builtin_exec_impl
        at /usr/local/src/conda/python-3.10.18/Python/bltinmodule.c:1058
  38: builtin_exec
        at /usr/local/src/conda/python-3.10.18/Python/clinic/bltinmodule.c.h:371
  39: cfunction_vectorcall_FASTCALL
        at /usr/local/src/conda/python-3.10.18/Objects/methodobject.c:430
  40: _PyObject_VectorcallTstate
        at /usr/local/src/conda/python-3.10.18/Include/cpython/abstract.h:114
  41: PyObject_Vectorcall
        at /usr/local/src/conda/python-3.10.18/Include/cpython/abstract.h:123
  42: call_function
        at /usr/local/src/conda/python-3.10.18/Python/ceval.c:5893
  43: _PyEval_EvalFrameDefault
        at /usr/local/src/conda/python-3.10.18/Python/ceval.c:4213
  44: _PyEval_EvalFrame
        at /usr/local/src/conda/python-3.10.18/Include/internal/pycore_ceval.h:46
  45: _PyEval_Vector
        at /usr/local/src/conda/python-3.10.18/Python/ceval.c:5067
  46: _PyFunction_Vectorcall
        at /usr/local/src/conda/python-3.10.18/Objects/call.c:342
  47: _PyObject_VectorcallTstate
        at /usr/local/src/conda/python-3.10.18/Include/cpython/abstract.h:114
  48: PyObject_Vectorcall
        at /usr/local/src/conda/python-3.10.18/Include/cpython/abstract.h:123
  49: call_function
        at /usr/local/src/conda/python-3.10.18/Python/ceval.c:5893
  50: _PyEval_EvalFrameDefault
        at /usr/local/src/conda/python-3.10.18/Python/ceval.c:4213
  51: _PyEval_EvalFrame
        at /usr/local/src/conda/python-3.10.18/Include/internal/pycore_ceval.h:46
  52: _PyEval_Vector
        at /usr/local/src/conda/python-3.10.18/Python/ceval.c:5067
  53: _PyFunction_Vectorcall
        at /usr/local/src/conda/python-3.10.18/Objects/call.c:342
  54: pymain_run_module
        at /usr/local/src/conda/python-3.10.18/Modules/main.c:297
  55: pymain_run_python
        at /usr/local/src/conda/python-3.10.18/Modules/main.c:589
  56: Py_RunMain
        at /usr/local/src/conda/python-3.10.18/Modules/main.c:674
  57: Py_BytesMain
        at /usr/local/src/conda/python-3.10.18/Modules/main.c:1094
  58: __libc_start_main
        at ../csu/libc-start.c:308
  59: 0x000000000058728d
  60: 0xffffffffffffffff


*E*******************************************************
Time elapsed for measurement: 28.65 s
----------------------------------------------------------------------
------------------------------  [ Train cost model ]
----------------------------------------------------------------------
Time elapsed for training: 0.00 s
----------------------------------------------------------------------
------------------------------  [ Task Scheduler ]
----------------------------------------------------------------------
----------------------------------------------------------------------
------------------------------  [ Search ]
----------------------------------------------------------------------
Sample Initial Population	#s: 78	fail_ct: 1970	Time elapsed: 6.05
GA Iter: 0	Max score: 0.6691	Min score: -0.1738	#Pop: 78	#M+: 0	#M-: 0
GA Iter: 4	Max score: 1.0939	Min score: 0.8800	#Pop: 128	#M+: 1387	#M-: 0
EvolutionarySearch		#s: 128	Time elapsed: 74.67
----------------------------------------------------------------------
------------------------------  [ Measure ]
----------------------------------------------------------------------
Get 64 programs to measure:
................................................................****************************************************************|  ID  |                       Task Description                        | Latency (ms) | Speed (GFLOPS) | Trials |
-----------------------------------------------------------------------------------------------------------------
|    0 |                                    vm_mod_fused_nn_conv2d_add |        0.018 |        5750.35 |     64 |
|    1 |                          vm_mod_fused_nn_conv2d_add_nn_relu_5 |        0.020 |        5272.97 |     64 |
|    2 |                      vm_mod_fused_nn_conv2d_add_add_nn_relu_2 |        0.011 |        8990.69 |     64 |
|    3 |                          vm_mod_fused_nn_conv2d_add_nn_relu_1 |        0.006 |        4232.57 |     64 |
|    4 |                                     vm_mod_fused_nn_dense_add |        0.026 |         158.72 |     64 |
|    5 |                          vm_mod_fused_nn_conv2d_add_nn_relu_8 |        0.036 |        2845.86 |     64 |
|    6 |                                  vm_mod_fused_nn_conv2d_add_3 |        0.056 |        3685.32 |     64 |
|    7 |                      vm_mod_fused_nn_conv2d_add_add_nn_relu_3 |        0.013 |        7792.30 |     64 |
|    8 |                          vm_mod_fused_nn_conv2d_add_nn_relu_4 |        0.045 |        5150.88 |     64 |
|    9 |                        vm_mod_fused_nn_conv2d_add_add_nn_relu |        0.017 |        6065.10 |     64 |
|   10 |                      vm_mod_fused_nn_conv2d_add_add_nn_relu_1 |        0.009 |       11016.84 |     64 |
|   11 | vm_mod_fused_nn_contrib_conv2d_winograd_without_weight_transform_add_nn_relu_3 |        0.047 |        3022.47 |     64 |
|   12 |                                  vm_mod_fused_nn_conv2d_add_2 |        0.029 |        7054.14 |     64 |
|   13 |                            vm_mod_fused_nn_conv2d_add_nn_relu |        0.018 |       13463.95 |     64 |
|   14 |                         vm_mod_fused_nn_conv2d_add_nn_relu_10 |        0.104 |        2215.25 |    128 |
|   15 |                          vm_mod_fused_nn_conv2d_add_nn_relu_7 |        0.104 |        2228.10 |     64 |
|   16 | vm_mod_fused_nn_contrib_conv2d_winograd_without_weight_transform_add_nn_relu_1 |        0.031 |        4157.78 |    128 |
|   17 |                          vm_mod_fused_nn_conv2d_add_nn_relu_3 |        0.033 |        6339.72 |     64 |
|   18 |                           vm_mod_fused_nn_adaptive_avg_pool2d |        0.005 |          -0.00 |     64 |
|   19 |                         vm_mod_fused_nn_conv2d_add_nn_relu_11 |        0.070 |        1469.74 |     64 |
|   20 |                                  vm_mod_fused_nn_conv2d_add_1 |        0.029 |        7110.61 |     64 |
|   21 |                          vm_mod_fused_nn_conv2d_add_nn_relu_6 |        0.033 |        6226.64 |     64 |
|   22 |                          vm_mod_fused_nn_conv2d_add_nn_relu_2 |        0.011 |        9695.30 |     64 |
|   23 | vm_mod_fused_nn_contrib_conv2d_winograd_without_weight_transform_add_nn_relu |        0.038 |        3400.95 |     64 |
|   24 |                                    vm_mod_fused_nn_max_pool2d |        0.004 |         509.86 |     64 |
|   25 |                          vm_mod_fused_nn_conv2d_add_nn_relu_9 |        0.082 |        2495.69 |     64 |
|   26 | vm_mod_fused_nn_contrib_conv2d_winograd_without_weight_transform_add_nn_relu_2 |        0.046 |        2484.95 |    128 |
-----------------------------------------------------------------------------------------------------------------
Estimated total latency: 1.721 ms	Trials: 1916	Used time : 4534 s	Next ID: 5	

Time elapsed for measurement: 28.70 s
----------------------------------------------------------------------
------------------------------  [ Train cost model ]
----------------------------------------------------------------------
Time elapsed for training: 0.00 s
----------------------------------------------------------------------
------------------------------  [ Task Scheduler ]
----------------------------------------------------------------------
----------------------------------------------------------------------
------------------------------  [ Search ]
----------------------------------------------------------------------
Sample Initial Population	#s: 69	fail_ct: 1979	Time elapsed: 5.79
GA Iter: 0	Max score: 0.8130	Min score: -0.2443	#Pop: 69	#M+: 0	#M-: 0
GA Iter: 4	Max score: 1.6033	Min score: 0.8761	#Pop: 128	#M+: 1391	#M-: 0
EvolutionarySearch		#s: 128	Time elapsed: 67.67
----------------------------------------------------------------------
------------------------------  [ Measure ]
----------------------------------------------------------------------
Get 64 programs to measure:
................................................................****************************************************************|  ID  |                       Task Description                        | Latency (ms) | Speed (GFLOPS) | Trials |
-----------------------------------------------------------------------------------------------------------------
|    0 |                                    vm_mod_fused_nn_conv2d_add |        0.018 |        5750.35 |     64 |
|    1 |                          vm_mod_fused_nn_conv2d_add_nn_relu_5 |        0.020 |        5272.97 |     64 |
|    2 |                      vm_mod_fused_nn_conv2d_add_add_nn_relu_2 |        0.011 |        8990.69 |     64 |
|    3 |                          vm_mod_fused_nn_conv2d_add_nn_relu_1 |        0.006 |        4232.57 |     64 |
|    4 |                                     vm_mod_fused_nn_dense_add |        0.026 |         158.72 |     64 |
|    5 |                          vm_mod_fused_nn_conv2d_add_nn_relu_8 |        0.020 |        5019.72 |    128 |
|    6 |                                  vm_mod_fused_nn_conv2d_add_3 |        0.056 |        3685.32 |     64 |
|    7 |                      vm_mod_fused_nn_conv2d_add_add_nn_relu_3 |        0.013 |        7792.30 |     64 |
|    8 |                          vm_mod_fused_nn_conv2d_add_nn_relu_4 |        0.045 |        5150.88 |     64 |
|    9 |                        vm_mod_fused_nn_conv2d_add_add_nn_relu |        0.017 |        6065.10 |     64 |
|   10 |                      vm_mod_fused_nn_conv2d_add_add_nn_relu_1 |        0.009 |       11016.84 |     64 |
|   11 | vm_mod_fused_nn_contrib_conv2d_winograd_without_weight_transform_add_nn_relu_3 |        0.047 |        3022.47 |     64 |
|   12 |                                  vm_mod_fused_nn_conv2d_add_2 |        0.029 |        7054.14 |     64 |
|   13 |                            vm_mod_fused_nn_conv2d_add_nn_relu |        0.018 |       13463.95 |     64 |
|   14 |                         vm_mod_fused_nn_conv2d_add_nn_relu_10 |        0.104 |        2215.25 |    128 |
|   15 |                          vm_mod_fused_nn_conv2d_add_nn_relu_7 |        0.104 |        2228.10 |     64 |
|   16 | vm_mod_fused_nn_contrib_conv2d_winograd_without_weight_transform_add_nn_relu_1 |        0.031 |        4157.78 |    128 |
|   17 |                          vm_mod_fused_nn_conv2d_add_nn_relu_3 |        0.033 |        6339.72 |     64 |
|   18 |                           vm_mod_fused_nn_adaptive_avg_pool2d |        0.005 |          -0.00 |     64 |
|   19 |                         vm_mod_fused_nn_conv2d_add_nn_relu_11 |        0.070 |        1469.74 |     64 |
|   20 |                                  vm_mod_fused_nn_conv2d_add_1 |        0.029 |        7110.61 |     64 |
|   21 |                          vm_mod_fused_nn_conv2d_add_nn_relu_6 |        0.033 |        6226.64 |     64 |
|   22 |                          vm_mod_fused_nn_conv2d_add_nn_relu_2 |        0.011 |        9695.30 |     64 |
|   23 | vm_mod_fused_nn_contrib_conv2d_winograd_without_weight_transform_add_nn_relu |        0.038 |        3400.95 |     64 |
|   24 |                                    vm_mod_fused_nn_max_pool2d |        0.004 |         509.86 |     64 |
|   25 |                          vm_mod_fused_nn_conv2d_add_nn_relu_9 |        0.082 |        2495.69 |     64 |
|   26 | vm_mod_fused_nn_contrib_conv2d_winograd_without_weight_transform_add_nn_relu_2 |        0.046 |        2484.95 |    128 |
-----------------------------------------------------------------------------------------------------------------
Estimated total latency: 1.642 ms	Trials: 1980	Used time : 4644 s	Next ID: 19	

Time elapsed for measurement: 24.87 s
----------------------------------------------------------------------
------------------------------  [ Train cost model ]
----------------------------------------------------------------------
Time elapsed for training: 0.00 s
Tuning Time:
 ID |                  Name | Time (min) | Percentage 
------------------------------------------------------
    |                 Total |    80.4967 |   100.0000 
  1 |                Tuning |    79.0398 |    98.1902 
  2 | PostTuningCompilation |     0.8678 |     1.0780 
  3 |        TaskExtraction |     0.5891 |     0.7318 
------------------------------------------------------
Evaluate inference time cost...
Execution time summary:
 mean (ms)   median (ms)    max (ms)     min (ms)     std (ms)  
   2.5190       2.6137       3.1004       1.8187       0.5109   
               
