nohup: ignoring input
Workload: vgg_16
AutoScheduler log: /home/qsy/workspace/complier/llm_compiler/result/vgg_16_1x3x224x224_4090.json
==== Task 0: vm_mod_fused_nn_dense_add (weight 1 key: ["00a059b856ac30ac172b6252254479a6", [1, 4096], [1000, 4096], [1, 1000], [1, 1000]]) =====
p0 = PLACEHOLDER [1, 4096]
p1 = PLACEHOLDER [1000, 4096]
T_matmul_NT(i, j) += (p0[i, k]*p1[j, k])
p2 = PLACEHOLDER [1, 1000]
T_add(ax0, ax1) = (T_matmul_NT[ax0, ax1] + p2[ax0, ax1])

==== Task 1: vm_mod_fused_nn_max_pool2d_2 (weight 1 key: ["c92b8fc43923b1c0edeb2d4534314534", [1, 56, 56, 256], [1, 28, 28, 256]]) =====
p0 = PLACEHOLDER [1, 56, 56, 256]
pool_max(ax0, ax1, ax2, ax3) max= p0[ax0, ((ax1*2) + rv0), ((ax2*2) + rv1), ax3]

==== Task 2: vm_mod_fused_nn_contrib_conv2d_winograd_without_weight_transform_add_nn_relu_7 (weight 2 key: ["0bcf718c0e6566bcd6c3b1437a3b6291", [1, 28, 28, 512], [4, 4, 512, 512], [1, 1, 1, 512], [1, 28, 28, 512]]) =====
p0 = PLACEHOLDER [1, 28, 28, 512]
data_pad(i0, i1, i2, i3) = tir.if_then_else(((((i1 >= 1) && (i1 < 29)) && (i2 >= 1)) && (i2 < 29)), p0[i0, (i1 - 1), (i2 - 1), i3], 0f)
input_tile(eps, nu, p, ci) = data_pad[floordiv(p, 196), ((floormod(floordiv(p, 14), 14)*2) + eps), ((floormod(p, 14)*2) + nu), ci]
B(i, j) = select(((floormod(i, 4) == 3) && (floormod(j, 4) == 3)), 1f, select(((floormod(i, 4) == 3) && (floormod(j, 4) == 2)),  ..(OMITTED).. ormod(i, 4) == 0) && (floormod(j, 4) == 1)), 0f, select(((floormod(i, 4) == 0) && (floormod(j, 4) == 0)), 1f, 0f))))))))))))))))
data_pack(eps, nu, p, ci) += ((input_tile[r_a, r_b, p, ci]*B[r_a, eps])*B[r_b, nu])
p1 = PLACEHOLDER [4, 4, 512, 512]
bgemm(eps, nu, p, co) += (data_pack[eps, nu, p, ci]*p1[eps, nu, co, ci])
A(i, j) = select(((floormod(i, 4) == 3) && (floormod(j, 2) == 1)), 1f, select(((floormod(i, 4) == 3) && (floormod(j, 2) == 0)),  ..(OMITTED).. ct(((floormod(i, 4) == 0) && (floormod(j, 2) == 1)), 0f, select(((floormod(i, 4) == 0) && (floormod(j, 2) == 0)), 1f, 0f))))))))
inverse(vh, vw, p, co) += ((bgemm[r_a, r_b, p, co]*A[r_a, vh])*A[r_b, vw])
conv2d_winograd(n, h, w, co) = inverse[floormod(h, 2), floormod(w, 2), ((((n*14)*14) + (floordiv(h, 2)*14)) + floordiv(w, 2)), co]
p2 = PLACEHOLDER [1, 1, 1, 512]
T_add(ax0, ax1, ax2, ax3) = (conv2d_winograd[ax0, ax1, ax2, ax3] + p2[ax0, 0, 0, ax3])
T_relu(ax0, ax1, ax2, ax3) = max(T_add[ax0, ax1, ax2, ax3], 0f)

==== Task 3: vm_mod_fused_nn_contrib_conv2d_winograd_without_weight_transform_add_nn_relu_5 (weight 2 key: ["7c2a4f1f432f81c44985590780dfb52d", [1, 56, 56, 256], [6, 6, 256, 256], [1, 1, 1, 256], [1, 56, 56, 256]]) =====
p0 = PLACEHOLDER [1, 56, 56, 256]
data_pad(i0, i1, i2, i3) = tir.if_then_else(((((i1 >= 1) && (i1 < 57)) && (i2 >= 1)) && (i2 < 57)), p0[i0, (i1 - 1), (i2 - 1), i3], 0f)
input_tile(eps, nu, p, ci) = data_pad[floordiv(p, 196), ((floormod(floordiv(p, 14), 14)*4) + eps), ((floormod(p, 14)*4) + nu), ci]
B(i, j) = select(((floormod(i, 6) == 5) && (floormod(j, 6) == 5)), 1f, select(((floormod(i, 6) == 5) && (floormod(j, 6) == 4)),  ..(OMITTED)..  (floormod(j, 6) == 1)), 0f, select(((floormod(i, 6) == 0) && (floormod(j, 6) == 0)), 1f, 0f))))))))))))))))))))))))))))))))))))
data_pack(eps, nu, p, ci) += ((input_tile[r_a, r_b, p, ci]*B[r_a, eps])*B[r_b, nu])
p1 = PLACEHOLDER [6, 6, 256, 256]
bgemm(eps, nu, p, co) += (data_pack[eps, nu, p, ci]*p1[eps, nu, co, ci])
A(i, j) = select(((floormod(i, 6) == 5) && (floormod(j, 4) == 3)), 1f, select(((floormod(i, 6) == 5) && (floormod(j, 4) == 2)),  ..(OMITTED)..  6) == 0) && (floormod(j, 4) == 1)), 0f, select(((floormod(i, 6) == 0) && (floormod(j, 4) == 0)), 1f, 0f))))))))))))))))))))))))
inverse(vh, vw, p, co) += ((bgemm[r_a, r_b, p, co]*A[r_a, vh])*A[r_b, vw])
conv2d_winograd(n, h, w, co) = inverse[floormod(h, 4), floormod(w, 4), ((((n*14)*14) + (floordiv(h, 4)*14)) + floordiv(w, 4)), co]
p2 = PLACEHOLDER [1, 1, 1, 256]
T_add(ax0, ax1, ax2, ax3) = (conv2d_winograd[ax0, ax1, ax2, ax3] + p2[ax0, 0, 0, ax3])
T_relu(ax0, ax1, ax2, ax3) = max(T_add[ax0, ax1, ax2, ax3], 0f)

==== Task 4: vm_mod_fused_nn_contrib_conv2d_winograd_without_weight_transform_add_nn_relu_3 (weight 1 key: ["dc1c3e1c3a21f9e475857b0f9983ef86", [1, 112, 112, 128], [6, 6, 128, 128], [1, 1, 1, 128], [1, 112, 112, 128]]) =====
p0 = PLACEHOLDER [1, 112, 112, 128]
data_pad(i0, i1, i2, i3) = tir.if_then_else(((((i1 >= 1) && (i1 < 113)) && (i2 >= 1)) && (i2 < 113)), p0[i0, (i1 - 1), (i2 - 1), i3], 0f)
input_tile(eps, nu, p, ci) = data_pad[floordiv(p, 784), ((floormod(floordiv(p, 28), 28)*4) + eps), ((floormod(p, 28)*4) + nu), ci]
B(i, j) = select(((floormod(i, 6) == 5) && (floormod(j, 6) == 5)), 1f, select(((floormod(i, 6) == 5) && (floormod(j, 6) == 4)),  ..(OMITTED)..  (floormod(j, 6) == 1)), 0f, select(((floormod(i, 6) == 0) && (floormod(j, 6) == 0)), 1f, 0f))))))))))))))))))))))))))))))))))))
data_pack(eps, nu, p, ci) += ((input_tile[r_a, r_b, p, ci]*B[r_a, eps])*B[r_b, nu])
p1 = PLACEHOLDER [6, 6, 128, 128]
bgemm(eps, nu, p, co) += (data_pack[eps, nu, p, ci]*p1[eps, nu, co, ci])
A(i, j) = select(((floormod(i, 6) == 5) && (floormod(j, 4) == 3)), 1f, select(((floormod(i, 6) == 5) && (floormod(j, 4) == 2)),  ..(OMITTED)..  6) == 0) && (floormod(j, 4) == 1)), 0f, select(((floormod(i, 6) == 0) && (floormod(j, 4) == 0)), 1f, 0f))))))))))))))))))))))))
inverse(vh, vw, p, co) += ((bgemm[r_a, r_b, p, co]*A[r_a, vh])*A[r_b, vw])
conv2d_winograd(n, h, w, co) = inverse[floormod(h, 4), floormod(w, 4), ((((n*28)*28) + (floordiv(h, 4)*28)) + floordiv(w, 4)), co]
p2 = PLACEHOLDER [1, 1, 1, 128]
T_add(ax0, ax1, ax2, ax3) = (conv2d_winograd[ax0, ax1, ax2, ax3] + p2[ax0, 0, 0, ax3])
T_relu(ax0, ax1, ax2, ax3) = max(T_add[ax0, ax1, ax2, ax3], 0f)

==== Task 5: vm_mod_fused_nn_max_pool2d_1 (weight 1 key: ["c92b8fc43923b1c0edeb2d4534314534", [1, 112, 112, 128], [1, 56, 56, 128]]) =====
p0 = PLACEHOLDER [1, 112, 112, 128]
pool_max(ax0, ax1, ax2, ax3) max= p0[ax0, ((ax1*2) + rv0), ((ax2*2) + rv1), ax3]

==== Task 6: vm_mod_fused_nn_dense_add_nn_relu_1 (weight 1 key: ["8879a6f07161b9cfdcdaa15096d38651", [1, 4096], [4096, 4096], [1, 4096], [1, 4096]]) =====
p0 = PLACEHOLDER [1, 4096]
p1 = PLACEHOLDER [4096, 4096]
T_matmul_NT(i, j) += (p0[i, k]*p1[j, k])
p2 = PLACEHOLDER [1, 4096]
T_add(ax0, ax1) = (T_matmul_NT[ax0, ax1] + p2[ax0, ax1])
T_relu(ax0, ax1) = max(T_add[ax0, ax1], 0f)

==== Task 7: vm_mod_fused_nn_dense_add_nn_relu (weight 1 key: ["8879a6f07161b9cfdcdaa15096d38651", [1, 25088], [4096, 25088], [1, 4096], [1, 4096]]) =====
p0 = PLACEHOLDER [1, 25088]
p1 = PLACEHOLDER [4096, 25088]
T_matmul_NT(i, j) += (p0[i, k]*p1[j, k])
p2 = PLACEHOLDER [1, 4096]
T_add(ax0, ax1) = (T_matmul_NT[ax0, ax1] + p2[ax0, ax1])
T_relu(ax0, ax1) = max(T_add[ax0, ax1], 0f)

==== Task 8: vm_mod_fused_nn_contrib_conv2d_winograd_without_weight_transform_add_nn_relu_1 (weight 1 key: ["113f35f2d4ffd5d5bc0b80d37fe245d2", [1, 224, 224, 64], [6, 6, 64, 64], [1, 1, 1, 64], [1, 224, 224, 64]]) =====
p0 = PLACEHOLDER [1, 224, 224, 64]
data_pad(i0, i1, i2, i3) = tir.if_then_else(((((i1 >= 1) && (i1 < 225)) && (i2 >= 1)) && (i2 < 225)), p0[i0, (i1 - 1), (i2 - 1), i3], 0f)
input_tile(eps, nu, p, ci) = data_pad[floordiv(p, 3136), ((floormod(floordiv(p, 56), 56)*4) + eps), ((floormod(p, 56)*4) + nu), ci]
B(i, j) = select(((floormod(i, 6) == 5) && (floormod(j, 6) == 5)), 1f, select(((floormod(i, 6) == 5) && (floormod(j, 6) == 4)),  ..(OMITTED)..  (floormod(j, 6) == 1)), 0f, select(((floormod(i, 6) == 0) && (floormod(j, 6) == 0)), 1f, 0f))))))))))))))))))))))))))))))))))))
data_pack(eps, nu, p, ci) += ((input_tile[r_a, r_b, p, ci]*B[r_a, eps])*B[r_b, nu])
p1 = PLACEHOLDER [6, 6, 64, 64]
bgemm(eps, nu, p, co) += (data_pack[eps, nu, p, ci]*p1[eps, nu, co, ci])
A(i, j) = select(((floormod(i, 6) == 5) && (floormod(j, 4) == 3)), 1f, select(((floormod(i, 6) == 5) && (floormod(j, 4) == 2)),  ..(OMITTED)..  6) == 0) && (floormod(j, 4) == 1)), 0f, select(((floormod(i, 6) == 0) && (floormod(j, 4) == 0)), 1f, 0f))))))))))))))))))))))))
inverse(vh, vw, p, co) += ((bgemm[r_a, r_b, p, co]*A[r_a, vh])*A[r_b, vw])
conv2d_winograd(n, h, w, co) = inverse[floormod(h, 4), floormod(w, 4), ((((n*56)*56) + (floordiv(h, 4)*56)) + floordiv(w, 4)), co]
p2 = PLACEHOLDER [1, 1, 1, 64]
T_add(ax0, ax1, ax2, ax3) = (conv2d_winograd[ax0, ax1, ax2, ax3] + p2[ax0, 0, 0, ax3])
T_relu(ax0, ax1, ax2, ax3) = max(T_add[ax0, ax1, ax2, ax3], 0f)

==== Task 9: vm_mod_fused_nn_max_pool2d_4 (weight 1 key: ["c92b8fc43923b1c0edeb2d4534314534", [1, 14, 14, 512], [1, 7, 7, 512]]) =====
p0 = PLACEHOLDER [1, 14, 14, 512]
pool_max(ax0, ax1, ax2, ax3) max= p0[ax0, ((ax1*2) + rv0), ((ax2*2) + rv1), ax3]

==== Task 10: vm_mod_fused_nn_contrib_conv2d_winograd_without_weight_transform_add_nn_relu_8 (weight 3 key: ["1097323f3970e5c881ad3a0028ca79cb", [1, 14, 14, 512], [4, 4, 512, 512], [1, 1, 1, 512], [1, 14, 14, 512]]) =====
p0 = PLACEHOLDER [1, 14, 14, 512]
data_pad(i0, i1, i2, i3) = tir.if_then_else(((((i1 >= 1) && (i1 < 15)) && (i2 >= 1)) && (i2 < 15)), p0[i0, (i1 - 1), (i2 - 1), i3], 0f)
input_tile(eps, nu, p, ci) = data_pad[floordiv(p, 49), ((floormod(floordiv(p, 7), 7)*2) + eps), ((floormod(p, 7)*2) + nu), ci]
B(i, j) = select(((floormod(i, 4) == 3) && (floormod(j, 4) == 3)), 1f, select(((floormod(i, 4) == 3) && (floormod(j, 4) == 2)),  ..(OMITTED).. ormod(i, 4) == 0) && (floormod(j, 4) == 1)), 0f, select(((floormod(i, 4) == 0) && (floormod(j, 4) == 0)), 1f, 0f))))))))))))))))
data_pack(eps, nu, p, ci) += ((input_tile[r_a, r_b, p, ci]*B[r_a, eps])*B[r_b, nu])
p1 = PLACEHOLDER [4, 4, 512, 512]
bgemm(eps, nu, p, co) += (data_pack[eps, nu, p, ci]*p1[eps, nu, co, ci])
A(i, j) = select(((floormod(i, 4) == 3) && (floormod(j, 2) == 1)), 1f, select(((floormod(i, 4) == 3) && (floormod(j, 2) == 0)),  ..(OMITTED).. ct(((floormod(i, 4) == 0) && (floormod(j, 2) == 1)), 0f, select(((floormod(i, 4) == 0) && (floormod(j, 2) == 0)), 1f, 0f))))))))
inverse(vh, vw, p, co) += ((bgemm[r_a, r_b, p, co]*A[r_a, vh])*A[r_b, vw])
conv2d_winograd(n, h, w, co) = inverse[floormod(h, 2), floormod(w, 2), ((((n*7)*7) + (floordiv(h, 2)*7)) + floordiv(w, 2)), co]
p2 = PLACEHOLDER [1, 1, 1, 512]
T_add(ax0, ax1, ax2, ax3) = (conv2d_winograd[ax0, ax1, ax2, ax3] + p2[ax0, 0, 0, ax3])
T_relu(ax0, ax1, ax2, ax3) = max(T_add[ax0, ax1, ax2, ax3], 0f)

==== Task 11: vm_mod_fused_nn_adaptive_avg_pool2d (weight 1 key: ["95257eac883a1f5bebac01f2cc68dba2", [1, 7, 7, 512], [1, 7, 7, 512]]) =====
p0 = PLACEHOLDER [1, 7, 7, 512]
adaptive_pool_sum(ax0, ax1, ax2, ax3) += p0[ax0, (floordiv((ax1*7), 7) + rv0), (floordiv((ax2*7), 7) + rv1), ax3]
adaptive_pool_avg(ax0, ax1, ax2, ax3) = (adaptive_pool_sum[ax0, ax1, ax2, ax3]/(float32((select((floormod(((ax1 + 1)*7), 7) == 0 ..(OMITTED).. lect((floormod(((ax2 + 1)*7), 7) == 0), floordiv(((ax2 + 1)*7), 7), (floordiv(((ax2 + 1)*7), 7) + 1)) - floordiv((ax2*7), 7)))))

==== Task 12: vm_mod_fused_nn_contrib_conv2d_winograd_without_weight_transform_add_nn_relu_6 (weight 1 key: ["0bcf718c0e6566bcd6c3b1437a3b6291", [1, 28, 28, 256], [4, 4, 512, 256], [1, 1, 1, 512], [1, 28, 28, 512]]) =====
p0 = PLACEHOLDER [1, 28, 28, 256]
data_pad(i0, i1, i2, i3) = tir.if_then_else(((((i1 >= 1) && (i1 < 29)) && (i2 >= 1)) && (i2 < 29)), p0[i0, (i1 - 1), (i2 - 1), i3], 0f)
input_tile(eps, nu, p, ci) = data_pad[floordiv(p, 196), ((floormod(floordiv(p, 14), 14)*2) + eps), ((floormod(p, 14)*2) + nu), ci]
B(i, j) = select(((floormod(i, 4) == 3) && (floormod(j, 4) == 3)), 1f, select(((floormod(i, 4) == 3) && (floormod(j, 4) == 2)),  ..(OMITTED).. ormod(i, 4) == 0) && (floormod(j, 4) == 1)), 0f, select(((floormod(i, 4) == 0) && (floormod(j, 4) == 0)), 1f, 0f))))))))))))))))
data_pack(eps, nu, p, ci) += ((input_tile[r_a, r_b, p, ci]*B[r_a, eps])*B[r_b, nu])
p1 = PLACEHOLDER [4, 4, 512, 256]
bgemm(eps, nu, p, co) += (data_pack[eps, nu, p, ci]*p1[eps, nu, co, ci])
A(i, j) = select(((floormod(i, 4) == 3) && (floormod(j, 2) == 1)), 1f, select(((floormod(i, 4) == 3) && (floormod(j, 2) == 0)),  ..(OMITTED).. ct(((floormod(i, 4) == 0) && (floormod(j, 2) == 1)), 0f, select(((floormod(i, 4) == 0) && (floormod(j, 2) == 0)), 1f, 0f))))))))
inverse(vh, vw, p, co) += ((bgemm[r_a, r_b, p, co]*A[r_a, vh])*A[r_b, vw])
conv2d_winograd(n, h, w, co) = inverse[floormod(h, 2), floormod(w, 2), ((((n*14)*14) + (floordiv(h, 2)*14)) + floordiv(w, 2)), co]
p2 = PLACEHOLDER [1, 1, 1, 512]
T_add(ax0, ax1, ax2, ax3) = (conv2d_winograd[ax0, ax1, ax2, ax3] + p2[ax0, 0, 0, ax3])
T_relu(ax0, ax1, ax2, ax3) = max(T_add[ax0, ax1, ax2, ax3], 0f)

==== Task 13: vm_mod_fused_nn_contrib_conv2d_winograd_without_weight_transform_add_nn_relu_4 (weight 1 key: ["7c2a4f1f432f81c44985590780dfb52d", [1, 56, 56, 128], [6, 6, 256, 128], [1, 1, 1, 256], [1, 56, 56, 256]]) =====
p0 = PLACEHOLDER [1, 56, 56, 128]
data_pad(i0, i1, i2, i3) = tir.if_then_else(((((i1 >= 1) && (i1 < 57)) && (i2 >= 1)) && (i2 < 57)), p0[i0, (i1 - 1), (i2 - 1), i3], 0f)
input_tile(eps, nu, p, ci) = data_pad[floordiv(p, 196), ((floormod(floordiv(p, 14), 14)*4) + eps), ((floormod(p, 14)*4) + nu), ci]
B(i, j) = select(((floormod(i, 6) == 5) && (floormod(j, 6) == 5)), 1f, select(((floormod(i, 6) == 5) && (floormod(j, 6) == 4)),  ..(OMITTED)..  (floormod(j, 6) == 1)), 0f, select(((floormod(i, 6) == 0) && (floormod(j, 6) == 0)), 1f, 0f))))))))))))))))))))))))))))))))))))
data_pack(eps, nu, p, ci) += ((input_tile[r_a, r_b, p, ci]*B[r_a, eps])*B[r_b, nu])
p1 = PLACEHOLDER [6, 6, 256, 128]
bgemm(eps, nu, p, co) += (data_pack[eps, nu, p, ci]*p1[eps, nu, co, ci])
A(i, j) = select(((floormod(i, 6) == 5) && (floormod(j, 4) == 3)), 1f, select(((floormod(i, 6) == 5) && (floormod(j, 4) == 2)),  ..(OMITTED)..  6) == 0) && (floormod(j, 4) == 1)), 0f, select(((floormod(i, 6) == 0) && (floormod(j, 4) == 0)), 1f, 0f))))))))))))))))))))))))
inverse(vh, vw, p, co) += ((bgemm[r_a, r_b, p, co]*A[r_a, vh])*A[r_b, vw])
conv2d_winograd(n, h, w, co) = inverse[floormod(h, 4), floormod(w, 4), ((((n*14)*14) + (floordiv(h, 4)*14)) + floordiv(w, 4)), co]
p2 = PLACEHOLDER [1, 1, 1, 256]
T_add(ax0, ax1, ax2, ax3) = (conv2d_winograd[ax0, ax1, ax2, ax3] + p2[ax0, 0, 0, ax3])
T_relu(ax0, ax1, ax2, ax3) = max(T_add[ax0, ax1, ax2, ax3], 0f)

==== Task 14: vm_mod_fused_nn_max_pool2d (weight 1 key: ["c92b8fc43923b1c0edeb2d4534314534", [1, 224, 224, 64], [1, 112, 112, 64]]) =====
p0 = PLACEHOLDER [1, 224, 224, 64]
pool_max(ax0, ax1, ax2, ax3) max= p0[ax0, ((ax1*2) + rv0), ((ax2*2) + rv1), ax3]

==== Task 15: vm_mod_fused_nn_contrib_conv2d_winograd_without_weight_transform_add_nn_relu (weight 1 key: ["113f35f2d4ffd5d5bc0b80d37fe245d2", [1, 224, 224, 3], [6, 6, 64, 3], [1, 1, 1, 64], [1, 224, 224, 64]]) =====
----------------------------------------------------------------------
------------------------------  [ Task Scheduler ]
----------------------------------------------------------------------
----------------------------------------------------------------------
------------------------------  [ Search ]
----------------------------------------------------------------------
Generate Sketches		#s: 2
Sample Initial Population	#s: 72	fail_ct: 1976	Time elapsed: 2.52
GA Iter: 0	Max score: 0.9950	Min score: 0.0038	#Pop: 72	#M+: 0	#M-: 0
GA Iter: 4	Max score: 0.9999	Min score: 0.9297	#Pop: 128	#M+: 1401	#M-: 0
EvolutionarySearch		#s: 128	Time elapsed: 14.67
----------------------------------------------------------------------
------------------------------  [ Measure ]
----------------------------------------------------------------------
Get 64 programs to measure:
................................................................************************************Eterminate called after throwing an instance of 'tvm::runtime::InternalError'
  what():  [20:55:59] /data3/qsy/complier/tlm/src/runtime/cuda/cuda_module.cc:61: CUDAError: cuModuleUnload(module_[i]) failed with error: CUDA_ERROR_MISALIGNED_ADDRESS
Stack trace:
  0: tvm::runtime::SimpleObjAllocator::Handler<tvm::runtime::CUDAModuleNode>::Deleter_(tvm::runtime::Object*)
  1: tvm::runtime::SimpleObjAllocator::Handler<tvm::runtime::LibraryModuleNode>::Deleter_(tvm::runtime::Object*)
  2: _ZN3tvm7runtime18SimpleObjAllocator7HandlerINS0_16PackedFuncS
  3: _ZN3tvm7runtime18SimpleObjAllocator7HandlerINS0_16PackedFuncSubObjIZNS0_9profiling17WrapTimeE
  4: TVMObjectFree
  5: __pyx_tp_dealloc_3tvm_4_ffi_4_cy3_4core_PackedFuncBase(_object*)
  6: subtype_dealloc
        at /usr/local/src/conda/python-3.10.18/Objects/typeobject.c:1460
  7: _Py_DECREF
        at /usr/local/src/conda/python-3.10.18/Include/object.h:500
  8: _Py_XDECREF
        at /usr/local/src/conda/python-3.10.18/Include/object.h:567
  9: cell_dealloc
        at /usr/local/src/conda/python-3.10.18/Objects/cellobject.c:82
  10: _Py_Dealloc
        at /usr/local/src/conda/python-3.10.18/Objects/object.c:2301
  11: _Py_DECREF
        at /usr/local/src/conda/python-3.10.18/Include/object.h:500
  12: _Py_XDECREF
        at /usr/local/src/conda/python-3.10.18/Include/object.h:567
  13: tupledealloc
        at /usr/local/src/conda/python-3.10.18/Objects/tupleobject.c:276
  14: _Py_Dealloc
        at /usr/local/src/conda/python-3.10.18/Objects/object.c:2301
  15: _Py_DECREF
        at /usr/local/src/conda/python-3.10.18/Include/object.h:500
  16: func_clear
        at /usr/local/src/conda/python-3.10.18/Objects/funcobject.c:636
  17: func_dealloc
        at /usr/local/src/conda/python-3.10.18/Objects/funcobject.c:648
  18: _Py_Dealloc
        at /usr/local/src/conda/python-3.10.18/Objects/object.c:2301
  19: _Py_DECREF
        at /usr/local/src/conda/python-3.10.18/Include/object.h:500
  20: frame_dealloc
        at /usr/local/src/conda/python-3.10.18/Objects/frameobject.c:591
  21: _Py_Dealloc
        at /usr/local/src/conda/python-3.10.18/Objects/object.c:2301
  22: _Py_DECREF
        at /usr/local/src/conda/python-3.10.18/Include/object.h:500
  23: _PyEval_Vector
        at /usr/local/src/conda/python-3.10.18/Python/ceval.c:5080
  24: _PyFunction_Vectorcall
        at /usr/local/src/conda/python-3.10.18/Objects/call.c:342
  25: do_call_core
        at /usr/local/src/conda/python-3.10.18/Python/ceval.c:5945
  26: _PyEval_EvalFrameDefault
        at /usr/local/src/conda/python-3.10.18/Python/ceval.c:4277
  27: _PyEval_EvalFrame
        at /usr/local/src/conda/python-3.10.18/Include/internal/pycore_ceval.h:46
  28: _PyEval_Vector
        at /usr/local/src/conda/python-3.10.18/Python/ceval.c:5067
  29: _PyFunction_Vectorcall
        at /usr/local/src/conda/python-3.10.18/Objects/call.c:342
  30: _PyObject_VectorcallTstate
        at /usr/local/src/conda/python-3.10.18/Include/cpython/abstract.h:114
  31: PyObject_Vectorcall
        at /usr/local/src/conda/python-3.10.18/Include/cpython/abstract.h:123
  32: call_function
        at /usr/local/src/conda/python-3.10.18/Python/ceval.c:5893
  33: _PyEval_EvalFrameDefault
        at /usr/local/src/conda/python-3.10.18/Python/ceval.c:4213
  34: _PyEval_EvalFrame
        at /usr/local/src/conda/python-3.10.18/Include/internal/pycore_ceval.h:46
  35: _PyEval_Vector
        at /usr/local/src/conda/python-3.10.18/Python/ceval.c:5067
  36: PyEval_EvalCode
        at /usr/local/src/conda/python-3.10.18/Python/ceval.c:1134
  37: builtin_exec_impl
        at /usr/local/src/conda/python-3.10.18/Python/bltinmodule.c:1058
  38: builtin_exec
        at /usr/local/src/conda/python-3.10.18/Python/clinic/bltinmodule.c.h:371
  39: cfunction_vectorcall_FASTCALL
        at /usr/local/src/conda/python-3.10.18/Objects/methodobject.c:430
  40: _PyObject_VectorcallTstate
        at /usr/local/src/conda/python-3.10.18/Include/cpython/abstract.h:114
  41: PyObject_Vectorcall
        at /usr/local/src/conda/python-3.10.18/Include/cpython/abstract.h:123
  42: call_function
        at /usr/local/src/conda/python-3.10.18/Python/ceval.c:5893
  43: _PyEval_EvalFrameDefault
        at /usr/local/src/conda/python-3.10.18/Python/ceval.c:4213
  44: _PyEval_EvalFrame
        at /usr/local/src/conda/python-3.10.18/Include/internal/pycore_ceval.h:46
  45: _PyEval_Vector
        at /usr/local/src/conda/python-3.10.18/Python/ceval.c:5067
  46: _PyFunction_Vectorcall
        at /usr/local/src/conda/python-3.10.18/Objects/call.c:342
  47: _PyObject_VectorcallTstate
        at /usr/local/src/conda/python-3.10.18/Include/cpython/abstract.h:114
  48: PyObject_Vectorcall
        at /usr/local/src/conda/python-3.10.18/Include/cpython/abstract.h:123
  49: call_function
        at /usr/local/src/conda/python-3.10.18/Python/ceval.c:5893
  50: _PyEval_EvalFrameDefault
        at /usr/local/src/conda/python-3.10.18/Python/ceval.c:4213
  51: _PyEval_EvalFrame
        at /usr/local/src/conda/python-3.10.18/Include/internal/pycore_ceval.h:46
  52: _PyEval_Vector
        at /usr/local/src/conda/python-3.10.18/Python/ceval.c:5067
  53: _PyFunction_Vectorcall
        at /usr/local/src/conda/python-3.10.18/Objects/call.c:342
  54: pymain_run_module
        at /usr/local/src/conda/python-3.10.18/Modules/main.c:297
  55: pymain_run_python
        at /usr/local/src/conda/python-3.10.18/Modules/main.c:589
  56: Py_RunMain
        at /usr/local/src/conda/python-3.10.18/Modules/main.c:674
  57: Py_BytesMain
        at /usr/local/src/conda/python-3.10.18/Modules/main.c:1094
  58: __libc_start_main
        at ../csu/libc-start.c:308
  59: 0x000000000058728d
  60: 0xffffffffffffffff


p0 = PLACEHOLDER [1, 224, 224, 3]
data_pad(i0, i1, i2, i3) = tir.if_then_else(((((i1 >= 1) && (i1 < 225)) && (i2 >= 1)) && (i2 < 225)), p0[i0, (i1 - 1), (i2 - 1), i3], 0f)
input_tile(eps, nu, p, ci) = data_pad[floordiv(p, 3136), ((floormod(floordiv(p, 56), 56)*4) + eps), ((floormod(p, 56)*4) + nu), ci]
B(i, j) = select(((floormod(i, 6) == 5) && (floormod(j, 6) == 5)), 1f, select(((floormod(i, 6) == 5) && (floormod(j, 6) == 4)),  ..(OMITTED)..  (floormod(j, 6) == 1)), 0f, select(((floormod(i, 6) == 0) && (floormod(j, 6) == 0)), 1f, 0f))))))))))))))))))))))))))))))))))))
data_pack(eps, nu, p, ci) += ((input_tile[r_a, r_b, p, ci]*B[r_a, eps])*B[r_b, nu])
p1 = PLACEHOLDER [6, 6, 64, 3]
bgemm(eps, nu, p, co) += (data_pack[eps, nu, p, ci]*p1[eps, nu, co, ci])
A(i, j) = select(((floormod(i, 6) == 5) && (floormod(j, 4) == 3)), 1f, select(((floormod(i, 6) == 5) && (floormod(j, 4) == 2)),  ..(OMITTED)..  6) == 0) && (floormod(j, 4) == 1)), 0f, select(((floormod(i, 6) == 0) && (floormod(j, 4) == 0)), 1f, 0f))))))))))))))))))))))))
inverse(vh, vw, p, co) += ((bgemm[r_a, r_b, p, co]*A[r_a, vh])*A[r_b, vw])
conv2d_winograd(n, h, w, co) = inverse[floormod(h, 4), floormod(w, 4), ((((n*56)*56) + (floordiv(h, 4)*56)) + floordiv(w, 4)), co]
p2 = PLACEHOLDER [1, 1, 1, 64]
T_add(ax0, ax1, ax2, ax3) = (conv2d_winograd[ax0, ax1, ax2, ax3] + p2[ax0, 0, 0, ax3])
T_relu(ax0, ax1, ax2, ax3) = max(T_add[ax0, ax1, ax2, ax3], 0f)

==== Task 16: vm_mod_fused_nn_max_pool2d_3 (weight 1 key: ["c92b8fc43923b1c0edeb2d4534314534", [1, 28, 28, 512], [1, 14, 14, 512]]) =====
p0 = PLACEHOLDER [1, 28, 28, 512]
pool_max(ax0, ax1, ax2, ax3) max= p0[ax0, ((ax1*2) + rv0), ((ax2*2) + rv1), ax3]

==== Task 17: vm_mod_fused_nn_contrib_conv2d_winograd_without_weight_transform_add_nn_relu_2 (weight 1 key: ["dc1c3e1c3a21f9e475857b0f9983ef86", [1, 112, 112, 64], [6, 6, 128, 64], [1, 1, 1, 128], [1, 112, 112, 128]]) =====
p0 = PLACEHOLDER [1, 112, 112, 64]
data_pad(i0, i1, i2, i3) = tir.if_then_else(((((i1 >= 1) && (i1 < 113)) && (i2 >= 1)) && (i2 < 113)), p0[i0, (i1 - 1), (i2 - 1), i3], 0f)
input_tile(eps, nu, p, ci) = data_pad[floordiv(p, 784), ((floormod(floordiv(p, 28), 28)*4) + eps), ((floormod(p, 28)*4) + nu), ci]
B(i, j) = select(((floormod(i, 6) == 5) && (floormod(j, 6) == 5)), 1f, select(((floormod(i, 6) == 5) && (floormod(j, 6) == 4)),  ..(OMITTED)..  (floormod(j, 6) == 1)), 0f, select(((floormod(i, 6) == 0) && (floormod(j, 6) == 0)), 1f, 0f))))))))))))))))))))))))))))))))))))
data_pack(eps, nu, p, ci) += ((input_tile[r_a, r_b, p, ci]*B[r_a, eps])*B[r_b, nu])
p1 = PLACEHOLDER [6, 6, 128, 64]
bgemm(eps, nu, p, co) += (data_pack[eps, nu, p, ci]*p1[eps, nu, co, ci])
A(i, j) = select(((floormod(i, 6) == 5) && (floormod(j, 4) == 3)), 1f, select(((floormod(i, 6) == 5) && (floormod(j, 4) == 2)),  ..(OMITTED)..  6) == 0) && (floormod(j, 4) == 1)), 0f, select(((floormod(i, 6) == 0) && (floormod(j, 4) == 0)), 1f, 0f))))))))))))))))))))))))
inverse(vh, vw, p, co) += ((bgemm[r_a, r_b, p, co]*A[r_a, vh])*A[r_b, vw])
conv2d_winograd(n, h, w, co) = inverse[floormod(h, 4), floormod(w, 4), ((((n*28)*28) + (floordiv(h, 4)*28)) + floordiv(w, 4)), co]
p2 = PLACEHOLDER [1, 1, 1, 128]
T_add(ax0, ax1, ax2, ax3) = (conv2d_winograd[ax0, ax1, ax2, ax3] + p2[ax0, 0, 0, ax3])
T_relu(ax0, ax1, ax2, ax3) = max(T_add[ax0, ax1, ax2, ax3], 0f)

|  ID  |                       Task Description                        | Latency (ms) | Speed (GFLOPS) | Trials |
-----------------------------------------------------------------------------------------------------------------
|    0 |                                     vm_mod_fused_nn_dense_add |            - |              - |      0 |
|    1 |                                  vm_mod_fused_nn_max_pool2d_2 |            - |              - |      0 |
|    2 | vm_mod_fused_nn_contrib_conv2d_winograd_without_weight_transform_add_nn_relu_7 |            - |              - |      0 |
|    3 | vm_mod_fused_nn_contrib_conv2d_winograd_without_weight_transform_add_nn_relu_5 |            - |              - |      0 |
|    4 | vm_mod_fused_nn_contrib_conv2d_winograd_without_weight_transform_add_nn_relu_3 |            - |              - |      0 |
|    5 |                                  vm_mod_fused_nn_max_pool2d_1 |            - |              - |      0 |
|    6 |                           vm_mod_fused_nn_dense_add_nn_relu_1 |            - |              - |      0 |
|    7 |                             vm_mod_fused_nn_dense_add_nn_relu |            - |              - |      0 |
|    8 | vm_mod_fused_nn_contrib_conv2d_winograd_without_weight_transform_add_nn_relu_1 |            - |              - |      0 |
|    9 |                                  vm_mod_fused_nn_max_pool2d_4 |            - |              - |      0 |
|   10 | vm_mod_fused_nn_contrib_conv2d_winograd_without_weight_transform_add_nn_relu_8 |            - |              - |      0 |
|   11 |                           vm_mod_fused_nn_adaptive_avg_pool2d |            - |              - |      0 |
|   12 | vm_mod_fused_nn_contrib_conv2d_winograd_without_weight_transform_add_nn_relu_6 |            - |              - |      0 |
|   13 | vm_mod_fused_nn_contrib_conv2d_winograd_without_weight_transform_add_nn_relu_4 |            - |              - |      0 |
|   14 |                                    vm_mod_fused_nn_max_pool2d |            - |              - |      0 |
|   15 | vm_mod_fused_nn_contrib_conv2d_winograd_without_weight_transform_add_nn_relu |            - |              - |      0 |
|   16 |                                  vm_mod_fused_nn_max_pool2d_3 |            - |              - |      0 |
|   17 | vm_mod_fused_nn_contrib_conv2d_winograd_without_weight_transform_add_nn_relu_2 |            - |              - |      0 |
-----------------------------------------------------------------------------------------------------------------
Estimated total latency: - ms	Trials: 0	Used time : 0 s	Next ID: 0	
*E*******Eterminate called after throwing an instance of 'tvm::runtime::InternalError'
  what():  [20:56:02] /data3/qsy/complier/tlm/src/runtime/cuda/cuda_module.cc:61: CUDAError: cuModuleUnload(module_[i]) failed with error: CUDA_ERROR_MISALIGNED_ADDRESS
Stack trace:
  0: tvm::runtime::SimpleObjAllocator::Handler<tvm::runtime::CUDAModuleNode>::Deleter_(tvm::runtime::Object*)
  1: tvm::runtime::SimpleObjAllocator::Handler<tvm::runtime::LibraryModuleNode>::Deleter_(tvm::runtime::Object*)
  2: _ZN3tvm7runtime18SimpleObjAllocator7HandlerINS0_16PackedFuncS
  3: _ZN3tvm7runtime18SimpleObjAllocator7HandlerINS0_16PackedFuncSubObjIZNS0_9profiling17WrapTimeE
  4: TVMObjectFree
  5: __pyx_tp_dealloc_3tvm_4_ffi_4_cy3_4core_PackedFuncBase(_object*)
  6: subtype_dealloc
        at /usr/local/src/conda/python-3.10.18/Objects/typeobject.c:1460
  7: _Py_DECREF
        at /usr/local/src/conda/python-3.10.18/Include/object.h:500
  8: _Py_XDECREF
        at /usr/local/src/conda/python-3.10.18/Include/object.h:567
  9: cell_dealloc
        at /usr/local/src/conda/python-3.10.18/Objects/cellobject.c:82
  10: _Py_Dealloc
        at /usr/local/src/conda/python-3.10.18/Objects/object.c:2301
  11: _Py_DECREF
        at /usr/local/src/conda/python-3.10.18/Include/object.h:500
  12: _Py_XDECREF
        at /usr/local/src/conda/python-3.10.18/Include/object.h:567
  13: tupledealloc
        at /usr/local/src/conda/python-3.10.18/Objects/tupleobject.c:276
  14: _Py_Dealloc
        at /usr/local/src/conda/python-3.10.18/Objects/object.c:2301
  15: _Py_DECREF
        at /usr/local/src/conda/python-3.10.18/Include/object.h:500
  16: func_clear
        at /usr/local/src/conda/python-3.10.18/Objects/funcobject.c:636
  17: func_dealloc
        at /usr/local/src/conda/python-3.10.18/Objects/funcobject.c:648
  18: _Py_Dealloc
        at /usr/local/src/conda/python-3.10.18/Objects/object.c:2301
  19: _Py_DECREF
        at /usr/local/src/conda/python-3.10.18/Include/object.h:500
  20: frame_dealloc
        at /usr/local/src/conda/python-3.10.18/Objects/frameobject.c:591
  21: _Py_Dealloc
        at /usr/local/src/conda/python-3.10.18/Objects/object.c:2301
  22: _Py_DECREF
        at /usr/local/src/conda/python-3.10.18/Include/object.h:500
  23: _PyEval_Vector
        at /usr/local/src/conda/python-3.10.18/Python/ceval.c:5080
  24: _PyFunction_Vectorcall
        at /usr/local/src/conda/python-3.10.18/Objects/call.c:342
  25: do_call_core
        at /usr/local/src/conda/python-3.10.18/Python/ceval.c:5945
  26: _PyEval_EvalFrameDefault
        at /usr/local/src/conda/python-3.10.18/Python/ceval.c:4277
  27: _PyEval_EvalFrame
        at /usr/local/src/conda/python-3.10.18/Include/internal/pycore_ceval.h:46
  28: _PyEval_Vector
        at /usr/local/src/conda/python-3.10.18/Python/ceval.c:5067
  29: _PyFunction_Vectorcall
        at /usr/local/src/conda/python-3.10.18/Objects/call.c:342
  30: _PyObject_VectorcallTstate
        at /usr/local/src/conda/python-3.10.18/Include/cpython/abstract.h:114
  31: PyObject_Vectorcall
        at /usr/local/src/conda/python-3.10.18/Include/cpython/abstract.h:123
  32: call_function
        at /usr/local/src/conda/python-3.10.18/Python/ceval.c:5893
  33: _PyEval_EvalFrameDefault
        at /usr/local/src/conda/python-3.10.18/Python/ceval.c:4213
  34: _PyEval_EvalFrame
        at /usr/local/src/conda/python-3.10.18/Include/internal/pycore_ceval.h:46
  35: _PyEval_Vector
        at /usr/local/src/conda/python-3.10.18/Python/ceval.c:5067
  36: PyEval_EvalCode
        at /usr/local/src/conda/python-3.10.18/Python/ceval.c:1134
  37: builtin_exec_impl
        at /usr/local/src/conda/python-3.10.18/Python/bltinmodule.c:1058
  38: builtin_exec
        at /usr/local/src/conda/python-3.10.18/Python/clinic/bltinmodule.c.h:371
  39: cfunction_vectorcall_FASTCALL
        at /usr/local/src/conda/python-3.10.18/Objects/methodobject.c:430
  40: _PyObject_VectorcallTstate
        at /usr/local/src/conda/python-3.10.18/Include/cpython/abstract.h:114
  41: PyObject_Vectorcall
        at /usr/local/src/conda/python-3.10.18/Include/cpython/abstract.h:123
  42: call_function
        at /usr/local/src/conda/python-3.10.18/Python/ceval.c:5893
  43: _PyEval_EvalFrameDefault
        at /usr/local/src/conda/python-3.10.18/Python/ceval.c:4213
  44: _PyEval_EvalFrame
        at /usr/local/src/conda/python-3.10.18/Include/internal/pycore_ceval.h:46
  45: _PyEval_Vector
        at /usr/local/src/conda/python-3.10.18/Python/ceval.c:5067
  46: _PyFunction_Vectorcall
        at /usr/local/src/conda/python-3.10.18/Objects/call.c:342
  47: _PyObject_VectorcallTstate
        at /usr/local/src/conda/python-3.10.18/Include/cpython/abstract.h:114
  48: PyObject_Vectorcall
        at /usr/local/src/conda/python-3.10.18/Include/cpython/abstract.h:123
  49: call_function
        at /usr/local/src/conda/python-3.10.18/Python/ceval.c:5893
  50: _PyEval_EvalFrameDefault
        at /usr/local/src/conda/python-3.10.18/Python/ceval.c:4213
  51: _PyEval_EvalFrame
        at /usr/local/src/conda/python-3.10.18/Include/internal/pycore_ceval.h:46
  52: _PyEval_Vector
        at /usr/local/src/conda/python-3.10.18/Python/ceval.c:5067
  53: _PyFunction_Vectorcall
        at /usr/local/src/conda/python-3.10.18/Objects/call.c:342
  54: pymain_run_module
        at /usr/local/src/conda/python-3.10.18/Modules/main.c:297
  55: pymain_run_python
        at /usr/local/src/conda/python-3.10.18/Modules/main.c:589
  56: Py_RunMain
        at /usr/local/src/conda/python-3.10.18/Modules/main.c:674
  57: Py_BytesMain
        at /usr/local/src/conda/python-3.10.18/Modules/main.c:1094
  58: __libc_start_main
        at ../csu/libc-start.c:308
  59: 0x000000000058728d
  60: 0xffffffffffffffff


*E***************Eterminate called after throwing an instance of 'tvm::runtime::InternalError'
  what():  [20:56:09] /data3/qsy/complier/tlm/src/runtime/cuda/cuda_module.cc:61: CUDAError: cuModuleUnload(module_[i]) failed with error: CUDA_ERROR_MISALIGNED_ADDRESS
Stack trace:
  0: tvm::runtime::SimpleObjAllocator::Handler<tvm::runtime::CUDAModuleNode>::Deleter_(tvm::runtime::Object*)
  1: tvm::runtime::SimpleObjAllocator::Handler<tvm::runtime::LibraryModuleNode>::Deleter_(tvm::runtime::Object*)
  2: _ZN3tvm7runtime18SimpleObjAllocator7HandlerINS0_16PackedFuncS
  3: _ZN3tvm7runtime18SimpleObjAllocator7HandlerINS0_16PackedFuncSubObjIZNS0_9profiling17WrapTimeE
  4: TVMObjectFree
  5: __pyx_tp_dealloc_3tvm_4_ffi_4_cy3_4core_PackedFuncBase(_object*)
  6: subtype_dealloc
        at /usr/local/src/conda/python-3.10.18/Objects/typeobject.c:1460
  7: _Py_DECREF
        at /usr/local/src/conda/python-3.10.18/Include/object.h:500
  8: _Py_XDECREF
        at /usr/local/src/conda/python-3.10.18/Include/object.h:567
  9: cell_dealloc
        at /usr/local/src/conda/python-3.10.18/Objects/cellobject.c:82
  10: _Py_Dealloc
        at /usr/local/src/conda/python-3.10.18/Objects/object.c:2301
  11: _Py_DECREF
        at /usr/local/src/conda/python-3.10.18/Include/object.h:500
  12: _Py_XDECREF
        at /usr/local/src/conda/python-3.10.18/Include/object.h:567
  13: tupledealloc
        at /usr/local/src/conda/python-3.10.18/Objects/tupleobject.c:276
  14: _Py_Dealloc
        at /usr/local/src/conda/python-3.10.18/Objects/object.c:2301
  15: _Py_DECREF
        at /usr/local/src/conda/python-3.10.18/Include/object.h:500
  16: func_clear
        at /usr/local/src/conda/python-3.10.18/Objects/funcobject.c:636
  17: func_dealloc
        at /usr/local/src/conda/python-3.10.18/Objects/funcobject.c:648
  18: _Py_Dealloc
        at /usr/local/src/conda/python-3.10.18/Objects/object.c:2301
  19: _Py_DECREF
        at /usr/local/src/conda/python-3.10.18/Include/object.h:500
  20: frame_dealloc
        at /usr/local/src/conda/python-3.10.18/Objects/frameobject.c:591
  21: _Py_Dealloc
        at /usr/local/src/conda/python-3.10.18/Objects/object.c:2301
  22: _Py_DECREF
        at /usr/local/src/conda/python-3.10.18/Include/object.h:500
  23: _PyEval_Vector
        at /usr/local/src/conda/python-3.10.18/Python/ceval.c:5080
  24: _PyFunction_Vectorcall
        at /usr/local/src/conda/python-3.10.18/Objects/call.c:342
  25: do_call_core
        at /usr/local/src/conda/python-3.10.18/Python/ceval.c:5945
  26: _PyEval_EvalFrameDefault
        at /usr/local/src/conda/python-3.10.18/Python/ceval.c:4277
  27: _PyEval_EvalFrame
        at /usr/local/src/conda/python-3.10.18/Include/internal/pycore_ceval.h:46
  28: _PyEval_Vector
        at /usr/local/src/conda/python-3.10.18/Python/ceval.c:5067
  29: _PyFunction_Vectorcall
        at /usr/local/src/conda/python-3.10.18/Objects/call.c:342
  30: _PyObject_VectorcallTstate
        at /usr/local/src/conda/python-3.10.18/Include/cpython/abstract.h:114
  31: PyObject_Vectorcall
        at /usr/local/src/conda/python-3.10.18/Include/cpython/abstract.h:123
  32: call_function
        at /usr/local/src/conda/python-3.10.18/Python/ceval.c:5893
  33: _PyEval_EvalFrameDefault
        at /usr/local/src/conda/python-3.10.18/Python/ceval.c:4213
  34: _PyEval_EvalFrame
        at /usr/local/src/conda/python-3.10.18/Include/internal/pycore_ceval.h:46
  35: _PyEval_Vector
        at /usr/local/src/conda/python-3.10.18/Python/ceval.c:5067
  36: PyEval_EvalCode
        at /usr/local/src/conda/python-3.10.18/Python/ceval.c:1134
  37: builtin_exec_impl
        at /usr/local/src/conda/python-3.10.18/Python/bltinmodule.c:1058
  38: builtin_exec
        at /usr/local/src/conda/python-3.10.18/Python/clinic/bltinmodule.c.h:371
  39: cfunction_vectorcall_FASTCALL
        at /usr/local/src/conda/python-3.10.18/Objects/methodobject.c:430
  40: _PyObject_VectorcallTstate
        at /usr/local/src/conda/python-3.10.18/Include/cpython/abstract.h:114
  41: PyObject_Vectorcall
        at /usr/local/src/conda/python-3.10.18/Include/cpython/abstract.h:123
  42: call_function
        at /usr/local/src/conda/python-3.10.18/Python/ceval.c:5893
  43: _PyEval_EvalFrameDefault
        at /usr/local/src/conda/python-3.10.18/Python/ceval.c:4213
  44: _PyEval_EvalFrame
        at /usr/local/src/conda/python-3.10.18/Include/internal/pycore_ceval.h:46
  45: _PyEval_Vector
        at /usr/local/src/conda/python-3.10.18/Python/ceval.c:5067
  46: _PyFunction_Vectorcall
        at /usr/local/src/conda/python-3.10.18/Objects/call.c:342
  47: _PyObject_VectorcallTstate
        at /usr/local/src/conda/python-3.10.18/Include/cpython/abstract.h:114
  48: PyObject_Vectorcall
        at /usr/local/src/conda/python-3.10.18/Include/cpython/abstract.h:123
  49: call_function
        at /usr/local/src/conda/python-3.10.18/Python/ceval.c:5893
  50: _PyEval_EvalFrameDefault
        at /usr/local/src/conda/python-3.10.18/Python/ceval.c:4213
  51: _PyEval_EvalFrame
        at /usr/local/src/conda/python-3.10.18/Include/internal/pycore_ceval.h:46
  52: _PyEval_Vector
        at /usr/local/src/conda/python-3.10.18/Python/ceval.c:5067
  53: _PyFunction_Vectorcall
        at /usr/local/src/conda/python-3.10.18/Objects/call.c:342
  54: pymain_run_module
        at /usr/local/src/conda/python-3.10.18/Modules/main.c:297
  55: pymain_run_python
        at /usr/local/src/conda/python-3.10.18/Modules/main.c:589
  56: Py_RunMain
        at /usr/local/src/conda/python-3.10.18/Modules/main.c:674
  57: Py_BytesMain
        at /usr/local/src/conda/python-3.10.18/Modules/main.c:1094
  58: __libc_start_main
        at ../csu/libc-start.c:308
  59: 0x000000000058728d
  60: 0xffffffffffffffff


*E******
Time elapsed for measurement: 38.96 s
----------------------------------------------------------------------
------------------------------  [ Train cost model ]
----------------------------------------------------------------------
Time elapsed for training: 0.49 s
----------------------------------------------------------------------
------------------------------  [ Task Scheduler ]
----------------------------------------------------------------------
----------------------------------------------------------------------
------------------------------  [ Search ]
----------------------------------------------------------------------
Generate Sketches		#s: 1
Sample Initial Population	#s: 58	fail_ct: 1990	Time elapsed: 2.82
GA Iter: 0	Max score: 0.9949	Min score: 0.0111	#Pop: 58	#M+: 0	#M-: 0
GA Iter: 4	Max score: 0.9949	Min score: 0.0111	#Pop: 60	#M+: 1388	#M-: 0
EvolutionarySearch		#s: 60	Time elapsed: 7.89
----------------------------------------------------------------------
------------------------------  [ Measure ]
----------------------------------------------------------------------
Get 60 programs to measure:
............................................................************************************************************|  ID  |                       Task Description                        | Latency (ms) | Speed (GFLOPS) | Trials |
-----------------------------------------------------------------------------------------------------------------
|    0 |                                     vm_mod_fused_nn_dense_add |        0.021 |         392.73 |     64 |
|    1 |                                  vm_mod_fused_nn_max_pool2d_2 |            - |              - |      0 |
|    2 | vm_mod_fused_nn_contrib_conv2d_winograd_without_weight_transform_add_nn_relu_7 |            - |              - |      0 |
|    3 | vm_mod_fused_nn_contrib_conv2d_winograd_without_weight_transform_add_nn_relu_5 |            - |              - |      0 |
|    4 | vm_mod_fused_nn_contrib_conv2d_winograd_without_weight_transform_add_nn_relu_3 |            - |              - |      0 |
|    5 |                                  vm_mod_fused_nn_max_pool2d_1 |            - |              - |      0 |
|    6 |                           vm_mod_fused_nn_dense_add_nn_relu_1 |            - |              - |      0 |
|    7 |                             vm_mod_fused_nn_dense_add_nn_relu |            - |              - |      0 |
|    8 | vm_mod_fused_nn_contrib_conv2d_winograd_without_weight_transform_add_nn_relu_1 |            - |              - |      0 |
|    9 |                                  vm_mod_fused_nn_max_pool2d_4 |            - |              - |      0 |
|   10 | vm_mod_fused_nn_contrib_conv2d_winograd_without_weight_transform_add_nn_relu_8 |            - |              - |      0 |
|   11 |                           vm_mod_fused_nn_adaptive_avg_pool2d |            - |              - |      0 |
|   12 | vm_mod_fused_nn_contrib_conv2d_winograd_without_weight_transform_add_nn_relu_6 |            - |              - |      0 |
|   13 | vm_mod_fused_nn_contrib_conv2d_winograd_without_weight_transform_add_nn_relu_4 |            - |              - |      0 |
|   14 |                                    vm_mod_fused_nn_max_pool2d |            - |              - |      0 |
|   15 | vm_mod_fused_nn_contrib_conv2d_winograd_without_weight_transform_add_nn_relu |            - |              - |      0 |
|   16 |                                  vm_mod_fused_nn_max_pool2d_3 |            - |              - |      0 |
|   17 | vm_mod_fused_nn_contrib_conv2d_winograd_without_weight_transform_add_nn_relu_2 |            - |              - |      0 |
-----------------------------------------------------------------------------------------------------------------
Estimated total latency: - ms	Trials: 64	Used time : 57 s	Next ID: 1	

Time elapsed for measurement: 23.16 s
----------------------------------------------------------------------
------------------------------  [ Train cost model ]
----------------------------------------------------------------------
Time elapsed for training: 0.19 s
----------------------------------------------------------------------
------------------------------  [ Task Scheduler ]
----------------------------------------------------------------------
----------------------------------------------------------------------
------------------------------  [ Search ]
----------------------------------------------------------------------
Generate Sketches		#s: 1
Sample Initial Population	#s: 52	fail_ct: 4044	Time elapsed: 34.29
GA Iter: 0	Max score: 0.9854	Min score: 0.0225	#Pop: 52	#M+: 0	#M-: 0
GA Iter: 4	Max score: 0.9997	Min score: 0.9787	#Pop: 128	#M+: 1395	#M-: 0
EvolutionarySearch		#s: 128	Time elapsed: 215.24
----------------------------------------------------------------------
------------------------------  [ Measure ]
----------------------------------------------------------------------
Get 64 programs to measure:
..............................................................|  ID  |                       Task Description                        | Latency (ms) | Speed (GFLOPS) | Trials |
-----------------------------------------------------------------------------------------------------------------
|    0 |                                     vm_mod_fused_nn_dense_add |        0.021 |         392.73 |     64 |
|    1 |                                  vm_mod_fused_nn_max_pool2d_2 |        0.003 |         275.79 |     64 |
|    2 | vm_mod_fused_nn_contrib_conv2d_winograd_without_weight_transform_add_nn_relu_7 |            - |              - |      0 |
|    3 | vm_mod_fused_nn_contrib_conv2d_winograd_without_weight_transform_add_nn_relu_5 |            - |              - |      0 |
|    4 | vm_mod_fused_nn_contrib_conv2d_winograd_without_weight_transform_add_nn_relu_3 |            - |              - |      0 |
|    5 |                                  vm_mod_fused_nn_max_pool2d_1 |            - |              - |      0 |
|    6 |                           vm_mod_fused_nn_dense_add_nn_relu_1 |            - |              - |      0 |
|    7 |                             vm_mod_fused_nn_dense_add_nn_relu |            - |              - |      0 |
|    8 | vm_mod_fused_nn_contrib_conv2d_winograd_without_weight_transform_add_nn_relu_1 |            - |              - |      0 |
|    9 |                                  vm_mod_fused_nn_max_pool2d_4 |            - |              - |      0 |
|   10 | vm_mod_fused_nn_contrib_conv2d_winograd_without_weight_transform_add_nn_relu_8 |            - |              - |      0 |
|   11 |                           vm_mod_fused_nn_adaptive_avg_pool2d |            - |              - |      0 |
|   12 | vm_mod_fused_nn_contrib_conv2d_winograd_without_weight_transform_add_nn_relu_6 |            - |              - |      0 |
|   13 | vm_mod_fused_nn_contrib_conv2d_winograd_without_weight_transform_add_nn_relu_4 |            - |              - |      0 |
|   14 |                                    vm_mod_fused_nn_max_pool2d |            - |              - |      0 |
|   15 | vm_mod_fused_nn_contrib_conv2d_winograd_without_weight_transform_add_nn_relu |            - |              - |      0 |
|   16 |                                  vm_mod_fused_nn_max_pool2d_3 |            - |              - |      0 |
|   17 | vm_mod_fused_nn_contrib_conv2d_winograd_without_weight_transform_add_nn_relu_2 |            - |              - |      0 |
-----------------------------------------------------------------------------------------------------------------
Estimated total latency: - ms	Trials: 124	Used time : 91 s	Next ID: 2	
.T.T**************************************************************
Time elapsed for measurement: 39.84 s
----------------------------------------------------------------------
------------------------------  [ Train cost model ]
----------------------------------------------------------------------
Time elapsed for training: 2.64 s
----------------------------------------------------------------------
------------------------------  [ Task Scheduler ]
----------------------------------------------------------------------
----------------------------------------------------------------------
------------------------------  [ Search ]
----------------------------------------------------------------------
Generate Sketches		#s: 1
Sample Initial Population	#s: 66	fail_ct: 6078	Time elapsed: 50.99
GA Iter: 0	Max score: 0.9539	Min score: 0.0022	#Pop: 66	#M+: 0	#M-: 0
GA Iter: 4	Max score: 0.9997	Min score: 0.9793	#Pop: 128	#M+: 1388	#M-: 0
EvolutionarySearch		#s: 128	Time elapsed: 230.26
----------------------------------------------------------------------
------------------------------  [ Measure ]
----------------------------------------------------------------------
Get 64 programs to measure:
............................................................|  ID  |                       Task Description                        | Latency (ms) | Speed (GFLOPS) | Trials |
-----------------------------------------------------------------------------------------------------------------
|    0 |                                     vm_mod_fused_nn_dense_add |        0.021 |         392.73 |     64 |
|    1 |                                  vm_mod_fused_nn_max_pool2d_2 |        0.003 |         275.79 |     64 |
|    2 | vm_mod_fused_nn_contrib_conv2d_winograd_without_weight_transform_add_nn_relu_7 |        0.172 |       10146.22 |     64 |
|    3 | vm_mod_fused_nn_contrib_conv2d_winograd_without_weight_transform_add_nn_relu_5 |            - |              - |      0 |
|    4 | vm_mod_fused_nn_contrib_conv2d_winograd_without_weight_transform_add_nn_relu_3 |            - |              - |      0 |
|    5 |                                  vm_mod_fused_nn_max_pool2d_1 |            - |              - |      0 |
|    6 |                           vm_mod_fused_nn_dense_add_nn_relu_1 |            - |              - |      0 |
|    7 |                             vm_mod_fused_nn_dense_add_nn_relu |            - |              - |      0 |
|    8 | vm_mod_fused_nn_contrib_conv2d_winograd_without_weight_transform_add_nn_relu_1 |            - |              - |      0 |
|    9 |                                  vm_mod_fused_nn_max_pool2d_4 |            - |              - |      0 |
|   10 | vm_mod_fused_nn_contrib_conv2d_winograd_without_weight_transform_add_nn_relu_8 |            - |              - |      0 |
|   11 |                           vm_mod_fused_nn_adaptive_avg_pool2d |            - |              - |      0 |
|   12 | vm_mod_fused_nn_contrib_conv2d_winograd_without_weight_transform_add_nn_relu_6 |            - |              - |      0 |
|   13 | vm_mod_fused_nn_contrib_conv2d_winograd_without_weight_transform_add_nn_relu_4 |            - |              - |      0 |
|   14 |                                    vm_mod_fused_nn_max_pool2d |            - |              - |      0 |
|   15 | vm_mod_fused_nn_contrib_conv2d_winograd_without_weight_transform_add_nn_relu |            - |              - |      0 |
|   16 |                                  vm_mod_fused_nn_max_pool2d_3 |            - |              - |      0 |
|   17 | vm_mod_fused_nn_contrib_conv2d_winograd_without_weight_transform_add_nn_relu_2 |            - |              - |      0 |
-----------------------------------------------------------------------------------------------------------------
Estimated total latency: - ms	Trials: 188	Used time : 383 s	Next ID: 3	
.T.T.T.T************************************************************
Time elapsed for measurement: 37.47 s
----------------------------------------------------------------------
------------------------------  [ Train cost model ]
----------------------------------------------------------------------
Time elapsed for training: 4.44 s
----------------------------------------------------------------------
------------------------------  [ Task Scheduler ]
----------------------------------------------------------------------
----------------------------------------------------------------------
------------------------------  [ Search ]
----------------------------------------------------------------------
Generate Sketches		#s: 1
Sample Initial Population	#s: 51	fail_ct: 6093	Time elapsed: 50.72
GA Iter: 0	Max score: 0.9808	Min score: 0.0060	#Pop: 51	#M+: 0	#M-: 0
GA Iter: 4	Max score: 0.9997	Min score: 0.9806	#Pop: 128	#M+: 1382	#M-: 0
EvolutionarySearch		#s: 128	Time elapsed: 227.99
----------------------------------------------------------------------
------------------------------  [ Measure ]
----------------------------------------------------------------------
Get 64 programs to measure:
.............................................................|  ID  |                       Task Description                        | Latency (ms) | Speed (GFLOPS) | Trials |
-----------------------------------------------------------------------------------------------------------------
|    0 |                                     vm_mod_fused_nn_dense_add |        0.021 |         392.73 |     64 |
|    1 |                                  vm_mod_fused_nn_max_pool2d_2 |        0.003 |         275.79 |     64 |
|    2 | vm_mod_fused_nn_contrib_conv2d_winograd_without_weight_transform_add_nn_relu_7 |        0.172 |       10146.22 |     64 |
|    3 | vm_mod_fused_nn_contrib_conv2d_winograd_without_weight_transform_add_nn_relu_5 |        0.175 |        6909.11 |     64 |
|    4 | vm_mod_fused_nn_contrib_conv2d_winograd_without_weight_transform_add_nn_relu_3 |            - |              - |      0 |
|    5 |                                  vm_mod_fused_nn_max_pool2d_1 |            - |              - |      0 |
|    6 |                           vm_mod_fused_nn_dense_add_nn_relu_1 |            - |              - |      0 |
|    7 |                             vm_mod_fused_nn_dense_add_nn_relu |            - |              - |      0 |
|    8 | vm_mod_fused_nn_contrib_conv2d_winograd_without_weight_transform_add_nn_relu_1 |            - |              - |      0 |
|    9 |                                  vm_mod_fused_nn_max_pool2d_4 |            - |              - |      0 |
|   10 | vm_mod_fused_nn_contrib_conv2d_winograd_without_weight_transform_add_nn_relu_8 |            - |              - |      0 |
|   11 |                           vm_mod_fused_nn_adaptive_avg_pool2d |            - |              - |      0 |
|   12 | vm_mod_fused_nn_contrib_conv2d_winograd_without_weight_transform_add_nn_relu_6 |            - |              - |      0 |
|   13 | vm_mod_fused_nn_contrib_conv2d_winograd_without_weight_transform_add_nn_relu_4 |            - |              - |      0 |
|   14 |                                    vm_mod_fused_nn_max_pool2d |            - |              - |      0 |
|   15 | vm_mod_fused_nn_contrib_conv2d_winograd_without_weight_transform_add_nn_relu |            - |              - |      0 |
|   16 |                                  vm_mod_fused_nn_max_pool2d_3 |            - |              - |      0 |
|   17 | vm_mod_fused_nn_contrib_conv2d_winograd_without_weight_transform_add_nn_relu_2 |            - |              - |      0 |
-----------------------------------------------------------------------------------------------------------------
Estimated total latency: - ms	Trials: 252	Used time : 707 s	Next ID: 4	
.T.T.T*************************************************************
Time elapsed for measurement: 37.02 s
----------------------------------------------------------------------
------------------------------  [ Train cost model ]
----------------------------------------------------------------------
Time elapsed for training: 4.38 s
----------------------------------------------------------------------
------------------------------  [ Task Scheduler ]
----------------------------------------------------------------------
----------------------------------------------------------------------
------------------------------  [ Search ]
----------------------------------------------------------------------
Generate Sketches		#s: 1
Sample Initial Population	#s: 58	fail_ct: 1990	Time elapsed: 2.33
GA Iter: 0	Max score: 0.9855	Min score: 0.0080	#Pop: 58	#M+: 0	#M-: 0
GA Iter: 4	Max score: 0.9855	Min score: 0.0080	#Pop: 60	#M+: 1403	#M-: 0
EvolutionarySearch		#s: 60	Time elapsed: 7.89
----------------------------------------------------------------------
------------------------------  [ Measure ]
----------------------------------------------------------------------
Get 60 programs to measure:
............................................................************************************************************|  ID  |                       Task Description                        | Latency (ms) | Speed (GFLOPS) | Trials |
-----------------------------------------------------------------------------------------------------------------
|    0 |                                     vm_mod_fused_nn_dense_add |        0.021 |         392.73 |     64 |
|    1 |                                  vm_mod_fused_nn_max_pool2d_2 |        0.003 |         275.79 |     64 |
|    2 | vm_mod_fused_nn_contrib_conv2d_winograd_without_weight_transform_add_nn_relu_7 |        0.172 |       10146.22 |     64 |
|    3 | vm_mod_fused_nn_contrib_conv2d_winograd_without_weight_transform_add_nn_relu_5 |        0.175 |        6909.11 |     64 |
|    4 | vm_mod_fused_nn_contrib_conv2d_winograd_without_weight_transform_add_nn_relu_3 |        0.163 |        9144.66 |     64 |
|    5 |                                  vm_mod_fused_nn_max_pool2d_1 |            - |              - |      0 |
|    6 |                           vm_mod_fused_nn_dense_add_nn_relu_1 |            - |              - |      0 |
|    7 |                             vm_mod_fused_nn_dense_add_nn_relu |            - |              - |      0 |
|    8 | vm_mod_fused_nn_contrib_conv2d_winograd_without_weight_transform_add_nn_relu_1 |            - |              - |      0 |
|    9 |                                  vm_mod_fused_nn_max_pool2d_4 |            - |              - |      0 |
|   10 | vm_mod_fused_nn_contrib_conv2d_winograd_without_weight_transform_add_nn_relu_8 |            - |              - |      0 |
|   11 |                           vm_mod_fused_nn_adaptive_avg_pool2d |            - |              - |      0 |
|   12 | vm_mod_fused_nn_contrib_conv2d_winograd_without_weight_transform_add_nn_relu_6 |            - |              - |      0 |
|   13 | vm_mod_fused_nn_contrib_conv2d_winograd_without_weight_transform_add_nn_relu_4 |            - |              - |      0 |
|   14 |                                    vm_mod_fused_nn_max_pool2d |            - |              - |      0 |
|   15 | vm_mod_fused_nn_contrib_conv2d_winograd_without_weight_transform_add_nn_relu |            - |              - |      0 |
|   16 |                                  vm_mod_fused_nn_max_pool2d_3 |            - |              - |      0 |
|   17 | vm_mod_fused_nn_contrib_conv2d_winograd_without_weight_transform_add_nn_relu_2 |            - |              - |      0 |
-----------------------------------------------------------------------------------------------------------------
Estimated total latency: - ms	Trials: 316	Used time : 1028 s	Next ID: 5	

Time elapsed for measurement: 25.47 s
----------------------------------------------------------------------
------------------------------  [ Train cost model ]
----------------------------------------------------------------------
Time elapsed for training: 0.00 s
----------------------------------------------------------------------
------------------------------  [ Task Scheduler ]
----------------------------------------------------------------------
----------------------------------------------------------------------
------------------------------  [ Search ]
----------------------------------------------------------------------
Generate Sketches		#s: 1
Sample Initial Population	#s: 57	fail_ct: 4039	Time elapsed: 6.64
GA Iter: 0	Max score: 0.9942	Min score: 0.0160	#Pop: 57	#M+: 0	#M-: 0
GA Iter: 4	Max score: 0.9999	Min score: 0.9783	#Pop: 128	#M+: 1396	#M-: 0
EvolutionarySearch		#s: 128	Time elapsed: 38.72
----------------------------------------------------------------------
------------------------------  [ Measure ]
----------------------------------------------------------------------
Get 64 programs to measure:
................................................................***********Eterminate called after throwing an instance of 'tvm::runtime::InternalError'
  what():  [21:14:06] /data3/qsy/complier/tlm/src/runtime/cuda/cuda_module.cc:61: CUDAError: cuModuleUnload(module_[i]) failed with error: CUDA_ERROR_MISALIGNED_ADDRESS
Stack trace:
  0: tvm::runtime::SimpleObjAllocator::Handler<tvm::runtime::CUDAModuleNode>::Deleter_(tvm::runtime::Object*)
  1: tvm::runtime::SimpleObjAllocator::Handler<tvm::runtime::LibraryModuleNode>::Deleter_(tvm::runtime::Object*)
  2: _ZN3tvm7runtime18SimpleObjAllocator7HandlerINS0_16PackedFuncS
  3: _ZN3tvm7runtime18SimpleObjAllocator7HandlerINS0_16PackedFuncSubObjIZNS0_9profiling17WrapTimeE
  4: TVMObjectFree
  5: __pyx_tp_dealloc_3tvm_4_ffi_4_cy3_4core_PackedFuncBase(_object*)
  6: subtype_dealloc
        at /usr/local/src/conda/python-3.10.18/Objects/typeobject.c:1460
  7: _Py_DECREF
        at /usr/local/src/conda/python-3.10.18/Include/object.h:500
  8: _Py_XDECREF
        at /usr/local/src/conda/python-3.10.18/Include/object.h:567
  9: cell_dealloc
        at /usr/local/src/conda/python-3.10.18/Objects/cellobject.c:82
  10: _Py_Dealloc
        at /usr/local/src/conda/python-3.10.18/Objects/object.c:2301
  11: _Py_DECREF
        at /usr/local/src/conda/python-3.10.18/Include/object.h:500
  12: _Py_XDECREF
        at /usr/local/src/conda/python-3.10.18/Include/object.h:567
  13: tupledealloc
        at /usr/local/src/conda/python-3.10.18/Objects/tupleobject.c:276
  14: _Py_Dealloc
        at /usr/local/src/conda/python-3.10.18/Objects/object.c:2301
  15: _Py_DECREF
        at /usr/local/src/conda/python-3.10.18/Include/object.h:500
  16: func_clear
        at /usr/local/src/conda/python-3.10.18/Objects/funcobject.c:636
  17: func_dealloc
        at /usr/local/src/conda/python-3.10.18/Objects/funcobject.c:648
  18: _Py_Dealloc
        at /usr/local/src/conda/python-3.10.18/Objects/object.c:2301
  19: _Py_DECREF
        at /usr/local/src/conda/python-3.10.18/Include/object.h:500
  20: frame_dealloc
        at /usr/local/src/conda/python-3.10.18/Objects/frameobject.c:591
  21: _Py_Dealloc
        at /usr/local/src/conda/python-3.10.18/Objects/object.c:2301
  22: _Py_DECREF
        at /usr/local/src/conda/python-3.10.18/Include/object.h:500
  23: _PyEval_Vector
        at /usr/local/src/conda/python-3.10.18/Python/ceval.c:5080
  24: _PyFunction_Vectorcall
        at /usr/local/src/conda/python-3.10.18/Objects/call.c:342
  25: do_call_core
        at /usr/local/src/conda/python-3.10.18/Python/ceval.c:5945
  26: _PyEval_EvalFrameDefault
        at /usr/local/src/conda/python-3.10.18/Python/ceval.c:4277
  27: _PyEval_EvalFrame
        at /usr/local/src/conda/python-3.10.18/Include/internal/pycore_ceval.h:46
  28: _PyEval_Vector
        at /usr/local/src/conda/python-3.10.18/Python/ceval.c:5067
  29: _PyFunction_Vectorcall
        at /usr/local/src/conda/python-3.10.18/Objects/call.c:342
  30: _PyObject_VectorcallTstate
        at /usr/local/src/conda/python-3.10.18/Include/cpython/abstract.h:114
  31: PyObject_Vectorcall
        at /usr/local/src/conda/python-3.10.18/Include/cpython/abstract.h:123
  32: call_function
        at /usr/local/src/conda/python-3.10.18/Python/ceval.c:5893
  33: _PyEval_EvalFrameDefault
        at /usr/local/src/conda/python-3.10.18/Python/ceval.c:4213
  34: _PyEval_EvalFrame
        at /usr/local/src/conda/python-3.10.18/Include/internal/pycore_ceval.h:46
  35: _PyEval_Vector
        at /usr/local/src/conda/python-3.10.18/Python/ceval.c:5067
  36: PyEval_EvalCode
        at /usr/local/src/conda/python-3.10.18/Python/ceval.c:1134
  37: builtin_exec_impl
        at /usr/local/src/conda/python-3.10.18/Python/bltinmodule.c:1058
  38: builtin_exec
        at /usr/local/src/conda/python-3.10.18/Python/clinic/bltinmodule.c.h:371
  39: cfunction_vectorcall_FASTCALL
        at /usr/local/src/conda/python-3.10.18/Objects/methodobject.c:430
  40: _PyObject_VectorcallTstate
        at /usr/local/src/conda/python-3.10.18/Include/cpython/abstract.h:114
  41: PyObject_Vectorcall
        at /usr/local/src/conda/python-3.10.18/Include/cpython/abstract.h:123
  42: call_function
        at /usr/local/src/conda/python-3.10.18/Python/ceval.c:5893
  43: _PyEval_EvalFrameDefault
        at /usr/local/src/conda/python-3.10.18/Python/ceval.c:4213
  44: _PyEval_EvalFrame
        at /usr/local/src/conda/python-3.10.18/Include/internal/pycore_ceval.h:46
  45: _PyEval_Vector
        at /usr/local/src/conda/python-3.10.18/Python/ceval.c:5067
  46: _PyFunction_Vectorcall
        at /usr/local/src/conda/python-3.10.18/Objects/call.c:342
  47: _PyObject_VectorcallTstate
        at /usr/local/src/conda/python-3.10.18/Include/cpython/abstract.h:114
  48: PyObject_Vectorcall
        at /usr/local/src/conda/python-3.10.18/Include/cpython/abstract.h:123
  49: call_function
        at /usr/local/src/conda/python-3.10.18/Python/ceval.c:5893
  50: _PyEval_EvalFrameDefault
        at /usr/local/src/conda/python-3.10.18/Python/ceval.c:4213
  51: _PyEval_EvalFrame
        at /usr/local/src/conda/python-3.10.18/Include/internal/pycore_ceval.h:46
  52: _PyEval_Vector
        at /usr/local/src/conda/python-3.10.18/Python/ceval.c:5067
  53: _PyFunction_Vectorcall
        at /usr/local/src/conda/python-3.10.18/Objects/call.c:342
  54: pymain_run_module
        at /usr/local/src/conda/python-3.10.18/Modules/main.c:297
  55: pymain_run_python
        at /usr/local/src/conda/python-3.10.18/Modules/main.c:589
  56: Py_RunMain
        at /usr/local/src/conda/python-3.10.18/Modules/main.c:674
  57: Py_BytesMain
        at /usr/local/src/conda/python-3.10.18/Modules/main.c:1094
  58: __libc_start_main
        at ../csu/libc-start.c:308
  59: 0x000000000058728d
  60: 0xffffffffffffffff


|  ID  |                       Task Description                        | Latency (ms) | Speed (GFLOPS) | Trials |
-----------------------------------------------------------------------------------------------------------------
|    0 |                                     vm_mod_fused_nn_dense_add |        0.021 |         392.73 |     64 |
|    1 |                                  vm_mod_fused_nn_max_pool2d_2 |        0.003 |         275.79 |     64 |
|    2 | vm_mod_fused_nn_contrib_conv2d_winograd_without_weight_transform_add_nn_relu_7 |        0.172 |       10146.22 |     64 |
|    3 | vm_mod_fused_nn_contrib_conv2d_winograd_without_weight_transform_add_nn_relu_5 |        0.175 |        6909.11 |     64 |
|    4 | vm_mod_fused_nn_contrib_conv2d_winograd_without_weight_transform_add_nn_relu_3 |        0.163 |        9144.66 |     64 |
|    5 |                                  vm_mod_fused_nn_max_pool2d_1 |        0.004 |         364.48 |     64 |
|    6 |                           vm_mod_fused_nn_dense_add_nn_relu_1 |            - |              - |      0 |
|    7 |                             vm_mod_fused_nn_dense_add_nn_relu |            - |              - |      0 |
|    8 | vm_mod_fused_nn_contrib_conv2d_winograd_without_weight_transform_add_nn_relu_1 |            - |              - |      0 |
|    9 |                                  vm_mod_fused_nn_max_pool2d_4 |            - |              - |      0 |
|   10 | vm_mod_fused_nn_contrib_conv2d_winograd_without_weight_transform_add_nn_relu_8 |            - |              - |      0 |
|   11 |                           vm_mod_fused_nn_adaptive_avg_pool2d |            - |              - |      0 |
|   12 | vm_mod_fused_nn_contrib_conv2d_winograd_without_weight_transform_add_nn_relu_6 |            - |              - |      0 |
|   13 | vm_mod_fused_nn_contrib_conv2d_winograd_without_weight_transform_add_nn_relu_4 |            - |              - |      0 |
|   14 |                                    vm_mod_fused_nn_max_pool2d |            - |              - |      0 |
|   15 | vm_mod_fused_nn_contrib_conv2d_winograd_without_weight_transform_add_nn_relu |            - |              - |      0 |
|   16 |                                  vm_mod_fused_nn_max_pool2d_3 |            - |              - |      0 |
|   17 | vm_mod_fused_nn_contrib_conv2d_winograd_without_weight_transform_add_nn_relu_2 |            - |              - |      0 |
-----------------------------------------------------------------------------------------------------------------
Estimated total latency: - ms	Trials: 376	Used time : 1064 s	Next ID: 6	
*E*****Eterminate called after throwing an instance of 'tvm::runtime::InternalError'
  what():  [21:14:11] /data3/qsy/complier/tlm/src/runtime/cuda/cuda_module.cc:61: CUDAError: cuModuleUnload(module_[i]) failed with error: CUDA_ERROR_MISALIGNED_ADDRESS
Stack trace:
  0: tvm::runtime::SimpleObjAllocator::Handler<tvm::runtime::CUDAModuleNode>::Deleter_(tvm::runtime::Object*)
  1: tvm::runtime::SimpleObjAllocator::Handler<tvm::runtime::LibraryModuleNode>::Deleter_(tvm::runtime::Object*)
  2: _ZN3tvm7runtime18SimpleObjAllocator7HandlerINS0_16PackedFuncS
  3: _ZN3tvm7runtime18SimpleObjAllocator7HandlerINS0_16PackedFuncSubObjIZNS0_9profiling17WrapTimeE
  4: TVMObjectFree
  5: __pyx_tp_dealloc_3tvm_4_ffi_4_cy3_4core_PackedFuncBase(_object*)
  6: subtype_dealloc
        at /usr/local/src/conda/python-3.10.18/Objects/typeobject.c:1460
  7: _Py_DECREF
        at /usr/local/src/conda/python-3.10.18/Include/object.h:500
  8: _Py_XDECREF
        at /usr/local/src/conda/python-3.10.18/Include/object.h:567
  9: cell_dealloc
        at /usr/local/src/conda/python-3.10.18/Objects/cellobject.c:82
  10: _Py_Dealloc
        at /usr/local/src/conda/python-3.10.18/Objects/object.c:2301
  11: _Py_DECREF
        at /usr/local/src/conda/python-3.10.18/Include/object.h:500
  12: _Py_XDECREF
        at /usr/local/src/conda/python-3.10.18/Include/object.h:567
  13: tupledealloc
        at /usr/local/src/conda/python-3.10.18/Objects/tupleobject.c:276
  14: _Py_Dealloc
        at /usr/local/src/conda/python-3.10.18/Objects/object.c:2301
  15: _Py_DECREF
        at /usr/local/src/conda/python-3.10.18/Include/object.h:500
  16: func_clear
        at /usr/local/src/conda/python-3.10.18/Objects/funcobject.c:636
  17: func_dealloc
        at /usr/local/src/conda/python-3.10.18/Objects/funcobject.c:648
  18: _Py_Dealloc
        at /usr/local/src/conda/python-3.10.18/Objects/object.c:2301
  19: _Py_DECREF
        at /usr/local/src/conda/python-3.10.18/Include/object.h:500
  20: frame_dealloc
        at /usr/local/src/conda/python-3.10.18/Objects/frameobject.c:591
  21: _Py_Dealloc
        at /usr/local/src/conda/python-3.10.18/Objects/object.c:2301
  22: _Py_DECREF
        at /usr/local/src/conda/python-3.10.18/Include/object.h:500
  23: _PyEval_Vector
        at /usr/local/src/conda/python-3.10.18/Python/ceval.c:5080
  24: _PyFunction_Vectorcall
        at /usr/local/src/conda/python-3.10.18/Objects/call.c:342
  25: do_call_core
        at /usr/local/src/conda/python-3.10.18/Python/ceval.c:5945
  26: _PyEval_EvalFrameDefault
        at /usr/local/src/conda/python-3.10.18/Python/ceval.c:4277
  27: _PyEval_EvalFrame
        at /usr/local/src/conda/python-3.10.18/Include/internal/pycore_ceval.h:46
  28: _PyEval_Vector
        at /usr/local/src/conda/python-3.10.18/Python/ceval.c:5067
  29: _PyFunction_Vectorcall
        at /usr/local/src/conda/python-3.10.18/Objects/call.c:342
  30: _PyObject_VectorcallTstate
        at /usr/local/src/conda/python-3.10.18/Include/cpython/abstract.h:114
  31: PyObject_Vectorcall
        at /usr/local/src/conda/python-3.10.18/Include/cpython/abstract.h:123
  32: call_function
        at /usr/local/src/conda/python-3.10.18/Python/ceval.c:5893
  33: _PyEval_EvalFrameDefault
        at /usr/local/src/conda/python-3.10.18/Python/ceval.c:4213
  34: _PyEval_EvalFrame
        at /usr/local/src/conda/python-3.10.18/Include/internal/pycore_ceval.h:46
  35: _PyEval_Vector
        at /usr/local/src/conda/python-3.10.18/Python/ceval.c:5067
  36: PyEval_EvalCode
        at /usr/local/src/conda/python-3.10.18/Python/ceval.c:1134
  37: builtin_exec_impl
        at /usr/local/src/conda/python-3.10.18/Python/bltinmodule.c:1058
  38: builtin_exec
        at /usr/local/src/conda/python-3.10.18/Python/clinic/bltinmodule.c.h:371
  39: cfunction_vectorcall_FASTCALL
        at /usr/local/src/conda/python-3.10.18/Objects/methodobject.c:430
  40: _PyObject_VectorcallTstate
        at /usr/local/src/conda/python-3.10.18/Include/cpython/abstract.h:114
  41: PyObject_Vectorcall
        at /usr/local/src/conda/python-3.10.18/Include/cpython/abstract.h:123
  42: call_function
        at /usr/local/src/conda/python-3.10.18/Python/ceval.c:5893
  43: _PyEval_EvalFrameDefault
        at /usr/local/src/conda/python-3.10.18/Python/ceval.c:4213
  44: _PyEval_EvalFrame
        at /usr/local/src/conda/python-3.10.18/Include/internal/pycore_ceval.h:46
  45: _PyEval_Vector
        at /usr/local/src/conda/python-3.10.18/Python/ceval.c:5067
  46: _PyFunction_Vectorcall
        at /usr/local/src/conda/python-3.10.18/Objects/call.c:342
  47: _PyObject_VectorcallTstate
        at /usr/local/src/conda/python-3.10.18/Include/cpython/abstract.h:114
  48: PyObject_Vectorcall
        at /usr/local/src/conda/python-3.10.18/Include/cpython/abstract.h:123
  49: call_function
        at /usr/local/src/conda/python-3.10.18/Python/ceval.c:5893
  50: _PyEval_EvalFrameDefault
        at /usr/local/src/conda/python-3.10.18/Python/ceval.c:4213
  51: _PyEval_EvalFrame
        at /usr/local/src/conda/python-3.10.18/Include/internal/pycore_ceval.h:46
  52: _PyEval_Vector
        at /usr/local/src/conda/python-3.10.18/Python/ceval.c:5067
  53: _PyFunction_Vectorcall
        at /usr/local/src/conda/python-3.10.18/Objects/call.c:342
  54: pymain_run_module
        at /usr/local/src/conda/python-3.10.18/Modules/main.c:297
  55: pymain_run_python
        at /usr/local/src/conda/python-3.10.18/Modules/main.c:589
  56: Py_RunMain
        at /usr/local/src/conda/python-3.10.18/Modules/main.c:674
  57: Py_BytesMain
        at /usr/local/src/conda/python-3.10.18/Modules/main.c:1094
  58: __libc_start_main
        at ../csu/libc-start.c:308
  59: 0x000000000058728d
  60: 0xffffffffffffffff


*E******Eterminate called after throwing an instance of 'tvm::runtime::InternalError'
  what():  [21:14:15] /data3/qsy/complier/tlm/src/runtime/cuda/cuda_module.cc:61: CUDAError: cuModuleUnload(module_[i]) failed with error: CUDA_ERROR_MISALIGNED_ADDRESS
Stack trace:
  0: tvm::runtime::SimpleObjAllocator::Handler<tvm::runtime::CUDAModuleNode>::Deleter_(tvm::runtime::Object*)
  1: tvm::runtime::SimpleObjAllocator::Handler<tvm::runtime::LibraryModuleNode>::Deleter_(tvm::runtime::Object*)
  2: _ZN3tvm7runtime18SimpleObjAllocator7HandlerINS0_16PackedFuncS
  3: _ZN3tvm7runtime18SimpleObjAllocator7HandlerINS0_16PackedFuncSubObjIZNS0_9profiling17WrapTimeE
  4: TVMObjectFree
  5: __pyx_tp_dealloc_3tvm_4_ffi_4_cy3_4core_PackedFuncBase(_object*)
  6: subtype_dealloc
        at /usr/local/src/conda/python-3.10.18/Objects/typeobject.c:1460
  7: _Py_DECREF
        at /usr/local/src/conda/python-3.10.18/Include/object.h:500
  8: _Py_XDECREF
        at /usr/local/src/conda/python-3.10.18/Include/object.h:567
  9: cell_dealloc
        at /usr/local/src/conda/python-3.10.18/Objects/cellobject.c:82
  10: _Py_Dealloc
        at /usr/local/src/conda/python-3.10.18/Objects/object.c:2301
  11: _Py_DECREF
        at /usr/local/src/conda/python-3.10.18/Include/object.h:500
  12: _Py_XDECREF
        at /usr/local/src/conda/python-3.10.18/Include/object.h:567
  13: tupledealloc
        at /usr/local/src/conda/python-3.10.18/Objects/tupleobject.c:276
  14: _Py_Dealloc
        at /usr/local/src/conda/python-3.10.18/Objects/object.c:2301
  15: _Py_DECREF
        at /usr/local/src/conda/python-3.10.18/Include/object.h:500
  16: func_clear
        at /usr/local/src/conda/python-3.10.18/Objects/funcobject.c:636
  17: func_dealloc
        at /usr/local/src/conda/python-3.10.18/Objects/funcobject.c:648
  18: _Py_Dealloc
        at /usr/local/src/conda/python-3.10.18/Objects/object.c:2301
  19: _Py_DECREF
        at /usr/local/src/conda/python-3.10.18/Include/object.h:500
  20: frame_dealloc
        at /usr/local/src/conda/python-3.10.18/Objects/frameobject.c:591
  21: _Py_Dealloc
        at /usr/local/src/conda/python-3.10.18/Objects/object.c:2301
  22: _Py_DECREF
        at /usr/local/src/conda/python-3.10.18/Include/object.h:500
  23: _PyEval_Vector
        at /usr/local/src/conda/python-3.10.18/Python/ceval.c:5080
  24: _PyFunction_Vectorcall
        at /usr/local/src/conda/python-3.10.18/Objects/call.c:342
  25: do_call_core
        at /usr/local/src/conda/python-3.10.18/Python/ceval.c:5945
  26: _PyEval_EvalFrameDefault
        at /usr/local/src/conda/python-3.10.18/Python/ceval.c:4277
  27: _PyEval_EvalFrame
        at /usr/local/src/conda/python-3.10.18/Include/internal/pycore_ceval.h:46
  28: _PyEval_Vector
        at /usr/local/src/conda/python-3.10.18/Python/ceval.c:5067
  29: _PyFunction_Vectorcall
        at /usr/local/src/conda/python-3.10.18/Objects/call.c:342
  30: _PyObject_VectorcallTstate
        at /usr/local/src/conda/python-3.10.18/Include/cpython/abstract.h:114
  31: PyObject_Vectorcall
        at /usr/local/src/conda/python-3.10.18/Include/cpython/abstract.h:123
  32: call_function
        at /usr/local/src/conda/python-3.10.18/Python/ceval.c:5893
  33: _PyEval_EvalFrameDefault
        at /usr/local/src/conda/python-3.10.18/Python/ceval.c:4213
  34: _PyEval_EvalFrame
        at /usr/local/src/conda/python-3.10.18/Include/internal/pycore_ceval.h:46
  35: _PyEval_Vector
        at /usr/local/src/conda/python-3.10.18/Python/ceval.c:5067
  36: PyEval_EvalCode
        at /usr/local/src/conda/python-3.10.18/Python/ceval.c:1134
  37: builtin_exec_impl
        at /usr/local/src/conda/python-3.10.18/Python/bltinmodule.c:1058
  38: builtin_exec
        at /usr/local/src/conda/python-3.10.18/Python/clinic/bltinmodule.c.h:371
  39: cfunction_vectorcall_FASTCALL
        at /usr/local/src/conda/python-3.10.18/Objects/methodobject.c:430
  40: _PyObject_VectorcallTstate
        at /usr/local/src/conda/python-3.10.18/Include/cpython/abstract.h:114
  41: PyObject_Vectorcall
        at /usr/local/src/conda/python-3.10.18/Include/cpython/abstract.h:123
  42: call_function
        at /usr/local/src/conda/python-3.10.18/Python/ceval.c:5893
  43: _PyEval_EvalFrameDefault
        at /usr/local/src/conda/python-3.10.18/Python/ceval.c:4213
  44: _PyEval_EvalFrame
        at /usr/local/src/conda/python-3.10.18/Include/internal/pycore_ceval.h:46
  45: _PyEval_Vector
        at /usr/local/src/conda/python-3.10.18/Python/ceval.c:5067
  46: _PyFunction_Vectorcall
        at /usr/local/src/conda/python-3.10.18/Objects/call.c:342
  47: _PyObject_VectorcallTstate
        at /usr/local/src/conda/python-3.10.18/Include/cpython/abstract.h:114
  48: PyObject_Vectorcall
        at /usr/local/src/conda/python-3.10.18/Include/cpython/abstract.h:123
  49: call_function
        at /usr/local/src/conda/python-3.10.18/Python/ceval.c:5893
  50: _PyEval_EvalFrameDefault
        at /usr/local/src/conda/python-3.10.18/Python/ceval.c:4213
  51: _PyEval_EvalFrame
        at /usr/local/src/conda/python-3.10.18/Include/internal/pycore_ceval.h:46
  52: _PyEval_Vector
        at /usr/local/src/conda/python-3.10.18/Python/ceval.c:5067
  53: _PyFunction_Vectorcall
        at /usr/local/src/conda/python-3.10.18/Objects/call.c:342
  54: pymain_run_module
        at /usr/local/src/conda/python-3.10.18/Modules/main.c:297
  55: pymain_run_python
        at /usr/local/src/conda/python-3.10.18/Modules/main.c:589
  56: Py_RunMain
        at /usr/local/src/conda/python-3.10.18/Modules/main.c:674
  57: Py_BytesMain
        at /usr/local/src/conda/python-3.10.18/Modules/main.c:1094
  58: __libc_start_main
        at ../csu/libc-start.c:308
  59: 0x000000000058728d
  60: 0xffffffffffffffff


*E***********Eterminate called after throwing an instance of 'tvm::runtime::InternalError'
  what():  [21:14:24] /data3/qsy/complier/tlm/src/runtime/cuda/cuda_module.cc:61: CUDAError: cuModuleUnload(module_[i]) failed with error: CUDA_ERROR_MISALIGNED_ADDRESS
Stack trace:
  0: tvm::runtime::SimpleObjAllocator::Handler<tvm::runtime::CUDAModuleNode>::Deleter_(tvm::runtime::Object*)
  1: tvm::runtime::SimpleObjAllocator::Handler<tvm::runtime::LibraryModuleNode>::Deleter_(tvm::runtime::Object*)
  2: _ZN3tvm7runtime18SimpleObjAllocator7HandlerINS0_16PackedFuncS
  3: _ZN3tvm7runtime18SimpleObjAllocator7HandlerINS0_16PackedFuncSubObjIZNS0_9profiling17WrapTimeE
  4: TVMObjectFree
  5: __pyx_tp_dealloc_3tvm_4_ffi_4_cy3_4core_PackedFuncBase(_object*)
  6: subtype_dealloc
        at /usr/local/src/conda/python-3.10.18/Objects/typeobject.c:1460
  7: _Py_DECREF
        at /usr/local/src/conda/python-3.10.18/Include/object.h:500
  8: _Py_XDECREF
        at /usr/local/src/conda/python-3.10.18/Include/object.h:567
  9: cell_dealloc
        at /usr/local/src/conda/python-3.10.18/Objects/cellobject.c:82
  10: _Py_Dealloc
        at /usr/local/src/conda/python-3.10.18/Objects/object.c:2301
  11: _Py_DECREF
        at /usr/local/src/conda/python-3.10.18/Include/object.h:500
  12: _Py_XDECREF
        at /usr/local/src/conda/python-3.10.18/Include/object.h:567
  13: tupledealloc
        at /usr/local/src/conda/python-3.10.18/Objects/tupleobject.c:276
  14: _Py_Dealloc
        at /usr/local/src/conda/python-3.10.18/Objects/object.c:2301
  15: _Py_DECREF
        at /usr/local/src/conda/python-3.10.18/Include/object.h:500
  16: func_clear
        at /usr/local/src/conda/python-3.10.18/Objects/funcobject.c:636
  17: func_dealloc
        at /usr/local/src/conda/python-3.10.18/Objects/funcobject.c:648
  18: _Py_Dealloc
        at /usr/local/src/conda/python-3.10.18/Objects/object.c:2301
  19: _Py_DECREF
        at /usr/local/src/conda/python-3.10.18/Include/object.h:500
  20: frame_dealloc
        at /usr/local/src/conda/python-3.10.18/Objects/frameobject.c:591
  21: _Py_Dealloc
        at /usr/local/src/conda/python-3.10.18/Objects/object.c:2301
  22: _Py_DECREF
        at /usr/local/src/conda/python-3.10.18/Include/object.h:500
  23: _PyEval_Vector
        at /usr/local/src/conda/python-3.10.18/Python/ceval.c:5080
  24: _PyFunction_Vectorcall
        at /usr/local/src/conda/python-3.10.18/Objects/call.c:342
  25: do_call_core
        at /usr/local/src/conda/python-3.10.18/Python/ceval.c:5945
  26: _PyEval_EvalFrameDefault
        at /usr/local/src/conda/python-3.10.18/Python/ceval.c:4277
  27: _PyEval_EvalFrame
        at /usr/local/src/conda/python-3.10.18/Include/internal/pycore_ceval.h:46
  28: _PyEval_Vector
        at /usr/local/src/conda/python-3.10.18/Python/ceval.c:5067
  29: _PyFunction_Vectorcall
        at /usr/local/src/conda/python-3.10.18/Objects/call.c:342
  30: _PyObject_VectorcallTstate
        at /usr/local/src/conda/python-3.10.18/Include/cpython/abstract.h:114
  31: PyObject_Vectorcall
        at /usr/local/src/conda/python-3.10.18/Include/cpython/abstract.h:123
  32: call_function
        at /usr/local/src/conda/python-3.10.18/Python/ceval.c:5893
  33: _PyEval_EvalFrameDefault
        at /usr/local/src/conda/python-3.10.18/Python/ceval.c:4213
  34: _PyEval_EvalFrame
        at /usr/local/src/conda/python-3.10.18/Include/internal/pycore_ceval.h:46
  35: _PyEval_Vector
        at /usr/local/src/conda/python-3.10.18/Python/ceval.c:5067
  36: PyEval_EvalCode
        at /usr/local/src/conda/python-3.10.18/Python/ceval.c:1134
  37: builtin_exec_impl
        at /usr/local/src/conda/python-3.10.18/Python/bltinmodule.c:1058
  38: builtin_exec
        at /usr/local/src/conda/python-3.10.18/Python/clinic/bltinmodule.c.h:371
  39: cfunction_vectorcall_FASTCALL
        at /usr/local/src/conda/python-3.10.18/Objects/methodobject.c:430
  40: _PyObject_VectorcallTstate
        at /usr/local/src/conda/python-3.10.18/Include/cpython/abstract.h:114
  41: PyObject_Vectorcall
        at /usr/local/src/conda/python-3.10.18/Include/cpython/abstract.h:123
  42: call_function
        at /usr/local/src/conda/python-3.10.18/Python/ceval.c:5893
  43: _PyEval_EvalFrameDefault
        at /usr/local/src/conda/python-3.10.18/Python/ceval.c:4213
  44: _PyEval_EvalFrame
        at /usr/local/src/conda/python-3.10.18/Include/internal/pycore_ceval.h:46
  45: _PyEval_Vector
        at /usr/local/src/conda/python-3.10.18/Python/ceval.c:5067
  46: _PyFunction_Vectorcall
        at /usr/local/src/conda/python-3.10.18/Objects/call.c:342
  47: _PyObject_VectorcallTstate
        at /usr/local/src/conda/python-3.10.18/Include/cpython/abstract.h:114
  48: PyObject_Vectorcall
        at /usr/local/src/conda/python-3.10.18/Include/cpython/abstract.h:123
  49: call_function
        at /usr/local/src/conda/python-3.10.18/Python/ceval.c:5893
  50: _PyEval_EvalFrameDefault
        at /usr/local/src/conda/python-3.10.18/Python/ceval.c:4213
  51: _PyEval_EvalFrame
        at /usr/local/src/conda/python-3.10.18/Include/internal/pycore_ceval.h:46
  52: _PyEval_Vector
        at /usr/local/src/conda/python-3.10.18/Python/ceval.c:5067
  53: _PyFunction_Vectorcall
        at /usr/local/src/conda/python-3.10.18/Objects/call.c:342
  54: pymain_run_module
        at /usr/local/src/conda/python-3.10.18/Modules/main.c:297
  55: pymain_run_python
        at /usr/local/src/conda/python-3.10.18/Modules/main.c:589
  56: Py_RunMain
        at /usr/local/src/conda/python-3.10.18/Modules/main.c:674
  57: Py_BytesMain
        at /usr/local/src/conda/python-3.10.18/Modules/main.c:1094
  58: __libc_start_main
        at ../csu/libc-start.c:308
  59: 0x000000000058728d
  60: 0xffffffffffffffff


*E******Eterminate called after throwing an instance of 'tvm::runtime::InternalError'
  what():  [21:14:29] /data3/qsy/complier/tlm/src/runtime/cuda/cuda_module.cc:61: CUDAError: cuModuleUnload(module_[i]) failed with error: CUDA_ERROR_MISALIGNED_ADDRESS
Stack trace:
  0: tvm::runtime::SimpleObjAllocator::Handler<tvm::runtime::CUDAModuleNode>::Deleter_(tvm::runtime::Object*)
  1: tvm::runtime::SimpleObjAllocator::Handler<tvm::runtime::LibraryModuleNode>::Deleter_(tvm::runtime::Object*)
  2: _ZN3tvm7runtime18SimpleObjAllocator7HandlerINS0_16PackedFuncS
  3: _ZN3tvm7runtime18SimpleObjAllocator7HandlerINS0_16PackedFuncSubObjIZNS0_9profiling17WrapTimeE
  4: TVMObjectFree
  5: __pyx_tp_dealloc_3tvm_4_ffi_4_cy3_4core_PackedFuncBase(_object*)
  6: subtype_dealloc
        at /usr/local/src/conda/python-3.10.18/Objects/typeobject.c:1460
  7: _Py_DECREF
        at /usr/local/src/conda/python-3.10.18/Include/object.h:500
  8: _Py_XDECREF
        at /usr/local/src/conda/python-3.10.18/Include/object.h:567
  9: cell_dealloc
        at /usr/local/src/conda/python-3.10.18/Objects/cellobject.c:82
  10: _Py_Dealloc
        at /usr/local/src/conda/python-3.10.18/Objects/object.c:2301
  11: _Py_DECREF
        at /usr/local/src/conda/python-3.10.18/Include/object.h:500
  12: _Py_XDECREF
        at /usr/local/src/conda/python-3.10.18/Include/object.h:567
  13: tupledealloc
        at /usr/local/src/conda/python-3.10.18/Objects/tupleobject.c:276
  14: _Py_Dealloc
        at /usr/local/src/conda/python-3.10.18/Objects/object.c:2301
  15: _Py_DECREF
        at /usr/local/src/conda/python-3.10.18/Include/object.h:500
  16: func_clear
        at /usr/local/src/conda/python-3.10.18/Objects/funcobject.c:636
  17: func_dealloc
        at /usr/local/src/conda/python-3.10.18/Objects/funcobject.c:648
  18: _Py_Dealloc
        at /usr/local/src/conda/python-3.10.18/Objects/object.c:2301
  19: _Py_DECREF
        at /usr/local/src/conda/python-3.10.18/Include/object.h:500
  20: frame_dealloc
        at /usr/local/src/conda/python-3.10.18/Objects/frameobject.c:591
  21: _Py_Dealloc
        at /usr/local/src/conda/python-3.10.18/Objects/object.c:2301
  22: _Py_DECREF
        at /usr/local/src/conda/python-3.10.18/Include/object.h:500
  23: _PyEval_Vector
        at /usr/local/src/conda/python-3.10.18/Python/ceval.c:5080
  24: _PyFunction_Vectorcall
        at /usr/local/src/conda/python-3.10.18/Objects/call.c:342
  25: do_call_core
        at /usr/local/src/conda/python-3.10.18/Python/ceval.c:5945
  26: _PyEval_EvalFrameDefault
        at /usr/local/src/conda/python-3.10.18/Python/ceval.c:4277
  27: _PyEval_EvalFrame
        at /usr/local/src/conda/python-3.10.18/Include/internal/pycore_ceval.h:46
  28: _PyEval_Vector
        at /usr/local/src/conda/python-3.10.18/Python/ceval.c:5067
  29: _PyFunction_Vectorcall
        at /usr/local/src/conda/python-3.10.18/Objects/call.c:342
  30: _PyObject_VectorcallTstate
        at /usr/local/src/conda/python-3.10.18/Include/cpython/abstract.h:114
  31: PyObject_Vectorcall
        at /usr/local/src/conda/python-3.10.18/Include/cpython/abstract.h:123
  32: call_function
        at /usr/local/src/conda/python-3.10.18/Python/ceval.c:5893
  33: _PyEval_EvalFrameDefault
        at /usr/local/src/conda/python-3.10.18/Python/ceval.c:4213
  34: _PyEval_EvalFrame
        at /usr/local/src/conda/python-3.10.18/Include/internal/pycore_ceval.h:46
  35: _PyEval_Vector
        at /usr/local/src/conda/python-3.10.18/Python/ceval.c:5067
  36: PyEval_EvalCode
        at /usr/local/src/conda/python-3.10.18/Python/ceval.c:1134
  37: builtin_exec_impl
        at /usr/local/src/conda/python-3.10.18/Python/bltinmodule.c:1058
  38: builtin_exec
        at /usr/local/src/conda/python-3.10.18/Python/clinic/bltinmodule.c.h:371
  39: cfunction_vectorcall_FASTCALL
        at /usr/local/src/conda/python-3.10.18/Objects/methodobject.c:430
  40: _PyObject_VectorcallTstate
        at /usr/local/src/conda/python-3.10.18/Include/cpython/abstract.h:114
  41: PyObject_Vectorcall
        at /usr/local/src/conda/python-3.10.18/Include/cpython/abstract.h:123
  42: call_function
        at /usr/local/src/conda/python-3.10.18/Python/ceval.c:5893
  43: _PyEval_EvalFrameDefault
        at /usr/local/src/conda/python-3.10.18/Python/ceval.c:4213
  44: _PyEval_EvalFrame
        at /usr/local/src/conda/python-3.10.18/Include/internal/pycore_ceval.h:46
  45: _PyEval_Vector
        at /usr/local/src/conda/python-3.10.18/Python/ceval.c:5067
  46: _PyFunction_Vectorcall
        at /usr/local/src/conda/python-3.10.18/Objects/call.c:342
  47: _PyObject_VectorcallTstate
        at /usr/local/src/conda/python-3.10.18/Include/cpython/abstract.h:114
  48: PyObject_Vectorcall
        at /usr/local/src/conda/python-3.10.18/Include/cpython/abstract.h:123
  49: call_function
        at /usr/local/src/conda/python-3.10.18/Python/ceval.c:5893
  50: _PyEval_EvalFrameDefault
        at /usr/local/src/conda/python-3.10.18/Python/ceval.c:4213
  51: _PyEval_EvalFrame
        at /usr/local/src/conda/python-3.10.18/Include/internal/pycore_ceval.h:46
  52: _PyEval_Vector
        at /usr/local/src/conda/python-3.10.18/Python/ceval.c:5067
  53: _PyFunction_Vectorcall
        at /usr/local/src/conda/python-3.10.18/Objects/call.c:342
  54: pymain_run_module
        at /usr/local/src/conda/python-3.10.18/Modules/main.c:297
  55: pymain_run_python
        at /usr/local/src/conda/python-3.10.18/Modules/main.c:589
  56: Py_RunMain
        at /usr/local/src/conda/python-3.10.18/Modules/main.c:674
  57: Py_BytesMain
        at /usr/local/src/conda/python-3.10.18/Modules/main.c:1094
  58: __libc_start_main
        at ../csu/libc-start.c:308
  59: 0x000000000058728d
  60: 0xffffffffffffffff


*E*******Eterminate called after throwing an instance of 'tvm::runtime::InternalError'
  what():  [21:14:36] /data3/qsy/complier/tlm/src/runtime/cuda/cuda_module.cc:61: CUDAError: cuModuleUnload(module_[i]) failed with error: CUDA_ERROR_MISALIGNED_ADDRESS
Stack trace:
  0: tvm::runtime::SimpleObjAllocator::Handler<tvm::runtime::CUDAModuleNode>::Deleter_(tvm::runtime::Object*)
  1: tvm::runtime::SimpleObjAllocator::Handler<tvm::runtime::LibraryModuleNode>::Deleter_(tvm::runtime::Object*)
  2: _ZN3tvm7runtime18SimpleObjAllocator7HandlerINS0_16PackedFuncS
  3: _ZN3tvm7runtime18SimpleObjAllocator7HandlerINS0_16PackedFuncSubObjIZNS0_9profiling17WrapTimeE
  4: TVMObjectFree
  5: __pyx_tp_dealloc_3tvm_4_ffi_4_cy3_4core_PackedFuncBase(_object*)
  6: subtype_dealloc
        at /usr/local/src/conda/python-3.10.18/Objects/typeobject.c:1460
  7: _Py_DECREF
        at /usr/local/src/conda/python-3.10.18/Include/object.h:500
  8: _Py_XDECREF
        at /usr/local/src/conda/python-3.10.18/Include/object.h:567
  9: cell_dealloc
        at /usr/local/src/conda/python-3.10.18/Objects/cellobject.c:82
  10: _Py_Dealloc
        at /usr/local/src/conda/python-3.10.18/Objects/object.c:2301
  11: _Py_DECREF
        at /usr/local/src/conda/python-3.10.18/Include/object.h:500
  12: _Py_XDECREF
        at /usr/local/src/conda/python-3.10.18/Include/object.h:567
  13: tupledealloc
        at /usr/local/src/conda/python-3.10.18/Objects/tupleobject.c:276
  14: _Py_Dealloc
        at /usr/local/src/conda/python-3.10.18/Objects/object.c:2301
  15: _Py_DECREF
        at /usr/local/src/conda/python-3.10.18/Include/object.h:500
  16: func_clear
        at /usr/local/src/conda/python-3.10.18/Objects/funcobject.c:636
  17: func_dealloc
        at /usr/local/src/conda/python-3.10.18/Objects/funcobject.c:648
  18: _Py_Dealloc
        at /usr/local/src/conda/python-3.10.18/Objects/object.c:2301
  19: _Py_DECREF
        at /usr/local/src/conda/python-3.10.18/Include/object.h:500
  20: frame_dealloc
        at /usr/local/src/conda/python-3.10.18/Objects/frameobject.c:591
  21: _Py_Dealloc
        at /usr/local/src/conda/python-3.10.18/Objects/object.c:2301
  22: _Py_DECREF
        at /usr/local/src/conda/python-3.10.18/Include/object.h:500
  23: _PyEval_Vector
        at /usr/local/src/conda/python-3.10.18/Python/ceval.c:5080
  24: _PyFunction_Vectorcall
        at /usr/local/src/conda/python-3.10.18/Objects/call.c:342
  25: do_call_core
        at /usr/local/src/conda/python-3.10.18/Python/ceval.c:5945
  26: _PyEval_EvalFrameDefault
        at /usr/local/src/conda/python-3.10.18/Python/ceval.c:4277
  27: _PyEval_EvalFrame
        at /usr/local/src/conda/python-3.10.18/Include/internal/pycore_ceval.h:46
  28: _PyEval_Vector
        at /usr/local/src/conda/python-3.10.18/Python/ceval.c:5067
  29: _PyFunction_Vectorcall
        at /usr/local/src/conda/python-3.10.18/Objects/call.c:342
  30: _PyObject_VectorcallTstate
        at /usr/local/src/conda/python-3.10.18/Include/cpython/abstract.h:114
  31: PyObject_Vectorcall
        at /usr/local/src/conda/python-3.10.18/Include/cpython/abstract.h:123
  32: call_function
        at /usr/local/src/conda/python-3.10.18/Python/ceval.c:5893
  33: _PyEval_EvalFrameDefault
        at /usr/local/src/conda/python-3.10.18/Python/ceval.c:4213
  34: _PyEval_EvalFrame
        at /usr/local/src/conda/python-3.10.18/Include/internal/pycore_ceval.h:46
  35: _PyEval_Vector
        at /usr/local/src/conda/python-3.10.18/Python/ceval.c:5067
  36: PyEval_EvalCode
        at /usr/local/src/conda/python-3.10.18/Python/ceval.c:1134
  37: builtin_exec_impl
        at /usr/local/src/conda/python-3.10.18/Python/bltinmodule.c:1058
  38: builtin_exec
        at /usr/local/src/conda/python-3.10.18/Python/clinic/bltinmodule.c.h:371
  39: cfunction_vectorcall_FASTCALL
        at /usr/local/src/conda/python-3.10.18/Objects/methodobject.c:430
  40: _PyObject_VectorcallTstate
        at /usr/local/src/conda/python-3.10.18/Include/cpython/abstract.h:114
  41: PyObject_Vectorcall
        at /usr/local/src/conda/python-3.10.18/Include/cpython/abstract.h:123
  42: call_function
        at /usr/local/src/conda/python-3.10.18/Python/ceval.c:5893
  43: _PyEval_EvalFrameDefault
        at /usr/local/src/conda/python-3.10.18/Python/ceval.c:4213
  44: _PyEval_EvalFrame
        at /usr/local/src/conda/python-3.10.18/Include/internal/pycore_ceval.h:46
  45: _PyEval_Vector
        at /usr/local/src/conda/python-3.10.18/Python/ceval.c:5067
  46: _PyFunction_Vectorcall
        at /usr/local/src/conda/python-3.10.18/Objects/call.c:342
  47: _PyObject_VectorcallTstate
        at /usr/local/src/conda/python-3.10.18/Include/cpython/abstract.h:114
  48: PyObject_Vectorcall
        at /usr/local/src/conda/python-3.10.18/Include/cpython/abstract.h:123
  49: call_function
        at /usr/local/src/conda/python-3.10.18/Python/ceval.c:5893
  50: _PyEval_EvalFrameDefault
        at /usr/local/src/conda/python-3.10.18/Python/ceval.c:4213
  51: _PyEval_EvalFrame
        at /usr/local/src/conda/python-3.10.18/Include/internal/pycore_ceval.h:46
  52: _PyEval_Vector
        at /usr/local/src/conda/python-3.10.18/Python/ceval.c:5067
  53: _PyFunction_Vectorcall
        at /usr/local/src/conda/python-3.10.18/Objects/call.c:342
  54: pymain_run_module
        at /usr/local/src/conda/python-3.10.18/Modules/main.c:297
  55: pymain_run_python
        at /usr/local/src/conda/python-3.10.18/Modules/main.c:589
  56: Py_RunMain
        at /usr/local/src/conda/python-3.10.18/Modules/main.c:674
  57: Py_BytesMain
        at /usr/local/src/conda/python-3.10.18/Modules/main.c:1094
  58: __libc_start_main
        at ../csu/libc-start.c:308
  59: 0x000000000058728d
  60: 0xffffffffffffffff


*E*******Eterminate called after throwing an instance of 'tvm::runtime::InternalError'
  what():  [21:14:40] /data3/qsy/complier/tlm/src/runtime/cuda/cuda_module.cc:61: CUDAError: cuModuleUnload(module_[i]) failed with error: CUDA_ERROR_MISALIGNED_ADDRESS
Stack trace:
  0: tvm::runtime::SimpleObjAllocator::Handler<tvm::runtime::CUDAModuleNode>::Deleter_(tvm::runtime::Object*)
  1: tvm::runtime::SimpleObjAllocator::Handler<tvm::runtime::LibraryModuleNode>::Deleter_(tvm::runtime::Object*)
  2: _ZN3tvm7runtime18SimpleObjAllocator7HandlerINS0_16PackedFuncS
  3: _ZN3tvm7runtime18SimpleObjAllocator7HandlerINS0_16PackedFuncSubObjIZNS0_9profiling17WrapTimeE
  4: TVMObjectFree
  5: __pyx_tp_dealloc_3tvm_4_ffi_4_cy3_4core_PackedFuncBase(_object*)
  6: subtype_dealloc
        at /usr/local/src/conda/python-3.10.18/Objects/typeobject.c:1460
  7: _Py_DECREF
        at /usr/local/src/conda/python-3.10.18/Include/object.h:500
  8: _Py_XDECREF
        at /usr/local/src/conda/python-3.10.18/Include/object.h:567
  9: cell_dealloc
        at /usr/local/src/conda/python-3.10.18/Objects/cellobject.c:82
  10: _Py_Dealloc
        at /usr/local/src/conda/python-3.10.18/Objects/object.c:2301
  11: _Py_DECREF
        at /usr/local/src/conda/python-3.10.18/Include/object.h:500
  12: _Py_XDECREF
        at /usr/local/src/conda/python-3.10.18/Include/object.h:567
  13: tupledealloc
        at /usr/local/src/conda/python-3.10.18/Objects/tupleobject.c:276
  14: _Py_Dealloc
        at /usr/local/src/conda/python-3.10.18/Objects/object.c:2301
  15: _Py_DECREF
        at /usr/local/src/conda/python-3.10.18/Include/object.h:500
  16: func_clear
        at /usr/local/src/conda/python-3.10.18/Objects/funcobject.c:636
  17: func_dealloc
        at /usr/local/src/conda/python-3.10.18/Objects/funcobject.c:648
  18: _Py_Dealloc
        at /usr/local/src/conda/python-3.10.18/Objects/object.c:2301
  19: _Py_DECREF
        at /usr/local/src/conda/python-3.10.18/Include/object.h:500
  20: frame_dealloc
        at /usr/local/src/conda/python-3.10.18/Objects/frameobject.c:591
  21: _Py_Dealloc
        at /usr/local/src/conda/python-3.10.18/Objects/object.c:2301
  22: _Py_DECREF
        at /usr/local/src/conda/python-3.10.18/Include/object.h:500
  23: _PyEval_Vector
        at /usr/local/src/conda/python-3.10.18/Python/ceval.c:5080
  24: _PyFunction_Vectorcall
        at /usr/local/src/conda/python-3.10.18/Objects/call.c:342
  25: do_call_core
        at /usr/local/src/conda/python-3.10.18/Python/ceval.c:5945
  26: _PyEval_EvalFrameDefault
        at /usr/local/src/conda/python-3.10.18/Python/ceval.c:4277
  27: _PyEval_EvalFrame
        at /usr/local/src/conda/python-3.10.18/Include/internal/pycore_ceval.h:46
  28: _PyEval_Vector
        at /usr/local/src/conda/python-3.10.18/Python/ceval.c:5067
  29: _PyFunction_Vectorcall
        at /usr/local/src/conda/python-3.10.18/Objects/call.c:342
  30: _PyObject_VectorcallTstate
        at /usr/local/src/conda/python-3.10.18/Include/cpython/abstract.h:114
  31: PyObject_Vectorcall
        at /usr/local/src/conda/python-3.10.18/Include/cpython/abstract.h:123
  32: call_function
        at /usr/local/src/conda/python-3.10.18/Python/ceval.c:5893
  33: _PyEval_EvalFrameDefault
        at /usr/local/src/conda/python-3.10.18/Python/ceval.c:4213
  34: _PyEval_EvalFrame
        at /usr/local/src/conda/python-3.10.18/Include/internal/pycore_ceval.h:46
  35: _PyEval_Vector
        at /usr/local/src/conda/python-3.10.18/Python/ceval.c:5067
  36: PyEval_EvalCode
        at /usr/local/src/conda/python-3.10.18/Python/ceval.c:1134
  37: builtin_exec_impl
        at /usr/local/src/conda/python-3.10.18/Python/bltinmodule.c:1058
  38: builtin_exec
        at /usr/local/src/conda/python-3.10.18/Python/clinic/bltinmodule.c.h:371
  39: cfunction_vectorcall_FASTCALL
        at /usr/local/src/conda/python-3.10.18/Objects/methodobject.c:430
  40: _PyObject_VectorcallTstate
        at /usr/local/src/conda/python-3.10.18/Include/cpython/abstract.h:114
  41: PyObject_Vectorcall
        at /usr/local/src/conda/python-3.10.18/Include/cpython/abstract.h:123
  42: call_function
        at /usr/local/src/conda/python-3.10.18/Python/ceval.c:5893
  43: _PyEval_EvalFrameDefault
        at /usr/local/src/conda/python-3.10.18/Python/ceval.c:4213
  44: _PyEval_EvalFrame
        at /usr/local/src/conda/python-3.10.18/Include/internal/pycore_ceval.h:46
  45: _PyEval_Vector
        at /usr/local/src/conda/python-3.10.18/Python/ceval.c:5067
  46: _PyFunction_Vectorcall
        at /usr/local/src/conda/python-3.10.18/Objects/call.c:342
  47: _PyObject_VectorcallTstate
        at /usr/local/src/conda/python-3.10.18/Include/cpython/abstract.h:114
  48: PyObject_Vectorcall
        at /usr/local/src/conda/python-3.10.18/Include/cpython/abstract.h:123
  49: call_function
        at /usr/local/src/conda/python-3.10.18/Python/ceval.c:5893
  50: _PyEval_EvalFrameDefault
        at /usr/local/src/conda/python-3.10.18/Python/ceval.c:4213
  51: _PyEval_EvalFrame
        at /usr/local/src/conda/python-3.10.18/Include/internal/pycore_ceval.h:46
  52: _PyEval_Vector
        at /usr/local/src/conda/python-3.10.18/Python/ceval.c:5067
  53: _PyFunction_Vectorcall
        at /usr/local/src/conda/python-3.10.18/Objects/call.c:342
  54: pymain_run_module
        at /usr/local/src/conda/python-3.10.18/Modules/main.c:297
  55: pymain_run_python
        at /usr/local/src/conda/python-3.10.18/Modules/main.c:589
  56: Py_RunMain
        at /usr/local/src/conda/python-3.10.18/Modules/main.c:674
  57: Py_BytesMain
        at /usr/local/src/conda/python-3.10.18/Modules/main.c:1094
  58: __libc_start_main
        at ../csu/libc-start.c:308
  59: 0x000000000058728d
  60: 0xffffffffffffffff


*E***********
Time elapsed for measurement: 61.86 s
----------------------------------------------------------------------
------------------------------  [ Train cost model ]
----------------------------------------------------------------------
Time elapsed for training: 0.55 s
----------------------------------------------------------------------
------------------------------  [ Task Scheduler ]
----------------------------------------------------------------------
----------------------------------------------------------------------
------------------------------  [ Search ]
----------------------------------------------------------------------
Generate Sketches		#s: 1
Sample Initial Population	#s: 57	fail_ct: 8135	Time elapsed: 14.25
GA Iter: 0	Max score: 0.9966	Min score: 0.0104	#Pop: 57	#M+: 0	#M-: 0
GA Iter: 4	Max score: 0.9998	Min score: 0.9778	#Pop: 128	#M+: 1376	#M-: 0
EvolutionarySearch		#s: 128	Time elapsed: 39.13
----------------------------------------------------------------------
------------------------------  [ Measure ]
----------------------------------------------------------------------
Get 64 programs to measure:
................................................................******|  ID  |                       Task Description                        | Latency (ms) | Speed (GFLOPS) | Trials |
-----------------------------------------------------------------------------------------------------------------
|    0 |                                     vm_mod_fused_nn_dense_add |        0.021 |         392.73 |     64 |
|    1 |                                  vm_mod_fused_nn_max_pool2d_2 |        0.003 |         275.79 |     64 |
|    2 | vm_mod_fused_nn_contrib_conv2d_winograd_without_weight_transform_add_nn_relu_7 |        0.172 |       10146.22 |     64 |
|    3 | vm_mod_fused_nn_contrib_conv2d_winograd_without_weight_transform_add_nn_relu_5 |        0.175 |        6909.11 |     64 |
|    4 | vm_mod_fused_nn_contrib_conv2d_winograd_without_weight_transform_add_nn_relu_3 |        0.163 |        9144.66 |     64 |
|    5 |                                  vm_mod_fused_nn_max_pool2d_1 |        0.004 |         364.48 |     64 |
|    6 |                           vm_mod_fused_nn_dense_add_nn_relu_1 |        0.096 |         351.26 |     64 |
|    7 |                             vm_mod_fused_nn_dense_add_nn_relu |            - |              - |      0 |
|    8 | vm_mod_fused_nn_contrib_conv2d_winograd_without_weight_transform_add_nn_relu_1 |            - |              - |      0 |
|    9 |                                  vm_mod_fused_nn_max_pool2d_4 |            - |              - |      0 |
|   10 | vm_mod_fused_nn_contrib_conv2d_winograd_without_weight_transform_add_nn_relu_8 |            - |              - |      0 |
|   11 |                           vm_mod_fused_nn_adaptive_avg_pool2d |            - |              - |      0 |
|   12 | vm_mod_fused_nn_contrib_conv2d_winograd_without_weight_transform_add_nn_relu_6 |            - |              - |      0 |
|   13 | vm_mod_fused_nn_contrib_conv2d_winograd_without_weight_transform_add_nn_relu_4 |            - |              - |      0 |
|   14 |                                    vm_mod_fused_nn_max_pool2d |            - |              - |      0 |
|   15 | vm_mod_fused_nn_contrib_conv2d_winograd_without_weight_transform_add_nn_relu |            - |              - |      0 |
|   16 |                                  vm_mod_fused_nn_max_pool2d_3 |            - |              - |      0 |
|   17 | vm_mod_fused_nn_contrib_conv2d_winograd_without_weight_transform_add_nn_relu_2 |            - |              - |      0 |
-----------------------------------------------------------------------------------------------------------------
Estimated total latency: - ms	Trials: 440	Used time : 1172 s	Next ID: 7	
*E***********************Eterminate called after throwing an instance of 'tvm::runtime::InternalError'
  what():  [21:16:54] /data3/qsy/complier/tlm/src/runtime/cuda/cuda_module.cc:61: CUDAError: cuModuleUnload(module_[i]) failed with error: CUDA_ERROR_MISALIGNED_ADDRESS
Stack trace:
  0: tvm::runtime::SimpleObjAllocator::Handler<tvm::runtime::CUDAModuleNode>::Deleter_(tvm::runtime::Object*)
  1: tvm::runtime::SimpleObjAllocator::Handler<tvm::runtime::LibraryModuleNode>::Deleter_(tvm::runtime::Object*)
  2: _ZN3tvm7runtime18SimpleObjAllocator7HandlerINS0_16PackedFuncS
  3: _ZN3tvm7runtime18SimpleObjAllocator7HandlerINS0_16PackedFuncSubObjIZNS0_9profiling17WrapTimeE
  4: TVMObjectFree
  5: __pyx_tp_dealloc_3tvm_4_ffi_4_cy3_4core_PackedFuncBase(_object*)
  6: subtype_dealloc
        at /usr/local/src/conda/python-3.10.18/Objects/typeobject.c:1460
  7: _Py_DECREF
        at /usr/local/src/conda/python-3.10.18/Include/object.h:500
  8: _Py_XDECREF
        at /usr/local/src/conda/python-3.10.18/Include/object.h:567
  9: cell_dealloc
        at /usr/local/src/conda/python-3.10.18/Objects/cellobject.c:82
  10: _Py_Dealloc
        at /usr/local/src/conda/python-3.10.18/Objects/object.c:2301
  11: _Py_DECREF
        at /usr/local/src/conda/python-3.10.18/Include/object.h:500
  12: _Py_XDECREF
        at /usr/local/src/conda/python-3.10.18/Include/object.h:567
  13: tupledealloc
        at /usr/local/src/conda/python-3.10.18/Objects/tupleobject.c:276
  14: _Py_Dealloc
        at /usr/local/src/conda/python-3.10.18/Objects/object.c:2301
  15: _Py_DECREF
        at /usr/local/src/conda/python-3.10.18/Include/object.h:500
  16: func_clear
        at /usr/local/src/conda/python-3.10.18/Objects/funcobject.c:636
  17: func_dealloc
        at /usr/local/src/conda/python-3.10.18/Objects/funcobject.c:648
  18: _Py_Dealloc
        at /usr/local/src/conda/python-3.10.18/Objects/object.c:2301
  19: _Py_DECREF
        at /usr/local/src/conda/python-3.10.18/Include/object.h:500
  20: frame_dealloc
        at /usr/local/src/conda/python-3.10.18/Objects/frameobject.c:591
  21: _Py_Dealloc
        at /usr/local/src/conda/python-3.10.18/Objects/object.c:2301
  22: _Py_DECREF
        at /usr/local/src/conda/python-3.10.18/Include/object.h:500
  23: _PyEval_Vector
        at /usr/local/src/conda/python-3.10.18/Python/ceval.c:5080
  24: _PyFunction_Vectorcall
        at /usr/local/src/conda/python-3.10.18/Objects/call.c:342
  25: do_call_core
        at /usr/local/src/conda/python-3.10.18/Python/ceval.c:5945
  26: _PyEval_EvalFrameDefault
        at /usr/local/src/conda/python-3.10.18/Python/ceval.c:4277
  27: _PyEval_EvalFrame
        at /usr/local/src/conda/python-3.10.18/Include/internal/pycore_ceval.h:46
  28: _PyEval_Vector
        at /usr/local/src/conda/python-3.10.18/Python/ceval.c:5067
  29: _PyFunction_Vectorcall
        at /usr/local/src/conda/python-3.10.18/Objects/call.c:342
  30: _PyObject_VectorcallTstate
        at /usr/local/src/conda/python-3.10.18/Include/cpython/abstract.h:114
  31: PyObject_Vectorcall
        at /usr/local/src/conda/python-3.10.18/Include/cpython/abstract.h:123
  32: call_function
        at /usr/local/src/conda/python-3.10.18/Python/ceval.c:5893
  33: _PyEval_EvalFrameDefault
        at /usr/local/src/conda/python-3.10.18/Python/ceval.c:4213
  34: _PyEval_EvalFrame
        at /usr/local/src/conda/python-3.10.18/Include/internal/pycore_ceval.h:46
  35: _PyEval_Vector
        at /usr/local/src/conda/python-3.10.18/Python/ceval.c:5067
  36: PyEval_EvalCode
        at /usr/local/src/conda/python-3.10.18/Python/ceval.c:1134
  37: builtin_exec_impl
        at /usr/local/src/conda/python-3.10.18/Python/bltinmodule.c:1058
  38: builtin_exec
        at /usr/local/src/conda/python-3.10.18/Python/clinic/bltinmodule.c.h:371
  39: cfunction_vectorcall_FASTCALL
        at /usr/local/src/conda/python-3.10.18/Objects/methodobject.c:430
  40: _PyObject_VectorcallTstate
        at /usr/local/src/conda/python-3.10.18/Include/cpython/abstract.h:114
  41: PyObject_Vectorcall
        at /usr/local/src/conda/python-3.10.18/Include/cpython/abstract.h:123
  42: call_function
        at /usr/local/src/conda/python-3.10.18/Python/ceval.c:5893
  43: _PyEval_EvalFrameDefault
        at /usr/local/src/conda/python-3.10.18/Python/ceval.c:4213
  44: _PyEval_EvalFrame
        at /usr/local/src/conda/python-3.10.18/Include/internal/pycore_ceval.h:46
  45: _PyEval_Vector
        at /usr/local/src/conda/python-3.10.18/Python/ceval.c:5067
  46: _PyFunction_Vectorcall
        at /usr/local/src/conda/python-3.10.18/Objects/call.c:342
  47: _PyObject_VectorcallTstate
        at /usr/local/src/conda/python-3.10.18/Include/cpython/abstract.h:114
  48: PyObject_Vectorcall
        at /usr/local/src/conda/python-3.10.18/Include/cpython/abstract.h:123
  49: call_function
        at /usr/local/src/conda/python-3.10.18/Python/ceval.c:5893
  50: _PyEval_EvalFrameDefault
        at /usr/local/src/conda/python-3.10.18/Python/ceval.c:4213
  51: _PyEval_EvalFrame
        at /usr/local/src/conda/python-3.10.18/Include/internal/pycore_ceval.h:46
  52: _PyEval_Vector
        at /usr/local/src/conda/python-3.10.18/Python/ceval.c:5067
  53: _PyFunction_Vectorcall
        at /usr/local/src/conda/python-3.10.18/Objects/call.c:342
  54: pymain_run_module
        at /usr/local/src/conda/python-3.10.18/Modules/main.c:297
  55: pymain_run_python
        at /usr/local/src/conda/python-3.10.18/Modules/main.c:589
  56: Py_RunMain
        at /usr/local/src/conda/python-3.10.18/Modules/main.c:674
  57: Py_BytesMain
        at /usr/local/src/conda/python-3.10.18/Modules/main.c:1094
  58: __libc_start_main
        at ../csu/libc-start.c:308
  59: 0x000000000058728d
  60: 0xffffffffffffffff


*E*******Eterminate called after throwing an instance of 'tvm::runtime::InternalError'
  what():  [21:17:11] /data3/qsy/complier/tlm/src/runtime/cuda/cuda_module.cc:61: CUDAError: cuModuleUnload(module_[i]) failed with error: CUDA_ERROR_MISALIGNED_ADDRESS
Stack trace:
  0: tvm::runtime::SimpleObjAllocator::Handler<tvm::runtime::CUDAModuleNode>::Deleter_(tvm::runtime::Object*)
  1: tvm::runtime::SimpleObjAllocator::Handler<tvm::runtime::LibraryModuleNode>::Deleter_(tvm::runtime::Object*)
  2: _ZN3tvm7runtime18SimpleObjAllocator7HandlerINS0_16PackedFuncS
  3: _ZN3tvm7runtime18SimpleObjAllocator7HandlerINS0_16PackedFuncSubObjIZNS0_9profiling17WrapTimeE
  4: TVMObjectFree
  5: __pyx_tp_dealloc_3tvm_4_ffi_4_cy3_4core_PackedFuncBase(_object*)
  6: subtype_dealloc
        at /usr/local/src/conda/python-3.10.18/Objects/typeobject.c:1460
  7: _Py_DECREF
        at /usr/local/src/conda/python-3.10.18/Include/object.h:500
  8: _Py_XDECREF
        at /usr/local/src/conda/python-3.10.18/Include/object.h:567
  9: cell_dealloc
        at /usr/local/src/conda/python-3.10.18/Objects/cellobject.c:82
  10: _Py_Dealloc
        at /usr/local/src/conda/python-3.10.18/Objects/object.c:2301
  11: _Py_DECREF
        at /usr/local/src/conda/python-3.10.18/Include/object.h:500
  12: _Py_XDECREF
        at /usr/local/src/conda/python-3.10.18/Include/object.h:567
  13: tupledealloc
        at /usr/local/src/conda/python-3.10.18/Objects/tupleobject.c:276
  14: _Py_Dealloc
        at /usr/local/src/conda/python-3.10.18/Objects/object.c:2301
  15: _Py_DECREF
        at /usr/local/src/conda/python-3.10.18/Include/object.h:500
  16: func_clear
        at /usr/local/src/conda/python-3.10.18/Objects/funcobject.c:636
  17: func_dealloc
        at /usr/local/src/conda/python-3.10.18/Objects/funcobject.c:648
  18: _Py_Dealloc
        at /usr/local/src/conda/python-3.10.18/Objects/object.c:2301
  19: _Py_DECREF
        at /usr/local/src/conda/python-3.10.18/Include/object.h:500
  20: frame_dealloc
        at /usr/local/src/conda/python-3.10.18/Objects/frameobject.c:591
  21: _Py_Dealloc
        at /usr/local/src/conda/python-3.10.18/Objects/object.c:2301
  22: _Py_DECREF
        at /usr/local/src/conda/python-3.10.18/Include/object.h:500
  23: _PyEval_Vector
        at /usr/local/src/conda/python-3.10.18/Python/ceval.c:5080
  24: _PyFunction_Vectorcall
        at /usr/local/src/conda/python-3.10.18/Objects/call.c:342
  25: do_call_core
        at /usr/local/src/conda/python-3.10.18/Python/ceval.c:5945
  26: _PyEval_EvalFrameDefault
        at /usr/local/src/conda/python-3.10.18/Python/ceval.c:4277
  27: _PyEval_EvalFrame
        at /usr/local/src/conda/python-3.10.18/Include/internal/pycore_ceval.h:46
  28: _PyEval_Vector
        at /usr/local/src/conda/python-3.10.18/Python/ceval.c:5067
  29: _PyFunction_Vectorcall
        at /usr/local/src/conda/python-3.10.18/Objects/call.c:342
  30: _PyObject_VectorcallTstate
        at /usr/local/src/conda/python-3.10.18/Include/cpython/abstract.h:114
  31: PyObject_Vectorcall
        at /usr/local/src/conda/python-3.10.18/Include/cpython/abstract.h:123
  32: call_function
        at /usr/local/src/conda/python-3.10.18/Python/ceval.c:5893
  33: _PyEval_EvalFrameDefault
        at /usr/local/src/conda/python-3.10.18/Python/ceval.c:4213
  34: _PyEval_EvalFrame
        at /usr/local/src/conda/python-3.10.18/Include/internal/pycore_ceval.h:46
  35: _PyEval_Vector
        at /usr/local/src/conda/python-3.10.18/Python/ceval.c:5067
  36: PyEval_EvalCode
        at /usr/local/src/conda/python-3.10.18/Python/ceval.c:1134
  37: builtin_exec_impl
        at /usr/local/src/conda/python-3.10.18/Python/bltinmodule.c:1058
  38: builtin_exec
        at /usr/local/src/conda/python-3.10.18/Python/clinic/bltinmodule.c.h:371
  39: cfunction_vectorcall_FASTCALL
        at /usr/local/src/conda/python-3.10.18/Objects/methodobject.c:430
  40: _PyObject_VectorcallTstate
        at /usr/local/src/conda/python-3.10.18/Include/cpython/abstract.h:114
  41: PyObject_Vectorcall
        at /usr/local/src/conda/python-3.10.18/Include/cpython/abstract.h:123
  42: call_function
        at /usr/local/src/conda/python-3.10.18/Python/ceval.c:5893
  43: _PyEval_EvalFrameDefault
        at /usr/local/src/conda/python-3.10.18/Python/ceval.c:4213
  44: _PyEval_EvalFrame
        at /usr/local/src/conda/python-3.10.18/Include/internal/pycore_ceval.h:46
  45: _PyEval_Vector
        at /usr/local/src/conda/python-3.10.18/Python/ceval.c:5067
  46: _PyFunction_Vectorcall
        at /usr/local/src/conda/python-3.10.18/Objects/call.c:342
  47: _PyObject_VectorcallTstate
        at /usr/local/src/conda/python-3.10.18/Include/cpython/abstract.h:114
  48: PyObject_Vectorcall
        at /usr/local/src/conda/python-3.10.18/Include/cpython/abstract.h:123
  49: call_function
        at /usr/local/src/conda/python-3.10.18/Python/ceval.c:5893
  50: _PyEval_EvalFrameDefault
        at /usr/local/src/conda/python-3.10.18/Python/ceval.c:4213
  51: _PyEval_EvalFrame
        at /usr/local/src/conda/python-3.10.18/Include/internal/pycore_ceval.h:46
  52: _PyEval_Vector
        at /usr/local/src/conda/python-3.10.18/Python/ceval.c:5067
  53: _PyFunction_Vectorcall
        at /usr/local/src/conda/python-3.10.18/Objects/call.c:342
  54: pymain_run_module
        at /usr/local/src/conda/python-3.10.18/Modules/main.c:297
  55: pymain_run_python
        at /usr/local/src/conda/python-3.10.18/Modules/main.c:589
  56: Py_RunMain
        at /usr/local/src/conda/python-3.10.18/Modules/main.c:674
  57: Py_BytesMain
        at /usr/local/src/conda/python-3.10.18/Modules/main.c:1094
  58: __libc_start_main
        at ../csu/libc-start.c:308
  59: 0x000000000058728d
  60: 0xffffffffffffffff


*E************Eterminate called after throwing an instance of 'tvm::runtime::InternalError'
  what():  [21:17:37] /data3/qsy/complier/tlm/src/runtime/cuda/cuda_module.cc:61: CUDAError: cuModuleUnload(module_[i]) failed with error: CUDA_ERROR_MISALIGNED_ADDRESS
Stack trace:
  0: tvm::runtime::SimpleObjAllocator::Handler<tvm::runtime::CUDAModuleNode>::Deleter_(tvm::runtime::Object*)
  1: tvm::runtime::SimpleObjAllocator::Handler<tvm::runtime::LibraryModuleNode>::Deleter_(tvm::runtime::Object*)
  2: _ZN3tvm7runtime18SimpleObjAllocator7HandlerINS0_16PackedFuncS
  3: _ZN3tvm7runtime18SimpleObjAllocator7HandlerINS0_16PackedFuncSubObjIZNS0_9profiling17WrapTimeE
  4: TVMObjectFree
  5: __pyx_tp_dealloc_3tvm_4_ffi_4_cy3_4core_PackedFuncBase(_object*)
  6: subtype_dealloc
        at /usr/local/src/conda/python-3.10.18/Objects/typeobject.c:1460
  7: _Py_DECREF
        at /usr/local/src/conda/python-3.10.18/Include/object.h:500
  8: _Py_XDECREF
        at /usr/local/src/conda/python-3.10.18/Include/object.h:567
  9: cell_dealloc
        at /usr/local/src/conda/python-3.10.18/Objects/cellobject.c:82
  10: _Py_Dealloc
        at /usr/local/src/conda/python-3.10.18/Objects/object.c:2301
  11: _Py_DECREF
        at /usr/local/src/conda/python-3.10.18/Include/object.h:500
  12: _Py_XDECREF
        at /usr/local/src/conda/python-3.10.18/Include/object.h:567
  13: tupledealloc
        at /usr/local/src/conda/python-3.10.18/Objects/tupleobject.c:276
  14: _Py_Dealloc
        at /usr/local/src/conda/python-3.10.18/Objects/object.c:2301
  15: _Py_DECREF
        at /usr/local/src/conda/python-3.10.18/Include/object.h:500
  16: func_clear
        at /usr/local/src/conda/python-3.10.18/Objects/funcobject.c:636
  17: func_dealloc
        at /usr/local/src/conda/python-3.10.18/Objects/funcobject.c:648
  18: _Py_Dealloc
        at /usr/local/src/conda/python-3.10.18/Objects/object.c:2301
  19: _Py_DECREF
        at /usr/local/src/conda/python-3.10.18/Include/object.h:500
  20: frame_dealloc
        at /usr/local/src/conda/python-3.10.18/Objects/frameobject.c:591
  21: _Py_Dealloc
        at /usr/local/src/conda/python-3.10.18/Objects/object.c:2301
  22: _Py_DECREF
        at /usr/local/src/conda/python-3.10.18/Include/object.h:500
  23: _PyEval_Vector
        at /usr/local/src/conda/python-3.10.18/Python/ceval.c:5080
  24: _PyFunction_Vectorcall
        at /usr/local/src/conda/python-3.10.18/Objects/call.c:342
  25: do_call_core
        at /usr/local/src/conda/python-3.10.18/Python/ceval.c:5945
  26: _PyEval_EvalFrameDefault
        at /usr/local/src/conda/python-3.10.18/Python/ceval.c:4277
  27: _PyEval_EvalFrame
        at /usr/local/src/conda/python-3.10.18/Include/internal/pycore_ceval.h:46
  28: _PyEval_Vector
        at /usr/local/src/conda/python-3.10.18/Python/ceval.c:5067
  29: _PyFunction_Vectorcall
        at /usr/local/src/conda/python-3.10.18/Objects/call.c:342
  30: _PyObject_VectorcallTstate
        at /usr/local/src/conda/python-3.10.18/Include/cpython/abstract.h:114
  31: PyObject_Vectorcall
        at /usr/local/src/conda/python-3.10.18/Include/cpython/abstract.h:123
  32: call_function
        at /usr/local/src/conda/python-3.10.18/Python/ceval.c:5893
  33: _PyEval_EvalFrameDefault
        at /usr/local/src/conda/python-3.10.18/Python/ceval.c:4213
  34: _PyEval_EvalFrame
        at /usr/local/src/conda/python-3.10.18/Include/internal/pycore_ceval.h:46
  35: _PyEval_Vector
        at /usr/local/src/conda/python-3.10.18/Python/ceval.c:5067
  36: PyEval_EvalCode
        at /usr/local/src/conda/python-3.10.18/Python/ceval.c:1134
  37: builtin_exec_impl
        at /usr/local/src/conda/python-3.10.18/Python/bltinmodule.c:1058
  38: builtin_exec
        at /usr/local/src/conda/python-3.10.18/Python/clinic/bltinmodule.c.h:371
  39: cfunction_vectorcall_FASTCALL
        at /usr/local/src/conda/python-3.10.18/Objects/methodobject.c:430
  40: _PyObject_VectorcallTstate
        at /usr/local/src/conda/python-3.10.18/Include/cpython/abstract.h:114
  41: PyObject_Vectorcall
        at /usr/local/src/conda/python-3.10.18/Include/cpython/abstract.h:123
  42: call_function
        at /usr/local/src/conda/python-3.10.18/Python/ceval.c:5893
  43: _PyEval_EvalFrameDefault
        at /usr/local/src/conda/python-3.10.18/Python/ceval.c:4213
  44: _PyEval_EvalFrame
        at /usr/local/src/conda/python-3.10.18/Include/internal/pycore_ceval.h:46
  45: _PyEval_Vector
        at /usr/local/src/conda/python-3.10.18/Python/ceval.c:5067
  46: _PyFunction_Vectorcall
        at /usr/local/src/conda/python-3.10.18/Objects/call.c:342
  47: _PyObject_VectorcallTstate
        at /usr/local/src/conda/python-3.10.18/Include/cpython/abstract.h:114
  48: PyObject_Vectorcall
        at /usr/local/src/conda/python-3.10.18/Include/cpython/abstract.h:123
  49: call_function
        at /usr/local/src/conda/python-3.10.18/Python/ceval.c:5893
  50: _PyEval_EvalFrameDefault
        at /usr/local/src/conda/python-3.10.18/Python/ceval.c:4213
  51: _PyEval_EvalFrame
        at /usr/local/src/conda/python-3.10.18/Include/internal/pycore_ceval.h:46
  52: _PyEval_Vector
        at /usr/local/src/conda/python-3.10.18/Python/ceval.c:5067
  53: _PyFunction_Vectorcall
        at /usr/local/src/conda/python-3.10.18/Objects/call.c:342
  54: pymain_run_module
        at /usr/local/src/conda/python-3.10.18/Modules/main.c:297
  55: pymain_run_python
        at /usr/local/src/conda/python-3.10.18/Modules/main.c:589
  56: Py_RunMain
        at /usr/local/src/conda/python-3.10.18/Modules/main.c:674
  57: Py_BytesMain
        at /usr/local/src/conda/python-3.10.18/Modules/main.c:1094
  58: __libc_start_main
        at ../csu/libc-start.c:308
  59: 0x000000000058728d
  60: 0xffffffffffffffff


*E****Eterminate called after throwing an instance of 'tvm::runtime::InternalError'
  what():  [21:17:46] /data3/qsy/complier/tlm/src/runtime/cuda/cuda_module.cc:61: CUDAError: cuModuleUnload(module_[i]) failed with error: CUDA_ERROR_MISALIGNED_ADDRESS
Stack trace:
  0: tvm::runtime::SimpleObjAllocator::Handler<tvm::runtime::CUDAModuleNode>::Deleter_(tvm::runtime::Object*)
  1: tvm::runtime::SimpleObjAllocator::Handler<tvm::runtime::LibraryModuleNode>::Deleter_(tvm::runtime::Object*)
  2: _ZN3tvm7runtime18SimpleObjAllocator7HandlerINS0_16PackedFuncS
  3: _ZN3tvm7runtime18SimpleObjAllocator7HandlerINS0_16PackedFuncSubObjIZNS0_9profiling17WrapTimeE
  4: TVMObjectFree
  5: __pyx_tp_dealloc_3tvm_4_ffi_4_cy3_4core_PackedFuncBase(_object*)
  6: subtype_dealloc
        at /usr/local/src/conda/python-3.10.18/Objects/typeobject.c:1460
  7: _Py_DECREF
        at /usr/local/src/conda/python-3.10.18/Include/object.h:500
  8: _Py_XDECREF
        at /usr/local/src/conda/python-3.10.18/Include/object.h:567
  9: cell_dealloc
        at /usr/local/src/conda/python-3.10.18/Objects/cellobject.c:82
  10: _Py_Dealloc
        at /usr/local/src/conda/python-3.10.18/Objects/object.c:2301
  11: _Py_DECREF
        at /usr/local/src/conda/python-3.10.18/Include/object.h:500
  12: _Py_XDECREF
        at /usr/local/src/conda/python-3.10.18/Include/object.h:567
  13: tupledealloc
        at /usr/local/src/conda/python-3.10.18/Objects/tupleobject.c:276
  14: _Py_Dealloc
        at /usr/local/src/conda/python-3.10.18/Objects/object.c:2301
  15: _Py_DECREF
        at /usr/local/src/conda/python-3.10.18/Include/object.h:500
  16: func_clear
        at /usr/local/src/conda/python-3.10.18/Objects/funcobject.c:636
  17: func_dealloc
        at /usr/local/src/conda/python-3.10.18/Objects/funcobject.c:648
  18: _Py_Dealloc
        at /usr/local/src/conda/python-3.10.18/Objects/object.c:2301
  19: _Py_DECREF
        at /usr/local/src/conda/python-3.10.18/Include/object.h:500
  20: frame_dealloc
        at /usr/local/src/conda/python-3.10.18/Objects/frameobject.c:591
  21: _Py_Dealloc
        at /usr/local/src/conda/python-3.10.18/Objects/object.c:2301
  22: _Py_DECREF
        at /usr/local/src/conda/python-3.10.18/Include/object.h:500
  23: _PyEval_Vector
        at /usr/local/src/conda/python-3.10.18/Python/ceval.c:5080
  24: _PyFunction_Vectorcall
        at /usr/local/src/conda/python-3.10.18/Objects/call.c:342
  25: do_call_core
        at /usr/local/src/conda/python-3.10.18/Python/ceval.c:5945
  26: _PyEval_EvalFrameDefault
        at /usr/local/src/conda/python-3.10.18/Python/ceval.c:4277
  27: _PyEval_EvalFrame
        at /usr/local/src/conda/python-3.10.18/Include/internal/pycore_ceval.h:46
  28: _PyEval_Vector
        at /usr/local/src/conda/python-3.10.18/Python/ceval.c:5067
  29: _PyFunction_Vectorcall
        at /usr/local/src/conda/python-3.10.18/Objects/call.c:342
  30: _PyObject_VectorcallTstate
        at /usr/local/src/conda/python-3.10.18/Include/cpython/abstract.h:114
  31: PyObject_Vectorcall
        at /usr/local/src/conda/python-3.10.18/Include/cpython/abstract.h:123
  32: call_function
        at /usr/local/src/conda/python-3.10.18/Python/ceval.c:5893
  33: _PyEval_EvalFrameDefault
        at /usr/local/src/conda/python-3.10.18/Python/ceval.c:4213
  34: _PyEval_EvalFrame
        at /usr/local/src/conda/python-3.10.18/Include/internal/pycore_ceval.h:46
  35: _PyEval_Vector
        at /usr/local/src/conda/python-3.10.18/Python/ceval.c:5067
  36: PyEval_EvalCode
        at /usr/local/src/conda/python-3.10.18/Python/ceval.c:1134
  37: builtin_exec_impl
        at /usr/local/src/conda/python-3.10.18/Python/bltinmodule.c:1058
  38: builtin_exec
        at /usr/local/src/conda/python-3.10.18/Python/clinic/bltinmodule.c.h:371
  39: cfunction_vectorcall_FASTCALL
        at /usr/local/src/conda/python-3.10.18/Objects/methodobject.c:430
  40: _PyObject_VectorcallTstate
        at /usr/local/src/conda/python-3.10.18/Include/cpython/abstract.h:114
  41: PyObject_Vectorcall
        at /usr/local/src/conda/python-3.10.18/Include/cpython/abstract.h:123
  42: call_function
        at /usr/local/src/conda/python-3.10.18/Python/ceval.c:5893
  43: _PyEval_EvalFrameDefault
        at /usr/local/src/conda/python-3.10.18/Python/ceval.c:4213
  44: _PyEval_EvalFrame
        at /usr/local/src/conda/python-3.10.18/Include/internal/pycore_ceval.h:46
  45: _PyEval_Vector
        at /usr/local/src/conda/python-3.10.18/Python/ceval.c:5067
  46: _PyFunction_Vectorcall
        at /usr/local/src/conda/python-3.10.18/Objects/call.c:342
  47: _PyObject_VectorcallTstate
        at /usr/local/src/conda/python-3.10.18/Include/cpython/abstract.h:114
  48: PyObject_Vectorcall
        at /usr/local/src/conda/python-3.10.18/Include/cpython/abstract.h:123
  49: call_function
        at /usr/local/src/conda/python-3.10.18/Python/ceval.c:5893
  50: _PyEval_EvalFrameDefault
        at /usr/local/src/conda/python-3.10.18/Python/ceval.c:4213
  51: _PyEval_EvalFrame
        at /usr/local/src/conda/python-3.10.18/Include/internal/pycore_ceval.h:46
  52: _PyEval_Vector
        at /usr/local/src/conda/python-3.10.18/Python/ceval.c:5067
  53: _PyFunction_Vectorcall
        at /usr/local/src/conda/python-3.10.18/Objects/call.c:342
  54: pymain_run_module
        at /usr/local/src/conda/python-3.10.18/Modules/main.c:297
  55: pymain_run_python
        at /usr/local/src/conda/python-3.10.18/Modules/main.c:589
  56: Py_RunMain
        at /usr/local/src/conda/python-3.10.18/Modules/main.c:674
  57: Py_BytesMain
        at /usr/local/src/conda/python-3.10.18/Modules/main.c:1094
  58: __libc_start_main
        at ../csu/libc-start.c:308
  59: 0x000000000058728d
  60: 0xffffffffffffffff


*E***********
Time elapsed for measurement: 148.68 s
----------------------------------------------------------------------
------------------------------  [ Train cost model ]
----------------------------------------------------------------------
Time elapsed for training: 0.00 s
----------------------------------------------------------------------
------------------------------  [ Task Scheduler ]
----------------------------------------------------------------------
----------------------------------------------------------------------
------------------------------  [ Search ]
----------------------------------------------------------------------
Generate Sketches		#s: 1
Sample Initial Population	#s: 61	fail_ct: 8131	Time elapsed: 68.25
GA Iter: 0	Max score: 0.9945	Min score: 0.0152	#Pop: 61	#M+: 0	#M-: 0
GA Iter: 4	Max score: 0.9996	Min score: 0.9770	#Pop: 128	#M+: 1394	#M-: 0
EvolutionarySearch		#s: 128	Time elapsed: 220.46
----------------------------------------------------------------------
------------------------------  [ Measure ]
----------------------------------------------------------------------
Get 64 programs to measure:
........................................................|  ID  |                       Task Description                        | Latency (ms) | Speed (GFLOPS) | Trials |
-----------------------------------------------------------------------------------------------------------------
|    0 |                                     vm_mod_fused_nn_dense_add |        0.021 |         392.73 |     64 |
|    1 |                                  vm_mod_fused_nn_max_pool2d_2 |        0.003 |         275.79 |     64 |
|    2 | vm_mod_fused_nn_contrib_conv2d_winograd_without_weight_transform_add_nn_relu_7 |        0.172 |       10146.22 |     64 |
|    3 | vm_mod_fused_nn_contrib_conv2d_winograd_without_weight_transform_add_nn_relu_5 |        0.175 |        6909.11 |     64 |
|    4 | vm_mod_fused_nn_contrib_conv2d_winograd_without_weight_transform_add_nn_relu_3 |        0.163 |        9144.66 |     64 |
|    5 |                                  vm_mod_fused_nn_max_pool2d_1 |        0.004 |         364.48 |     64 |
|    6 |                           vm_mod_fused_nn_dense_add_nn_relu_1 |        0.096 |         351.26 |     64 |
|    7 |                             vm_mod_fused_nn_dense_add_nn_relu |        0.555 |         370.34 |     64 |
|    8 | vm_mod_fused_nn_contrib_conv2d_winograd_without_weight_transform_add_nn_relu_1 |            - |              - |      0 |
|    9 |                                  vm_mod_fused_nn_max_pool2d_4 |            - |              - |      0 |
|   10 | vm_mod_fused_nn_contrib_conv2d_winograd_without_weight_transform_add_nn_relu_8 |            - |              - |      0 |
|   11 |                           vm_mod_fused_nn_adaptive_avg_pool2d |            - |              - |      0 |
|   12 | vm_mod_fused_nn_contrib_conv2d_winograd_without_weight_transform_add_nn_relu_6 |            - |              - |      0 |
|   13 | vm_mod_fused_nn_contrib_conv2d_winograd_without_weight_transform_add_nn_relu_4 |            - |              - |      0 |
|   14 |                                    vm_mod_fused_nn_max_pool2d |            - |              - |      0 |
|   15 | vm_mod_fused_nn_contrib_conv2d_winograd_without_weight_transform_add_nn_relu |            - |              - |      0 |
|   16 |                                  vm_mod_fused_nn_max_pool2d_3 |            - |              - |      0 |
|   17 | vm_mod_fused_nn_contrib_conv2d_winograd_without_weight_transform_add_nn_relu_2 |            - |              - |      0 |
-----------------------------------------------------------------------------------------------------------------
Estimated total latency: - ms	Trials: 504	Used time : 1374 s	Next ID: 8	
.T.T.T.T.T.T.T.T********************************************************
Time elapsed for measurement: 42.26 s
----------------------------------------------------------------------
------------------------------  [ Train cost model ]
----------------------------------------------------------------------
Time elapsed for training: 4.59 s
----------------------------------------------------------------------
------------------------------  [ Task Scheduler ]
----------------------------------------------------------------------
----------------------------------------------------------------------
------------------------------  [ Search ]
----------------------------------------------------------------------
Generate Sketches		#s: 1
Sample Initial Population	#s: 58	fail_ct: 1990	Time elapsed: 2.31
GA Iter: 0	Max score: 0.9806	Min score: 0.0003	#Pop: 58	#M+: 0	#M-: 0
GA Iter: 4	Max score: 0.9806	Min score: 0.0003	#Pop: 60	#M+: 1397	#M-: 0
EvolutionarySearch		#s: 60	Time elapsed: 8.07
----------------------------------------------------------------------
------------------------------  [ Measure ]
----------------------------------------------------------------------
Get 60 programs to measure:
............................................................************************************************************|  ID  |                       Task Description                        | Latency (ms) | Speed (GFLOPS) | Trials |
-----------------------------------------------------------------------------------------------------------------
|    0 |                                     vm_mod_fused_nn_dense_add |        0.021 |         392.73 |     64 |
|    1 |                                  vm_mod_fused_nn_max_pool2d_2 |        0.003 |         275.79 |     64 |
|    2 | vm_mod_fused_nn_contrib_conv2d_winograd_without_weight_transform_add_nn_relu_7 |        0.172 |       10146.22 |     64 |
|    3 | vm_mod_fused_nn_contrib_conv2d_winograd_without_weight_transform_add_nn_relu_5 |        0.175 |        6909.11 |     64 |
|    4 | vm_mod_fused_nn_contrib_conv2d_winograd_without_weight_transform_add_nn_relu_3 |        0.163 |        9144.66 |     64 |
|    5 |                                  vm_mod_fused_nn_max_pool2d_1 |        0.004 |         364.48 |     64 |
|    6 |                           vm_mod_fused_nn_dense_add_nn_relu_1 |        0.096 |         351.26 |     64 |
|    7 |                             vm_mod_fused_nn_dense_add_nn_relu |        0.555 |         370.34 |     64 |
|    8 | vm_mod_fused_nn_contrib_conv2d_winograd_without_weight_transform_add_nn_relu_1 |        0.305 |        6757.88 |     64 |
|    9 |                                  vm_mod_fused_nn_max_pool2d_4 |            - |              - |      0 |
|   10 | vm_mod_fused_nn_contrib_conv2d_winograd_without_weight_transform_add_nn_relu_8 |            - |              - |      0 |
|   11 |                           vm_mod_fused_nn_adaptive_avg_pool2d |            - |              - |      0 |
|   12 | vm_mod_fused_nn_contrib_conv2d_winograd_without_weight_transform_add_nn_relu_6 |            - |              - |      0 |
|   13 | vm_mod_fused_nn_contrib_conv2d_winograd_without_weight_transform_add_nn_relu_4 |            - |              - |      0 |
|   14 |                                    vm_mod_fused_nn_max_pool2d |            - |              - |      0 |
|   15 | vm_mod_fused_nn_contrib_conv2d_winograd_without_weight_transform_add_nn_relu |            - |              - |      0 |
|   16 |                                  vm_mod_fused_nn_max_pool2d_3 |            - |              - |      0 |
|   17 | vm_mod_fused_nn_contrib_conv2d_winograd_without_weight_transform_add_nn_relu_2 |            - |              - |      0 |
-----------------------------------------------------------------------------------------------------------------
Estimated total latency: - ms	Trials: 568	Used time : 1710 s	Next ID: 9	

Time elapsed for measurement: 23.37 s
----------------------------------------------------------------------
------------------------------  [ Train cost model ]
----------------------------------------------------------------------
Time elapsed for training: 0.00 s
----------------------------------------------------------------------
------------------------------  [ Task Scheduler ]
----------------------------------------------------------------------
----------------------------------------------------------------------
------------------------------  [ Search ]
----------------------------------------------------------------------
Generate Sketches		#s: 1
Sample Initial Population	#s: 80	fail_ct: 4016	Time elapsed: 32.28
GA Iter: 0	Max score: 0.9732	Min score: 0.0160	#Pop: 80	#M+: 0	#M-: 0
GA Iter: 4	Max score: 0.9998	Min score: 0.9774	#Pop: 128	#M+: 1389	#M-: 0
EvolutionarySearch		#s: 128	Time elapsed: 214.21
----------------------------------------------------------------------
------------------------------  [ Measure ]
----------------------------------------------------------------------
Get 64 programs to measure:
...............................................................|  ID  |                       Task Description                        | Latency (ms) | Speed (GFLOPS) | Trials |
-----------------------------------------------------------------------------------------------------------------
|    0 |                                     vm_mod_fused_nn_dense_add |        0.021 |         392.73 |     64 |
|    1 |                                  vm_mod_fused_nn_max_pool2d_2 |        0.003 |         275.79 |     64 |
|    2 | vm_mod_fused_nn_contrib_conv2d_winograd_without_weight_transform_add_nn_relu_7 |        0.172 |       10146.22 |     64 |
|    3 | vm_mod_fused_nn_contrib_conv2d_winograd_without_weight_transform_add_nn_relu_5 |        0.175 |        6909.11 |     64 |
|    4 | vm_mod_fused_nn_contrib_conv2d_winograd_without_weight_transform_add_nn_relu_3 |        0.163 |        9144.66 |     64 |
|    5 |                                  vm_mod_fused_nn_max_pool2d_1 |        0.004 |         364.48 |     64 |
|    6 |                           vm_mod_fused_nn_dense_add_nn_relu_1 |        0.096 |         351.26 |     64 |
|    7 |                             vm_mod_fused_nn_dense_add_nn_relu |        0.555 |         370.34 |     64 |
|    8 | vm_mod_fused_nn_contrib_conv2d_winograd_without_weight_transform_add_nn_relu_1 |        0.305 |        6757.88 |     64 |
|    9 |                                  vm_mod_fused_nn_max_pool2d_4 |        0.002 |          49.16 |     64 |
|   10 | vm_mod_fused_nn_contrib_conv2d_winograd_without_weight_transform_add_nn_relu_8 |            - |              - |      0 |
|   11 |                           vm_mod_fused_nn_adaptive_avg_pool2d |            - |              - |      0 |
|   12 | vm_mod_fused_nn_contrib_conv2d_winograd_without_weight_transform_add_nn_relu_6 |            - |              - |      0 |
|   13 | vm_mod_fused_nn_contrib_conv2d_winograd_without_weight_transform_add_nn_relu_4 |            - |              - |      0 |
|   14 |                                    vm_mod_fused_nn_max_pool2d |            - |              - |      0 |
|   15 | vm_mod_fused_nn_contrib_conv2d_winograd_without_weight_transform_add_nn_relu |            - |              - |      0 |
|   16 |                                  vm_mod_fused_nn_max_pool2d_3 |            - |              - |      0 |
|   17 | vm_mod_fused_nn_contrib_conv2d_winograd_without_weight_transform_add_nn_relu_2 |            - |              - |      0 |
-----------------------------------------------------------------------------------------------------------------
Estimated total latency: - ms	Trials: 628	Used time : 1744 s	Next ID: 10	
.T***************************************************************
Time elapsed for measurement: 42.06 s
----------------------------------------------------------------------
------------------------------  [ Train cost model ]
----------------------------------------------------------------------
Time elapsed for training: 5.67 s
----------------------------------------------------------------------
------------------------------  [ Task Scheduler ]
----------------------------------------------------------------------
----------------------------------------------------------------------
------------------------------  [ Search ]
----------------------------------------------------------------------
Generate Sketches		#s: 1
Sample Initial Population	#s: 464	fail_ct: 1584	Time elapsed: 5.05
GA Iter: 0	Max score: 0.9985	Min score: 0.7255	#Pop: 128	#M+: 0	#M-: 0
GA Iter: 4	Max score: 0.9996	Min score: 0.9780	#Pop: 128	#M+: 1394	#M-: 0
EvolutionarySearch		#s: 128	Time elapsed: 14.49
----------------------------------------------------------------------
------------------------------  [ Measure ]
----------------------------------------------------------------------
Get 64 programs to measure:
................................................................****************************************************************|  ID  |                       Task Description                        | Latency (ms) | Speed (GFLOPS) | Trials |
-----------------------------------------------------------------------------------------------------------------
|    0 |                                     vm_mod_fused_nn_dense_add |        0.021 |         392.73 |     64 |
|    1 |                                  vm_mod_fused_nn_max_pool2d_2 |        0.003 |         275.79 |     64 |
|    2 | vm_mod_fused_nn_contrib_conv2d_winograd_without_weight_transform_add_nn_relu_7 |        0.172 |       10146.22 |     64 |
|    3 | vm_mod_fused_nn_contrib_conv2d_winograd_without_weight_transform_add_nn_relu_5 |        0.175 |        6909.11 |     64 |
|    4 | vm_mod_fused_nn_contrib_conv2d_winograd_without_weight_transform_add_nn_relu_3 |        0.163 |        9144.66 |     64 |
|    5 |                                  vm_mod_fused_nn_max_pool2d_1 |        0.004 |         364.48 |     64 |
|    6 |                           vm_mod_fused_nn_dense_add_nn_relu_1 |        0.096 |         351.26 |     64 |
|    7 |                             vm_mod_fused_nn_dense_add_nn_relu |        0.555 |         370.34 |     64 |
|    8 | vm_mod_fused_nn_contrib_conv2d_winograd_without_weight_transform_add_nn_relu_1 |        0.305 |        6757.88 |     64 |
|    9 |                                  vm_mod_fused_nn_max_pool2d_4 |        0.002 |          49.16 |     64 |
|   10 | vm_mod_fused_nn_contrib_conv2d_winograd_without_weight_transform_add_nn_relu_8 |        0.070 |        6194.58 |     64 |
|   11 |                           vm_mod_fused_nn_adaptive_avg_pool2d |            - |              - |      0 |
|   12 | vm_mod_fused_nn_contrib_conv2d_winograd_without_weight_transform_add_nn_relu_6 |            - |              - |      0 |
|   13 | vm_mod_fused_nn_contrib_conv2d_winograd_without_weight_transform_add_nn_relu_4 |            - |              - |      0 |
|   14 |                                    vm_mod_fused_nn_max_pool2d |            - |              - |      0 |
|   15 | vm_mod_fused_nn_contrib_conv2d_winograd_without_weight_transform_add_nn_relu |            - |              - |      0 |
|   16 |                                  vm_mod_fused_nn_max_pool2d_3 |            - |              - |      0 |
|   17 | vm_mod_fused_nn_contrib_conv2d_winograd_without_weight_transform_add_nn_relu_2 |            - |              - |      0 |
-----------------------------------------------------------------------------------------------------------------
Estimated total latency: - ms	Trials: 692	Used time : 2039 s	Next ID: 11	

Time elapsed for measurement: 26.45 s
----------------------------------------------------------------------
------------------------------  [ Train cost model ]
----------------------------------------------------------------------
Time elapsed for training: 0.00 s
----------------------------------------------------------------------
------------------------------  [ Task Scheduler ]
----------------------------------------------------------------------
----------------------------------------------------------------------
------------------------------  [ Search ]
----------------------------------------------------------------------
Generate Sketches		#s: 1
Sample Initial Population	#s: 56	fail_ct: 4040	Time elapsed: 33.75
GA Iter: 0	Max score: 0.9713	Min score: 0.0163	#Pop: 56	#M+: 0	#M-: 0
GA Iter: 4	Max score: 1.0000	Min score: 0.9828	#Pop: 128	#M+: 1399	#M-: 0
EvolutionarySearch		#s: 128	Time elapsed: 228.34
----------------------------------------------------------------------
------------------------------  [ Measure ]
----------------------------------------------------------------------
Get 64 programs to measure:
...........................................................|  ID  |                       Task Description                        | Latency (ms) | Speed (GFLOPS) | Trials |
-----------------------------------------------------------------------------------------------------------------
|    0 |                                     vm_mod_fused_nn_dense_add |        0.021 |         392.73 |     64 |
|    1 |                                  vm_mod_fused_nn_max_pool2d_2 |        0.003 |         275.79 |     64 |
|    2 | vm_mod_fused_nn_contrib_conv2d_winograd_without_weight_transform_add_nn_relu_7 |        0.172 |       10146.22 |     64 |
|    3 | vm_mod_fused_nn_contrib_conv2d_winograd_without_weight_transform_add_nn_relu_5 |        0.175 |        6909.11 |     64 |
|    4 | vm_mod_fused_nn_contrib_conv2d_winograd_without_weight_transform_add_nn_relu_3 |        0.163 |        9144.66 |     64 |
|    5 |                                  vm_mod_fused_nn_max_pool2d_1 |        0.004 |         364.48 |     64 |
|    6 |                           vm_mod_fused_nn_dense_add_nn_relu_1 |        0.096 |         351.26 |     64 |
|    7 |                             vm_mod_fused_nn_dense_add_nn_relu |        0.555 |         370.34 |     64 |
|    8 | vm_mod_fused_nn_contrib_conv2d_winograd_without_weight_transform_add_nn_relu_1 |        0.305 |        6757.88 |     64 |
|    9 |                                  vm_mod_fused_nn_max_pool2d_4 |        0.002 |          49.16 |     64 |
|   10 | vm_mod_fused_nn_contrib_conv2d_winograd_without_weight_transform_add_nn_relu_8 |        0.070 |        6194.58 |     64 |
|   11 |                           vm_mod_fused_nn_adaptive_avg_pool2d |        0.004 |          -0.00 |     64 |
|   12 | vm_mod_fused_nn_contrib_conv2d_winograd_without_weight_transform_add_nn_relu_6 |            - |              - |      0 |
|   13 | vm_mod_fused_nn_contrib_conv2d_winograd_without_weight_transform_add_nn_relu_4 |            - |              - |      0 |
|   14 |                                    vm_mod_fused_nn_max_pool2d |            - |              - |      0 |
|   15 | vm_mod_fused_nn_contrib_conv2d_winograd_without_weight_transform_add_nn_relu |            - |              - |      0 |
|   16 |                                  vm_mod_fused_nn_max_pool2d_3 |            - |              - |      0 |
|   17 | vm_mod_fused_nn_contrib_conv2d_winograd_without_weight_transform_add_nn_relu_2 |            - |              - |      0 |
-----------------------------------------------------------------------------------------------------------------
Estimated total latency: - ms	Trials: 756	Used time : 2085 s	Next ID: 12	
.T.T.T.T.T***********************************************************
Time elapsed for measurement: 38.32 s
----------------------------------------------------------------------
------------------------------  [ Train cost model ]
----------------------------------------------------------------------
Time elapsed for training: 0.00 s
----------------------------------------------------------------------
------------------------------  [ Task Scheduler ]
----------------------------------------------------------------------
----------------------------------------------------------------------
------------------------------  [ Search ]
----------------------------------------------------------------------
Generate Sketches		#s: 1
Sample Initial Population	#s: 60	fail_ct: 4036	Time elapsed: 34.69
GA Iter: 0	Max score: 0.9860	Min score: 0.0123	#Pop: 60	#M+: 0	#M-: 0
GA Iter: 4	Max score: 1.0000	Min score: 0.9794	#Pop: 128	#M+: 1388	#M-: 0
EvolutionarySearch		#s: 128	Time elapsed: 227.29
----------------------------------------------------------------------
------------------------------  [ Measure ]
----------------------------------------------------------------------
Get 64 programs to measure:
..............................................................|  ID  |                       Task Description                        | Latency (ms) | Speed (GFLOPS) | Trials |
-----------------------------------------------------------------------------------------------------------------
|    0 |                                     vm_mod_fused_nn_dense_add |        0.021 |         392.73 |     64 |
|    1 |                                  vm_mod_fused_nn_max_pool2d_2 |        0.003 |         275.79 |     64 |
|    2 | vm_mod_fused_nn_contrib_conv2d_winograd_without_weight_transform_add_nn_relu_7 |        0.172 |       10146.22 |     64 |
|    3 | vm_mod_fused_nn_contrib_conv2d_winograd_without_weight_transform_add_nn_relu_5 |        0.175 |        6909.11 |     64 |
|    4 | vm_mod_fused_nn_contrib_conv2d_winograd_without_weight_transform_add_nn_relu_3 |        0.163 |        9144.66 |     64 |
|    5 |                                  vm_mod_fused_nn_max_pool2d_1 |        0.004 |         364.48 |     64 |
|    6 |                           vm_mod_fused_nn_dense_add_nn_relu_1 |        0.096 |         351.26 |     64 |
|    7 |                             vm_mod_fused_nn_dense_add_nn_relu |        0.555 |         370.34 |     64 |
|    8 | vm_mod_fused_nn_contrib_conv2d_winograd_without_weight_transform_add_nn_relu_1 |        0.305 |        6757.88 |     64 |
|    9 |                                  vm_mod_fused_nn_max_pool2d_4 |        0.002 |          49.16 |     64 |
|   10 | vm_mod_fused_nn_contrib_conv2d_winograd_without_weight_transform_add_nn_relu_8 |        0.070 |        6194.58 |     64 |
|   11 |                           vm_mod_fused_nn_adaptive_avg_pool2d |        0.004 |          -0.00 |     64 |
|   12 | vm_mod_fused_nn_contrib_conv2d_winograd_without_weight_transform_add_nn_relu_6 |        0.087 |       10109.41 |     64 |
|   13 | vm_mod_fused_nn_contrib_conv2d_winograd_without_weight_transform_add_nn_relu_4 |            - |              - |      0 |
|   14 |                                    vm_mod_fused_nn_max_pool2d |            - |              - |      0 |
|   15 | vm_mod_fused_nn_contrib_conv2d_winograd_without_weight_transform_add_nn_relu |            - |              - |      0 |
|   16 |                                  vm_mod_fused_nn_max_pool2d_3 |            - |              - |      0 |
|   17 | vm_mod_fused_nn_contrib_conv2d_winograd_without_weight_transform_add_nn_relu_2 |            - |              - |      0 |
-----------------------------------------------------------------------------------------------------------------
Estimated total latency: - ms	Trials: 820	Used time : 2386 s	Next ID: 13	
.T.T**************************************************************
Time elapsed for measurement: 44.10 s
----------------------------------------------------------------------
------------------------------  [ Train cost model ]
----------------------------------------------------------------------
Time elapsed for training: 3.48 s
----------------------------------------------------------------------
------------------------------  [ Task Scheduler ]
----------------------------------------------------------------------
----------------------------------------------------------------------
------------------------------  [ Search ]
----------------------------------------------------------------------
Generate Sketches		#s: 1
Sample Initial Population	#s: 60	fail_ct: 1988	Time elapsed: 2.14
GA Iter: 0	Max score: 0.9806	Min score: 0.0298	#Pop: 60	#M+: 0	#M-: 0
GA Iter: 4	Max score: 0.9806	Min score: 0.0298	#Pop: 60	#M+: 1390	#M-: 0
EvolutionarySearch		#s: 60	Time elapsed: 7.98
----------------------------------------------------------------------
------------------------------  [ Measure ]
----------------------------------------------------------------------
Get 60 programs to measure:
............................................................************************************************************|  ID  |                       Task Description                        | Latency (ms) | Speed (GFLOPS) | Trials |
-----------------------------------------------------------------------------------------------------------------
|    0 |                                     vm_mod_fused_nn_dense_add |        0.021 |         392.73 |     64 |
|    1 |                                  vm_mod_fused_nn_max_pool2d_2 |        0.003 |         275.79 |     64 |
|    2 | vm_mod_fused_nn_contrib_conv2d_winograd_without_weight_transform_add_nn_relu_7 |        0.172 |       10146.22 |     64 |
|    3 | vm_mod_fused_nn_contrib_conv2d_winograd_without_weight_transform_add_nn_relu_5 |        0.175 |        6909.11 |     64 |
|    4 | vm_mod_fused_nn_contrib_conv2d_winograd_without_weight_transform_add_nn_relu_3 |        0.163 |        9144.66 |     64 |
|    5 |                                  vm_mod_fused_nn_max_pool2d_1 |        0.004 |         364.48 |     64 |
|    6 |                           vm_mod_fused_nn_dense_add_nn_relu_1 |        0.096 |         351.26 |     64 |
|    7 |                             vm_mod_fused_nn_dense_add_nn_relu |        0.555 |         370.34 |     64 |
|    8 | vm_mod_fused_nn_contrib_conv2d_winograd_without_weight_transform_add_nn_relu_1 |        0.305 |        6757.88 |     64 |
|    9 |                                  vm_mod_fused_nn_max_pool2d_4 |        0.002 |          49.16 |     64 |
|   10 | vm_mod_fused_nn_contrib_conv2d_winograd_without_weight_transform_add_nn_relu_8 |        0.070 |        6194.58 |     64 |
|   11 |                           vm_mod_fused_nn_adaptive_avg_pool2d |        0.004 |          -0.00 |     64 |
|   12 | vm_mod_fused_nn_contrib_conv2d_winograd_without_weight_transform_add_nn_relu_6 |        0.087 |       10109.41 |     64 |
|   13 | vm_mod_fused_nn_contrib_conv2d_winograd_without_weight_transform_add_nn_relu_4 |        0.139 |        4653.53 |     64 |
|   14 |                                    vm_mod_fused_nn_max_pool2d |            - |              - |      0 |
|   15 | vm_mod_fused_nn_contrib_conv2d_winograd_without_weight_transform_add_nn_relu |            - |              - |      0 |
|   16 |                                  vm_mod_fused_nn_max_pool2d_3 |            - |              - |      0 |
|   17 | vm_mod_fused_nn_contrib_conv2d_winograd_without_weight_transform_add_nn_relu_2 |            - |              - |      0 |
-----------------------------------------------------------------------------------------------------------------
Estimated total latency: - ms	Trials: 884	Used time : 2696 s	Next ID: 14	

Time elapsed for measurement: 29.81 s
----------------------------------------------------------------------
------------------------------  [ Train cost model ]
----------------------------------------------------------------------
Time elapsed for training: 0.00 s
----------------------------------------------------------------------
------------------------------  [ Task Scheduler ]
----------------------------------------------------------------------
----------------------------------------------------------------------
------------------------------  [ Search ]
----------------------------------------------------------------------
Generate Sketches		#s: 1
Sample Initial Population	#s: 65	fail_ct: 1983	Time elapsed: 17.53
GA Iter: 0	Max score: 0.9797	Min score: 0.0196	#Pop: 65	#M+: 0	#M-: 0
GA Iter: 4	Max score: 1.0000	Min score: 0.9815	#Pop: 128	#M+: 1384	#M-: 0
EvolutionarySearch		#s: 128	Time elapsed: 222.07
----------------------------------------------------------------------
------------------------------  [ Measure ]
----------------------------------------------------------------------
Get 64 programs to measure:
.......................................................|  ID  |                       Task Description                        | Latency (ms) | Speed (GFLOPS) | Trials |
-----------------------------------------------------------------------------------------------------------------
|    0 |                                     vm_mod_fused_nn_dense_add |        0.021 |         392.73 |     64 |
|    1 |                                  vm_mod_fused_nn_max_pool2d_2 |        0.003 |         275.79 |     64 |
|    2 | vm_mod_fused_nn_contrib_conv2d_winograd_without_weight_transform_add_nn_relu_7 |        0.172 |       10146.22 |     64 |
|    3 | vm_mod_fused_nn_contrib_conv2d_winograd_without_weight_transform_add_nn_relu_5 |        0.175 |        6909.11 |     64 |
|    4 | vm_mod_fused_nn_contrib_conv2d_winograd_without_weight_transform_add_nn_relu_3 |        0.163 |        9144.66 |     64 |
|    5 |                                  vm_mod_fused_nn_max_pool2d_1 |        0.004 |         364.48 |     64 |
|    6 |                           vm_mod_fused_nn_dense_add_nn_relu_1 |        0.096 |         351.26 |     64 |
|    7 |                             vm_mod_fused_nn_dense_add_nn_relu |        0.555 |         370.34 |     64 |
|    8 | vm_mod_fused_nn_contrib_conv2d_winograd_without_weight_transform_add_nn_relu_1 |        0.305 |        6757.88 |     64 |
|    9 |                                  vm_mod_fused_nn_max_pool2d_4 |        0.002 |          49.16 |     64 |
|   10 | vm_mod_fused_nn_contrib_conv2d_winograd_without_weight_transform_add_nn_relu_8 |        0.070 |        6194.58 |     64 |
|   11 |                           vm_mod_fused_nn_adaptive_avg_pool2d |        0.004 |          -0.00 |     64 |
|   12 | vm_mod_fused_nn_contrib_conv2d_winograd_without_weight_transform_add_nn_relu_6 |        0.087 |       10109.41 |     64 |
|   13 | vm_mod_fused_nn_contrib_conv2d_winograd_without_weight_transform_add_nn_relu_4 |        0.139 |        4653.53 |     64 |
|   14 |                                    vm_mod_fused_nn_max_pool2d |        0.007 |         433.57 |     64 |
|   15 | vm_mod_fused_nn_contrib_conv2d_winograd_without_weight_transform_add_nn_relu |            - |              - |      0 |
|   16 |                                  vm_mod_fused_nn_max_pool2d_3 |            - |              - |      0 |
|   17 | vm_mod_fused_nn_contrib_conv2d_winograd_without_weight_transform_add_nn_relu_2 |            - |              - |      0 |
-----------------------------------------------------------------------------------------------------------------
Estimated total latency: - ms	Trials: 944	Used time : 2736 s	Next ID: 15	
.T..T.T.T.T.T..T*********************************************************
Time elapsed for measurement: 39.48 s
----------------------------------------------------------------------
------------------------------  [ Train cost model ]
----------------------------------------------------------------------
Time elapsed for training: 0.00 s
----------------------------------------------------------------------
------------------------------  [ Task Scheduler ]
----------------------------------------------------------------------
----------------------------------------------------------------------
------------------------------  [ Search ]
----------------------------------------------------------------------
Generate Sketches		#s: 1
Sample Initial Population	#s: 60	fail_ct: 1988	Time elapsed: 2.67
GA Iter: 0	Max score: 0.9896	Min score: 0.0063	#Pop: 60	#M+: 0	#M-: 0
GA Iter: 4	Max score: 0.9896	Min score: 0.0063	#Pop: 60	#M+: 1395	#M-: 0
EvolutionarySearch		#s: 60	Time elapsed: 7.82
----------------------------------------------------------------------
------------------------------  [ Measure ]
----------------------------------------------------------------------
Get 60 programs to measure:
............................................................************************************************************|  ID  |                       Task Description                        | Latency (ms) | Speed (GFLOPS) | Trials |
-----------------------------------------------------------------------------------------------------------------
|    0 |                                     vm_mod_fused_nn_dense_add |        0.021 |         392.73 |     64 |
|    1 |                                  vm_mod_fused_nn_max_pool2d_2 |        0.003 |         275.79 |     64 |
|    2 | vm_mod_fused_nn_contrib_conv2d_winograd_without_weight_transform_add_nn_relu_7 |        0.172 |       10146.22 |     64 |
|    3 | vm_mod_fused_nn_contrib_conv2d_winograd_without_weight_transform_add_nn_relu_5 |        0.175 |        6909.11 |     64 |
|    4 | vm_mod_fused_nn_contrib_conv2d_winograd_without_weight_transform_add_nn_relu_3 |        0.163 |        9144.66 |     64 |
|    5 |                                  vm_mod_fused_nn_max_pool2d_1 |        0.004 |         364.48 |     64 |
|    6 |                           vm_mod_fused_nn_dense_add_nn_relu_1 |        0.096 |         351.26 |     64 |
|    7 |                             vm_mod_fused_nn_dense_add_nn_relu |        0.555 |         370.34 |     64 |
|    8 | vm_mod_fused_nn_contrib_conv2d_winograd_without_weight_transform_add_nn_relu_1 |        0.305 |        6757.88 |     64 |
|    9 |                                  vm_mod_fused_nn_max_pool2d_4 |        0.002 |          49.16 |     64 |
|   10 | vm_mod_fused_nn_contrib_conv2d_winograd_without_weight_transform_add_nn_relu_8 |        0.070 |        6194.58 |     64 |
|   11 |                           vm_mod_fused_nn_adaptive_avg_pool2d |        0.004 |          -0.00 |     64 |
|   12 | vm_mod_fused_nn_contrib_conv2d_winograd_without_weight_transform_add_nn_relu_6 |        0.087 |       10109.41 |     64 |
|   13 | vm_mod_fused_nn_contrib_conv2d_winograd_without_weight_transform_add_nn_relu_4 |        0.139 |        4653.53 |     64 |
|   14 |                                    vm_mod_fused_nn_max_pool2d |        0.007 |         433.57 |     64 |
|   15 | vm_mod_fused_nn_contrib_conv2d_winograd_without_weight_transform_add_nn_relu |        0.069 |        6281.45 |     64 |
|   16 |                                  vm_mod_fused_nn_max_pool2d_3 |            - |              - |      0 |
|   17 | vm_mod_fused_nn_contrib_conv2d_winograd_without_weight_transform_add_nn_relu_2 |            - |              - |      0 |
-----------------------------------------------------------------------------------------------------------------
Estimated total latency: - ms	Trials: 1008	Used time : 3016 s	Next ID: 16	

Time elapsed for measurement: 23.09 s
----------------------------------------------------------------------
------------------------------  [ Train cost model ]
----------------------------------------------------------------------
Time elapsed for training: 2.06 s
----------------------------------------------------------------------
------------------------------  [ Task Scheduler ]
----------------------------------------------------------------------
----------------------------------------------------------------------
------------------------------  [ Search ]
----------------------------------------------------------------------
Generate Sketches		#s: 1
Sample Initial Population	#s: 56	fail_ct: 4040	Time elapsed: 32.73
GA Iter: 0	Max score: 0.9861	Min score: 0.0007	#Pop: 56	#M+: 0	#M-: 0
GA Iter: 4	Max score: 0.9996	Min score: 0.9802	#Pop: 128	#M+: 1395	#M-: 0
EvolutionarySearch		#s: 128	Time elapsed: 224.38
----------------------------------------------------------------------
------------------------------  [ Measure ]
----------------------------------------------------------------------
Get 64 programs to measure:
..........................................................|  ID  |                       Task Description                        | Latency (ms) | Speed (GFLOPS) | Trials |
-----------------------------------------------------------------------------------------------------------------
|    0 |                                     vm_mod_fused_nn_dense_add |        0.021 |         392.73 |     64 |
|    1 |                                  vm_mod_fused_nn_max_pool2d_2 |        0.003 |         275.79 |     64 |
|    2 | vm_mod_fused_nn_contrib_conv2d_winograd_without_weight_transform_add_nn_relu_7 |        0.172 |       10146.22 |     64 |
|    3 | vm_mod_fused_nn_contrib_conv2d_winograd_without_weight_transform_add_nn_relu_5 |        0.175 |        6909.11 |     64 |
|    4 | vm_mod_fused_nn_contrib_conv2d_winograd_without_weight_transform_add_nn_relu_3 |        0.163 |        9144.66 |     64 |
|    5 |                                  vm_mod_fused_nn_max_pool2d_1 |        0.004 |         364.48 |     64 |
|    6 |                           vm_mod_fused_nn_dense_add_nn_relu_1 |        0.096 |         351.26 |     64 |
|    7 |                             vm_mod_fused_nn_dense_add_nn_relu |        0.555 |         370.34 |     64 |
|    8 | vm_mod_fused_nn_contrib_conv2d_winograd_without_weight_transform_add_nn_relu_1 |        0.305 |        6757.88 |     64 |
|    9 |                                  vm_mod_fused_nn_max_pool2d_4 |        0.002 |          49.16 |     64 |
|   10 | vm_mod_fused_nn_contrib_conv2d_winograd_without_weight_transform_add_nn_relu_8 |        0.070 |        6194.58 |     64 |
|   11 |                           vm_mod_fused_nn_adaptive_avg_pool2d |        0.004 |          -0.00 |     64 |
|   12 | vm_mod_fused_nn_contrib_conv2d_winograd_without_weight_transform_add_nn_relu_6 |        0.087 |       10109.41 |     64 |
|   13 | vm_mod_fused_nn_contrib_conv2d_winograd_without_weight_transform_add_nn_relu_4 |        0.139 |        4653.53 |     64 |
|   14 |                                    vm_mod_fused_nn_max_pool2d |        0.007 |         433.57 |     64 |
|   15 | vm_mod_fused_nn_contrib_conv2d_winograd_without_weight_transform_add_nn_relu |        0.069 |        6281.45 |     64 |
|   16 |                                  vm_mod_fused_nn_max_pool2d_3 |        0.002 |         177.84 |     64 |
|   17 | vm_mod_fused_nn_contrib_conv2d_winograd_without_weight_transform_add_nn_relu_2 |            - |              - |      0 |
-----------------------------------------------------------------------------------------------------------------
Estimated total latency: - ms	Trials: 1068	Used time : 3051 s	Next ID: 17	
.T.T.T.T.T.T**********************************************************
Time elapsed for measurement: 39.30 s
----------------------------------------------------------------------
------------------------------  [ Train cost model ]
----------------------------------------------------------------------
Time elapsed for training: 0.00 s
----------------------------------------------------------------------
------------------------------  [ Task Scheduler ]
----------------------------------------------------------------------
----------------------------------------------------------------------
------------------------------  [ Search ]
----------------------------------------------------------------------
Sample Iter: 5	#Pop: 57	#Target: 50	fail_ct: 10183	Time elapsed: 17.43
Sample Initial Population	#s: 57	fail_ct: 10183	Time elapsed: 17.45
GA Iter: 0	Max score: 0.9901	Min score: 0.0247	#Pop: 57	#M+: 0	#M-: 0
GA Iter: 4	Max score: 0.9995	Min score: 0.9808	#Pop: 128	#M+: 1387	#M-: 0
EvolutionarySearch		#s: 128	Time elapsed: 39.11
----------------------------------------------------------------------
------------------------------  [ Measure ]
----------------------------------------------------------------------
Get 64 programs to measure:
................................................................*********Eterminate called after throwing an instance of 'tvm::runtime::InternalError'
  what():  [21:52:37] /data3/qsy/complier/tlm/src/runtime/cuda/cuda_module.cc:61: CUDAError: cuModuleUnload(module_[i]) failed with error: CUDA_ERROR_MISALIGNED_ADDRESS
Stack trace:
  0: tvm::runtime::SimpleObjAllocator::Handler<tvm::runtime::CUDAModuleNode>::Deleter_(tvm::runtime::Object*)
  1: tvm::runtime::SimpleObjAllocator::Handler<tvm::runtime::LibraryModuleNode>::Deleter_(tvm::runtime::Object*)
  2: _ZN3tvm7runtime18SimpleObjAllocator7HandlerINS0_16PackedFuncS
  3: _ZN3tvm7runtime18SimpleObjAllocator7HandlerINS0_16PackedFuncSubObjIZNS0_9profiling17WrapTimeE
  4: TVMObjectFree
  5: __pyx_tp_dealloc_3tvm_4_ffi_4_cy3_4core_PackedFuncBase(_object*)
  6: subtype_dealloc
        at /usr/local/src/conda/python-3.10.18/Objects/typeobject.c:1460
  7: _Py_DECREF
        at /usr/local/src/conda/python-3.10.18/Include/object.h:500
  8: _Py_XDECREF
        at /usr/local/src/conda/python-3.10.18/Include/object.h:567
  9: cell_dealloc
        at /usr/local/src/conda/python-3.10.18/Objects/cellobject.c:82
  10: _Py_Dealloc
        at /usr/local/src/conda/python-3.10.18/Objects/object.c:2301
  11: _Py_DECREF
        at /usr/local/src/conda/python-3.10.18/Include/object.h:500
  12: _Py_XDECREF
        at /usr/local/src/conda/python-3.10.18/Include/object.h:567
  13: tupledealloc
        at /usr/local/src/conda/python-3.10.18/Objects/tupleobject.c:276
  14: _Py_Dealloc
        at /usr/local/src/conda/python-3.10.18/Objects/object.c:2301
  15: _Py_DECREF
        at /usr/local/src/conda/python-3.10.18/Include/object.h:500
  16: func_clear
        at /usr/local/src/conda/python-3.10.18/Objects/funcobject.c:636
  17: func_dealloc
        at /usr/local/src/conda/python-3.10.18/Objects/funcobject.c:648
  18: _Py_Dealloc
        at /usr/local/src/conda/python-3.10.18/Objects/object.c:2301
  19: _Py_DECREF
        at /usr/local/src/conda/python-3.10.18/Include/object.h:500
  20: frame_dealloc
        at /usr/local/src/conda/python-3.10.18/Objects/frameobject.c:591
  21: _Py_Dealloc
        at /usr/local/src/conda/python-3.10.18/Objects/object.c:2301
  22: _Py_DECREF
        at /usr/local/src/conda/python-3.10.18/Include/object.h:500
  23: _PyEval_Vector
        at /usr/local/src/conda/python-3.10.18/Python/ceval.c:5080
  24: _PyFunction_Vectorcall
        at /usr/local/src/conda/python-3.10.18/Objects/call.c:342
  25: do_call_core
        at /usr/local/src/conda/python-3.10.18/Python/ceval.c:5945
  26: _PyEval_EvalFrameDefault
        at /usr/local/src/conda/python-3.10.18/Python/ceval.c:4277
  27: _PyEval_EvalFrame
        at /usr/local/src/conda/python-3.10.18/Include/internal/pycore_ceval.h:46
  28: _PyEval_Vector
        at /usr/local/src/conda/python-3.10.18/Python/ceval.c:5067
  29: _PyFunction_Vectorcall
        at /usr/local/src/conda/python-3.10.18/Objects/call.c:342
  30: _PyObject_VectorcallTstate
        at /usr/local/src/conda/python-3.10.18/Include/cpython/abstract.h:114
  31: PyObject_Vectorcall
        at /usr/local/src/conda/python-3.10.18/Include/cpython/abstract.h:123
  32: call_function
        at /usr/local/src/conda/python-3.10.18/Python/ceval.c:5893
  33: _PyEval_EvalFrameDefault
        at /usr/local/src/conda/python-3.10.18/Python/ceval.c:4213
  34: _PyEval_EvalFrame
        at /usr/local/src/conda/python-3.10.18/Include/internal/pycore_ceval.h:46
  35: _PyEval_Vector
        at /usr/local/src/conda/python-3.10.18/Python/ceval.c:5067
  36: PyEval_EvalCode
        at /usr/local/src/conda/python-3.10.18/Python/ceval.c:1134
  37: builtin_exec_impl
        at /usr/local/src/conda/python-3.10.18/Python/bltinmodule.c:1058
  38: builtin_exec
        at /usr/local/src/conda/python-3.10.18/Python/clinic/bltinmodule.c.h:371
  39: cfunction_vectorcall_FASTCALL
        at /usr/local/src/conda/python-3.10.18/Objects/methodobject.c:430
  40: _PyObject_VectorcallTstate
        at /usr/local/src/conda/python-3.10.18/Include/cpython/abstract.h:114
  41: PyObject_Vectorcall
        at /usr/local/src/conda/python-3.10.18/Include/cpython/abstract.h:123
  42: call_function
        at /usr/local/src/conda/python-3.10.18/Python/ceval.c:5893
  43: _PyEval_EvalFrameDefault
        at /usr/local/src/conda/python-3.10.18/Python/ceval.c:4213
  44: _PyEval_EvalFrame
        at /usr/local/src/conda/python-3.10.18/Include/internal/pycore_ceval.h:46
  45: _PyEval_Vector
        at /usr/local/src/conda/python-3.10.18/Python/ceval.c:5067
  46: _PyFunction_Vectorcall
        at /usr/local/src/conda/python-3.10.18/Objects/call.c:342
  47: _PyObject_VectorcallTstate
        at /usr/local/src/conda/python-3.10.18/Include/cpython/abstract.h:114
  48: PyObject_Vectorcall
        at /usr/local/src/conda/python-3.10.18/Include/cpython/abstract.h:123
  49: call_function
        at /usr/local/src/conda/python-3.10.18/Python/ceval.c:5893
  50: _PyEval_EvalFrameDefault
        at /usr/local/src/conda/python-3.10.18/Python/ceval.c:4213
  51: _PyEval_EvalFrame
        at /usr/local/src/conda/python-3.10.18/Include/internal/pycore_ceval.h:46
  52: _PyEval_Vector
        at /usr/local/src/conda/python-3.10.18/Python/ceval.c:5067
  53: _PyFunction_Vectorcall
        at /usr/local/src/conda/python-3.10.18/Objects/call.c:342
  54: pymain_run_module
        at /usr/local/src/conda/python-3.10.18/Modules/main.c:297
  55: pymain_run_python
        at /usr/local/src/conda/python-3.10.18/Modules/main.c:589
  56: Py_RunMain
        at /usr/local/src/conda/python-3.10.18/Modules/main.c:674
  57: Py_BytesMain
        at /usr/local/src/conda/python-3.10.18/Modules/main.c:1094
  58: __libc_start_main
        at ../csu/libc-start.c:308
  59: 0x000000000058728d
  60: 0xffffffffffffffff


|  ID  |                       Task Description                        | Latency (ms) | Speed (GFLOPS) | Trials |
-----------------------------------------------------------------------------------------------------------------
|    0 |                                     vm_mod_fused_nn_dense_add |        0.021 |         392.73 |     64 |
|    1 |                                  vm_mod_fused_nn_max_pool2d_2 |        0.003 |         275.79 |     64 |
|    2 | vm_mod_fused_nn_contrib_conv2d_winograd_without_weight_transform_add_nn_relu_7 |        0.172 |       10146.22 |     64 |
|    3 | vm_mod_fused_nn_contrib_conv2d_winograd_without_weight_transform_add_nn_relu_5 |        0.175 |        6909.11 |     64 |
|    4 | vm_mod_fused_nn_contrib_conv2d_winograd_without_weight_transform_add_nn_relu_3 |        0.163 |        9144.66 |     64 |
|    5 |                                  vm_mod_fused_nn_max_pool2d_1 |        0.004 |         364.48 |     64 |
|    6 |                           vm_mod_fused_nn_dense_add_nn_relu_1 |        0.096 |         351.26 |     64 |
|    7 |                             vm_mod_fused_nn_dense_add_nn_relu |        0.555 |         370.34 |     64 |
|    8 | vm_mod_fused_nn_contrib_conv2d_winograd_without_weight_transform_add_nn_relu_1 |        0.305 |        6757.88 |     64 |
|    9 |                                  vm_mod_fused_nn_max_pool2d_4 |        0.002 |          49.16 |     64 |
|   10 | vm_mod_fused_nn_contrib_conv2d_winograd_without_weight_transform_add_nn_relu_8 |        0.070 |        6194.58 |     64 |
|   11 |                           vm_mod_fused_nn_adaptive_avg_pool2d |        0.004 |          -0.00 |     64 |
|   12 | vm_mod_fused_nn_contrib_conv2d_winograd_without_weight_transform_add_nn_relu_6 |        0.087 |       10109.41 |     64 |
|   13 | vm_mod_fused_nn_contrib_conv2d_winograd_without_weight_transform_add_nn_relu_4 |        0.139 |        4653.53 |     64 |
|   14 |                                    vm_mod_fused_nn_max_pool2d |        0.007 |         433.57 |     64 |
|   15 | vm_mod_fused_nn_contrib_conv2d_winograd_without_weight_transform_add_nn_relu |        0.069 |        6281.45 |     64 |
|   16 |                                  vm_mod_fused_nn_max_pool2d_3 |        0.002 |         177.84 |     64 |
|   17 | vm_mod_fused_nn_contrib_conv2d_winograd_without_weight_transform_add_nn_relu_2 |        0.087 |        9541.67 |     64 |
-----------------------------------------------------------------------------------------------------------------
Estimated total latency: 2.449 ms	Trials: 1132	Used time : 3348 s	Next ID: 7	
*E******Eterminate called after throwing an instance of 'tvm::runtime::InternalError'
  what():  [21:52:51] /data3/qsy/complier/tlm/src/runtime/cuda/cuda_module.cc:61: CUDAError: cuModuleUnload(module_[i]) failed with error: CUDA_ERROR_MISALIGNED_ADDRESS
Stack trace:
  0: tvm::runtime::SimpleObjAllocator::Handler<tvm::runtime::CUDAModuleNode>::Deleter_(tvm::runtime::Object*)
  1: tvm::runtime::SimpleObjAllocator::Handler<tvm::runtime::LibraryModuleNode>::Deleter_(tvm::runtime::Object*)
  2: _ZN3tvm7runtime18SimpleObjAllocator7HandlerINS0_16PackedFuncS
  3: _ZN3tvm7runtime18SimpleObjAllocator7HandlerINS0_16PackedFuncSubObjIZNS0_9profiling17WrapTimeE
  4: TVMObjectFree
  5: __pyx_tp_dealloc_3tvm_4_ffi_4_cy3_4core_PackedFuncBase(_object*)
  6: subtype_dealloc
        at /usr/local/src/conda/python-3.10.18/Objects/typeobject.c:1460
  7: _Py_DECREF
        at /usr/local/src/conda/python-3.10.18/Include/object.h:500
  8: _Py_XDECREF
        at /usr/local/src/conda/python-3.10.18/Include/object.h:567
  9: cell_dealloc
        at /usr/local/src/conda/python-3.10.18/Objects/cellobject.c:82
  10: _Py_Dealloc
        at /usr/local/src/conda/python-3.10.18/Objects/object.c:2301
  11: _Py_DECREF
        at /usr/local/src/conda/python-3.10.18/Include/object.h:500
  12: _Py_XDECREF
        at /usr/local/src/conda/python-3.10.18/Include/object.h:567
  13: tupledealloc
        at /usr/local/src/conda/python-3.10.18/Objects/tupleobject.c:276
  14: _Py_Dealloc
        at /usr/local/src/conda/python-3.10.18/Objects/object.c:2301
  15: _Py_DECREF
        at /usr/local/src/conda/python-3.10.18/Include/object.h:500
  16: func_clear
        at /usr/local/src/conda/python-3.10.18/Objects/funcobject.c:636
  17: func_dealloc
        at /usr/local/src/conda/python-3.10.18/Objects/funcobject.c:648
  18: _Py_Dealloc
        at /usr/local/src/conda/python-3.10.18/Objects/object.c:2301
  19: _Py_DECREF
        at /usr/local/src/conda/python-3.10.18/Include/object.h:500
  20: frame_dealloc
        at /usr/local/src/conda/python-3.10.18/Objects/frameobject.c:591
  21: _Py_Dealloc
        at /usr/local/src/conda/python-3.10.18/Objects/object.c:2301
  22: _Py_DECREF
        at /usr/local/src/conda/python-3.10.18/Include/object.h:500
  23: _PyEval_Vector
        at /usr/local/src/conda/python-3.10.18/Python/ceval.c:5080
  24: _PyFunction_Vectorcall
        at /usr/local/src/conda/python-3.10.18/Objects/call.c:342
  25: do_call_core
        at /usr/local/src/conda/python-3.10.18/Python/ceval.c:5945
  26: _PyEval_EvalFrameDefault
        at /usr/local/src/conda/python-3.10.18/Python/ceval.c:4277
  27: _PyEval_EvalFrame
        at /usr/local/src/conda/python-3.10.18/Include/internal/pycore_ceval.h:46
  28: _PyEval_Vector
        at /usr/local/src/conda/python-3.10.18/Python/ceval.c:5067
  29: _PyFunction_Vectorcall
        at /usr/local/src/conda/python-3.10.18/Objects/call.c:342
  30: _PyObject_VectorcallTstate
        at /usr/local/src/conda/python-3.10.18/Include/cpython/abstract.h:114
  31: PyObject_Vectorcall
        at /usr/local/src/conda/python-3.10.18/Include/cpython/abstract.h:123
  32: call_function
        at /usr/local/src/conda/python-3.10.18/Python/ceval.c:5893
  33: _PyEval_EvalFrameDefault
        at /usr/local/src/conda/python-3.10.18/Python/ceval.c:4213
  34: _PyEval_EvalFrame
        at /usr/local/src/conda/python-3.10.18/Include/internal/pycore_ceval.h:46
  35: _PyEval_Vector
        at /usr/local/src/conda/python-3.10.18/Python/ceval.c:5067
  36: PyEval_EvalCode
        at /usr/local/src/conda/python-3.10.18/Python/ceval.c:1134
  37: builtin_exec_impl
        at /usr/local/src/conda/python-3.10.18/Python/bltinmodule.c:1058
  38: builtin_exec
        at /usr/local/src/conda/python-3.10.18/Python/clinic/bltinmodule.c.h:371
  39: cfunction_vectorcall_FASTCALL
        at /usr/local/src/conda/python-3.10.18/Objects/methodobject.c:430
  40: _PyObject_VectorcallTstate
        at /usr/local/src/conda/python-3.10.18/Include/cpython/abstract.h:114
  41: PyObject_Vectorcall
        at /usr/local/src/conda/python-3.10.18/Include/cpython/abstract.h:123
  42: call_function
        at /usr/local/src/conda/python-3.10.18/Python/ceval.c:5893
  43: _PyEval_EvalFrameDefault
        at /usr/local/src/conda/python-3.10.18/Python/ceval.c:4213
  44: _PyEval_EvalFrame
        at /usr/local/src/conda/python-3.10.18/Include/internal/pycore_ceval.h:46
  45: _PyEval_Vector
        at /usr/local/src/conda/python-3.10.18/Python/ceval.c:5067
  46: _PyFunction_Vectorcall
        at /usr/local/src/conda/python-3.10.18/Objects/call.c:342
  47: _PyObject_VectorcallTstate
        at /usr/local/src/conda/python-3.10.18/Include/cpython/abstract.h:114
  48: PyObject_Vectorcall
        at /usr/local/src/conda/python-3.10.18/Include/cpython/abstract.h:123
  49: call_function
        at /usr/local/src/conda/python-3.10.18/Python/ceval.c:5893
  50: _PyEval_EvalFrameDefault
        at /usr/local/src/conda/python-3.10.18/Python/ceval.c:4213
  51: _PyEval_EvalFrame
        at /usr/local/src/conda/python-3.10.18/Include/internal/pycore_ceval.h:46
  52: _PyEval_Vector
        at /usr/local/src/conda/python-3.10.18/Python/ceval.c:5067
  53: _PyFunction_Vectorcall
        at /usr/local/src/conda/python-3.10.18/Objects/call.c:342
  54: pymain_run_module
        at /usr/local/src/conda/python-3.10.18/Modules/main.c:297
  55: pymain_run_python
        at /usr/local/src/conda/python-3.10.18/Modules/main.c:589
  56: Py_RunMain
        at /usr/local/src/conda/python-3.10.18/Modules/main.c:674
  57: Py_BytesMain
        at /usr/local/src/conda/python-3.10.18/Modules/main.c:1094
  58: __libc_start_main
        at ../csu/libc-start.c:308
  59: 0x000000000058728d
  60: 0xffffffffffffffff


*E***Eterminate called after throwing an instance of 'tvm::runtime::InternalError'
  what():  [21:53:00] /data3/qsy/complier/tlm/src/runtime/cuda/cuda_module.cc:61: CUDAError: cuModuleUnload(module_[i]) failed with error: CUDA_ERROR_MISALIGNED_ADDRESS
Stack trace:
  0: tvm::runtime::SimpleObjAllocator::Handler<tvm::runtime::CUDAModuleNode>::Deleter_(tvm::runtime::Object*)
  1: tvm::runtime::SimpleObjAllocator::Handler<tvm::runtime::LibraryModuleNode>::Deleter_(tvm::runtime::Object*)
  2: _ZN3tvm7runtime18SimpleObjAllocator7HandlerINS0_16PackedFuncS
  3: _ZN3tvm7runtime18SimpleObjAllocator7HandlerINS0_16PackedFuncSubObjIZNS0_9profiling17WrapTimeE
  4: TVMObjectFree
  5: __pyx_tp_dealloc_3tvm_4_ffi_4_cy3_4core_PackedFuncBase(_object*)
  6: subtype_dealloc
        at /usr/local/src/conda/python-3.10.18/Objects/typeobject.c:1460
  7: _Py_DECREF
        at /usr/local/src/conda/python-3.10.18/Include/object.h:500
  8: _Py_XDECREF
        at /usr/local/src/conda/python-3.10.18/Include/object.h:567
  9: cell_dealloc
        at /usr/local/src/conda/python-3.10.18/Objects/cellobject.c:82
  10: _Py_Dealloc
        at /usr/local/src/conda/python-3.10.18/Objects/object.c:2301
  11: _Py_DECREF
        at /usr/local/src/conda/python-3.10.18/Include/object.h:500
  12: _Py_XDECREF
        at /usr/local/src/conda/python-3.10.18/Include/object.h:567
  13: tupledealloc
        at /usr/local/src/conda/python-3.10.18/Objects/tupleobject.c:276
  14: _Py_Dealloc
        at /usr/local/src/conda/python-3.10.18/Objects/object.c:2301
  15: _Py_DECREF
        at /usr/local/src/conda/python-3.10.18/Include/object.h:500
  16: func_clear
        at /usr/local/src/conda/python-3.10.18/Objects/funcobject.c:636
  17: func_dealloc
        at /usr/local/src/conda/python-3.10.18/Objects/funcobject.c:648
  18: _Py_Dealloc
        at /usr/local/src/conda/python-3.10.18/Objects/object.c:2301
  19: _Py_DECREF
        at /usr/local/src/conda/python-3.10.18/Include/object.h:500
  20: frame_dealloc
        at /usr/local/src/conda/python-3.10.18/Objects/frameobject.c:591
  21: _Py_Dealloc
        at /usr/local/src/conda/python-3.10.18/Objects/object.c:2301
  22: _Py_DECREF
        at /usr/local/src/conda/python-3.10.18/Include/object.h:500
  23: _PyEval_Vector
        at /usr/local/src/conda/python-3.10.18/Python/ceval.c:5080
  24: _PyFunction_Vectorcall
        at /usr/local/src/conda/python-3.10.18/Objects/call.c:342
  25: do_call_core
        at /usr/local/src/conda/python-3.10.18/Python/ceval.c:5945
  26: _PyEval_EvalFrameDefault
        at /usr/local/src/conda/python-3.10.18/Python/ceval.c:4277
  27: _PyEval_EvalFrame
        at /usr/local/src/conda/python-3.10.18/Include/internal/pycore_ceval.h:46
  28: _PyEval_Vector
        at /usr/local/src/conda/python-3.10.18/Python/ceval.c:5067
  29: _PyFunction_Vectorcall
        at /usr/local/src/conda/python-3.10.18/Objects/call.c:342
  30: _PyObject_VectorcallTstate
        at /usr/local/src/conda/python-3.10.18/Include/cpython/abstract.h:114
  31: PyObject_Vectorcall
        at /usr/local/src/conda/python-3.10.18/Include/cpython/abstract.h:123
  32: call_function
        at /usr/local/src/conda/python-3.10.18/Python/ceval.c:5893
  33: _PyEval_EvalFrameDefault
        at /usr/local/src/conda/python-3.10.18/Python/ceval.c:4213
  34: _PyEval_EvalFrame
        at /usr/local/src/conda/python-3.10.18/Include/internal/pycore_ceval.h:46
  35: _PyEval_Vector
        at /usr/local/src/conda/python-3.10.18/Python/ceval.c:5067
  36: PyEval_EvalCode
        at /usr/local/src/conda/python-3.10.18/Python/ceval.c:1134
  37: builtin_exec_impl
        at /usr/local/src/conda/python-3.10.18/Python/bltinmodule.c:1058
  38: builtin_exec
        at /usr/local/src/conda/python-3.10.18/Python/clinic/bltinmodule.c.h:371
  39: cfunction_vectorcall_FASTCALL
        at /usr/local/src/conda/python-3.10.18/Objects/methodobject.c:430
  40: _PyObject_VectorcallTstate
        at /usr/local/src/conda/python-3.10.18/Include/cpython/abstract.h:114
  41: PyObject_Vectorcall
        at /usr/local/src/conda/python-3.10.18/Include/cpython/abstract.h:123
  42: call_function
        at /usr/local/src/conda/python-3.10.18/Python/ceval.c:5893
  43: _PyEval_EvalFrameDefault
        at /usr/local/src/conda/python-3.10.18/Python/ceval.c:4213
  44: _PyEval_EvalFrame
        at /usr/local/src/conda/python-3.10.18/Include/internal/pycore_ceval.h:46
  45: _PyEval_Vector
        at /usr/local/src/conda/python-3.10.18/Python/ceval.c:5067
  46: _PyFunction_Vectorcall
        at /usr/local/src/conda/python-3.10.18/Objects/call.c:342
  47: _PyObject_VectorcallTstate
        at /usr/local/src/conda/python-3.10.18/Include/cpython/abstract.h:114
  48: PyObject_Vectorcall
        at /usr/local/src/conda/python-3.10.18/Include/cpython/abstract.h:123
  49: call_function
        at /usr/local/src/conda/python-3.10.18/Python/ceval.c:5893
  50: _PyEval_EvalFrameDefault
        at /usr/local/src/conda/python-3.10.18/Python/ceval.c:4213
  51: _PyEval_EvalFrame
        at /usr/local/src/conda/python-3.10.18/Include/internal/pycore_ceval.h:46
  52: _PyEval_Vector
        at /usr/local/src/conda/python-3.10.18/Python/ceval.c:5067
  53: _PyFunction_Vectorcall
        at /usr/local/src/conda/python-3.10.18/Objects/call.c:342
  54: pymain_run_module
        at /usr/local/src/conda/python-3.10.18/Modules/main.c:297
  55: pymain_run_python
        at /usr/local/src/conda/python-3.10.18/Modules/main.c:589
  56: Py_RunMain
        at /usr/local/src/conda/python-3.10.18/Modules/main.c:674
  57: Py_BytesMain
        at /usr/local/src/conda/python-3.10.18/Modules/main.c:1094
  58: __libc_start_main
        at ../csu/libc-start.c:308
  59: 0x000000000058728d
  60: 0xffffffffffffffff


*E**********Eterminate called after throwing an instance of 'tvm::runtime::InternalError'
  what():  [21:53:23] /data3/qsy/complier/tlm/src/runtime/cuda/cuda_module.cc:61: CUDAError: cuModuleUnload(module_[i]) failed with error: CUDA_ERROR_MISALIGNED_ADDRESS
Stack trace:
  0: tvm::runtime::SimpleObjAllocator::Handler<tvm::runtime::CUDAModuleNode>::Deleter_(tvm::runtime::Object*)
  1: tvm::runtime::SimpleObjAllocator::Handler<tvm::runtime::LibraryModuleNode>::Deleter_(tvm::runtime::Object*)
  2: _ZN3tvm7runtime18SimpleObjAllocator7HandlerINS0_16PackedFuncS
  3: _ZN3tvm7runtime18SimpleObjAllocator7HandlerINS0_16PackedFuncSubObjIZNS0_9profiling17WrapTimeE
  4: TVMObjectFree
  5: __pyx_tp_dealloc_3tvm_4_ffi_4_cy3_4core_PackedFuncBase(_object*)
  6: subtype_dealloc
        at /usr/local/src/conda/python-3.10.18/Objects/typeobject.c:1460
  7: _Py_DECREF
        at /usr/local/src/conda/python-3.10.18/Include/object.h:500
  8: _Py_XDECREF
        at /usr/local/src/conda/python-3.10.18/Include/object.h:567
  9: cell_dealloc
        at /usr/local/src/conda/python-3.10.18/Objects/cellobject.c:82
  10: _Py_Dealloc
        at /usr/local/src/conda/python-3.10.18/Objects/object.c:2301
  11: _Py_DECREF
        at /usr/local/src/conda/python-3.10.18/Include/object.h:500
  12: _Py_XDECREF
        at /usr/local/src/conda/python-3.10.18/Include/object.h:567
  13: tupledealloc
        at /usr/local/src/conda/python-3.10.18/Objects/tupleobject.c:276
  14: _Py_Dealloc
        at /usr/local/src/conda/python-3.10.18/Objects/object.c:2301
  15: _Py_DECREF
        at /usr/local/src/conda/python-3.10.18/Include/object.h:500
  16: func_clear
        at /usr/local/src/conda/python-3.10.18/Objects/funcobject.c:636
  17: func_dealloc
        at /usr/local/src/conda/python-3.10.18/Objects/funcobject.c:648
  18: _Py_Dealloc
        at /usr/local/src/conda/python-3.10.18/Objects/object.c:2301
  19: _Py_DECREF
        at /usr/local/src/conda/python-3.10.18/Include/object.h:500
  20: frame_dealloc
        at /usr/local/src/conda/python-3.10.18/Objects/frameobject.c:591
  21: _Py_Dealloc
        at /usr/local/src/conda/python-3.10.18/Objects/object.c:2301
  22: _Py_DECREF
        at /usr/local/src/conda/python-3.10.18/Include/object.h:500
  23: _PyEval_Vector
        at /usr/local/src/conda/python-3.10.18/Python/ceval.c:5080
  24: _PyFunction_Vectorcall
        at /usr/local/src/conda/python-3.10.18/Objects/call.c:342
  25: do_call_core
        at /usr/local/src/conda/python-3.10.18/Python/ceval.c:5945
  26: _PyEval_EvalFrameDefault
        at /usr/local/src/conda/python-3.10.18/Python/ceval.c:4277
  27: _PyEval_EvalFrame
        at /usr/local/src/conda/python-3.10.18/Include/internal/pycore_ceval.h:46
  28: _PyEval_Vector
        at /usr/local/src/conda/python-3.10.18/Python/ceval.c:5067
  29: _PyFunction_Vectorcall
        at /usr/local/src/conda/python-3.10.18/Objects/call.c:342
  30: _PyObject_VectorcallTstate
        at /usr/local/src/conda/python-3.10.18/Include/cpython/abstract.h:114
  31: PyObject_Vectorcall
        at /usr/local/src/conda/python-3.10.18/Include/cpython/abstract.h:123
  32: call_function
        at /usr/local/src/conda/python-3.10.18/Python/ceval.c:5893
  33: _PyEval_EvalFrameDefault
        at /usr/local/src/conda/python-3.10.18/Python/ceval.c:4213
  34: _PyEval_EvalFrame
        at /usr/local/src/conda/python-3.10.18/Include/internal/pycore_ceval.h:46
  35: _PyEval_Vector
        at /usr/local/src/conda/python-3.10.18/Python/ceval.c:5067
  36: PyEval_EvalCode
        at /usr/local/src/conda/python-3.10.18/Python/ceval.c:1134
  37: builtin_exec_impl
        at /usr/local/src/conda/python-3.10.18/Python/bltinmodule.c:1058
  38: builtin_exec
        at /usr/local/src/conda/python-3.10.18/Python/clinic/bltinmodule.c.h:371
  39: cfunction_vectorcall_FASTCALL
        at /usr/local/src/conda/python-3.10.18/Objects/methodobject.c:430
  40: _PyObject_VectorcallTstate
        at /usr/local/src/conda/python-3.10.18/Include/cpython/abstract.h:114
  41: PyObject_Vectorcall
        at /usr/local/src/conda/python-3.10.18/Include/cpython/abstract.h:123
  42: call_function
        at /usr/local/src/conda/python-3.10.18/Python/ceval.c:5893
  43: _PyEval_EvalFrameDefault
        at /usr/local/src/conda/python-3.10.18/Python/ceval.c:4213
  44: _PyEval_EvalFrame
        at /usr/local/src/conda/python-3.10.18/Include/internal/pycore_ceval.h:46
  45: _PyEval_Vector
        at /usr/local/src/conda/python-3.10.18/Python/ceval.c:5067
  46: _PyFunction_Vectorcall
        at /usr/local/src/conda/python-3.10.18/Objects/call.c:342
  47: _PyObject_VectorcallTstate
        at /usr/local/src/conda/python-3.10.18/Include/cpython/abstract.h:114
  48: PyObject_Vectorcall
        at /usr/local/src/conda/python-3.10.18/Include/cpython/abstract.h:123
  49: call_function
        at /usr/local/src/conda/python-3.10.18/Python/ceval.c:5893
  50: _PyEval_EvalFrameDefault
        at /usr/local/src/conda/python-3.10.18/Python/ceval.c:4213
  51: _PyEval_EvalFrame
        at /usr/local/src/conda/python-3.10.18/Include/internal/pycore_ceval.h:46
  52: _PyEval_Vector
        at /usr/local/src/conda/python-3.10.18/Python/ceval.c:5067
  53: _PyFunction_Vectorcall
        at /usr/local/src/conda/python-3.10.18/Objects/call.c:342
  54: pymain_run_module
        at /usr/local/src/conda/python-3.10.18/Modules/main.c:297
  55: pymain_run_python
        at /usr/local/src/conda/python-3.10.18/Modules/main.c:589
  56: Py_RunMain
        at /usr/local/src/conda/python-3.10.18/Modules/main.c:674
  57: Py_BytesMain
        at /usr/local/src/conda/python-3.10.18/Modules/main.c:1094
  58: __libc_start_main
        at ../csu/libc-start.c:308
  59: 0x000000000058728d
  60: 0xffffffffffffffff


*E***Eterminate called after throwing an instance of 'tvm::runtime::InternalError'
  what():  [21:53:30] /data3/qsy/complier/tlm/src/runtime/cuda/cuda_module.cc:61: CUDAError: cuModuleUnload(module_[i]) failed with error: CUDA_ERROR_MISALIGNED_ADDRESS
Stack trace:
  0: tvm::runtime::SimpleObjAllocator::Handler<tvm::runtime::CUDAModuleNode>::Deleter_(tvm::runtime::Object*)
  1: tvm::runtime::SimpleObjAllocator::Handler<tvm::runtime::LibraryModuleNode>::Deleter_(tvm::runtime::Object*)
  2: _ZN3tvm7runtime18SimpleObjAllocator7HandlerINS0_16PackedFuncS
  3: _ZN3tvm7runtime18SimpleObjAllocator7HandlerINS0_16PackedFuncSubObjIZNS0_9profiling17WrapTimeE
  4: TVMObjectFree
  5: __pyx_tp_dealloc_3tvm_4_ffi_4_cy3_4core_PackedFuncBase(_object*)
  6: subtype_dealloc
        at /usr/local/src/conda/python-3.10.18/Objects/typeobject.c:1460
  7: _Py_DECREF
        at /usr/local/src/conda/python-3.10.18/Include/object.h:500
  8: _Py_XDECREF
        at /usr/local/src/conda/python-3.10.18/Include/object.h:567
  9: cell_dealloc
        at /usr/local/src/conda/python-3.10.18/Objects/cellobject.c:82
  10: _Py_Dealloc
        at /usr/local/src/conda/python-3.10.18/Objects/object.c:2301
  11: _Py_DECREF
        at /usr/local/src/conda/python-3.10.18/Include/object.h:500
  12: _Py_XDECREF
        at /usr/local/src/conda/python-3.10.18/Include/object.h:567
  13: tupledealloc
        at /usr/local/src/conda/python-3.10.18/Objects/tupleobject.c:276
  14: _Py_Dealloc
        at /usr/local/src/conda/python-3.10.18/Objects/object.c:2301
  15: _Py_DECREF
        at /usr/local/src/conda/python-3.10.18/Include/object.h:500
  16: func_clear
        at /usr/local/src/conda/python-3.10.18/Objects/funcobject.c:636
  17: func_dealloc
        at /usr/local/src/conda/python-3.10.18/Objects/funcobject.c:648
  18: _Py_Dealloc
        at /usr/local/src/conda/python-3.10.18/Objects/object.c:2301
  19: _Py_DECREF
        at /usr/local/src/conda/python-3.10.18/Include/object.h:500
  20: frame_dealloc
        at /usr/local/src/conda/python-3.10.18/Objects/frameobject.c:591
  21: _Py_Dealloc
        at /usr/local/src/conda/python-3.10.18/Objects/object.c:2301
  22: _Py_DECREF
        at /usr/local/src/conda/python-3.10.18/Include/object.h:500
  23: _PyEval_Vector
        at /usr/local/src/conda/python-3.10.18/Python/ceval.c:5080
  24: _PyFunction_Vectorcall
        at /usr/local/src/conda/python-3.10.18/Objects/call.c:342
  25: do_call_core
        at /usr/local/src/conda/python-3.10.18/Python/ceval.c:5945
  26: _PyEval_EvalFrameDefault
        at /usr/local/src/conda/python-3.10.18/Python/ceval.c:4277
  27: _PyEval_EvalFrame
        at /usr/local/src/conda/python-3.10.18/Include/internal/pycore_ceval.h:46
  28: _PyEval_Vector
        at /usr/local/src/conda/python-3.10.18/Python/ceval.c:5067
  29: _PyFunction_Vectorcall
        at /usr/local/src/conda/python-3.10.18/Objects/call.c:342
  30: _PyObject_VectorcallTstate
        at /usr/local/src/conda/python-3.10.18/Include/cpython/abstract.h:114
  31: PyObject_Vectorcall
        at /usr/local/src/conda/python-3.10.18/Include/cpython/abstract.h:123
  32: call_function
        at /usr/local/src/conda/python-3.10.18/Python/ceval.c:5893
  33: _PyEval_EvalFrameDefault
        at /usr/local/src/conda/python-3.10.18/Python/ceval.c:4213
  34: _PyEval_EvalFrame
        at /usr/local/src/conda/python-3.10.18/Include/internal/pycore_ceval.h:46
  35: _PyEval_Vector
        at /usr/local/src/conda/python-3.10.18/Python/ceval.c:5067
  36: PyEval_EvalCode
        at /usr/local/src/conda/python-3.10.18/Python/ceval.c:1134
  37: builtin_exec_impl
        at /usr/local/src/conda/python-3.10.18/Python/bltinmodule.c:1058
  38: builtin_exec
        at /usr/local/src/conda/python-3.10.18/Python/clinic/bltinmodule.c.h:371
  39: cfunction_vectorcall_FASTCALL
        at /usr/local/src/conda/python-3.10.18/Objects/methodobject.c:430
  40: _PyObject_VectorcallTstate
        at /usr/local/src/conda/python-3.10.18/Include/cpython/abstract.h:114
  41: PyObject_Vectorcall
        at /usr/local/src/conda/python-3.10.18/Include/cpython/abstract.h:123
  42: call_function
        at /usr/local/src/conda/python-3.10.18/Python/ceval.c:5893
  43: _PyEval_EvalFrameDefault
        at /usr/local/src/conda/python-3.10.18/Python/ceval.c:4213
  44: _PyEval_EvalFrame
        at /usr/local/src/conda/python-3.10.18/Include/internal/pycore_ceval.h:46
  45: _PyEval_Vector
        at /usr/local/src/conda/python-3.10.18/Python/ceval.c:5067
  46: _PyFunction_Vectorcall
        at /usr/local/src/conda/python-3.10.18/Objects/call.c:342
  47: _PyObject_VectorcallTstate
        at /usr/local/src/conda/python-3.10.18/Include/cpython/abstract.h:114
  48: PyObject_Vectorcall
        at /usr/local/src/conda/python-3.10.18/Include/cpython/abstract.h:123
  49: call_function
        at /usr/local/src/conda/python-3.10.18/Python/ceval.c:5893
  50: _PyEval_EvalFrameDefault
        at /usr/local/src/conda/python-3.10.18/Python/ceval.c:4213
  51: _PyEval_EvalFrame
        at /usr/local/src/conda/python-3.10.18/Include/internal/pycore_ceval.h:46
  52: _PyEval_Vector
        at /usr/local/src/conda/python-3.10.18/Python/ceval.c:5067
  53: _PyFunction_Vectorcall
        at /usr/local/src/conda/python-3.10.18/Objects/call.c:342
  54: pymain_run_module
        at /usr/local/src/conda/python-3.10.18/Modules/main.c:297
  55: pymain_run_python
        at /usr/local/src/conda/python-3.10.18/Modules/main.c:589
  56: Py_RunMain
        at /usr/local/src/conda/python-3.10.18/Modules/main.c:674
  57: Py_BytesMain
        at /usr/local/src/conda/python-3.10.18/Modules/main.c:1094
  58: __libc_start_main
        at ../csu/libc-start.c:308
  59: 0x000000000058728d
  60: 0xffffffffffffffff


*E*************Eterminate called after throwing an instance of 'tvm::runtime::InternalError'
  what():  [21:53:59] /data3/qsy/complier/tlm/src/runtime/cuda/cuda_module.cc:61: CUDAError: cuModuleUnload(module_[i]) failed with error: CUDA_ERROR_MISALIGNED_ADDRESS
Stack trace:
  0: tvm::runtime::SimpleObjAllocator::Handler<tvm::runtime::CUDAModuleNode>::Deleter_(tvm::runtime::Object*)
  1: tvm::runtime::SimpleObjAllocator::Handler<tvm::runtime::LibraryModuleNode>::Deleter_(tvm::runtime::Object*)
  2: _ZN3tvm7runtime18SimpleObjAllocator7HandlerINS0_16PackedFuncS
  3: _ZN3tvm7runtime18SimpleObjAllocator7HandlerINS0_16PackedFuncSubObjIZNS0_9profiling17WrapTimeE
  4: TVMObjectFree
  5: __pyx_tp_dealloc_3tvm_4_ffi_4_cy3_4core_PackedFuncBase(_object*)
  6: subtype_dealloc
        at /usr/local/src/conda/python-3.10.18/Objects/typeobject.c:1460
  7: _Py_DECREF
        at /usr/local/src/conda/python-3.10.18/Include/object.h:500
  8: _Py_XDECREF
        at /usr/local/src/conda/python-3.10.18/Include/object.h:567
  9: cell_dealloc
        at /usr/local/src/conda/python-3.10.18/Objects/cellobject.c:82
  10: _Py_Dealloc
        at /usr/local/src/conda/python-3.10.18/Objects/object.c:2301
  11: _Py_DECREF
        at /usr/local/src/conda/python-3.10.18/Include/object.h:500
  12: _Py_XDECREF
        at /usr/local/src/conda/python-3.10.18/Include/object.h:567
  13: tupledealloc
        at /usr/local/src/conda/python-3.10.18/Objects/tupleobject.c:276
  14: _Py_Dealloc
        at /usr/local/src/conda/python-3.10.18/Objects/object.c:2301
  15: _Py_DECREF
        at /usr/local/src/conda/python-3.10.18/Include/object.h:500
  16: func_clear
        at /usr/local/src/conda/python-3.10.18/Objects/funcobject.c:636
  17: func_dealloc
        at /usr/local/src/conda/python-3.10.18/Objects/funcobject.c:648
  18: _Py_Dealloc
        at /usr/local/src/conda/python-3.10.18/Objects/object.c:2301
  19: _Py_DECREF
        at /usr/local/src/conda/python-3.10.18/Include/object.h:500
  20: frame_dealloc
        at /usr/local/src/conda/python-3.10.18/Objects/frameobject.c:591
  21: _Py_Dealloc
        at /usr/local/src/conda/python-3.10.18/Objects/object.c:2301
  22: _Py_DECREF
        at /usr/local/src/conda/python-3.10.18/Include/object.h:500
  23: _PyEval_Vector
        at /usr/local/src/conda/python-3.10.18/Python/ceval.c:5080
  24: _PyFunction_Vectorcall
        at /usr/local/src/conda/python-3.10.18/Objects/call.c:342
  25: do_call_core
        at /usr/local/src/conda/python-3.10.18/Python/ceval.c:5945
  26: _PyEval_EvalFrameDefault
        at /usr/local/src/conda/python-3.10.18/Python/ceval.c:4277
  27: _PyEval_EvalFrame
        at /usr/local/src/conda/python-3.10.18/Include/internal/pycore_ceval.h:46
  28: _PyEval_Vector
        at /usr/local/src/conda/python-3.10.18/Python/ceval.c:5067
  29: _PyFunction_Vectorcall
        at /usr/local/src/conda/python-3.10.18/Objects/call.c:342
  30: _PyObject_VectorcallTstate
        at /usr/local/src/conda/python-3.10.18/Include/cpython/abstract.h:114
  31: PyObject_Vectorcall
        at /usr/local/src/conda/python-3.10.18/Include/cpython/abstract.h:123
  32: call_function
        at /usr/local/src/conda/python-3.10.18/Python/ceval.c:5893
  33: _PyEval_EvalFrameDefault
        at /usr/local/src/conda/python-3.10.18/Python/ceval.c:4213
  34: _PyEval_EvalFrame
        at /usr/local/src/conda/python-3.10.18/Include/internal/pycore_ceval.h:46
  35: _PyEval_Vector
        at /usr/local/src/conda/python-3.10.18/Python/ceval.c:5067
  36: PyEval_EvalCode
        at /usr/local/src/conda/python-3.10.18/Python/ceval.c:1134
  37: builtin_exec_impl
        at /usr/local/src/conda/python-3.10.18/Python/bltinmodule.c:1058
  38: builtin_exec
        at /usr/local/src/conda/python-3.10.18/Python/clinic/bltinmodule.c.h:371
  39: cfunction_vectorcall_FASTCALL
        at /usr/local/src/conda/python-3.10.18/Objects/methodobject.c:430
  40: _PyObject_VectorcallTstate
        at /usr/local/src/conda/python-3.10.18/Include/cpython/abstract.h:114
  41: PyObject_Vectorcall
        at /usr/local/src/conda/python-3.10.18/Include/cpython/abstract.h:123
  42: call_function
        at /usr/local/src/conda/python-3.10.18/Python/ceval.c:5893
  43: _PyEval_EvalFrameDefault
        at /usr/local/src/conda/python-3.10.18/Python/ceval.c:4213
  44: _PyEval_EvalFrame
        at /usr/local/src/conda/python-3.10.18/Include/internal/pycore_ceval.h:46
  45: _PyEval_Vector
        at /usr/local/src/conda/python-3.10.18/Python/ceval.c:5067
  46: _PyFunction_Vectorcall
        at /usr/local/src/conda/python-3.10.18/Objects/call.c:342
  47: _PyObject_VectorcallTstate
        at /usr/local/src/conda/python-3.10.18/Include/cpython/abstract.h:114
  48: PyObject_Vectorcall
        at /usr/local/src/conda/python-3.10.18/Include/cpython/abstract.h:123
  49: call_function
        at /usr/local/src/conda/python-3.10.18/Python/ceval.c:5893
  50: _PyEval_EvalFrameDefault
        at /usr/local/src/conda/python-3.10.18/Python/ceval.c:4213
  51: _PyEval_EvalFrame
        at /usr/local/src/conda/python-3.10.18/Include/internal/pycore_ceval.h:46
  52: _PyEval_Vector
        at /usr/local/src/conda/python-3.10.18/Python/ceval.c:5067
  53: _PyFunction_Vectorcall
        at /usr/local/src/conda/python-3.10.18/Objects/call.c:342
  54: pymain_run_module
        at /usr/local/src/conda/python-3.10.18/Modules/main.c:297
  55: pymain_run_python
        at /usr/local/src/conda/python-3.10.18/Modules/main.c:589
  56: Py_RunMain
        at /usr/local/src/conda/python-3.10.18/Modules/main.c:674
  57: Py_BytesMain
        at /usr/local/src/conda/python-3.10.18/Modules/main.c:1094
  58: __libc_start_main
        at ../csu/libc-start.c:308
  59: 0x000000000058728d
  60: 0xffffffffffffffff


*E***E****Eterminate called after throwing an instance of 'tvm::runtime::InternalError'
  what():  [21:54:19] /data3/qsy/complier/tlm/src/runtime/cuda/cuda_module.cc:61: CUDAError: cuModuleUnload(module_[i]) failed with error: CUDA_ERROR_MISALIGNED_ADDRESS
Stack trace:
  0: tvm::runtime::SimpleObjAllocator::Handler<tvm::runtime::CUDAModuleNode>::Deleter_(tvm::runtime::Object*)
  1: tvm::runtime::SimpleObjAllocator::Handler<tvm::runtime::LibraryModuleNode>::Deleter_(tvm::runtime::Object*)
  2: _ZN3tvm7runtime18SimpleObjAllocator7HandlerINS0_16PackedFuncS
  3: _ZN3tvm7runtime18SimpleObjAllocator7HandlerINS0_16PackedFuncSubObjIZNS0_9profiling17WrapTimeE
  4: TVMObjectFree
  5: __pyx_tp_dealloc_3tvm_4_ffi_4_cy3_4core_PackedFuncBase(_object*)
  6: subtype_dealloc
        at /usr/local/src/conda/python-3.10.18/Objects/typeobject.c:1460
  7: _Py_DECREF
        at /usr/local/src/conda/python-3.10.18/Include/object.h:500
  8: _Py_XDECREF
        at /usr/local/src/conda/python-3.10.18/Include/object.h:567
  9: cell_dealloc
        at /usr/local/src/conda/python-3.10.18/Objects/cellobject.c:82
  10: _Py_Dealloc
        at /usr/local/src/conda/python-3.10.18/Objects/object.c:2301
  11: _Py_DECREF
        at /usr/local/src/conda/python-3.10.18/Include/object.h:500
  12: _Py_XDECREF
        at /usr/local/src/conda/python-3.10.18/Include/object.h:567
  13: tupledealloc
        at /usr/local/src/conda/python-3.10.18/Objects/tupleobject.c:276
  14: _Py_Dealloc
        at /usr/local/src/conda/python-3.10.18/Objects/object.c:2301
  15: _Py_DECREF
        at /usr/local/src/conda/python-3.10.18/Include/object.h:500
  16: func_clear
        at /usr/local/src/conda/python-3.10.18/Objects/funcobject.c:636
  17: func_dealloc
        at /usr/local/src/conda/python-3.10.18/Objects/funcobject.c:648
  18: _Py_Dealloc
        at /usr/local/src/conda/python-3.10.18/Objects/object.c:2301
  19: _Py_DECREF
        at /usr/local/src/conda/python-3.10.18/Include/object.h:500
  20: frame_dealloc
        at /usr/local/src/conda/python-3.10.18/Objects/frameobject.c:591
  21: _Py_Dealloc
        at /usr/local/src/conda/python-3.10.18/Objects/object.c:2301
  22: _Py_DECREF
        at /usr/local/src/conda/python-3.10.18/Include/object.h:500
  23: _PyEval_Vector
        at /usr/local/src/conda/python-3.10.18/Python/ceval.c:5080
  24: _PyFunction_Vectorcall
        at /usr/local/src/conda/python-3.10.18/Objects/call.c:342
  25: do_call_core
        at /usr/local/src/conda/python-3.10.18/Python/ceval.c:5945
  26: _PyEval_EvalFrameDefault
        at /usr/local/src/conda/python-3.10.18/Python/ceval.c:4277
  27: _PyEval_EvalFrame
        at /usr/local/src/conda/python-3.10.18/Include/internal/pycore_ceval.h:46
  28: _PyEval_Vector
        at /usr/local/src/conda/python-3.10.18/Python/ceval.c:5067
  29: _PyFunction_Vectorcall
        at /usr/local/src/conda/python-3.10.18/Objects/call.c:342
  30: _PyObject_VectorcallTstate
        at /usr/local/src/conda/python-3.10.18/Include/cpython/abstract.h:114
  31: PyObject_Vectorcall
        at /usr/local/src/conda/python-3.10.18/Include/cpython/abstract.h:123
  32: call_function
        at /usr/local/src/conda/python-3.10.18/Python/ceval.c:5893
  33: _PyEval_EvalFrameDefault
        at /usr/local/src/conda/python-3.10.18/Python/ceval.c:4213
  34: _PyEval_EvalFrame
        at /usr/local/src/conda/python-3.10.18/Include/internal/pycore_ceval.h:46
  35: _PyEval_Vector
        at /usr/local/src/conda/python-3.10.18/Python/ceval.c:5067
  36: PyEval_EvalCode
        at /usr/local/src/conda/python-3.10.18/Python/ceval.c:1134
  37: builtin_exec_impl
        at /usr/local/src/conda/python-3.10.18/Python/bltinmodule.c:1058
  38: builtin_exec
        at /usr/local/src/conda/python-3.10.18/Python/clinic/bltinmodule.c.h:371
  39: cfunction_vectorcall_FASTCALL
        at /usr/local/src/conda/python-3.10.18/Objects/methodobject.c:430
  40: _PyObject_VectorcallTstate
        at /usr/local/src/conda/python-3.10.18/Include/cpython/abstract.h:114
  41: PyObject_Vectorcall
        at /usr/local/src/conda/python-3.10.18/Include/cpython/abstract.h:123
  42: call_function
        at /usr/local/src/conda/python-3.10.18/Python/ceval.c:5893
  43: _PyEval_EvalFrameDefault
        at /usr/local/src/conda/python-3.10.18/Python/ceval.c:4213
  44: _PyEval_EvalFrame
        at /usr/local/src/conda/python-3.10.18/Include/internal/pycore_ceval.h:46
  45: _PyEval_Vector
        at /usr/local/src/conda/python-3.10.18/Python/ceval.c:5067
  46: _PyFunction_Vectorcall
        at /usr/local/src/conda/python-3.10.18/Objects/call.c:342
  47: _PyObject_VectorcallTstate
        at /usr/local/src/conda/python-3.10.18/Include/cpython/abstract.h:114
  48: PyObject_Vectorcall
        at /usr/local/src/conda/python-3.10.18/Include/cpython/abstract.h:123
  49: call_function
        at /usr/local/src/conda/python-3.10.18/Python/ceval.c:5893
  50: _PyEval_EvalFrameDefault
        at /usr/local/src/conda/python-3.10.18/Python/ceval.c:4213
  51: _PyEval_EvalFrame
        at /usr/local/src/conda/python-3.10.18/Include/internal/pycore_ceval.h:46
  52: _PyEval_Vector
        at /usr/local/src/conda/python-3.10.18/Python/ceval.c:5067
  53: _PyFunction_Vectorcall
        at /usr/local/src/conda/python-3.10.18/Objects/call.c:342
  54: pymain_run_module
        at /usr/local/src/conda/python-3.10.18/Modules/main.c:297
  55: pymain_run_python
        at /usr/local/src/conda/python-3.10.18/Modules/main.c:589
  56: Py_RunMain
        at /usr/local/src/conda/python-3.10.18/Modules/main.c:674
  57: Py_BytesMain
        at /usr/local/src/conda/python-3.10.18/Modules/main.c:1094
  58: __libc_start_main
        at ../csu/libc-start.c:308
  59: 0x000000000058728d
  60: 0xffffffffffffffff


*E********Eterminate called after throwing an instance of 'tvm::runtime::InternalError'
  what():  [21:54:38] /data3/qsy/complier/tlm/src/runtime/cuda/cuda_module.cc:61: CUDAError: cuModuleUnload(module_[i]) failed with error: CUDA_ERROR_MISALIGNED_ADDRESS
Stack trace:
  0: tvm::runtime::SimpleObjAllocator::Handler<tvm::runtime::CUDAModuleNode>::Deleter_(tvm::runtime::Object*)
  1: tvm::runtime::SimpleObjAllocator::Handler<tvm::runtime::LibraryModuleNode>::Deleter_(tvm::runtime::Object*)
  2: _ZN3tvm7runtime18SimpleObjAllocator7HandlerINS0_16PackedFuncS
  3: _ZN3tvm7runtime18SimpleObjAllocator7HandlerINS0_16PackedFuncSubObjIZNS0_9profiling17WrapTimeE
  4: TVMObjectFree
  5: __pyx_tp_dealloc_3tvm_4_ffi_4_cy3_4core_PackedFuncBase(_object*)
  6: subtype_dealloc
        at /usr/local/src/conda/python-3.10.18/Objects/typeobject.c:1460
  7: _Py_DECREF
        at /usr/local/src/conda/python-3.10.18/Include/object.h:500
  8: _Py_XDECREF
        at /usr/local/src/conda/python-3.10.18/Include/object.h:567
  9: cell_dealloc
        at /usr/local/src/conda/python-3.10.18/Objects/cellobject.c:82
  10: _Py_Dealloc
        at /usr/local/src/conda/python-3.10.18/Objects/object.c:2301
  11: _Py_DECREF
        at /usr/local/src/conda/python-3.10.18/Include/object.h:500
  12: _Py_XDECREF
        at /usr/local/src/conda/python-3.10.18/Include/object.h:567
  13: tupledealloc
        at /usr/local/src/conda/python-3.10.18/Objects/tupleobject.c:276
  14: _Py_Dealloc
        at /usr/local/src/conda/python-3.10.18/Objects/object.c:2301
  15: _Py_DECREF
        at /usr/local/src/conda/python-3.10.18/Include/object.h:500
  16: func_clear
        at /usr/local/src/conda/python-3.10.18/Objects/funcobject.c:636
  17: func_dealloc
        at /usr/local/src/conda/python-3.10.18/Objects/funcobject.c:648
  18: _Py_Dealloc
        at /usr/local/src/conda/python-3.10.18/Objects/object.c:2301
  19: _Py_DECREF
        at /usr/local/src/conda/python-3.10.18/Include/object.h:500
  20: frame_dealloc
        at /usr/local/src/conda/python-3.10.18/Objects/frameobject.c:591
  21: _Py_Dealloc
        at /usr/local/src/conda/python-3.10.18/Objects/object.c:2301
  22: _Py_DECREF
        at /usr/local/src/conda/python-3.10.18/Include/object.h:500
  23: _PyEval_Vector
        at /usr/local/src/conda/python-3.10.18/Python/ceval.c:5080
  24: _PyFunction_Vectorcall
        at /usr/local/src/conda/python-3.10.18/Objects/call.c:342
  25: do_call_core
        at /usr/local/src/conda/python-3.10.18/Python/ceval.c:5945
  26: _PyEval_EvalFrameDefault
        at /usr/local/src/conda/python-3.10.18/Python/ceval.c:4277
  27: _PyEval_EvalFrame
        at /usr/local/src/conda/python-3.10.18/Include/internal/pycore_ceval.h:46
  28: _PyEval_Vector
        at /usr/local/src/conda/python-3.10.18/Python/ceval.c:5067
  29: _PyFunction_Vectorcall
        at /usr/local/src/conda/python-3.10.18/Objects/call.c:342
  30: _PyObject_VectorcallTstate
        at /usr/local/src/conda/python-3.10.18/Include/cpython/abstract.h:114
  31: PyObject_Vectorcall
        at /usr/local/src/conda/python-3.10.18/Include/cpython/abstract.h:123
  32: call_function
        at /usr/local/src/conda/python-3.10.18/Python/ceval.c:5893
  33: _PyEval_EvalFrameDefault
        at /usr/local/src/conda/python-3.10.18/Python/ceval.c:4213
  34: _PyEval_EvalFrame
        at /usr/local/src/conda/python-3.10.18/Include/internal/pycore_ceval.h:46
  35: _PyEval_Vector
        at /usr/local/src/conda/python-3.10.18/Python/ceval.c:5067
  36: PyEval_EvalCode
        at /usr/local/src/conda/python-3.10.18/Python/ceval.c:1134
  37: builtin_exec_impl
        at /usr/local/src/conda/python-3.10.18/Python/bltinmodule.c:1058
  38: builtin_exec
        at /usr/local/src/conda/python-3.10.18/Python/clinic/bltinmodule.c.h:371
  39: cfunction_vectorcall_FASTCALL
        at /usr/local/src/conda/python-3.10.18/Objects/methodobject.c:430
  40: _PyObject_VectorcallTstate
        at /usr/local/src/conda/python-3.10.18/Include/cpython/abstract.h:114
  41: PyObject_Vectorcall
        at /usr/local/src/conda/python-3.10.18/Include/cpython/abstract.h:123
  42: call_function
        at /usr/local/src/conda/python-3.10.18/Python/ceval.c:5893
  43: _PyEval_EvalFrameDefault
        at /usr/local/src/conda/python-3.10.18/Python/ceval.c:4213
  44: _PyEval_EvalFrame
        at /usr/local/src/conda/python-3.10.18/Include/internal/pycore_ceval.h:46
  45: _PyEval_Vector
        at /usr/local/src/conda/python-3.10.18/Python/ceval.c:5067
  46: _PyFunction_Vectorcall
        at /usr/local/src/conda/python-3.10.18/Objects/call.c:342
  47: _PyObject_VectorcallTstate
        at /usr/local/src/conda/python-3.10.18/Include/cpython/abstract.h:114
  48: PyObject_Vectorcall
        at /usr/local/src/conda/python-3.10.18/Include/cpython/abstract.h:123
  49: call_function
        at /usr/local/src/conda/python-3.10.18/Python/ceval.c:5893
  50: _PyEval_EvalFrameDefault
        at /usr/local/src/conda/python-3.10.18/Python/ceval.c:4213
  51: _PyEval_EvalFrame
        at /usr/local/src/conda/python-3.10.18/Include/internal/pycore_ceval.h:46
  52: _PyEval_Vector
        at /usr/local/src/conda/python-3.10.18/Python/ceval.c:5067
  53: _PyFunction_Vectorcall
        at /usr/local/src/conda/python-3.10.18/Objects/call.c:342
  54: pymain_run_module
        at /usr/local/src/conda/python-3.10.18/Modules/main.c:297
  55: pymain_run_python
        at /usr/local/src/conda/python-3.10.18/Modules/main.c:589
  56: Py_RunMain
        at /usr/local/src/conda/python-3.10.18/Modules/main.c:674
  57: Py_BytesMain
        at /usr/local/src/conda/python-3.10.18/Modules/main.c:1094
  58: __libc_start_main
        at ../csu/libc-start.c:308
  59: 0x000000000058728d
  60: 0xffffffffffffffff


*E*****
Time elapsed for measurement: 167.87 s
----------------------------------------------------------------------
------------------------------  [ Train cost model ]
----------------------------------------------------------------------
Time elapsed for training: 0.00 s
----------------------------------------------------------------------
------------------------------  [ Task Scheduler ]
----------------------------------------------------------------------
----------------------------------------------------------------------
------------------------------  [ Search ]
----------------------------------------------------------------------
Sample Initial Population	#s: 57	fail_ct: 4039	Time elapsed: 34.16
GA Iter: 0	Max score: 0.8450	Min score: -0.3209	#Pop: 57	#M+: 0	#M-: 0
GA Iter: 4	Max score: 1.0171	Min score: 0.9018	#Pop: 128	#M+: 1389	#M-: 0
EvolutionarySearch		#s: 128	Time elapsed: 232.02
----------------------------------------------------------------------
------------------------------  [ Measure ]
----------------------------------------------------------------------
Get 64 programs to measure:
................................................................****************************************************************|  ID  |                       Task Description                        | Latency (ms) | Speed (GFLOPS) | Trials |
-----------------------------------------------------------------------------------------------------------------
|    0 |                                     vm_mod_fused_nn_dense_add |        0.021 |         392.73 |     64 |
|    1 |                                  vm_mod_fused_nn_max_pool2d_2 |        0.003 |         275.79 |     64 |
|    2 | vm_mod_fused_nn_contrib_conv2d_winograd_without_weight_transform_add_nn_relu_7 |        0.172 |       10146.22 |     64 |
|    3 | vm_mod_fused_nn_contrib_conv2d_winograd_without_weight_transform_add_nn_relu_5 |        0.175 |        6909.11 |     64 |
|    4 | vm_mod_fused_nn_contrib_conv2d_winograd_without_weight_transform_add_nn_relu_3 |        0.163 |        9144.66 |     64 |
|    5 |                                  vm_mod_fused_nn_max_pool2d_1 |        0.004 |         364.48 |     64 |
|    6 |                           vm_mod_fused_nn_dense_add_nn_relu_1 |        0.096 |         351.26 |     64 |
|    7 |                             vm_mod_fused_nn_dense_add_nn_relu |        0.547 |         375.57 |    128 |
|    8 | vm_mod_fused_nn_contrib_conv2d_winograd_without_weight_transform_add_nn_relu_1 |        0.305 |        6757.88 |     64 |
|    9 |                                  vm_mod_fused_nn_max_pool2d_4 |        0.002 |          49.16 |     64 |
|   10 | vm_mod_fused_nn_contrib_conv2d_winograd_without_weight_transform_add_nn_relu_8 |        0.070 |        6194.58 |     64 |
|   11 |                           vm_mod_fused_nn_adaptive_avg_pool2d |        0.004 |          -0.00 |     64 |
|   12 | vm_mod_fused_nn_contrib_conv2d_winograd_without_weight_transform_add_nn_relu_6 |        0.087 |       10109.41 |     64 |
|   13 | vm_mod_fused_nn_contrib_conv2d_winograd_without_weight_transform_add_nn_relu_4 |        0.139 |        4653.53 |     64 |
|   14 |                                    vm_mod_fused_nn_max_pool2d |        0.007 |         433.57 |     64 |
|   15 | vm_mod_fused_nn_contrib_conv2d_winograd_without_weight_transform_add_nn_relu |        0.069 |        6281.45 |     64 |
|   16 |                                  vm_mod_fused_nn_max_pool2d_3 |        0.002 |         177.84 |     64 |
|   17 | vm_mod_fused_nn_contrib_conv2d_winograd_without_weight_transform_add_nn_relu_2 |        0.087 |        9541.67 |     64 |
-----------------------------------------------------------------------------------------------------------------
Estimated total latency: 2.441 ms	Trials: 1196	Used time : 3573 s	Next ID: 3	

Time elapsed for measurement: 46.49 s
----------------------------------------------------------------------
------------------------------  [ Train cost model ]
----------------------------------------------------------------------
Time elapsed for training: 0.00 s
----------------------------------------------------------------------
------------------------------  [ Task Scheduler ]
----------------------------------------------------------------------
----------------------------------------------------------------------
------------------------------  [ Search ]
----------------------------------------------------------------------
Sample Initial Population	#s: 51	fail_ct: 4045	Time elapsed: 35.45
GA Iter: 0	Max score: 0.7439	Min score: -0.1917	#Pop: 51	#M+: 0	#M-: 0
GA Iter: 4	Max score: 1.1315	Min score: 0.9393	#Pop: 128	#M+: 1400	#M-: 0
EvolutionarySearch		#s: 128	Time elapsed: 219.83
----------------------------------------------------------------------
------------------------------  [ Measure ]
----------------------------------------------------------------------
Get 64 programs to measure:
................................................................****************************************************************|  ID  |                       Task Description                        | Latency (ms) | Speed (GFLOPS) | Trials |
-----------------------------------------------------------------------------------------------------------------
|    0 |                                     vm_mod_fused_nn_dense_add |        0.021 |         392.73 |     64 |
|    1 |                                  vm_mod_fused_nn_max_pool2d_2 |        0.003 |         275.79 |     64 |
|    2 | vm_mod_fused_nn_contrib_conv2d_winograd_without_weight_transform_add_nn_relu_7 |        0.172 |       10146.22 |     64 |
|    3 | vm_mod_fused_nn_contrib_conv2d_winograd_without_weight_transform_add_nn_relu_5 |        0.157 |        7700.78 |    128 |
|    4 | vm_mod_fused_nn_contrib_conv2d_winograd_without_weight_transform_add_nn_relu_3 |        0.163 |        9144.66 |     64 |
|    5 |                                  vm_mod_fused_nn_max_pool2d_1 |        0.004 |         364.48 |     64 |
|    6 |                           vm_mod_fused_nn_dense_add_nn_relu_1 |        0.096 |         351.26 |     64 |
|    7 |                             vm_mod_fused_nn_dense_add_nn_relu |        0.547 |         375.57 |    128 |
|    8 | vm_mod_fused_nn_contrib_conv2d_winograd_without_weight_transform_add_nn_relu_1 |        0.305 |        6757.88 |     64 |
|    9 |                                  vm_mod_fused_nn_max_pool2d_4 |        0.002 |          49.16 |     64 |
|   10 | vm_mod_fused_nn_contrib_conv2d_winograd_without_weight_transform_add_nn_relu_8 |        0.070 |        6194.58 |     64 |
|   11 |                           vm_mod_fused_nn_adaptive_avg_pool2d |        0.004 |          -0.00 |     64 |
|   12 | vm_mod_fused_nn_contrib_conv2d_winograd_without_weight_transform_add_nn_relu_6 |        0.087 |       10109.41 |     64 |
|   13 | vm_mod_fused_nn_contrib_conv2d_winograd_without_weight_transform_add_nn_relu_4 |        0.139 |        4653.53 |     64 |
|   14 |                                    vm_mod_fused_nn_max_pool2d |        0.007 |         433.57 |     64 |
|   15 | vm_mod_fused_nn_contrib_conv2d_winograd_without_weight_transform_add_nn_relu |        0.069 |        6281.45 |     64 |
|   16 |                                  vm_mod_fused_nn_max_pool2d_3 |        0.002 |         177.84 |     64 |
|   17 | vm_mod_fused_nn_contrib_conv2d_winograd_without_weight_transform_add_nn_relu_2 |        0.087 |        9541.67 |     64 |
-----------------------------------------------------------------------------------------------------------------
Estimated total latency: 2.405 ms	Trials: 1260	Used time : 3886 s	Next ID: 2	

Time elapsed for measurement: 40.65 s
----------------------------------------------------------------------
------------------------------  [ Train cost model ]
----------------------------------------------------------------------
Time elapsed for training: 5.06 s
----------------------------------------------------------------------
------------------------------  [ Task Scheduler ]
----------------------------------------------------------------------
----------------------------------------------------------------------
------------------------------  [ Search ]
----------------------------------------------------------------------
Sample Initial Population	#s: 50	fail_ct: 6094	Time elapsed: 49.32
GA Iter: 0	Max score: 0.8068	Min score: -0.1888	#Pop: 50	#M+: 0	#M-: 0
GA Iter: 4	Max score: 1.4130	Min score: 0.9704	#Pop: 128	#M+: 1396	#M-: 0
EvolutionarySearch		#s: 128	Time elapsed: 216.79
----------------------------------------------------------------------
------------------------------  [ Measure ]
----------------------------------------------------------------------
Get 64 programs to measure:
...............................................................|  ID  |                       Task Description                        | Latency (ms) | Speed (GFLOPS) | Trials |
-----------------------------------------------------------------------------------------------------------------
|    0 |                                     vm_mod_fused_nn_dense_add |        0.021 |         392.73 |     64 |
|    1 |                                  vm_mod_fused_nn_max_pool2d_2 |        0.003 |         275.79 |     64 |
|    2 | vm_mod_fused_nn_contrib_conv2d_winograd_without_weight_transform_add_nn_relu_7 |        0.127 |       13727.58 |    128 |
|    3 | vm_mod_fused_nn_contrib_conv2d_winograd_without_weight_transform_add_nn_relu_5 |        0.157 |        7700.78 |    128 |
|    4 | vm_mod_fused_nn_contrib_conv2d_winograd_without_weight_transform_add_nn_relu_3 |        0.163 |        9144.66 |     64 |
|    5 |                                  vm_mod_fused_nn_max_pool2d_1 |        0.004 |         364.48 |     64 |
|    6 |                           vm_mod_fused_nn_dense_add_nn_relu_1 |        0.096 |         351.26 |     64 |
|    7 |                             vm_mod_fused_nn_dense_add_nn_relu |        0.547 |         375.57 |    128 |
|    8 | vm_mod_fused_nn_contrib_conv2d_winograd_without_weight_transform_add_nn_relu_1 |        0.305 |        6757.88 |     64 |
|    9 |                                  vm_mod_fused_nn_max_pool2d_4 |        0.002 |          49.16 |     64 |
|   10 | vm_mod_fused_nn_contrib_conv2d_winograd_without_weight_transform_add_nn_relu_8 |        0.070 |        6194.58 |     64 |
|   11 |                           vm_mod_fused_nn_adaptive_avg_pool2d |        0.004 |          -0.00 |     64 |
|   12 | vm_mod_fused_nn_contrib_conv2d_winograd_without_weight_transform_add_nn_relu_6 |        0.087 |       10109.41 |     64 |
|   13 | vm_mod_fused_nn_contrib_conv2d_winograd_without_weight_transform_add_nn_relu_4 |        0.139 |        4653.53 |     64 |
|   14 |                                    vm_mod_fused_nn_max_pool2d |        0.007 |         433.57 |     64 |
|   15 | vm_mod_fused_nn_contrib_conv2d_winograd_without_weight_transform_add_nn_relu |        0.069 |        6281.45 |     64 |
|   16 |                                  vm_mod_fused_nn_max_pool2d_3 |        0.002 |         177.84 |     64 |
|   17 | vm_mod_fused_nn_contrib_conv2d_winograd_without_weight_transform_add_nn_relu_2 |        0.087 |        9541.67 |     64 |
-----------------------------------------------------------------------------------------------------------------
Estimated total latency: 2.316 ms	Trials: 1324	Used time : 4188 s	Next ID: 8	
.T***************************************************************
Time elapsed for measurement: 54.85 s
----------------------------------------------------------------------
------------------------------  [ Train cost model ]
----------------------------------------------------------------------
Time elapsed for training: 0.00 s
----------------------------------------------------------------------
------------------------------  [ Task Scheduler ]
----------------------------------------------------------------------
----------------------------------------------------------------------
------------------------------  [ Search ]
----------------------------------------------------------------------
Sample Iter: 5	#Pop: 59	#Target: 50	fail_ct: 10181	Time elapsed: 18.37
Sample Initial Population	#s: 59	fail_ct: 10181	Time elapsed: 18.39
GA Iter: 0	Max score: 0.6915	Min score: -0.0558	#Pop: 59	#M+: 0	#M-: 0
GA Iter: 4	Max score: 1.0352	Min score: 0.9108	#Pop: 128	#M+: 1389	#M-: 0
EvolutionarySearch		#s: 128	Time elapsed: 39.41
----------------------------------------------------------------------
------------------------------  [ Measure ]
----------------------------------------------------------------------
Get 64 programs to measure:
................................................................****************************************************************|  ID  |                       Task Description                        | Latency (ms) | Speed (GFLOPS) | Trials |
-----------------------------------------------------------------------------------------------------------------
|    0 |                                     vm_mod_fused_nn_dense_add |        0.021 |         392.73 |     64 |
|    1 |                                  vm_mod_fused_nn_max_pool2d_2 |        0.003 |         275.79 |     64 |
|    2 | vm_mod_fused_nn_contrib_conv2d_winograd_without_weight_transform_add_nn_relu_7 |        0.127 |       13727.58 |    128 |
|    3 | vm_mod_fused_nn_contrib_conv2d_winograd_without_weight_transform_add_nn_relu_5 |        0.157 |        7700.78 |    128 |
|    4 | vm_mod_fused_nn_contrib_conv2d_winograd_without_weight_transform_add_nn_relu_3 |        0.163 |        9144.66 |     64 |
|    5 |                                  vm_mod_fused_nn_max_pool2d_1 |        0.004 |         364.48 |     64 |
|    6 |                           vm_mod_fused_nn_dense_add_nn_relu_1 |        0.096 |         351.26 |     64 |
|    7 |                             vm_mod_fused_nn_dense_add_nn_relu |        0.547 |         375.57 |    128 |
|    8 | vm_mod_fused_nn_contrib_conv2d_winograd_without_weight_transform_add_nn_relu_1 |        0.215 |        9573.61 |    128 |
|    9 |                                  vm_mod_fused_nn_max_pool2d_4 |        0.002 |          49.16 |     64 |
|   10 | vm_mod_fused_nn_contrib_conv2d_winograd_without_weight_transform_add_nn_relu_8 |        0.070 |        6194.58 |     64 |
|   11 |                           vm_mod_fused_nn_adaptive_avg_pool2d |        0.004 |          -0.00 |     64 |
|   12 | vm_mod_fused_nn_contrib_conv2d_winograd_without_weight_transform_add_nn_relu_6 |        0.087 |       10109.41 |     64 |
|   13 | vm_mod_fused_nn_contrib_conv2d_winograd_without_weight_transform_add_nn_relu_4 |        0.139 |        4653.53 |     64 |
|   14 |                                    vm_mod_fused_nn_max_pool2d |        0.007 |         433.57 |     64 |
|   15 | vm_mod_fused_nn_contrib_conv2d_winograd_without_weight_transform_add_nn_relu |        0.069 |        6281.45 |     64 |
|   16 |                                  vm_mod_fused_nn_max_pool2d_3 |        0.002 |         177.84 |     64 |
|   17 | vm_mod_fused_nn_contrib_conv2d_winograd_without_weight_transform_add_nn_relu_2 |        0.087 |        9541.67 |     64 |
-----------------------------------------------------------------------------------------------------------------
Estimated total latency: 2.226 ms	Trials: 1388	Used time : 4510 s	Next ID: 7	

Time elapsed for measurement: 140.96 s
----------------------------------------------------------------------
------------------------------  [ Train cost model ]
----------------------------------------------------------------------
Time elapsed for training: 0.00 s
----------------------------------------------------------------------
------------------------------  [ Task Scheduler ]
----------------------------------------------------------------------
----------------------------------------------------------------------
------------------------------  [ Search ]
----------------------------------------------------------------------
Sample Initial Population	#s: 52	fail_ct: 1996	Time elapsed: 16.16
GA Iter: 0	Max score: 0.6768	Min score: -0.3298	#Pop: 52	#M+: 0	#M-: 0
GA Iter: 4	Max score: 1.1336	Min score: 0.9451	#Pop: 128	#M+: 1391	#M-: 0
EvolutionarySearch		#s: 128	Time elapsed: 217.34
----------------------------------------------------------------------
------------------------------  [ Measure ]
----------------------------------------------------------------------
Get 64 programs to measure:
................................................................****************************************************************|  ID  |                       Task Description                        | Latency (ms) | Speed (GFLOPS) | Trials |
-----------------------------------------------------------------------------------------------------------------
|    0 |                                     vm_mod_fused_nn_dense_add |        0.021 |         392.73 |     64 |
|    1 |                                  vm_mod_fused_nn_max_pool2d_2 |        0.003 |         275.79 |     64 |
|    2 | vm_mod_fused_nn_contrib_conv2d_winograd_without_weight_transform_add_nn_relu_7 |        0.127 |       13727.58 |    128 |
|    3 | vm_mod_fused_nn_contrib_conv2d_winograd_without_weight_transform_add_nn_relu_5 |        0.157 |        7700.78 |    128 |
|    4 | vm_mod_fused_nn_contrib_conv2d_winograd_without_weight_transform_add_nn_relu_3 |        0.163 |        9144.66 |     64 |
|    5 |                                  vm_mod_fused_nn_max_pool2d_1 |        0.004 |         364.48 |     64 |
|    6 |                           vm_mod_fused_nn_dense_add_nn_relu_1 |        0.096 |         351.26 |     64 |
|    7 |                             vm_mod_fused_nn_dense_add_nn_relu |        0.437 |         470.55 |    192 |
|    8 | vm_mod_fused_nn_contrib_conv2d_winograd_without_weight_transform_add_nn_relu_1 |        0.215 |        9573.61 |    128 |
|    9 |                                  vm_mod_fused_nn_max_pool2d_4 |        0.002 |          49.16 |     64 |
|   10 | vm_mod_fused_nn_contrib_conv2d_winograd_without_weight_transform_add_nn_relu_8 |        0.070 |        6194.58 |     64 |
|   11 |                           vm_mod_fused_nn_adaptive_avg_pool2d |        0.004 |          -0.00 |     64 |
|   12 | vm_mod_fused_nn_contrib_conv2d_winograd_without_weight_transform_add_nn_relu_6 |        0.087 |       10109.41 |     64 |
|   13 | vm_mod_fused_nn_contrib_conv2d_winograd_without_weight_transform_add_nn_relu_4 |        0.139 |        4653.53 |     64 |
|   14 |                                    vm_mod_fused_nn_max_pool2d |        0.007 |         433.57 |     64 |
|   15 | vm_mod_fused_nn_contrib_conv2d_winograd_without_weight_transform_add_nn_relu |        0.069 |        6281.45 |     64 |
|   16 |                                  vm_mod_fused_nn_max_pool2d_3 |        0.002 |         177.84 |     64 |
|   17 | vm_mod_fused_nn_contrib_conv2d_winograd_without_weight_transform_add_nn_relu_2 |        0.087 |        9541.67 |     64 |
-----------------------------------------------------------------------------------------------------------------
Estimated total latency: 2.116 ms	Trials: 1452	Used time : 4708 s	Next ID: 10	

Time elapsed for measurement: 41.43 s
----------------------------------------------------------------------
------------------------------  [ Train cost model ]
----------------------------------------------------------------------
Time elapsed for training: 0.00 s
----------------------------------------------------------------------
------------------------------  [ Task Scheduler ]
----------------------------------------------------------------------
----------------------------------------------------------------------
------------------------------  [ Search ]
----------------------------------------------------------------------
Sample Initial Population	#s: 59	fail_ct: 6085	Time elapsed: 51.48
GA Iter: 0	Max score: 0.7053	Min score: -0.2738	#Pop: 59	#M+: 0	#M-: 0
GA Iter: 4	Max score: 1.1285	Min score: 0.9589	#Pop: 128	#M+: 1402	#M-: 0
EvolutionarySearch		#s: 128	Time elapsed: 232.90
----------------------------------------------------------------------
------------------------------  [ Measure ]
----------------------------------------------------------------------
Get 64 programs to measure:
................................................................****************************************************************|  ID  |                       Task Description                        | Latency (ms) | Speed (GFLOPS) | Trials |
-----------------------------------------------------------------------------------------------------------------
|    0 |                                     vm_mod_fused_nn_dense_add |        0.021 |         392.73 |     64 |
|    1 |                                  vm_mod_fused_nn_max_pool2d_2 |        0.003 |         275.79 |     64 |
|    2 | vm_mod_fused_nn_contrib_conv2d_winograd_without_weight_transform_add_nn_relu_7 |        0.127 |       13727.58 |    128 |
|    3 | vm_mod_fused_nn_contrib_conv2d_winograd_without_weight_transform_add_nn_relu_5 |        0.157 |        7700.78 |    128 |
|    4 | vm_mod_fused_nn_contrib_conv2d_winograd_without_weight_transform_add_nn_relu_3 |        0.163 |        9144.66 |     64 |
|    5 |                                  vm_mod_fused_nn_max_pool2d_1 |        0.004 |         364.48 |     64 |
|    6 |                           vm_mod_fused_nn_dense_add_nn_relu_1 |        0.096 |         351.26 |     64 |
|    7 |                             vm_mod_fused_nn_dense_add_nn_relu |        0.437 |         470.55 |    192 |
|    8 | vm_mod_fused_nn_contrib_conv2d_winograd_without_weight_transform_add_nn_relu_1 |        0.215 |        9573.61 |    128 |
|    9 |                                  vm_mod_fused_nn_max_pool2d_4 |        0.002 |          49.16 |     64 |
|   10 | vm_mod_fused_nn_contrib_conv2d_winograd_without_weight_transform_add_nn_relu_8 |        0.062 |        7077.78 |    128 |
|   11 |                           vm_mod_fused_nn_adaptive_avg_pool2d |        0.004 |          -0.00 |     64 |
|   12 | vm_mod_fused_nn_contrib_conv2d_winograd_without_weight_transform_add_nn_relu_6 |        0.087 |       10109.41 |     64 |
|   13 | vm_mod_fused_nn_contrib_conv2d_winograd_without_weight_transform_add_nn_relu_4 |        0.139 |        4653.53 |     64 |
|   14 |                                    vm_mod_fused_nn_max_pool2d |        0.007 |         433.57 |     64 |
|   15 | vm_mod_fused_nn_contrib_conv2d_winograd_without_weight_transform_add_nn_relu |        0.069 |        6281.45 |     64 |
|   16 |                                  vm_mod_fused_nn_max_pool2d_3 |        0.002 |         177.84 |     64 |
|   17 | vm_mod_fused_nn_contrib_conv2d_winograd_without_weight_transform_add_nn_relu_2 |        0.087 |        9541.67 |     64 |
-----------------------------------------------------------------------------------------------------------------
Estimated total latency: 2.090 ms	Trials: 1516	Used time : 4984 s	Next ID: 4	

Time elapsed for measurement: 47.03 s
----------------------------------------------------------------------
------------------------------  [ Train cost model ]
----------------------------------------------------------------------
Time elapsed for training: 0.00 s
----------------------------------------------------------------------
------------------------------  [ Task Scheduler ]
----------------------------------------------------------------------
----------------------------------------------------------------------
------------------------------  [ Search ]
----------------------------------------------------------------------
Sample Initial Population	#s: 74	fail_ct: 6070	Time elapsed: 50.23
GA Iter: 0	Max score: 0.8293	Min score: -0.3676	#Pop: 74	#M+: 0	#M-: 0
GA Iter: 4	Max score: 1.2461	Min score: 0.9422	#Pop: 128	#M+: 1391	#M-: 0
EvolutionarySearch		#s: 128	Time elapsed: 241.99
----------------------------------------------------------------------
------------------------------  [ Measure ]
----------------------------------------------------------------------
Get 64 programs to measure:
...............................................................|  ID  |                       Task Description                        | Latency (ms) | Speed (GFLOPS) | Trials |
-----------------------------------------------------------------------------------------------------------------
|    0 |                                     vm_mod_fused_nn_dense_add |        0.021 |         392.73 |     64 |
|    1 |                                  vm_mod_fused_nn_max_pool2d_2 |        0.003 |         275.79 |     64 |
|    2 | vm_mod_fused_nn_contrib_conv2d_winograd_without_weight_transform_add_nn_relu_7 |        0.127 |       13727.58 |    128 |
|    3 | vm_mod_fused_nn_contrib_conv2d_winograd_without_weight_transform_add_nn_relu_5 |        0.157 |        7700.78 |    128 |
|    4 | vm_mod_fused_nn_contrib_conv2d_winograd_without_weight_transform_add_nn_relu_3 |        0.140 |       10671.79 |    128 |
|    5 |                                  vm_mod_fused_nn_max_pool2d_1 |        0.004 |         364.48 |     64 |
|    6 |                           vm_mod_fused_nn_dense_add_nn_relu_1 |        0.096 |         351.26 |     64 |
|    7 |                             vm_mod_fused_nn_dense_add_nn_relu |        0.437 |         470.55 |    192 |
|    8 | vm_mod_fused_nn_contrib_conv2d_winograd_without_weight_transform_add_nn_relu_1 |        0.215 |        9573.61 |    128 |
|    9 |                                  vm_mod_fused_nn_max_pool2d_4 |        0.002 |          49.16 |     64 |
|   10 | vm_mod_fused_nn_contrib_conv2d_winograd_without_weight_transform_add_nn_relu_8 |        0.062 |        7077.78 |    128 |
|   11 |                           vm_mod_fused_nn_adaptive_avg_pool2d |        0.004 |          -0.00 |     64 |
|   12 | vm_mod_fused_nn_contrib_conv2d_winograd_without_weight_transform_add_nn_relu_6 |        0.087 |       10109.41 |     64 |
|   13 | vm_mod_fused_nn_contrib_conv2d_winograd_without_weight_transform_add_nn_relu_4 |        0.139 |        4653.53 |     64 |
|   14 |                                    vm_mod_fused_nn_max_pool2d |        0.007 |         433.57 |     64 |
|   15 | vm_mod_fused_nn_contrib_conv2d_winograd_without_weight_transform_add_nn_relu |        0.069 |        6281.45 |     64 |
|   16 |                                  vm_mod_fused_nn_max_pool2d_3 |        0.002 |         177.84 |     64 |
|   17 | vm_mod_fused_nn_contrib_conv2d_winograd_without_weight_transform_add_nn_relu_2 |        0.087 |        9541.67 |     64 |
-----------------------------------------------------------------------------------------------------------------
Estimated total latency: 2.066 ms	Trials: 1580	Used time : 5316 s	Next ID: 3	
.T***************************************************************
Time elapsed for measurement: 45.16 s
----------------------------------------------------------------------
------------------------------  [ Train cost model ]
----------------------------------------------------------------------
Time elapsed for training: 9.37 s
----------------------------------------------------------------------
------------------------------  [ Task Scheduler ]
----------------------------------------------------------------------
----------------------------------------------------------------------
------------------------------  [ Search ]
----------------------------------------------------------------------
Sample Iter: 5	#Pop: 59	#Target: 50	fail_ct: 10181	Time elapsed: 17.54
Sample Initial Population	#s: 59	fail_ct: 10181	Time elapsed: 17.55
GA Iter: 0	Max score: 0.5399	Min score: -0.1302	#Pop: 59	#M+: 0	#M-: 0
GA Iter: 4	Max score: 1.0420	Min score: 0.9379	#Pop: 128	#M+: 1390	#M-: 0
EvolutionarySearch		#s: 128	Time elapsed: 36.74
----------------------------------------------------------------------
------------------------------  [ Measure ]
----------------------------------------------------------------------
Get 64 programs to measure:
................................................................****************************************************************|  ID  |                       Task Description                        | Latency (ms) | Speed (GFLOPS) | Trials |
-----------------------------------------------------------------------------------------------------------------
|    0 |                                     vm_mod_fused_nn_dense_add |        0.021 |         392.73 |     64 |
|    1 |                                  vm_mod_fused_nn_max_pool2d_2 |        0.003 |         275.79 |     64 |
|    2 | vm_mod_fused_nn_contrib_conv2d_winograd_without_weight_transform_add_nn_relu_7 |        0.127 |       13727.58 |    128 |
|    3 | vm_mod_fused_nn_contrib_conv2d_winograd_without_weight_transform_add_nn_relu_5 |        0.148 |        8167.82 |    192 |
|    4 | vm_mod_fused_nn_contrib_conv2d_winograd_without_weight_transform_add_nn_relu_3 |        0.140 |       10671.79 |    128 |
|    5 |                                  vm_mod_fused_nn_max_pool2d_1 |        0.004 |         364.48 |     64 |
|    6 |                           vm_mod_fused_nn_dense_add_nn_relu_1 |        0.096 |         351.26 |     64 |
|    7 |                             vm_mod_fused_nn_dense_add_nn_relu |        0.437 |         470.55 |    192 |
|    8 | vm_mod_fused_nn_contrib_conv2d_winograd_without_weight_transform_add_nn_relu_1 |        0.215 |        9573.61 |    128 |
|    9 |                                  vm_mod_fused_nn_max_pool2d_4 |        0.002 |          49.16 |     64 |
|   10 | vm_mod_fused_nn_contrib_conv2d_winograd_without_weight_transform_add_nn_relu_8 |        0.062 |        7077.78 |    128 |
|   11 |                           vm_mod_fused_nn_adaptive_avg_pool2d |        0.004 |          -0.00 |     64 |
|   12 | vm_mod_fused_nn_contrib_conv2d_winograd_without_weight_transform_add_nn_relu_6 |        0.087 |       10109.41 |     64 |
|   13 | vm_mod_fused_nn_contrib_conv2d_winograd_without_weight_transform_add_nn_relu_4 |        0.139 |        4653.53 |     64 |
|   14 |                                    vm_mod_fused_nn_max_pool2d |        0.007 |         433.57 |     64 |
|   15 | vm_mod_fused_nn_contrib_conv2d_winograd_without_weight_transform_add_nn_relu |        0.069 |        6281.45 |     64 |
|   16 |                                  vm_mod_fused_nn_max_pool2d_3 |        0.002 |         177.84 |     64 |
|   17 | vm_mod_fused_nn_contrib_conv2d_winograd_without_weight_transform_add_nn_relu_2 |        0.087 |        9541.67 |     64 |
-----------------------------------------------------------------------------------------------------------------
Estimated total latency: 2.048 ms	Trials: 1644	Used time : 5664 s	Next ID: 7	

Time elapsed for measurement: 140.29 s
----------------------------------------------------------------------
------------------------------  [ Train cost model ]
----------------------------------------------------------------------
Time elapsed for training: 0.00 s
----------------------------------------------------------------------
------------------------------  [ Task Scheduler ]
----------------------------------------------------------------------
----------------------------------------------------------------------
------------------------------  [ Search ]
----------------------------------------------------------------------
Sample Initial Population	#s: 74	fail_ct: 6070	Time elapsed: 50.76
GA Iter: 0	Max score: 0.7313	Min score: 0.0205	#Pop: 74	#M+: 0	#M-: 0
GA Iter: 4	Max score: 1.0368	Min score: 0.9322	#Pop: 128	#M+: 1385	#M-: 0
EvolutionarySearch		#s: 128	Time elapsed: 228.25
----------------------------------------------------------------------
------------------------------  [ Measure ]
----------------------------------------------------------------------
Get 64 programs to measure:
................................................................****************************************************************|  ID  |                       Task Description                        | Latency (ms) | Speed (GFLOPS) | Trials |
-----------------------------------------------------------------------------------------------------------------
|    0 |                                     vm_mod_fused_nn_dense_add |        0.021 |         392.73 |     64 |
|    1 |                                  vm_mod_fused_nn_max_pool2d_2 |        0.003 |         275.79 |     64 |
|    2 | vm_mod_fused_nn_contrib_conv2d_winograd_without_weight_transform_add_nn_relu_7 |        0.127 |       13727.58 |    128 |
|    3 | vm_mod_fused_nn_contrib_conv2d_winograd_without_weight_transform_add_nn_relu_5 |        0.148 |        8167.82 |    192 |
|    4 | vm_mod_fused_nn_contrib_conv2d_winograd_without_weight_transform_add_nn_relu_3 |        0.140 |       10671.79 |    128 |
|    5 |                                  vm_mod_fused_nn_max_pool2d_1 |        0.004 |         364.48 |     64 |
|    6 |                           vm_mod_fused_nn_dense_add_nn_relu_1 |        0.096 |         351.26 |     64 |
|    7 |                             vm_mod_fused_nn_dense_add_nn_relu |        0.434 |         473.52 |    256 |
|    8 | vm_mod_fused_nn_contrib_conv2d_winograd_without_weight_transform_add_nn_relu_1 |        0.215 |        9573.61 |    128 |
|    9 |                                  vm_mod_fused_nn_max_pool2d_4 |        0.002 |          49.16 |     64 |
|   10 | vm_mod_fused_nn_contrib_conv2d_winograd_without_weight_transform_add_nn_relu_8 |        0.062 |        7077.78 |    128 |
|   11 |                           vm_mod_fused_nn_adaptive_avg_pool2d |        0.004 |          -0.00 |     64 |
|   12 | vm_mod_fused_nn_contrib_conv2d_winograd_without_weight_transform_add_nn_relu_6 |        0.087 |       10109.41 |     64 |
|   13 | vm_mod_fused_nn_contrib_conv2d_winograd_without_weight_transform_add_nn_relu_4 |        0.139 |        4653.53 |     64 |
|   14 |                                    vm_mod_fused_nn_max_pool2d |        0.007 |         433.57 |     64 |
|   15 | vm_mod_fused_nn_contrib_conv2d_winograd_without_weight_transform_add_nn_relu |        0.069 |        6281.45 |     64 |
|   16 |                                  vm_mod_fused_nn_max_pool2d_3 |        0.002 |         177.84 |     64 |
|   17 | vm_mod_fused_nn_contrib_conv2d_winograd_without_weight_transform_add_nn_relu_2 |        0.087 |        9541.67 |     64 |
-----------------------------------------------------------------------------------------------------------------
Estimated total latency: 2.046 ms	Trials: 1708	Used time : 5858 s	Next ID: 13	

Time elapsed for measurement: 41.36 s
----------------------------------------------------------------------
------------------------------  [ Train cost model ]
----------------------------------------------------------------------
Time elapsed for training: 0.00 s
----------------------------------------------------------------------
------------------------------  [ Task Scheduler ]
----------------------------------------------------------------------
----------------------------------------------------------------------
------------------------------  [ Search ]
----------------------------------------------------------------------
Sample Initial Population	#s: 53	fail_ct: 4043	Time elapsed: 35.02
GA Iter: 0	Max score: 0.7364	Min score: -0.1950	#Pop: 53	#M+: 0	#M-: 0
GA Iter: 4	Max score: 1.0070	Min score: 0.9329	#Pop: 128	#M+: 1394	#M-: 0
EvolutionarySearch		#s: 128	Time elapsed: 213.87
----------------------------------------------------------------------
------------------------------  [ Measure ]
----------------------------------------------------------------------
Get 64 programs to measure:
................................................................****************************************************************|  ID  |                       Task Description                        | Latency (ms) | Speed (GFLOPS) | Trials |
-----------------------------------------------------------------------------------------------------------------
|    0 |                                     vm_mod_fused_nn_dense_add |        0.021 |         392.73 |     64 |
|    1 |                                  vm_mod_fused_nn_max_pool2d_2 |        0.003 |         275.79 |     64 |
|    2 | vm_mod_fused_nn_contrib_conv2d_winograd_without_weight_transform_add_nn_relu_7 |        0.127 |       13727.58 |    128 |
|    3 | vm_mod_fused_nn_contrib_conv2d_winograd_without_weight_transform_add_nn_relu_5 |        0.148 |        8167.82 |    192 |
|    4 | vm_mod_fused_nn_contrib_conv2d_winograd_without_weight_transform_add_nn_relu_3 |        0.140 |       10671.79 |    128 |
|    5 |                                  vm_mod_fused_nn_max_pool2d_1 |        0.004 |         364.48 |     64 |
|    6 |                           vm_mod_fused_nn_dense_add_nn_relu_1 |        0.096 |         351.26 |     64 |
|    7 |                             vm_mod_fused_nn_dense_add_nn_relu |        0.434 |         473.52 |    256 |
|    8 | vm_mod_fused_nn_contrib_conv2d_winograd_without_weight_transform_add_nn_relu_1 |        0.215 |        9573.61 |    128 |
|    9 |                                  vm_mod_fused_nn_max_pool2d_4 |        0.002 |          49.16 |     64 |
|   10 | vm_mod_fused_nn_contrib_conv2d_winograd_without_weight_transform_add_nn_relu_8 |        0.062 |        7077.78 |    128 |
|   11 |                           vm_mod_fused_nn_adaptive_avg_pool2d |        0.004 |          -0.00 |     64 |
|   12 | vm_mod_fused_nn_contrib_conv2d_winograd_without_weight_transform_add_nn_relu_6 |        0.087 |       10109.41 |     64 |
|   13 | vm_mod_fused_nn_contrib_conv2d_winograd_without_weight_transform_add_nn_relu_4 |        0.099 |        6563.56 |    128 |
|   14 |                                    vm_mod_fused_nn_max_pool2d |        0.007 |         433.57 |     64 |
|   15 | vm_mod_fused_nn_contrib_conv2d_winograd_without_weight_transform_add_nn_relu |        0.069 |        6281.45 |     64 |
|   16 |                                  vm_mod_fused_nn_max_pool2d_3 |        0.002 |         177.84 |     64 |
|   17 | vm_mod_fused_nn_contrib_conv2d_winograd_without_weight_transform_add_nn_relu_2 |        0.087 |        9541.67 |     64 |
-----------------------------------------------------------------------------------------------------------------
Estimated total latency: 2.005 ms	Trials: 1772	Used time : 6179 s	Next ID: 2	

Time elapsed for measurement: 36.96 s
----------------------------------------------------------------------
------------------------------  [ Train cost model ]
----------------------------------------------------------------------
Time elapsed for training: 0.00 s
----------------------------------------------------------------------
------------------------------  [ Task Scheduler ]
----------------------------------------------------------------------
----------------------------------------------------------------------
------------------------------  [ Search ]
----------------------------------------------------------------------
Sample Iter: 5	#Pop: 63	#Target: 50	fail_ct: 10177	Time elapsed: 17.16
Sample Initial Population	#s: 63	fail_ct: 10177	Time elapsed: 17.17
GA Iter: 0	Max score: 0.8302	Min score: -0.1229	#Pop: 63	#M+: 0	#M-: 0
GA Iter: 4	Max score: 1.0745	Min score: 0.9943	#Pop: 128	#M+: 1396	#M-: 0
EvolutionarySearch		#s: 128	Time elapsed: 37.69
----------------------------------------------------------------------
------------------------------  [ Measure ]
----------------------------------------------------------------------
Get 64 programs to measure:
................................................................****************************************************************|  ID  |                       Task Description                        | Latency (ms) | Speed (GFLOPS) | Trials |
-----------------------------------------------------------------------------------------------------------------
|    0 |                                     vm_mod_fused_nn_dense_add |        0.021 |         392.73 |     64 |
|    1 |                                  vm_mod_fused_nn_max_pool2d_2 |        0.003 |         275.79 |     64 |
|    2 | vm_mod_fused_nn_contrib_conv2d_winograd_without_weight_transform_add_nn_relu_7 |        0.107 |       16216.98 |    192 |
|    3 | vm_mod_fused_nn_contrib_conv2d_winograd_without_weight_transform_add_nn_relu_5 |        0.148 |        8167.82 |    192 |
|    4 | vm_mod_fused_nn_contrib_conv2d_winograd_without_weight_transform_add_nn_relu_3 |        0.140 |       10671.79 |    128 |
|    5 |                                  vm_mod_fused_nn_max_pool2d_1 |        0.004 |         364.48 |     64 |
|    6 |                           vm_mod_fused_nn_dense_add_nn_relu_1 |        0.096 |         351.26 |     64 |
|    7 |                             vm_mod_fused_nn_dense_add_nn_relu |        0.434 |         473.52 |    256 |
|    8 | vm_mod_fused_nn_contrib_conv2d_winograd_without_weight_transform_add_nn_relu_1 |        0.215 |        9573.61 |    128 |
|    9 |                                  vm_mod_fused_nn_max_pool2d_4 |        0.002 |          49.16 |     64 |
|   10 | vm_mod_fused_nn_contrib_conv2d_winograd_without_weight_transform_add_nn_relu_8 |        0.062 |        7077.78 |    128 |
|   11 |                           vm_mod_fused_nn_adaptive_avg_pool2d |        0.004 |          -0.00 |     64 |
|   12 | vm_mod_fused_nn_contrib_conv2d_winograd_without_weight_transform_add_nn_relu_6 |        0.087 |       10109.41 |     64 |
|   13 | vm_mod_fused_nn_contrib_conv2d_winograd_without_weight_transform_add_nn_relu_4 |        0.099 |        6563.56 |    128 |
|   14 |                                    vm_mod_fused_nn_max_pool2d |        0.007 |         433.57 |     64 |
|   15 | vm_mod_fused_nn_contrib_conv2d_winograd_without_weight_transform_add_nn_relu |        0.069 |        6281.45 |     64 |
|   16 |                                  vm_mod_fused_nn_max_pool2d_3 |        0.002 |         177.84 |     64 |
|   17 | vm_mod_fused_nn_contrib_conv2d_winograd_without_weight_transform_add_nn_relu_2 |        0.087 |        9541.67 |     64 |
-----------------------------------------------------------------------------------------------------------------
Estimated total latency: 1.966 ms	Trials: 1836	Used time : 6466 s	Next ID: 7	

Time elapsed for measurement: 137.92 s
----------------------------------------------------------------------
------------------------------  [ Train cost model ]
----------------------------------------------------------------------
Time elapsed for training: 0.00 s
----------------------------------------------------------------------
------------------------------  [ Task Scheduler ]
----------------------------------------------------------------------
----------------------------------------------------------------------
------------------------------  [ Search ]
----------------------------------------------------------------------
Sample Initial Population	#s: 54	fail_ct: 8138	Time elapsed: 68.75
GA Iter: 0	Max score: 0.7062	Min score: -0.1905	#Pop: 54	#M+: 0	#M-: 0
GA Iter: 4	Max score: 1.6348	Min score: 0.9405	#Pop: 128	#M+: 1390	#M-: 0
EvolutionarySearch		#s: 128	Time elapsed: 205.64
----------------------------------------------------------------------
------------------------------  [ Measure ]
----------------------------------------------------------------------
Get 64 programs to measure:
................................................................****************************************************************|  ID  |                       Task Description                        | Latency (ms) | Speed (GFLOPS) | Trials |
-----------------------------------------------------------------------------------------------------------------
|    0 |                                     vm_mod_fused_nn_dense_add |        0.021 |         392.73 |     64 |
|    1 |                                  vm_mod_fused_nn_max_pool2d_2 |        0.003 |         275.79 |     64 |
|    2 | vm_mod_fused_nn_contrib_conv2d_winograd_without_weight_transform_add_nn_relu_7 |        0.107 |       16216.98 |    192 |
|    3 | vm_mod_fused_nn_contrib_conv2d_winograd_without_weight_transform_add_nn_relu_5 |        0.148 |        8167.82 |    192 |
|    4 | vm_mod_fused_nn_contrib_conv2d_winograd_without_weight_transform_add_nn_relu_3 |        0.140 |       10671.79 |    128 |
|    5 |                                  vm_mod_fused_nn_max_pool2d_1 |        0.004 |         364.48 |     64 |
|    6 |                           vm_mod_fused_nn_dense_add_nn_relu_1 |        0.096 |         351.26 |     64 |
|    7 |                             vm_mod_fused_nn_dense_add_nn_relu |        0.434 |         473.52 |    320 |
|    8 | vm_mod_fused_nn_contrib_conv2d_winograd_without_weight_transform_add_nn_relu_1 |        0.215 |        9573.61 |    128 |
|    9 |                                  vm_mod_fused_nn_max_pool2d_4 |        0.002 |          49.16 |     64 |
|   10 | vm_mod_fused_nn_contrib_conv2d_winograd_without_weight_transform_add_nn_relu_8 |        0.062 |        7077.78 |    128 |
|   11 |                           vm_mod_fused_nn_adaptive_avg_pool2d |        0.004 |          -0.00 |     64 |
|   12 | vm_mod_fused_nn_contrib_conv2d_winograd_without_weight_transform_add_nn_relu_6 |        0.087 |       10109.41 |     64 |
|   13 | vm_mod_fused_nn_contrib_conv2d_winograd_without_weight_transform_add_nn_relu_4 |        0.099 |        6563.56 |    128 |
|   14 |                                    vm_mod_fused_nn_max_pool2d |        0.007 |         433.57 |     64 |
|   15 | vm_mod_fused_nn_contrib_conv2d_winograd_without_weight_transform_add_nn_relu |        0.069 |        6281.45 |     64 |
|   16 |                                  vm_mod_fused_nn_max_pool2d_3 |        0.002 |         177.84 |     64 |
|   17 | vm_mod_fused_nn_contrib_conv2d_winograd_without_weight_transform_add_nn_relu_2 |        0.087 |        9541.67 |     64 |
-----------------------------------------------------------------------------------------------------------------
Estimated total latency: 1.966 ms	Trials: 1900	Used time : 6659 s	Next ID: 8	

Time elapsed for measurement: 51.25 s
----------------------------------------------------------------------
------------------------------  [ Train cost model ]
----------------------------------------------------------------------
Time elapsed for training: 0.00 s
----------------------------------------------------------------------
------------------------------  [ Task Scheduler ]
----------------------------------------------------------------------
----------------------------------------------------------------------
------------------------------  [ Search ]
----------------------------------------------------------------------
Sample Initial Population	#s: 61	fail_ct: 4035	Time elapsed: 34.50
GA Iter: 0	Max score: 0.6380	Min score: -0.3523	#Pop: 61	#M+: 0	#M-: 0
GA Iter: 4	Max score: 0.9743	Min score: 0.9357	#Pop: 128	#M+: 1384	#M-: 0
EvolutionarySearch		#s: 128	Time elapsed: 238.90
----------------------------------------------------------------------
------------------------------  [ Measure ]
----------------------------------------------------------------------
Get 64 programs to measure:
...............................................................|  ID  |                       Task Description                        | Latency (ms) | Speed (GFLOPS) | Trials |
-----------------------------------------------------------------------------------------------------------------
|    0 |                                     vm_mod_fused_nn_dense_add |        0.021 |         392.73 |     64 |
|    1 |                                  vm_mod_fused_nn_max_pool2d_2 |        0.003 |         275.79 |     64 |
|    2 | vm_mod_fused_nn_contrib_conv2d_winograd_without_weight_transform_add_nn_relu_7 |        0.107 |       16216.98 |    192 |
|    3 | vm_mod_fused_nn_contrib_conv2d_winograd_without_weight_transform_add_nn_relu_5 |        0.148 |        8167.82 |    192 |
|    4 | vm_mod_fused_nn_contrib_conv2d_winograd_without_weight_transform_add_nn_relu_3 |        0.140 |       10671.79 |    128 |
|    5 |                                  vm_mod_fused_nn_max_pool2d_1 |        0.004 |         364.48 |     64 |
|    6 |                           vm_mod_fused_nn_dense_add_nn_relu_1 |        0.096 |         351.26 |     64 |
|    7 |                             vm_mod_fused_nn_dense_add_nn_relu |        0.434 |         473.52 |    320 |
|    8 | vm_mod_fused_nn_contrib_conv2d_winograd_without_weight_transform_add_nn_relu_1 |        0.175 |       11736.24 |    192 |
|    9 |                                  vm_mod_fused_nn_max_pool2d_4 |        0.002 |          49.16 |     64 |
|   10 | vm_mod_fused_nn_contrib_conv2d_winograd_without_weight_transform_add_nn_relu_8 |        0.062 |        7077.78 |    128 |
|   11 |                           vm_mod_fused_nn_adaptive_avg_pool2d |        0.004 |          -0.00 |     64 |
|   12 | vm_mod_fused_nn_contrib_conv2d_winograd_without_weight_transform_add_nn_relu_6 |        0.087 |       10109.41 |     64 |
|   13 | vm_mod_fused_nn_contrib_conv2d_winograd_without_weight_transform_add_nn_relu_4 |        0.099 |        6563.56 |    128 |
|   14 |                                    vm_mod_fused_nn_max_pool2d |        0.007 |         433.57 |     64 |
|   15 | vm_mod_fused_nn_contrib_conv2d_winograd_without_weight_transform_add_nn_relu |        0.069 |        6281.45 |     64 |
|   16 |                                  vm_mod_fused_nn_max_pool2d_3 |        0.002 |         177.84 |     64 |
|   17 | vm_mod_fused_nn_contrib_conv2d_winograd_without_weight_transform_add_nn_relu_2 |        0.087 |        9541.67 |     64 |
-----------------------------------------------------------------------------------------------------------------
Estimated total latency: 1.926 ms	Trials: 1964	Used time : 6985 s	Next ID: 3	
.T***************************************************************
Time elapsed for measurement: 48.75 s
----------------------------------------------------------------------
------------------------------  [ Train cost model ]
----------------------------------------------------------------------
Time elapsed for training: 7.02 s
Tuning Time:
 ID |                  Name | Time (min) | Percentage 
------------------------------------------------------
    |                 Total |   122.7271 |   100.0000 
  1 |                Tuning |   121.9159 |    99.3389 
  2 | PostTuningCompilation |     0.6116 |     0.4984 
  3 |        TaskExtraction |     0.1996 |     0.1627 
------------------------------------------------------
Evaluate inference time cost...
Execution time summary:
 mean (ms)   median (ms)    max (ms)     min (ms)     std (ms)  
   2.1083       2.1081       2.1090       2.1080       0.0003   
               
