nohup: ignoring input
Workload: wide_resnet_50
AutoScheduler log: /home/qsy/workspace/complier/llm_compiler/result/wide_resnet_50_1x3x224x224_4090.json
==== Task 0: vm_mod_fused_nn_conv2d_add (weight 1 key: ["cb7a0e9e733d26ffc00e7f6c9cc0f879", [1, 56, 56, 64], [1, 1, 64, 256], [1, 1, 1, 256], [1, 56, 56, 256]]) =====
p0 = PLACEHOLDER [1, 56, 56, 64]
pad_temp(i0, i1, i2, i3) = p0[i0, i1, i2, i3]
p1 = PLACEHOLDER [1, 1, 64, 256]
conv2d_nhwc(nn, yy, xx, ff) += (pad_temp[nn, (yy + ry), (xx + rx), rc]*p1[ry, rx, rc, ff])
p2 = PLACEHOLDER [1, 1, 1, 256]
T_add(ax0, ax1, ax2, ax3) = (conv2d_nhwc[ax0, ax1, ax2, ax3] + p2[ax0, 0, 0, ax3])

==== Task 1: vm_mod_fused_nn_conv2d_add_nn_relu_5 (weight 3 key: ["6d628209072e3e3dd8f49359935acea6", [1, 28, 28, 512], [1, 1, 512, 256], [1, 1, 1, 256], [1, 28, 28, 256]]) =====
p0 = PLACEHOLDER [1, 28, 28, 512]
pad_temp(i0, i1, i2, i3) = p0[i0, i1, i2, i3]
p1 = PLACEHOLDER [1, 1, 512, 256]
conv2d_nhwc(nn, yy, xx, ff) += (pad_temp[nn, (yy + ry), (xx + rx), rc]*p1[ry, rx, rc, ff])
p2 = PLACEHOLDER [1, 1, 1, 256]
T_add(ax0, ax1, ax2, ax3) = (conv2d_nhwc[ax0, ax1, ax2, ax3] + p2[ax0, 0, 0, ax3])
T_relu(ax0, ax1, ax2, ax3) = max(T_add[ax0, ax1, ax2, ax3], 0f)

==== Task 2: vm_mod_fused_nn_max_pool2d (weight 1 key: ["c219de5fa5fe694343f2826ebe8e47ce", [1, 112, 112, 64], [1, 56, 56, 64]]) =====
p0 = PLACEHOLDER [1, 112, 112, 64]
pad_temp(ax0, ax1, ax2, ax3) = tir.if_then_else(((((ax1 >= 1) && (ax1 < 113)) && (ax2 >= 1)) && (ax2 < 113)), p0[ax0, (ax1 - 1), (ax2 - 1), ax3], -3.40282e+38f)
pool_max(ax0, ax1, ax2, ax3) max= pad_temp[ax0, ((ax1*2) + rv0), ((ax2*2) + rv1), ax3]

==== Task 3: vm_mod_fused_nn_conv2d_add_nn_relu_1 (weight 1 key: ["6d628209072e3e3dd8f49359935acea6", [1, 56, 56, 64], [1, 1, 64, 128], [1, 1, 1, 128], [1, 56, 56, 128]]) =====
p0 = PLACEHOLDER [1, 56, 56, 64]
pad_temp(i0, i1, i2, i3) = p0[i0, i1, i2, i3]
p1 = PLACEHOLDER [1, 1, 64, 128]
conv2d_nhwc(nn, yy, xx, ff) += (pad_temp[nn, (yy + ry), (xx + rx), rc]*p1[ry, rx, rc, ff])
p2 = PLACEHOLDER [1, 1, 1, 128]
T_add(ax0, ax1, ax2, ax3) = (conv2d_nhwc[ax0, ax1, ax2, ax3] + p2[ax0, 0, 0, ax3])
T_relu(ax0, ax1, ax2, ax3) = max(T_add[ax0, ax1, ax2, ax3], 0f)

==== Task 4: vm_mod_fused_nn_dense_add (weight 1 key: ["00a059b856ac30ac172b6252254479a6", [1, 2048], [1000, 2048], [1, 1000], [1, 1000]]) =====
p0 = PLACEHOLDER [1, 2048]
p1 = PLACEHOLDER [1000, 2048]
T_matmul_NT(i, j) += (p0[i, k]*p1[j, k])
p2 = PLACEHOLDER [1, 1000]
T_add(ax0, ax1) = (T_matmul_NT[ax0, ax1] + p2[ax0, ax1])

==== Task 5: vm_mod_fused_nn_conv2d_add_nn_relu_8 (weight 5 key: ["6d628209072e3e3dd8f49359935acea6", [1, 14, 14, 1024], [1, 1, 1024, 512], [1, 1, 1, 512], [1, 14, 14, 512]]) =====
p0 = PLACEHOLDER [1, 14, 14, 1024]
pad_temp(i0, i1, i2, i3) = p0[i0, i1, i2, i3]
p1 = PLACEHOLDER [1, 1, 1024, 512]
conv2d_nhwc(nn, yy, xx, ff) += (pad_temp[nn, (yy + ry), (xx + rx), rc]*p1[ry, rx, rc, ff])
p2 = PLACEHOLDER [1, 1, 1, 512]
T_add(ax0, ax1, ax2, ax3) = (conv2d_nhwc[ax0, ax1, ax2, ax3] + p2[ax0, 0, 0, ax3])
T_relu(ax0, ax1, ax2, ax3) = max(T_add[ax0, ax1, ax2, ax3], 0f)

==== Task 6: vm_mod_fused_nn_conv2d_add_3 (weight 1 key: ["cb5e1bf27549411a1320749a1d8e07ca", [1, 14, 14, 1024], [1, 1, 1024, 2048], [1, 1, 1, 2048], [1, 7, 7, 2048]]) =====
p0 = PLACEHOLDER [1, 14, 14, 1024]
pad_temp(i0, i1, i2, i3) = p0[i0, i1, i2, i3]
p1 = PLACEHOLDER [1, 1, 1024, 2048]
conv2d_nhwc(nn, yy, xx, ff) += (pad_temp[nn, ((yy*2) + ry), ((xx*2) + rx), rc]*p1[ry, rx, rc, ff])
p2 = PLACEHOLDER [1, 1, 1, 2048]
T_add(ax0, ax1, ax2, ax3) = (conv2d_nhwc[ax0, ax1, ax2, ax3] + p2[ax0, 0, 0, ax3])

==== Task 7: vm_mod_fused_nn_conv2d_add_add_nn_relu_3 (weight 3 key: ["09e1468652ad0039f0b726123db6e54d", [1, 7, 7, 1024], [1, 1, 1024, 2048], [1, 1, 1, 2048], [1, 7, 7, 2048], [1, 7, 7, 2048]]) =====
p0 = PLACEHOLDER [1, 7, 7, 1024]
pad_temp(i0, i1, i2, i3) = p0[i0, i1, i2, i3]
p1 = PLACEHOLDER [1, 1, 1024, 2048]
conv2d_nhwc(nn, yy, xx, ff) += (pad_temp[nn, (yy + ry), (xx + rx), rc]*p1[ry, rx, rc, ff])
p2 = PLACEHOLDER [1, 1, 1, 2048]
T_add(ax0, ax1, ax2, ax3) = (conv2d_nhwc[ax0, ax1, ax2, ax3] + p2[ax0, 0, 0, ax3])
p3 = PLACEHOLDER [1, 7, 7, 2048]
T_add(ax0, ax1, ax2, ax3) = (T_add[ax0, ax1, ax2, ax3] + p3[ax0, ax1, ax2, ax3])
T_relu(ax0, ax1, ax2, ax3) = max(T_add[ax0, ax1, ax2, ax3], 0f)

==== Task 8: vm_mod_fused_nn_conv2d_add_nn_relu_4 (weight 1 key: ["07f9fcad27bdd3233f86fe35a5185d33", [1, 56, 56, 256], [3, 3, 256, 256], [1, 1, 1, 256], [1, 28, 28, 256]]) =====
p0 = PLACEHOLDER [1, 56, 56, 256]
pad_temp(i0, i1, i2, i3) = tir.if_then_else(((((i1 >= 1) && (i1 < 57)) && (i2 >= 1)) && (i2 < 57)), p0[i0, (i1 - 1), (i2 - 1), i3], 0f)
p1 = PLACEHOLDER [3, 3, 256, 256]
conv2d_nhwc(nn, yy, xx, ff) += (pad_temp[nn, ((yy*2) + ry), ((xx*2) + rx), rc]*p1[ry, rx, rc, ff])
p2 = PLACEHOLDER [1, 1, 1, 256]
T_add(ax0, ax1, ax2, ax3) = (conv2d_nhwc[ax0, ax1, ax2, ax3] + p2[ax0, 0, 0, ax3])
T_relu(ax0, ax1, ax2, ax3) = max(T_add[ax0, ax1, ax2, ax3], 0f)

==== Task 9: vm_mod_fused_nn_conv2d_add_add_nn_relu (weight 3 key: ["09e1468652ad0039f0b726123db6e54d", [1, 56, 56, 128], [1, 1, 128, 256], [1, 1, 1, 256], [1, 56, 56, 256], [1, 56, 56, 256]]) =====
p0 = PLACEHOLDER [1, 56, 56, 128]
pad_temp(i0, i1, i2, i3) = p0[i0, i1, i2, i3]
p1 = PLACEHOLDER [1, 1, 128, 256]
conv2d_nhwc(nn, yy, xx, ff) += (pad_temp[nn, (yy + ry), (xx + rx), rc]*p1[ry, rx, rc, ff])
p2 = PLACEHOLDER [1, 1, 1, 256]
T_add(ax0, ax1, ax2, ax3) = (conv2d_nhwc[ax0, ax1, ax2, ax3] + p2[ax0, 0, 0, ax3])
p3 = PLACEHOLDER [1, 56, 56, 256]
T_add(ax0, ax1, ax2, ax3) = (T_add[ax0, ax1, ax2, ax3] + p3[ax0, ax1, ax2, ax3])
T_relu(ax0, ax1, ax2, ax3) = max(T_add[ax0, ax1, ax2, ax3], 0f)

==== Task 10: vm_mod_fused_nn_conv2d_add_add_nn_relu_1 (weight 4 key: ["09e1468652ad0039f0b726123db6e54d", [1, 28, 28, 256], [1, 1, 256, 512], [1, 1, 1, 512], [1, 28, 28, 512], [1, 28, 28, 512]]) =====
p0 = PLACEHOLDER [1, 28, 28, 256]
pad_temp(i0, i1, i2, i3) = p0[i0, i1, i2, i3]
p1 = PLACEHOLDER [1, 1, 256, 512]
conv2d_nhwc(nn, yy, xx, ff) += (pad_temp[nn, (yy + ry), (xx + rx), rc]*p1[ry, rx, rc, ff])
p2 = PLACEHOLDER [1, 1, 1, 512]
T_add(ax0, ax1, ax2, ax3) = (conv2d_nhwc[ax0, ax1, ax2, ax3] + p2[ax0, 0, 0, ax3])
p3 = PLACEHOLDER [1, 28, 28, 512]
T_add(ax0, ax1, ax2, ax3) = (T_add[ax0, ax1, ax2, ax3] + p3[ax0, ax1, ax2, ax3])
T_relu(ax0, ax1, ax2, ax3) = max(T_add[ax0, ax1, ax2, ax3], 0f)

==== Task 11: vm_mod_fused_nn_contrib_conv2d_winograd_without_weight_transform_add_nn_relu_3 (weight 2 key: ["40b1cf1fd37b0ef111b3cc0247302508", [1, 7, 7, 1024], [4, 4, 1024, 1024], [1, 1, 1, 1024], [1, 7, 7, 1024]]) =====
p0 = PLACEHOLDER [1, 7, 7, 1024]
data_pad(i0, i1, i2, i3) = tir.if_then_else(((((i1 >= 1) && (i1 < 8)) && (i2 >= 1)) && (i2 < 8)), p0[i0, (i1 - 1), (i2 - 1), i3], 0f)
input_tile(eps, nu, p, ci) = data_pad[floordiv(p, 16), ((floormod(floordiv(p, 4), 4)*2) + eps), ((floormod(p, 4)*2) + nu), ci]
B(i, j) = select(((floormod(i, 4) == 3) && (floormod(j, 4) == 3)), 1f, select(((floormod(i, 4) == 3) && (floormod(j, 4) == 2)),  ..(OMITTED).. ormod(i, 4) == 0) && (floormod(j, 4) == 1)), 0f, select(((floormod(i, 4) == 0) && (floormod(j, 4) == 0)), 1f, 0f))))))))))))))))
data_pack(eps, nu, p, ci) += ((input_tile[r_a, r_b, p, ci]*B[r_a, eps])*B[r_b, nu])
p1 = PLACEHOLDER [4, 4, 1024, 1024]
bgemm(eps, nu, p, co) += (data_pack[eps, nu, p, ci]*p1[eps, nu, co, ci])
A(i, j) = select(((floormod(i, 4) == 3) && (floormod(j, 2) == 1)), 1f, select(((floormod(i, 4) == 3) && (floormod(j, 2) == 0)),  ..(OMITTED).. ct(((floormod(i, 4) == 0) && (floormod(j, 2) == 1)), 0f, select(((floormod(i, 4) == 0) && (floormod(j, 2) == 0)), 1f, 0f))))))))
inverse(vh, vw, p, co) += ((bgemm[r_a, r_b, p, co]*A[r_a, vh])*A[r_b, vw])
conv2d_winograd(n, h, w, co) = inverse[floormod(h, 2), floormod(w, 2), ((((n*4)*4) + (floordiv(h, 2)*4)) + floordiv(w, 2)), co]
p2 = PLACEHOLDER [1, 1, 1, 1024]
T_add(ax0, ax1, ax2, ax3) = (conv2d_winograd[ax0, ax1, ax2, ax3] + p2[ax0, 0, 0, ax3])
T_relu(ax0, ax1, ax2, ax3) = max(T_add[ax0, ax1, ax2, ax3], 0f)

==== Task 12: vm_mod_fused_nn_conv2d_add_2 (weight 1 key: ["cb5e1bf27549411a1320749a1d8e07ca", [1, 28, 28, 512], [1, 1, 512, 1024], [1, 1, 1, 1024], [1, 14, 14, 1024]]) =====
p0 = PLACEHOLDER [1, 28, 28, 512]
pad_temp(i0, i1, i2, i3) = p0[i0, i1, i2, i3]
p1 = PLACEHOLDER [1, 1, 512, 1024]
conv2d_nhwc(nn, yy, xx, ff) += (pad_temp[nn, ((yy*2) + ry), ((xx*2) + rx), rc]*p1[ry, rx, rc, ff])
p2 = PLACEHOLDER [1, 1, 1, 1024]
T_add(ax0, ax1, ax2, ax3) = (conv2d_nhwc[ax0, ax1, ax2, ax3] + p2[ax0, 0, 0, ax3])

==== Task 13: vm_mod_fused_nn_conv2d_add_nn_relu (weight 1 key: ["07f9fcad27bdd3233f86fe35a5185d33", [1, 224, 224, 3], [7, 7, 3, 64], [1, 1, 1, 64], [1, 112, 112, 64]]) =====
p0 = PLACEHOLDER [1, 224, 224, 3]
pad_temp(i0, i1, i2, i3) = tir.if_then_else(((((i1 >= 3) && (i1 < 227)) && (i2 >= 3)) && (i2 < 227)), p0[i0, (i1 - 3), (i2 - 3), i3], 0f)
p1 = PLACEHOLDER [7, 7, 3, 64]
conv2d_nhwc(nn, yy, xx, ff) += (pad_temp[nn, ((yy*2) + ry), ((xx*2) + rx), rc]*p1[ry, rx, rc, ff])
p2 = PLACEHOLDER [1, 1, 1, 64]
T_add(ax0, ax1, ax2, ax3) = (conv2d_nhwc[ax0, ax1, ax2, ax3] + p2[ax0, 0, 0, ax3])
T_relu(ax0, ax1, ax2, ax3) = max(T_add[ax0, ax1, ax2, ax3], 0f)

==== Task 14: vm_mod_fused_nn_conv2d_add_nn_relu_7 (weight 1 key: ["07f9fcad27bdd3233f86fe35a5185d33", [1, 28, 28, 512], [3, 3, 512, 512], [1, 1, 1, 512], [1, 14, 14, 512]]) =====
p0 = PLACEHOLDER [1, 28, 28, 512]
pad_temp(i0, i1, i2, i3) = tir.if_then_else(((((i1 >= 1) && (i1 < 29)) && (i2 >= 1)) && (i2 < 29)), p0[i0, (i1 - 1), (i2 - 1), i3], 0f)
p1 = PLACEHOLDER [3, 3, 512, 512]
conv2d_nhwc(nn, yy, xx, ff) += (pad_temp[nn, ((yy*2) + ry), ((xx*2) + rx), rc]*p1[ry, rx, rc, ff])
p2 = PLACEHOLDER [1, 1, 1, 512]
T_add(ax0, ax1, ax2, ax3) = (conv2d_nhwc[ax0, ax1, ax2, ax3] + p2[ax0, 0, 0, ax3])
T_relu(ax0, ax1, ax2, ax3) = max(T_add[ax0, ax1, ax2, ax3], 0f)

==== Task 15: vm_mod_fused_nn_conv2d_add_nn_relu_10 (weight 1 key: ["07f9fcad27bdd3233f86fe35a5185d33", [1, 14, 14, 1024], [3, 3, 1024, 1024], [1, 1, 1, 1024], [1, 7, 7, 1024]]) =====
p0 = PLACEHOLDER [1, 14, 14, 1024]
pad_temp(i0, i1, i2, i3) = tir.if_then_else(((((i1 >= 1) && (i1 < 15)) && (i2 >= 1)) && (i2 < 15)), p0[i0, (i1 - 1), (i2 - 1), i3], 0f)
p1 = PLACEHOLDER [3, 3, 1024, 1024]
conv2d_nhwc(nn, yy, xx, ff) += (pad_temp[nn, ((yy*2) + ry), ((xx*2) + rx), rc]*p1[ry, rx, rc, ff])
p2 = PLACEHOLDER [1, 1, 1, 1024]
T_add(ax0, ax1, ax2, ax3) = (conv2d_nhwc[ax0, ax1, ax2, ax3] + p2[ax0, 0, 0, ax3])
T_relu(ax0, ax1, ax2, ax3) = max(T_add[ax0, ax1, ax2, ax3], 0f)

==== Task 16: vm_mod_fused_nn_contrib_conv2d_winograd_without_weight_transform_add_nn_relu_1 (weight 3 key: ["0bcf718c0e6566bcd6c3b1437a3b6291", [1, 28, 28, 256], [4, 4, 256, 256], [1, 1, 1, 256], [1, 28, 28, 256]]) =====
p0 = PLACEHOLDER [1, 28, 28, 256]
data_pad(i0, i1, i2, i3) = tir.if_then_else(((((i1 >= 1) && (i1 < 29)) && (i2 >= 1)) && (i2 < 29)), p0[i0, (i1 - 1), (i2 - 1), i3], 0f)
input_tile(eps, nu, p, ci) = data_pad[floordiv(p, 196), ((floormod(floordiv(p, 14), 14)*2) + eps), ((floormod(p, 14)*2) + nu), ci]
B(i, j) = select(((floormod(i, 4) == 3) && (floormod(j, 4) == 3)), 1f, select(((floormod(i, 4) == 3) && (floormod(j, 4) == 2)),  ..(OMITTED).. ormod(i, 4) == 0) && (floormod(j, 4) == 1)), 0f, select(((floormod(i, 4) == 0) && (floormod(j, 4) == 0)), 1f, 0f))))))))))))))))
data_pack(eps, nu, p, ci) += ((input_tile[r_a, r_b, p, ci]*B[r_a, eps])*B[r_b, nu])
p1 = PLACEHOLDER [4, 4, 256, 256]
bgemm(eps, nu, p, co) += (data_pack[eps, nu, p, ci]*p1[eps, nu, co, ci])
A(i, j) = select(((floormod(i, 4) == 3) && (floormod(j, 2) == 1)), 1f, select(((floormod(i, 4) == 3) && (floormod(j, 2) == 0)),  ..(OMITTED).. ct(((floormod(i, 4) == 0) && (floormod(j, 2) == 1)), 0f, select(((floormod(i, 4) == 0) && (floormod(j, 2) == 0)), 1f, 0f))))))))
inverse(vh, vw, p, co) += ((bgemm[r_a, r_b, p, co]*A[r_a, vh])*A[r_b, vw])
conv2d_winograd(n, h, w, co) = inverse[floormod(h, 2), floormod(w, 2), ((((n*14)*14) + (floordiv(h, 2)*14)) + floordiv(w, 2)), co]
p2 = PLACEHOLDER [1, 1, 1, 256]
T_add(ax0, ax1, ax2, ax3) = (conv2d_winograd[ax0, ax1, ax2, ax3] + p2[ax0, 0, 0, ax3])
T_relu(ax0, ax1, ax2, ax3) = max(T_add[ax0, ax1, ax2, ax3], 0f)

==== Task 17: vm_mod_fused_nn_conv2d_add_nn_relu_3 (weight 1 key: ["6d628209072e3e3dd8f49359935acea6", [1, 56, 56, 256], [1, 1, 256, 256], [1, 1, 1, 256], [1, 56, 56, 256]]) =====
p0 = PLACEHOLDER [1, 56, 56, 256]
pad_temp(i0, i1, i2, i3) = p0[i0, i1, i2, i3]
p1 = PLACEHOLDER [1, 1, 256, 256]
conv2d_nhwc(nn, yy, xx, ff) += (pad_temp[nn, (yy + ry), (xx + rx), rc]*p1[ry, rx, rc, ff])
p2 = PLACEHOLDER [1, 1, 1, 256]
T_add(ax0, ax1, ax2, ax3) = (conv2d_nhwc[ax0, ax1, ax2, ax3] + p2[ax0, 0, 0, ax3])
T_relu(ax0, ax1, ax2, ax3) = max(T_add[ax0, ax1, ax2, ax3], 0f)

==== Task 18: vm_mod_fused_nn_adaptive_avg_pool2d (weight 1 key: ["8c53ca2904398da2889aa7508082d7bb", [1, 7, 7, 2048], [1, 1, 1, 2048]]) =====
p0 = PLACEHOLDER [1, 7, 7, 2048]
adaptive_pool_sum(ax0, ax1, ax2, ax3) += p0[ax0, ((ax1*7) + rv0), ((ax2*7) + rv1), ax3]
adaptive_pool_avg(ax0, ax1, ax2, ax3) = (adaptive_pool_sum[ax0, ax1, ax2, ax3]/(float32((select((bool)1, ((ax1 + 1)*7), (((ax1 + 1)*7) + 1)) - (ax1*7)))*float32((select((bool)1, ((ax2 + 1)*7), (((ax2 + 1)*7) + 1)) - (ax2*7)))))

==== Task 19: vm_mod_fused_nn_conv2d_add_nn_relu_11 (weight 2 key: ["6d628209072e3e3dd8f49359935acea6", [1, 7, 7, 2048], [1, 1, 2048, 1024], [1, 1, 1, 1024], [1, 7, 7, 1024]]) =====
p0 = PLACEHOLDER [1, 7, 7, 2048]
pad_temp(i0, i1, i2, i3) = p0[i0, i1, i2, i3]
p1 = PLACEHOLDER [1, 1, 2048, 1024]
conv2d_nhwc(nn, yy, xx, ff) += (pad_temp[nn, (yy + ry), (xx + rx), rc]*p1[ry, rx, rc, ff])
p2 = PLACEHOLDER [1, 1, 1, 1024]
T_add(ax0, ax1, ax2, ax3) = (conv2d_nhwc[ax0, ax1, ax2, ax3] + p2[ax0, 0, 0, ax3])
T_relu(ax0, ax1, ax2, ax3) = max(T_add[ax0, ax1, ax2, ax3], 0f)

==== Task 20: vm_mod_fused_nn_conv2d_add_1 (weight 1 key: ["cb5e1bf27549411a1320749a1d8e07ca", [1, 56, 56, 256], [1, 1, 256, 512], [1, 1, 1, 512], [1, 28, 28, 512]]) =====
p0 = PLACEHOLDER [1, 56, 56, 256]
pad_temp(i0, i1, i2, i3) = p0[i0, i1, i2, i3]
p1 = PLACEHOLDER [1, 1, 256, 512]
conv2d_nhwc(nn, yy, xx, ff) += (pad_temp[nn, ((yy*2) + ry), ((xx*2) + rx), rc]*p1[ry, rx, rc, ff])
p2 = PLACEHOLDER [1, 1, 1, 512]
T_add(ax0, ax1, ax2, ax3) = (conv2d_nhwc[ax0, ax1, ax2, ax3] + p2[ax0, 0, 0, ax3])

==== Task 21: vm_mod_fused_nn_conv2d_add_nn_relu_6 (weight 1 key: ["6d628209072e3e3dd8f49359935acea6", [1, 28, 28, 512], [1, 1, 512, 512], [1, 1, 1, 512], [1, 28, 28, 512]]) =====
p0 = PLACEHOLDER [1, 28, 28, 512]
pad_temp(i0, i1, i2, i3) = p0[i0, i1, i2, i3]
p1 = PLACEHOLDER [1, 1, 512, 512]
conv2d_nhwc(nn, yy, xx, ff) += (pad_temp[nn, (yy + ry), (xx + rx), rc]*p1[ry, rx, rc, ff])
p2 = PLACEHOLDER [1, 1, 1, 512]
T_add(ax0, ax1, ax2, ax3) = (conv2d_nhwc[ax0, ax1, ax2, ax3] + p2[ax0, 0, 0, ax3])
T_relu(ax0, ax1, ax2, ax3) = max(T_add[ax0, ax1, ax2, ax3], 0f)

==== Task 22: vm_mod_fused_nn_conv2d_add_nn_relu_2 (weight 2 key: ["6d628209072e3e3dd8f49359935acea6", [1, 56, 56, 256], [1, 1, 256, 128], [1, 1, 1, 128], [1, 56, 56, 128]]) =====
p0 = PLACEHOLDER [1, 56, 56, 256]
pad_temp(i0, i1, i2, i3) = p0[i0, i1, i2, i3]
p1 = PLACEHOLDER [1, 1, 256, 128]
conv2d_nhwc(nn, yy, xx, ff) += (pad_temp[nn, (yy + ry), (xx + rx), rc]*p1[ry, rx, rc, ff])
p2 = PLACEHOLDER [1, 1, 1, 128]
T_add(ax0, ax1, ax2, ax3) = (conv2d_nhwc[ax0, ax1, ax2, ax3] + p2[ax0, 0, 0, ax3])
T_relu(ax0, ax1, ax2, ax3) = max(T_add[ax0, ax1, ax2, ax3], 0f)

==== Task 23: vm_mod_fused_nn_contrib_conv2d_winograd_without_weight_transform_add_nn_relu (weight 3 key: ["7c2a4f1f432f81c44985590780dfb52d", [1, 56, 56, 128], [6, 6, 128, 128], [1, 1, 1, 128], [1, 56, 56, 128]]) =====
----------------------------------------------------------------------
------------------------------  [ Task Scheduler ]
----------------------------------------------------------------------
----------------------------------------------------------------------
------------------------------  [ Search ]
----------------------------------------------------------------------
Generate Sketches		#s: 1
Sample Initial Population	#s: 85	fail_ct: 1963	Time elapsed: 7.07
GA Iter: 0	Max score: 0.9989	Min score: 0.0145	#Pop: 85	#M+: 0	#M-: 0
GA Iter: 4	Max score: 0.9999	Min score: 0.9821	#Pop: 128	#M+: 1387	#M-: 0
EvolutionarySearch		#s: 128	Time elapsed: 77.43
----------------------------------------------------------------------
------------------------------  [ Measure ]
----------------------------------------------------------------------
Get 64 programs to measure:
................................................................**************************************E**************************p0 = PLACEHOLDER [1, 56, 56, 128]
data_pad(i0, i1, i2, i3) = tir.if_then_else(((((i1 >= 1) && (i1 < 57)) && (i2 >= 1)) && (i2 < 57)), p0[i0, (i1 - 1), (i2 - 1), i3], 0f)
input_tile(eps, nu, p, ci) = data_pad[floordiv(p, 196), ((floormod(floordiv(p, 14), 14)*4) + eps), ((floormod(p, 14)*4) + nu), ci]
B(i, j) = select(((floormod(i, 6) == 5) && (floormod(j, 6) == 5)), 1f, select(((floormod(i, 6) == 5) && (floormod(j, 6) == 4)),  ..(OMITTED)..  (floormod(j, 6) == 1)), 0f, select(((floormod(i, 6) == 0) && (floormod(j, 6) == 0)), 1f, 0f))))))))))))))))))))))))))))))))))))
data_pack(eps, nu, p, ci) += ((input_tile[r_a, r_b, p, ci]*B[r_a, eps])*B[r_b, nu])
p1 = PLACEHOLDER [6, 6, 128, 128]
bgemm(eps, nu, p, co) += (data_pack[eps, nu, p, ci]*p1[eps, nu, co, ci])
A(i, j) = select(((floormod(i, 6) == 5) && (floormod(j, 4) == 3)), 1f, select(((floormod(i, 6) == 5) && (floormod(j, 4) == 2)),  ..(OMITTED)..  6) == 0) && (floormod(j, 4) == 1)), 0f, select(((floormod(i, 6) == 0) && (floormod(j, 4) == 0)), 1f, 0f))))))))))))))))))))))))
inverse(vh, vw, p, co) += ((bgemm[r_a, r_b, p, co]*A[r_a, vh])*A[r_b, vw])
conv2d_winograd(n, h, w, co) = inverse[floormod(h, 4), floormod(w, 4), ((((n*14)*14) + (floordiv(h, 4)*14)) + floordiv(w, 4)), co]
p2 = PLACEHOLDER [1, 1, 1, 128]
T_add(ax0, ax1, ax2, ax3) = (conv2d_winograd[ax0, ax1, ax2, ax3] + p2[ax0, 0, 0, ax3])
T_relu(ax0, ax1, ax2, ax3) = max(T_add[ax0, ax1, ax2, ax3], 0f)

==== Task 24: vm_mod_fused_nn_conv2d_add_add_nn_relu_2 (weight 6 key: ["09e1468652ad0039f0b726123db6e54d", [1, 14, 14, 512], [1, 1, 512, 1024], [1, 1, 1, 1024], [1, 14, 14, 1024], [1, 14, 14, 1024]]) =====
p0 = PLACEHOLDER [1, 14, 14, 512]
pad_temp(i0, i1, i2, i3) = p0[i0, i1, i2, i3]
p1 = PLACEHOLDER [1, 1, 512, 1024]
conv2d_nhwc(nn, yy, xx, ff) += (pad_temp[nn, (yy + ry), (xx + rx), rc]*p1[ry, rx, rc, ff])
p2 = PLACEHOLDER [1, 1, 1, 1024]
T_add(ax0, ax1, ax2, ax3) = (conv2d_nhwc[ax0, ax1, ax2, ax3] + p2[ax0, 0, 0, ax3])
p3 = PLACEHOLDER [1, 14, 14, 1024]
T_add(ax0, ax1, ax2, ax3) = (T_add[ax0, ax1, ax2, ax3] + p3[ax0, ax1, ax2, ax3])
T_relu(ax0, ax1, ax2, ax3) = max(T_add[ax0, ax1, ax2, ax3], 0f)

==== Task 25: vm_mod_fused_nn_conv2d_add_nn_relu_9 (weight 1 key: ["6d628209072e3e3dd8f49359935acea6", [1, 14, 14, 1024], [1, 1, 1024, 1024], [1, 1, 1, 1024], [1, 14, 14, 1024]]) =====
p0 = PLACEHOLDER [1, 14, 14, 1024]
pad_temp(i0, i1, i2, i3) = p0[i0, i1, i2, i3]
p1 = PLACEHOLDER [1, 1, 1024, 1024]
conv2d_nhwc(nn, yy, xx, ff) += (pad_temp[nn, (yy + ry), (xx + rx), rc]*p1[ry, rx, rc, ff])
p2 = PLACEHOLDER [1, 1, 1, 1024]
T_add(ax0, ax1, ax2, ax3) = (conv2d_nhwc[ax0, ax1, ax2, ax3] + p2[ax0, 0, 0, ax3])
T_relu(ax0, ax1, ax2, ax3) = max(T_add[ax0, ax1, ax2, ax3], 0f)

==== Task 26: vm_mod_fused_nn_contrib_conv2d_winograd_without_weight_transform_add_nn_relu_2 (weight 5 key: ["1097323f3970e5c881ad3a0028ca79cb", [1, 14, 14, 512], [4, 4, 512, 512], [1, 1, 1, 512], [1, 14, 14, 512]]) =====
p0 = PLACEHOLDER [1, 14, 14, 512]
data_pad(i0, i1, i2, i3) = tir.if_then_else(((((i1 >= 1) && (i1 < 15)) && (i2 >= 1)) && (i2 < 15)), p0[i0, (i1 - 1), (i2 - 1), i3], 0f)
input_tile(eps, nu, p, ci) = data_pad[floordiv(p, 49), ((floormod(floordiv(p, 7), 7)*2) + eps), ((floormod(p, 7)*2) + nu), ci]
B(i, j) = select(((floormod(i, 4) == 3) && (floormod(j, 4) == 3)), 1f, select(((floormod(i, 4) == 3) && (floormod(j, 4) == 2)),  ..(OMITTED).. ormod(i, 4) == 0) && (floormod(j, 4) == 1)), 0f, select(((floormod(i, 4) == 0) && (floormod(j, 4) == 0)), 1f, 0f))))))))))))))))
data_pack(eps, nu, p, ci) += ((input_tile[r_a, r_b, p, ci]*B[r_a, eps])*B[r_b, nu])
p1 = PLACEHOLDER [4, 4, 512, 512]
bgemm(eps, nu, p, co) += (data_pack[eps, nu, p, ci]*p1[eps, nu, co, ci])
A(i, j) = select(((floormod(i, 4) == 3) && (floormod(j, 2) == 1)), 1f, select(((floormod(i, 4) == 3) && (floormod(j, 2) == 0)),  ..(OMITTED).. ct(((floormod(i, 4) == 0) && (floormod(j, 2) == 1)), 0f, select(((floormod(i, 4) == 0) && (floormod(j, 2) == 0)), 1f, 0f))))))))
inverse(vh, vw, p, co) += ((bgemm[r_a, r_b, p, co]*A[r_a, vh])*A[r_b, vw])
conv2d_winograd(n, h, w, co) = inverse[floormod(h, 2), floormod(w, 2), ((((n*7)*7) + (floordiv(h, 2)*7)) + floordiv(w, 2)), co]
p2 = PLACEHOLDER [1, 1, 1, 512]
T_add(ax0, ax1, ax2, ax3) = (conv2d_winograd[ax0, ax1, ax2, ax3] + p2[ax0, 0, 0, ax3])
T_relu(ax0, ax1, ax2, ax3) = max(T_add[ax0, ax1, ax2, ax3], 0f)

|  ID  |                       Task Description                        | Latency (ms) | Speed (GFLOPS) | Trials |
-----------------------------------------------------------------------------------------------------------------
|    0 |                                    vm_mod_fused_nn_conv2d_add |            - |              - |      0 |
|    1 |                          vm_mod_fused_nn_conv2d_add_nn_relu_5 |            - |              - |      0 |
|    2 |                                    vm_mod_fused_nn_max_pool2d |            - |              - |      0 |
|    3 |                          vm_mod_fused_nn_conv2d_add_nn_relu_1 |            - |              - |      0 |
|    4 |                                     vm_mod_fused_nn_dense_add |            - |              - |      0 |
|    5 |                          vm_mod_fused_nn_conv2d_add_nn_relu_8 |            - |              - |      0 |
|    6 |                                  vm_mod_fused_nn_conv2d_add_3 |            - |              - |      0 |
|    7 |                      vm_mod_fused_nn_conv2d_add_add_nn_relu_3 |            - |              - |      0 |
|    8 |                          vm_mod_fused_nn_conv2d_add_nn_relu_4 |            - |              - |      0 |
|    9 |                        vm_mod_fused_nn_conv2d_add_add_nn_relu |            - |              - |      0 |
|   10 |                      vm_mod_fused_nn_conv2d_add_add_nn_relu_1 |            - |              - |      0 |
|   11 | vm_mod_fused_nn_contrib_conv2d_winograd_without_weight_transform_add_nn_relu_3 |            - |              - |      0 |
|   12 |                                  vm_mod_fused_nn_conv2d_add_2 |            - |              - |      0 |
|   13 |                            vm_mod_fused_nn_conv2d_add_nn_relu |            - |              - |      0 |
|   14 |                          vm_mod_fused_nn_conv2d_add_nn_relu_7 |            - |              - |      0 |
|   15 |                         vm_mod_fused_nn_conv2d_add_nn_relu_10 |            - |              - |      0 |
|   16 | vm_mod_fused_nn_contrib_conv2d_winograd_without_weight_transform_add_nn_relu_1 |            - |              - |      0 |
|   17 |                          vm_mod_fused_nn_conv2d_add_nn_relu_3 |            - |              - |      0 |
|   18 |                           vm_mod_fused_nn_adaptive_avg_pool2d |            - |              - |      0 |
|   19 |                         vm_mod_fused_nn_conv2d_add_nn_relu_11 |            - |              - |      0 |
|   20 |                                  vm_mod_fused_nn_conv2d_add_1 |            - |              - |      0 |
|   21 |                          vm_mod_fused_nn_conv2d_add_nn_relu_6 |            - |              - |      0 |
|   22 |                          vm_mod_fused_nn_conv2d_add_nn_relu_2 |            - |              - |      0 |
|   23 | vm_mod_fused_nn_contrib_conv2d_winograd_without_weight_transform_add_nn_relu |            - |              - |      0 |
|   24 |                      vm_mod_fused_nn_conv2d_add_add_nn_relu_2 |            - |              - |      0 |
|   25 |                          vm_mod_fused_nn_conv2d_add_nn_relu_9 |            - |              - |      0 |
|   26 | vm_mod_fused_nn_contrib_conv2d_winograd_without_weight_transform_add_nn_relu_2 |            - |              - |      0 |
-----------------------------------------------------------------------------------------------------------------
Estimated total latency: - ms	Trials: 0	Used time : 0 s	Next ID: 0	

Time elapsed for measurement: 31.60 s
----------------------------------------------------------------------
------------------------------  [ Train cost model ]
----------------------------------------------------------------------
Time elapsed for training: 0.76 s
----------------------------------------------------------------------
------------------------------  [ Task Scheduler ]
----------------------------------------------------------------------
----------------------------------------------------------------------
------------------------------  [ Search ]
----------------------------------------------------------------------
Generate Sketches		#s: 1
Sample Initial Population	#s: 80	fail_ct: 1968	Time elapsed: 6.75
GA Iter: 0	Max score: 0.9591	Min score: 0.0309	#Pop: 80	#M+: 0	#M-: 0
GA Iter: 4	Max score: 0.9999	Min score: 0.9788	#Pop: 128	#M+: 1395	#M-: 0
EvolutionarySearch		#s: 128	Time elapsed: 76.15
----------------------------------------------------------------------
------------------------------  [ Measure ]
----------------------------------------------------------------------
Get 64 programs to measure:
..............................................................|  ID  |                       Task Description                        | Latency (ms) | Speed (GFLOPS) | Trials |
-----------------------------------------------------------------------------------------------------------------
|    0 |                                    vm_mod_fused_nn_conv2d_add |        0.015 |        6906.27 |     64 |
|    1 |                          vm_mod_fused_nn_conv2d_add_nn_relu_5 |            - |              - |      0 |
|    2 |                                    vm_mod_fused_nn_max_pool2d |            - |              - |      0 |
|    3 |                          vm_mod_fused_nn_conv2d_add_nn_relu_1 |            - |              - |      0 |
|    4 |                                     vm_mod_fused_nn_dense_add |            - |              - |      0 |
|    5 |                          vm_mod_fused_nn_conv2d_add_nn_relu_8 |            - |              - |      0 |
|    6 |                                  vm_mod_fused_nn_conv2d_add_3 |            - |              - |      0 |
|    7 |                      vm_mod_fused_nn_conv2d_add_add_nn_relu_3 |            - |              - |      0 |
|    8 |                          vm_mod_fused_nn_conv2d_add_nn_relu_4 |            - |              - |      0 |
|    9 |                        vm_mod_fused_nn_conv2d_add_add_nn_relu |            - |              - |      0 |
|   10 |                      vm_mod_fused_nn_conv2d_add_add_nn_relu_1 |            - |              - |      0 |
|   11 | vm_mod_fused_nn_contrib_conv2d_winograd_without_weight_transform_add_nn_relu_3 |            - |              - |      0 |
|   12 |                                  vm_mod_fused_nn_conv2d_add_2 |            - |              - |      0 |
|   13 |                            vm_mod_fused_nn_conv2d_add_nn_relu |            - |              - |      0 |
|   14 |                          vm_mod_fused_nn_conv2d_add_nn_relu_7 |            - |              - |      0 |
|   15 |                         vm_mod_fused_nn_conv2d_add_nn_relu_10 |            - |              - |      0 |
|   16 | vm_mod_fused_nn_contrib_conv2d_winograd_without_weight_transform_add_nn_relu_1 |            - |              - |      0 |
|   17 |                          vm_mod_fused_nn_conv2d_add_nn_relu_3 |            - |              - |      0 |
|   18 |                           vm_mod_fused_nn_adaptive_avg_pool2d |            - |              - |      0 |
|   19 |                         vm_mod_fused_nn_conv2d_add_nn_relu_11 |            - |              - |      0 |
|   20 |                                  vm_mod_fused_nn_conv2d_add_1 |            - |              - |      0 |
|   21 |                          vm_mod_fused_nn_conv2d_add_nn_relu_6 |            - |              - |      0 |
|   22 |                          vm_mod_fused_nn_conv2d_add_nn_relu_2 |            - |              - |      0 |
|   23 | vm_mod_fused_nn_contrib_conv2d_winograd_without_weight_transform_add_nn_relu |            - |              - |      0 |
|   24 |                      vm_mod_fused_nn_conv2d_add_add_nn_relu_2 |            - |              - |      0 |
|   25 |                          vm_mod_fused_nn_conv2d_add_nn_relu_9 |            - |              - |      0 |
|   26 | vm_mod_fused_nn_contrib_conv2d_winograd_without_weight_transform_add_nn_relu_2 |            - |              - |      0 |
-----------------------------------------------------------------------------------------------------------------
Estimated total latency: - ms	Trials: 64	Used time : 117 s	Next ID: 1	
.T.T**************************************************************
Time elapsed for measurement: 32.83 s
----------------------------------------------------------------------
------------------------------  [ Train cost model ]
----------------------------------------------------------------------
Time elapsed for training: 0.65 s
----------------------------------------------------------------------
------------------------------  [ Task Scheduler ]
----------------------------------------------------------------------
----------------------------------------------------------------------
------------------------------  [ Search ]
----------------------------------------------------------------------
Generate Sketches		#s: 1
Sample Initial Population	#s: 57	fail_ct: 1991	Time elapsed: 6.14
GA Iter: 0	Max score: 0.9944	Min score: 0.0042	#Pop: 57	#M+: 0	#M-: 0
GA Iter: 4	Max score: 0.9944	Min score: 0.0042	#Pop: 60	#M+: 1389	#M-: 0
EvolutionarySearch		#s: 60	Time elapsed: 24.44
----------------------------------------------------------------------
------------------------------  [ Measure ]
----------------------------------------------------------------------
Get 60 programs to measure:
............................................................************************************************************|  ID  |                       Task Description                        | Latency (ms) | Speed (GFLOPS) | Trials |
-----------------------------------------------------------------------------------------------------------------
|    0 |                                    vm_mod_fused_nn_conv2d_add |        0.015 |        6906.27 |     64 |
|    1 |                          vm_mod_fused_nn_conv2d_add_nn_relu_5 |        0.034 |        6090.24 |     64 |
|    2 |                                    vm_mod_fused_nn_max_pool2d |            - |              - |      0 |
|    3 |                          vm_mod_fused_nn_conv2d_add_nn_relu_1 |            - |              - |      0 |
|    4 |                                     vm_mod_fused_nn_dense_add |            - |              - |      0 |
|    5 |                          vm_mod_fused_nn_conv2d_add_nn_relu_8 |            - |              - |      0 |
|    6 |                                  vm_mod_fused_nn_conv2d_add_3 |            - |              - |      0 |
|    7 |                      vm_mod_fused_nn_conv2d_add_add_nn_relu_3 |            - |              - |      0 |
|    8 |                          vm_mod_fused_nn_conv2d_add_nn_relu_4 |            - |              - |      0 |
|    9 |                        vm_mod_fused_nn_conv2d_add_add_nn_relu |            - |              - |      0 |
|   10 |                      vm_mod_fused_nn_conv2d_add_add_nn_relu_1 |            - |              - |      0 |
|   11 | vm_mod_fused_nn_contrib_conv2d_winograd_without_weight_transform_add_nn_relu_3 |            - |              - |      0 |
|   12 |                                  vm_mod_fused_nn_conv2d_add_2 |            - |              - |      0 |
|   13 |                            vm_mod_fused_nn_conv2d_add_nn_relu |            - |              - |      0 |
|   14 |                          vm_mod_fused_nn_conv2d_add_nn_relu_7 |            - |              - |      0 |
|   15 |                         vm_mod_fused_nn_conv2d_add_nn_relu_10 |            - |              - |      0 |
|   16 | vm_mod_fused_nn_contrib_conv2d_winograd_without_weight_transform_add_nn_relu_1 |            - |              - |      0 |
|   17 |                          vm_mod_fused_nn_conv2d_add_nn_relu_3 |            - |              - |      0 |
|   18 |                           vm_mod_fused_nn_adaptive_avg_pool2d |            - |              - |      0 |
|   19 |                         vm_mod_fused_nn_conv2d_add_nn_relu_11 |            - |              - |      0 |
|   20 |                                  vm_mod_fused_nn_conv2d_add_1 |            - |              - |      0 |
|   21 |                          vm_mod_fused_nn_conv2d_add_nn_relu_6 |            - |              - |      0 |
|   22 |                          vm_mod_fused_nn_conv2d_add_nn_relu_2 |            - |              - |      0 |
|   23 | vm_mod_fused_nn_contrib_conv2d_winograd_without_weight_transform_add_nn_relu |            - |              - |      0 |
|   24 |                      vm_mod_fused_nn_conv2d_add_add_nn_relu_2 |            - |              - |      0 |
|   25 |                          vm_mod_fused_nn_conv2d_add_nn_relu_9 |            - |              - |      0 |
|   26 | vm_mod_fused_nn_contrib_conv2d_winograd_without_weight_transform_add_nn_relu_2 |            - |              - |      0 |
-----------------------------------------------------------------------------------------------------------------
Estimated total latency: - ms	Trials: 128	Used time : 234 s	Next ID: 2	

Time elapsed for measurement: 20.88 s
----------------------------------------------------------------------
------------------------------  [ Train cost model ]
----------------------------------------------------------------------
Time elapsed for training: 0.40 s
----------------------------------------------------------------------
------------------------------  [ Task Scheduler ]
----------------------------------------------------------------------
----------------------------------------------------------------------
------------------------------  [ Search ]
----------------------------------------------------------------------
Generate Sketches		#s: 1
Sample Initial Population	#s: 88	fail_ct: 1960	Time elapsed: 7.11
GA Iter: 0	Max score: 0.9853	Min score: 0.0066	#Pop: 88	#M+: 0	#M-: 0
GA Iter: 4	Max score: 0.9993	Min score: 0.9795	#Pop: 128	#M+: 1387	#M-: 0
EvolutionarySearch		#s: 128	Time elapsed: 75.09
----------------------------------------------------------------------
------------------------------  [ Measure ]
----------------------------------------------------------------------
Get 64 programs to measure:
..............................................................|  ID  |                       Task Description                        | Latency (ms) | Speed (GFLOPS) | Trials |
-----------------------------------------------------------------------------------------------------------------
|    0 |                                    vm_mod_fused_nn_conv2d_add |        0.015 |        6906.27 |     64 |
|    1 |                          vm_mod_fused_nn_conv2d_add_nn_relu_5 |        0.034 |        6090.24 |     64 |
|    2 |                                    vm_mod_fused_nn_max_pool2d |        0.004 |         505.25 |     64 |
|    3 |                          vm_mod_fused_nn_conv2d_add_nn_relu_1 |            - |              - |      0 |
|    4 |                                     vm_mod_fused_nn_dense_add |            - |              - |      0 |
|    5 |                          vm_mod_fused_nn_conv2d_add_nn_relu_8 |            - |              - |      0 |
|    6 |                                  vm_mod_fused_nn_conv2d_add_3 |            - |              - |      0 |
|    7 |                      vm_mod_fused_nn_conv2d_add_add_nn_relu_3 |            - |              - |      0 |
|    8 |                          vm_mod_fused_nn_conv2d_add_nn_relu_4 |            - |              - |      0 |
|    9 |                        vm_mod_fused_nn_conv2d_add_add_nn_relu |            - |              - |      0 |
|   10 |                      vm_mod_fused_nn_conv2d_add_add_nn_relu_1 |            - |              - |      0 |
|   11 | vm_mod_fused_nn_contrib_conv2d_winograd_without_weight_transform_add_nn_relu_3 |            - |              - |      0 |
|   12 |                                  vm_mod_fused_nn_conv2d_add_2 |            - |              - |      0 |
|   13 |                            vm_mod_fused_nn_conv2d_add_nn_relu |            - |              - |      0 |
|   14 |                          vm_mod_fused_nn_conv2d_add_nn_relu_7 |            - |              - |      0 |
|   15 |                         vm_mod_fused_nn_conv2d_add_nn_relu_10 |            - |              - |      0 |
|   16 | vm_mod_fused_nn_contrib_conv2d_winograd_without_weight_transform_add_nn_relu_1 |            - |              - |      0 |
|   17 |                          vm_mod_fused_nn_conv2d_add_nn_relu_3 |            - |              - |      0 |
|   18 |                           vm_mod_fused_nn_adaptive_avg_pool2d |            - |              - |      0 |
|   19 |                         vm_mod_fused_nn_conv2d_add_nn_relu_11 |            - |              - |      0 |
|   20 |                                  vm_mod_fused_nn_conv2d_add_1 |            - |              - |      0 |
|   21 |                          vm_mod_fused_nn_conv2d_add_nn_relu_6 |            - |              - |      0 |
|   22 |                          vm_mod_fused_nn_conv2d_add_nn_relu_2 |            - |              - |      0 |
|   23 | vm_mod_fused_nn_contrib_conv2d_winograd_without_weight_transform_add_nn_relu |            - |              - |      0 |
|   24 |                      vm_mod_fused_nn_conv2d_add_add_nn_relu_2 |            - |              - |      0 |
|   25 |                          vm_mod_fused_nn_conv2d_add_nn_relu_9 |            - |              - |      0 |
|   26 | vm_mod_fused_nn_contrib_conv2d_winograd_without_weight_transform_add_nn_relu_2 |            - |              - |      0 |
-----------------------------------------------------------------------------------------------------------------
Estimated total latency: - ms	Trials: 188	Used time : 286 s	Next ID: 3	
.T.T****************************E*********E*************************
Time elapsed for measurement: 33.34 s
----------------------------------------------------------------------
------------------------------  [ Train cost model ]
----------------------------------------------------------------------
Time elapsed for training: 3.20 s
----------------------------------------------------------------------
------------------------------  [ Task Scheduler ]
----------------------------------------------------------------------
----------------------------------------------------------------------
------------------------------  [ Search ]
----------------------------------------------------------------------
Generate Sketches		#s: 2
Sample Initial Population	#s: 74	fail_ct: 1974	Time elapsed: 2.66
GA Iter: 0	Max score: 0.9898	Min score: 0.0094	#Pop: 74	#M+: 0	#M-: 0
GA Iter: 4	Max score: 0.9999	Min score: 0.8987	#Pop: 128	#M+: 1384	#M-: 0
EvolutionarySearch		#s: 128	Time elapsed: 13.28
----------------------------------------------------------------------
------------------------------  [ Measure ]
----------------------------------------------------------------------
Get 64 programs to measure:
................................................................**Eterminate called after throwing an instance of 'tvm::runtime::InternalError'
  what():  [17:56:45] /data3/qsy/complier/tlm/src/runtime/cuda/cuda_module.cc:61: CUDAError: cuModuleUnload(module_[i]) failed with error: CUDA_ERROR_MISALIGNED_ADDRESS
Stack trace:
  0: tvm::runtime::SimpleObjAllocator::Handler<tvm::runtime::CUDAModuleNode>::Deleter_(tvm::runtime::Object*)
  1: tvm::runtime::SimpleObjAllocator::Handler<tvm::runtime::LibraryModuleNode>::Deleter_(tvm::runtime::Object*)
  2: _ZN3tvm7runtime18SimpleObjAllocator7HandlerINS0_16PackedFuncS
  3: _ZN3tvm7runtime18SimpleObjAllocator7HandlerINS0_16PackedFuncSubObjIZNS0_9profiling17WrapTimeE
  4: TVMObjectFree
  5: __pyx_tp_dealloc_3tvm_4_ffi_4_cy3_4core_PackedFuncBase(_object*)
  6: subtype_dealloc
        at /usr/local/src/conda/python-3.10.18/Objects/typeobject.c:1460
  7: _Py_DECREF
        at /usr/local/src/conda/python-3.10.18/Include/object.h:500
  8: _Py_XDECREF
        at /usr/local/src/conda/python-3.10.18/Include/object.h:567
  9: cell_dealloc
        at /usr/local/src/conda/python-3.10.18/Objects/cellobject.c:82
  10: _Py_Dealloc
        at /usr/local/src/conda/python-3.10.18/Objects/object.c:2301
  11: _Py_DECREF
        at /usr/local/src/conda/python-3.10.18/Include/object.h:500
  12: _Py_XDECREF
        at /usr/local/src/conda/python-3.10.18/Include/object.h:567
  13: tupledealloc
        at /usr/local/src/conda/python-3.10.18/Objects/tupleobject.c:276
  14: _Py_Dealloc
        at /usr/local/src/conda/python-3.10.18/Objects/object.c:2301
  15: _Py_DECREF
        at /usr/local/src/conda/python-3.10.18/Include/object.h:500
  16: func_clear
        at /usr/local/src/conda/python-3.10.18/Objects/funcobject.c:636
  17: func_dealloc
        at /usr/local/src/conda/python-3.10.18/Objects/funcobject.c:648
  18: _Py_Dealloc
        at /usr/local/src/conda/python-3.10.18/Objects/object.c:2301
  19: _Py_DECREF
        at /usr/local/src/conda/python-3.10.18/Include/object.h:500
  20: frame_dealloc
        at /usr/local/src/conda/python-3.10.18/Objects/frameobject.c:591
  21: _Py_Dealloc
        at /usr/local/src/conda/python-3.10.18/Objects/object.c:2301
  22: _Py_DECREF
        at /usr/local/src/conda/python-3.10.18/Include/object.h:500
  23: _PyEval_Vector
        at /usr/local/src/conda/python-3.10.18/Python/ceval.c:5080
  24: _PyFunction_Vectorcall
        at /usr/local/src/conda/python-3.10.18/Objects/call.c:342
  25: do_call_core
        at /usr/local/src/conda/python-3.10.18/Python/ceval.c:5945
  26: _PyEval_EvalFrameDefault
        at /usr/local/src/conda/python-3.10.18/Python/ceval.c:4277
  27: _PyEval_EvalFrame
        at /usr/local/src/conda/python-3.10.18/Include/internal/pycore_ceval.h:46
  28: _PyEval_Vector
        at /usr/local/src/conda/python-3.10.18/Python/ceval.c:5067
  29: _PyFunction_Vectorcall
        at /usr/local/src/conda/python-3.10.18/Objects/call.c:342
  30: _PyObject_VectorcallTstate
        at /usr/local/src/conda/python-3.10.18/Include/cpython/abstract.h:114
  31: PyObject_Vectorcall
        at /usr/local/src/conda/python-3.10.18/Include/cpython/abstract.h:123
  32: call_function
        at /usr/local/src/conda/python-3.10.18/Python/ceval.c:5893
  33: _PyEval_EvalFrameDefault
        at /usr/local/src/conda/python-3.10.18/Python/ceval.c:4213
  34: _PyEval_EvalFrame
        at /usr/local/src/conda/python-3.10.18/Include/internal/pycore_ceval.h:46
  35: _PyEval_Vector
        at /usr/local/src/conda/python-3.10.18/Python/ceval.c:5067
  36: PyEval_EvalCode
        at /usr/local/src/conda/python-3.10.18/Python/ceval.c:1134
  37: builtin_exec_impl
        at /usr/local/src/conda/python-3.10.18/Python/bltinmodule.c:1058
  38: builtin_exec
        at /usr/local/src/conda/python-3.10.18/Python/clinic/bltinmodule.c.h:371
  39: cfunction_vectorcall_FASTCALL
        at /usr/local/src/conda/python-3.10.18/Objects/methodobject.c:430
  40: _PyObject_VectorcallTstate
        at /usr/local/src/conda/python-3.10.18/Include/cpython/abstract.h:114
  41: PyObject_Vectorcall
        at /usr/local/src/conda/python-3.10.18/Include/cpython/abstract.h:123
  42: call_function
        at /usr/local/src/conda/python-3.10.18/Python/ceval.c:5893
  43: _PyEval_EvalFrameDefault
        at /usr/local/src/conda/python-3.10.18/Python/ceval.c:4213
  44: _PyEval_EvalFrame
        at /usr/local/src/conda/python-3.10.18/Include/internal/pycore_ceval.h:46
  45: _PyEval_Vector
        at /usr/local/src/conda/python-3.10.18/Python/ceval.c:5067
  46: _PyFunction_Vectorcall
        at /usr/local/src/conda/python-3.10.18/Objects/call.c:342
  47: _PyObject_VectorcallTstate
        at /usr/local/src/conda/python-3.10.18/Include/cpython/abstract.h:114
  48: PyObject_Vectorcall
        at /usr/local/src/conda/python-3.10.18/Include/cpython/abstract.h:123
  49: call_function
        at /usr/local/src/conda/python-3.10.18/Python/ceval.c:5893
  50: _PyEval_EvalFrameDefault
        at /usr/local/src/conda/python-3.10.18/Python/ceval.c:4213
  51: _PyEval_EvalFrame
        at /usr/local/src/conda/python-3.10.18/Include/internal/pycore_ceval.h:46
  52: _PyEval_Vector
        at /usr/local/src/conda/python-3.10.18/Python/ceval.c:5067
  53: _PyFunction_Vectorcall
        at /usr/local/src/conda/python-3.10.18/Objects/call.c:342
  54: pymain_run_module
        at /usr/local/src/conda/python-3.10.18/Modules/main.c:297
  55: pymain_run_python
        at /usr/local/src/conda/python-3.10.18/Modules/main.c:589
  56: Py_RunMain
        at /usr/local/src/conda/python-3.10.18/Modules/main.c:674
  57: Py_BytesMain
        at /usr/local/src/conda/python-3.10.18/Modules/main.c:1094
  58: __libc_start_main
        at ../csu/libc-start.c:308
  59: 0x000000000058728d
  60: 0xffffffffffffffff


|  ID  |                       Task Description                        | Latency (ms) | Speed (GFLOPS) | Trials |
-----------------------------------------------------------------------------------------------------------------
|    0 |                                    vm_mod_fused_nn_conv2d_add |        0.015 |        6906.27 |     64 |
|    1 |                          vm_mod_fused_nn_conv2d_add_nn_relu_5 |        0.034 |        6090.24 |     64 |
|    2 |                                    vm_mod_fused_nn_max_pool2d |        0.004 |         505.25 |     64 |
|    3 |                          vm_mod_fused_nn_conv2d_add_nn_relu_1 |        0.007 |        7357.22 |     64 |
|    4 |                                     vm_mod_fused_nn_dense_add |            - |              - |      0 |
|    5 |                          vm_mod_fused_nn_conv2d_add_nn_relu_8 |            - |              - |      0 |
|    6 |                                  vm_mod_fused_nn_conv2d_add_3 |            - |              - |      0 |
|    7 |                      vm_mod_fused_nn_conv2d_add_add_nn_relu_3 |            - |              - |      0 |
|    8 |                          vm_mod_fused_nn_conv2d_add_nn_relu_4 |            - |              - |      0 |
|    9 |                        vm_mod_fused_nn_conv2d_add_add_nn_relu |            - |              - |      0 |
|   10 |                      vm_mod_fused_nn_conv2d_add_add_nn_relu_1 |            - |              - |      0 |
|   11 | vm_mod_fused_nn_contrib_conv2d_winograd_without_weight_transform_add_nn_relu_3 |            - |              - |      0 |
|   12 |                                  vm_mod_fused_nn_conv2d_add_2 |            - |              - |      0 |
|   13 |                            vm_mod_fused_nn_conv2d_add_nn_relu |            - |              - |      0 |
|   14 |                          vm_mod_fused_nn_conv2d_add_nn_relu_7 |            - |              - |      0 |
|   15 |                         vm_mod_fused_nn_conv2d_add_nn_relu_10 |            - |              - |      0 |
|   16 | vm_mod_fused_nn_contrib_conv2d_winograd_without_weight_transform_add_nn_relu_1 |            - |              - |      0 |
|   17 |                          vm_mod_fused_nn_conv2d_add_nn_relu_3 |            - |              - |      0 |
|   18 |                           vm_mod_fused_nn_adaptive_avg_pool2d |            - |              - |      0 |
|   19 |                         vm_mod_fused_nn_conv2d_add_nn_relu_11 |            - |              - |      0 |
|   20 |                                  vm_mod_fused_nn_conv2d_add_1 |            - |              - |      0 |
|   21 |                          vm_mod_fused_nn_conv2d_add_nn_relu_6 |            - |              - |      0 |
|   22 |                          vm_mod_fused_nn_conv2d_add_nn_relu_2 |            - |              - |      0 |
|   23 | vm_mod_fused_nn_contrib_conv2d_winograd_without_weight_transform_add_nn_relu |            - |              - |      0 |
|   24 |                      vm_mod_fused_nn_conv2d_add_add_nn_relu_2 |            - |              - |      0 |
|   25 |                          vm_mod_fused_nn_conv2d_add_nn_relu_9 |            - |              - |      0 |
|   26 | vm_mod_fused_nn_contrib_conv2d_winograd_without_weight_transform_add_nn_relu_2 |            - |              - |      0 |
-----------------------------------------------------------------------------------------------------------------
Estimated total latency: - ms	Trials: 252	Used time : 405 s	Next ID: 4	
*E*****Eterminate called after throwing an instance of 'tvm::runtime::InternalError'
  what():  [17:56:48] /data3/qsy/complier/tlm/src/runtime/cuda/cuda_module.cc:61: CUDAError: cuModuleUnload(module_[i]) failed with error: CUDA_ERROR_MISALIGNED_ADDRESS
Stack trace:
  0: tvm::runtime::SimpleObjAllocator::Handler<tvm::runtime::CUDAModuleNode>::Deleter_(tvm::runtime::Object*)
  1: tvm::runtime::SimpleObjAllocator::Handler<tvm::runtime::LibraryModuleNode>::Deleter_(tvm::runtime::Object*)
  2: _ZN3tvm7runtime18SimpleObjAllocator7HandlerINS0_16PackedFuncS
  3: _ZN3tvm7runtime18SimpleObjAllocator7HandlerINS0_16PackedFuncSubObjIZNS0_9profiling17WrapTimeE
  4: TVMObjectFree
  5: __pyx_tp_dealloc_3tvm_4_ffi_4_cy3_4core_PackedFuncBase(_object*)
  6: subtype_dealloc
        at /usr/local/src/conda/python-3.10.18/Objects/typeobject.c:1460
  7: _Py_DECREF
        at /usr/local/src/conda/python-3.10.18/Include/object.h:500
  8: _Py_XDECREF
        at /usr/local/src/conda/python-3.10.18/Include/object.h:567
  9: cell_dealloc
        at /usr/local/src/conda/python-3.10.18/Objects/cellobject.c:82
  10: _Py_Dealloc
        at /usr/local/src/conda/python-3.10.18/Objects/object.c:2301
  11: _Py_DECREF
        at /usr/local/src/conda/python-3.10.18/Include/object.h:500
  12: _Py_XDECREF
        at /usr/local/src/conda/python-3.10.18/Include/object.h:567
  13: tupledealloc
        at /usr/local/src/conda/python-3.10.18/Objects/tupleobject.c:276
  14: _Py_Dealloc
        at /usr/local/src/conda/python-3.10.18/Objects/object.c:2301
  15: _Py_DECREF
        at /usr/local/src/conda/python-3.10.18/Include/object.h:500
  16: func_clear
        at /usr/local/src/conda/python-3.10.18/Objects/funcobject.c:636
  17: func_dealloc
        at /usr/local/src/conda/python-3.10.18/Objects/funcobject.c:648
  18: _Py_Dealloc
        at /usr/local/src/conda/python-3.10.18/Objects/object.c:2301
  19: _Py_DECREF
        at /usr/local/src/conda/python-3.10.18/Include/object.h:500
  20: frame_dealloc
        at /usr/local/src/conda/python-3.10.18/Objects/frameobject.c:591
  21: _Py_Dealloc
        at /usr/local/src/conda/python-3.10.18/Objects/object.c:2301
  22: _Py_DECREF
        at /usr/local/src/conda/python-3.10.18/Include/object.h:500
  23: _PyEval_Vector
        at /usr/local/src/conda/python-3.10.18/Python/ceval.c:5080
  24: _PyFunction_Vectorcall
        at /usr/local/src/conda/python-3.10.18/Objects/call.c:342
  25: do_call_core
        at /usr/local/src/conda/python-3.10.18/Python/ceval.c:5945
  26: _PyEval_EvalFrameDefault
        at /usr/local/src/conda/python-3.10.18/Python/ceval.c:4277
  27: _PyEval_EvalFrame
        at /usr/local/src/conda/python-3.10.18/Include/internal/pycore_ceval.h:46
  28: _PyEval_Vector
        at /usr/local/src/conda/python-3.10.18/Python/ceval.c:5067
  29: _PyFunction_Vectorcall
        at /usr/local/src/conda/python-3.10.18/Objects/call.c:342
  30: _PyObject_VectorcallTstate
        at /usr/local/src/conda/python-3.10.18/Include/cpython/abstract.h:114
  31: PyObject_Vectorcall
        at /usr/local/src/conda/python-3.10.18/Include/cpython/abstract.h:123
  32: call_function
        at /usr/local/src/conda/python-3.10.18/Python/ceval.c:5893
  33: _PyEval_EvalFrameDefault
        at /usr/local/src/conda/python-3.10.18/Python/ceval.c:4213
  34: _PyEval_EvalFrame
        at /usr/local/src/conda/python-3.10.18/Include/internal/pycore_ceval.h:46
  35: _PyEval_Vector
        at /usr/local/src/conda/python-3.10.18/Python/ceval.c:5067
  36: PyEval_EvalCode
        at /usr/local/src/conda/python-3.10.18/Python/ceval.c:1134
  37: builtin_exec_impl
        at /usr/local/src/conda/python-3.10.18/Python/bltinmodule.c:1058
  38: builtin_exec
        at /usr/local/src/conda/python-3.10.18/Python/clinic/bltinmodule.c.h:371
  39: cfunction_vectorcall_FASTCALL
        at /usr/local/src/conda/python-3.10.18/Objects/methodobject.c:430
  40: _PyObject_VectorcallTstate
        at /usr/local/src/conda/python-3.10.18/Include/cpython/abstract.h:114
  41: PyObject_Vectorcall
        at /usr/local/src/conda/python-3.10.18/Include/cpython/abstract.h:123
  42: call_function
        at /usr/local/src/conda/python-3.10.18/Python/ceval.c:5893
  43: _PyEval_EvalFrameDefault
        at /usr/local/src/conda/python-3.10.18/Python/ceval.c:4213
  44: _PyEval_EvalFrame
        at /usr/local/src/conda/python-3.10.18/Include/internal/pycore_ceval.h:46
  45: _PyEval_Vector
        at /usr/local/src/conda/python-3.10.18/Python/ceval.c:5067
  46: _PyFunction_Vectorcall
        at /usr/local/src/conda/python-3.10.18/Objects/call.c:342
  47: _PyObject_VectorcallTstate
        at /usr/local/src/conda/python-3.10.18/Include/cpython/abstract.h:114
  48: PyObject_Vectorcall
        at /usr/local/src/conda/python-3.10.18/Include/cpython/abstract.h:123
  49: call_function
        at /usr/local/src/conda/python-3.10.18/Python/ceval.c:5893
  50: _PyEval_EvalFrameDefault
        at /usr/local/src/conda/python-3.10.18/Python/ceval.c:4213
  51: _PyEval_EvalFrame
        at /usr/local/src/conda/python-3.10.18/Include/internal/pycore_ceval.h:46
  52: _PyEval_Vector
        at /usr/local/src/conda/python-3.10.18/Python/ceval.c:5067
  53: _PyFunction_Vectorcall
        at /usr/local/src/conda/python-3.10.18/Objects/call.c:342
  54: pymain_run_module
        at /usr/local/src/conda/python-3.10.18/Modules/main.c:297
  55: pymain_run_python
        at /usr/local/src/conda/python-3.10.18/Modules/main.c:589
  56: Py_RunMain
        at /usr/local/src/conda/python-3.10.18/Modules/main.c:674
  57: Py_BytesMain
        at /usr/local/src/conda/python-3.10.18/Modules/main.c:1094
  58: __libc_start_main
        at ../csu/libc-start.c:308
  59: 0x000000000058728d
  60: 0xffffffffffffffff


*E*************Eterminate called after throwing an instance of 'tvm::runtime::InternalError'
  what():  [17:56:52] /data3/qsy/complier/tlm/src/runtime/cuda/cuda_module.cc:61: CUDAError: cuModuleUnload(module_[i]) failed with error: CUDA_ERROR_MISALIGNED_ADDRESS
Stack trace:
  0: tvm::runtime::SimpleObjAllocator::Handler<tvm::runtime::CUDAModuleNode>::Deleter_(tvm::runtime::Object*)
  1: tvm::runtime::SimpleObjAllocator::Handler<tvm::runtime::LibraryModuleNode>::Deleter_(tvm::runtime::Object*)
  2: _ZN3tvm7runtime18SimpleObjAllocator7HandlerINS0_16PackedFuncS
  3: _ZN3tvm7runtime18SimpleObjAllocator7HandlerINS0_16PackedFuncSubObjIZNS0_9profiling17WrapTimeE
  4: TVMObjectFree
  5: __pyx_tp_dealloc_3tvm_4_ffi_4_cy3_4core_PackedFuncBase(_object*)
  6: subtype_dealloc
        at /usr/local/src/conda/python-3.10.18/Objects/typeobject.c:1460
  7: _Py_DECREF
        at /usr/local/src/conda/python-3.10.18/Include/object.h:500
  8: _Py_XDECREF
        at /usr/local/src/conda/python-3.10.18/Include/object.h:567
  9: cell_dealloc
        at /usr/local/src/conda/python-3.10.18/Objects/cellobject.c:82
  10: _Py_Dealloc
        at /usr/local/src/conda/python-3.10.18/Objects/object.c:2301
  11: _Py_DECREF
        at /usr/local/src/conda/python-3.10.18/Include/object.h:500
  12: _Py_XDECREF
        at /usr/local/src/conda/python-3.10.18/Include/object.h:567
  13: tupledealloc
        at /usr/local/src/conda/python-3.10.18/Objects/tupleobject.c:276
  14: _Py_Dealloc
        at /usr/local/src/conda/python-3.10.18/Objects/object.c:2301
  15: _Py_DECREF
        at /usr/local/src/conda/python-3.10.18/Include/object.h:500
  16: func_clear
        at /usr/local/src/conda/python-3.10.18/Objects/funcobject.c:636
  17: func_dealloc
        at /usr/local/src/conda/python-3.10.18/Objects/funcobject.c:648
  18: _Py_Dealloc
        at /usr/local/src/conda/python-3.10.18/Objects/object.c:2301
  19: _Py_DECREF
        at /usr/local/src/conda/python-3.10.18/Include/object.h:500
  20: frame_dealloc
        at /usr/local/src/conda/python-3.10.18/Objects/frameobject.c:591
  21: _Py_Dealloc
        at /usr/local/src/conda/python-3.10.18/Objects/object.c:2301
  22: _Py_DECREF
        at /usr/local/src/conda/python-3.10.18/Include/object.h:500
  23: _PyEval_Vector
        at /usr/local/src/conda/python-3.10.18/Python/ceval.c:5080
  24: _PyFunction_Vectorcall
        at /usr/local/src/conda/python-3.10.18/Objects/call.c:342
  25: do_call_core
        at /usr/local/src/conda/python-3.10.18/Python/ceval.c:5945
  26: _PyEval_EvalFrameDefault
        at /usr/local/src/conda/python-3.10.18/Python/ceval.c:4277
  27: _PyEval_EvalFrame
        at /usr/local/src/conda/python-3.10.18/Include/internal/pycore_ceval.h:46
  28: _PyEval_Vector
        at /usr/local/src/conda/python-3.10.18/Python/ceval.c:5067
  29: _PyFunction_Vectorcall
        at /usr/local/src/conda/python-3.10.18/Objects/call.c:342
  30: _PyObject_VectorcallTstate
        at /usr/local/src/conda/python-3.10.18/Include/cpython/abstract.h:114
  31: PyObject_Vectorcall
        at /usr/local/src/conda/python-3.10.18/Include/cpython/abstract.h:123
  32: call_function
        at /usr/local/src/conda/python-3.10.18/Python/ceval.c:5893
  33: _PyEval_EvalFrameDefault
        at /usr/local/src/conda/python-3.10.18/Python/ceval.c:4213
  34: _PyEval_EvalFrame
        at /usr/local/src/conda/python-3.10.18/Include/internal/pycore_ceval.h:46
  35: _PyEval_Vector
        at /usr/local/src/conda/python-3.10.18/Python/ceval.c:5067
  36: PyEval_EvalCode
        at /usr/local/src/conda/python-3.10.18/Python/ceval.c:1134
  37: builtin_exec_impl
        at /usr/local/src/conda/python-3.10.18/Python/bltinmodule.c:1058
  38: builtin_exec
        at /usr/local/src/conda/python-3.10.18/Python/clinic/bltinmodule.c.h:371
  39: cfunction_vectorcall_FASTCALL
        at /usr/local/src/conda/python-3.10.18/Objects/methodobject.c:430
  40: _PyObject_VectorcallTstate
        at /usr/local/src/conda/python-3.10.18/Include/cpython/abstract.h:114
  41: PyObject_Vectorcall
        at /usr/local/src/conda/python-3.10.18/Include/cpython/abstract.h:123
  42: call_function
        at /usr/local/src/conda/python-3.10.18/Python/ceval.c:5893
  43: _PyEval_EvalFrameDefault
        at /usr/local/src/conda/python-3.10.18/Python/ceval.c:4213
  44: _PyEval_EvalFrame
        at /usr/local/src/conda/python-3.10.18/Include/internal/pycore_ceval.h:46
  45: _PyEval_Vector
        at /usr/local/src/conda/python-3.10.18/Python/ceval.c:5067
  46: _PyFunction_Vectorcall
        at /usr/local/src/conda/python-3.10.18/Objects/call.c:342
  47: _PyObject_VectorcallTstate
        at /usr/local/src/conda/python-3.10.18/Include/cpython/abstract.h:114
  48: PyObject_Vectorcall
        at /usr/local/src/conda/python-3.10.18/Include/cpython/abstract.h:123
  49: call_function
        at /usr/local/src/conda/python-3.10.18/Python/ceval.c:5893
  50: _PyEval_EvalFrameDefault
        at /usr/local/src/conda/python-3.10.18/Python/ceval.c:4213
  51: _PyEval_EvalFrame
        at /usr/local/src/conda/python-3.10.18/Include/internal/pycore_ceval.h:46
  52: _PyEval_Vector
        at /usr/local/src/conda/python-3.10.18/Python/ceval.c:5067
  53: _PyFunction_Vectorcall
        at /usr/local/src/conda/python-3.10.18/Objects/call.c:342
  54: pymain_run_module
        at /usr/local/src/conda/python-3.10.18/Modules/main.c:297
  55: pymain_run_python
        at /usr/local/src/conda/python-3.10.18/Modules/main.c:589
  56: Py_RunMain
        at /usr/local/src/conda/python-3.10.18/Modules/main.c:674
  57: Py_BytesMain
        at /usr/local/src/conda/python-3.10.18/Modules/main.c:1094
  58: __libc_start_main
        at ../csu/libc-start.c:308
  59: 0x000000000058728d
  60: 0xffffffffffffffff


*E************Eterminate called after throwing an instance of 'tvm::runtime::InternalError'
  what():  [17:56:56] /data3/qsy/complier/tlm/src/runtime/cuda/cuda_module.cc:61: CUDAError: cuModuleUnload(module_[i]) failed with error: CUDA_ERROR_MISALIGNED_ADDRESS
Stack trace:
  0: tvm::runtime::SimpleObjAllocator::Handler<tvm::runtime::CUDAModuleNode>::Deleter_(tvm::runtime::Object*)
  1: tvm::runtime::SimpleObjAllocator::Handler<tvm::runtime::LibraryModuleNode>::Deleter_(tvm::runtime::Object*)
  2: _ZN3tvm7runtime18SimpleObjAllocator7HandlerINS0_16PackedFuncS
  3: _ZN3tvm7runtime18SimpleObjAllocator7HandlerINS0_16PackedFuncSubObjIZNS0_9profiling17WrapTimeE
  4: TVMObjectFree
  5: __pyx_tp_dealloc_3tvm_4_ffi_4_cy3_4core_PackedFuncBase(_object*)
  6: subtype_dealloc
        at /usr/local/src/conda/python-3.10.18/Objects/typeobject.c:1460
  7: _Py_DECREF
        at /usr/local/src/conda/python-3.10.18/Include/object.h:500
  8: _Py_XDECREF
        at /usr/local/src/conda/python-3.10.18/Include/object.h:567
  9: cell_dealloc
        at /usr/local/src/conda/python-3.10.18/Objects/cellobject.c:82
  10: _Py_Dealloc
        at /usr/local/src/conda/python-3.10.18/Objects/object.c:2301
  11: _Py_DECREF
        at /usr/local/src/conda/python-3.10.18/Include/object.h:500
  12: _Py_XDECREF
        at /usr/local/src/conda/python-3.10.18/Include/object.h:567
  13: tupledealloc
        at /usr/local/src/conda/python-3.10.18/Objects/tupleobject.c:276
  14: _Py_Dealloc
        at /usr/local/src/conda/python-3.10.18/Objects/object.c:2301
  15: _Py_DECREF
        at /usr/local/src/conda/python-3.10.18/Include/object.h:500
  16: func_clear
        at /usr/local/src/conda/python-3.10.18/Objects/funcobject.c:636
  17: func_dealloc
        at /usr/local/src/conda/python-3.10.18/Objects/funcobject.c:648
  18: _Py_Dealloc
        at /usr/local/src/conda/python-3.10.18/Objects/object.c:2301
  19: _Py_DECREF
        at /usr/local/src/conda/python-3.10.18/Include/object.h:500
  20: frame_dealloc
        at /usr/local/src/conda/python-3.10.18/Objects/frameobject.c:591
  21: _Py_Dealloc
        at /usr/local/src/conda/python-3.10.18/Objects/object.c:2301
  22: _Py_DECREF
        at /usr/local/src/conda/python-3.10.18/Include/object.h:500
  23: _PyEval_Vector
        at /usr/local/src/conda/python-3.10.18/Python/ceval.c:5080
  24: _PyFunction_Vectorcall
        at /usr/local/src/conda/python-3.10.18/Objects/call.c:342
  25: do_call_core
        at /usr/local/src/conda/python-3.10.18/Python/ceval.c:5945
  26: _PyEval_EvalFrameDefault
        at /usr/local/src/conda/python-3.10.18/Python/ceval.c:4277
  27: _PyEval_EvalFrame
        at /usr/local/src/conda/python-3.10.18/Include/internal/pycore_ceval.h:46
  28: _PyEval_Vector
        at /usr/local/src/conda/python-3.10.18/Python/ceval.c:5067
  29: _PyFunction_Vectorcall
        at /usr/local/src/conda/python-3.10.18/Objects/call.c:342
  30: _PyObject_VectorcallTstate
        at /usr/local/src/conda/python-3.10.18/Include/cpython/abstract.h:114
  31: PyObject_Vectorcall
        at /usr/local/src/conda/python-3.10.18/Include/cpython/abstract.h:123
  32: call_function
        at /usr/local/src/conda/python-3.10.18/Python/ceval.c:5893
  33: _PyEval_EvalFrameDefault
        at /usr/local/src/conda/python-3.10.18/Python/ceval.c:4213
  34: _PyEval_EvalFrame
        at /usr/local/src/conda/python-3.10.18/Include/internal/pycore_ceval.h:46
  35: _PyEval_Vector
        at /usr/local/src/conda/python-3.10.18/Python/ceval.c:5067
  36: PyEval_EvalCode
        at /usr/local/src/conda/python-3.10.18/Python/ceval.c:1134
  37: builtin_exec_impl
        at /usr/local/src/conda/python-3.10.18/Python/bltinmodule.c:1058
  38: builtin_exec
        at /usr/local/src/conda/python-3.10.18/Python/clinic/bltinmodule.c.h:371
  39: cfunction_vectorcall_FASTCALL
        at /usr/local/src/conda/python-3.10.18/Objects/methodobject.c:430
  40: _PyObject_VectorcallTstate
        at /usr/local/src/conda/python-3.10.18/Include/cpython/abstract.h:114
  41: PyObject_Vectorcall
        at /usr/local/src/conda/python-3.10.18/Include/cpython/abstract.h:123
  42: call_function
        at /usr/local/src/conda/python-3.10.18/Python/ceval.c:5893
  43: _PyEval_EvalFrameDefault
        at /usr/local/src/conda/python-3.10.18/Python/ceval.c:4213
  44: _PyEval_EvalFrame
        at /usr/local/src/conda/python-3.10.18/Include/internal/pycore_ceval.h:46
  45: _PyEval_Vector
        at /usr/local/src/conda/python-3.10.18/Python/ceval.c:5067
  46: _PyFunction_Vectorcall
        at /usr/local/src/conda/python-3.10.18/Objects/call.c:342
  47: _PyObject_VectorcallTstate
        at /usr/local/src/conda/python-3.10.18/Include/cpython/abstract.h:114
  48: PyObject_Vectorcall
        at /usr/local/src/conda/python-3.10.18/Include/cpython/abstract.h:123
  49: call_function
        at /usr/local/src/conda/python-3.10.18/Python/ceval.c:5893
  50: _PyEval_EvalFrameDefault
        at /usr/local/src/conda/python-3.10.18/Python/ceval.c:4213
  51: _PyEval_EvalFrame
        at /usr/local/src/conda/python-3.10.18/Include/internal/pycore_ceval.h:46
  52: _PyEval_Vector
        at /usr/local/src/conda/python-3.10.18/Python/ceval.c:5067
  53: _PyFunction_Vectorcall
        at /usr/local/src/conda/python-3.10.18/Objects/call.c:342
  54: pymain_run_module
        at /usr/local/src/conda/python-3.10.18/Modules/main.c:297
  55: pymain_run_python
        at /usr/local/src/conda/python-3.10.18/Modules/main.c:589
  56: Py_RunMain
        at /usr/local/src/conda/python-3.10.18/Modules/main.c:674
  57: Py_BytesMain
        at /usr/local/src/conda/python-3.10.18/Modules/main.c:1094
  58: __libc_start_main
        at ../csu/libc-start.c:308
  59: 0x000000000058728d
  60: 0xffffffffffffffff


*E********************************
Time elapsed for measurement: 32.78 s
----------------------------------------------------------------------
------------------------------  [ Train cost model ]
----------------------------------------------------------------------
Time elapsed for training: 0.40 s
----------------------------------------------------------------------
------------------------------  [ Task Scheduler ]
----------------------------------------------------------------------
----------------------------------------------------------------------
------------------------------  [ Search ]
----------------------------------------------------------------------
Generate Sketches		#s: 1
Sample Initial Population	#s: 60	fail_ct: 1988	Time elapsed: 6.36
GA Iter: 0	Max score: 0.9898	Min score: 0.0223	#Pop: 60	#M+: 0	#M-: 0
GA Iter: 4	Max score: 0.9998	Min score: 0.9790	#Pop: 128	#M+: 1393	#M-: 0
EvolutionarySearch		#s: 128	Time elapsed: 75.36
----------------------------------------------------------------------
------------------------------  [ Measure ]
----------------------------------------------------------------------
Get 64 programs to measure:
................................................................***********************************E*****************************|  ID  |                       Task Description                        | Latency (ms) | Speed (GFLOPS) | Trials |
-----------------------------------------------------------------------------------------------------------------
|    0 |                                    vm_mod_fused_nn_conv2d_add |        0.015 |        6906.27 |     64 |
|    1 |                          vm_mod_fused_nn_conv2d_add_nn_relu_5 |        0.034 |        6090.24 |     64 |
|    2 |                                    vm_mod_fused_nn_max_pool2d |        0.004 |         505.25 |     64 |
|    3 |                          vm_mod_fused_nn_conv2d_add_nn_relu_1 |        0.007 |        7357.22 |     64 |
|    4 |                                     vm_mod_fused_nn_dense_add |        0.017 |         245.70 |     64 |
|    5 |                          vm_mod_fused_nn_conv2d_add_nn_relu_8 |            - |              - |      0 |
|    6 |                                  vm_mod_fused_nn_conv2d_add_3 |            - |              - |      0 |
|    7 |                      vm_mod_fused_nn_conv2d_add_add_nn_relu_3 |            - |              - |      0 |
|    8 |                          vm_mod_fused_nn_conv2d_add_nn_relu_4 |            - |              - |      0 |
|    9 |                        vm_mod_fused_nn_conv2d_add_add_nn_relu |            - |              - |      0 |
|   10 |                      vm_mod_fused_nn_conv2d_add_add_nn_relu_1 |            - |              - |      0 |
|   11 | vm_mod_fused_nn_contrib_conv2d_winograd_without_weight_transform_add_nn_relu_3 |            - |              - |      0 |
|   12 |                                  vm_mod_fused_nn_conv2d_add_2 |            - |              - |      0 |
|   13 |                            vm_mod_fused_nn_conv2d_add_nn_relu |            - |              - |      0 |
|   14 |                          vm_mod_fused_nn_conv2d_add_nn_relu_7 |            - |              - |      0 |
|   15 |                         vm_mod_fused_nn_conv2d_add_nn_relu_10 |            - |              - |      0 |
|   16 | vm_mod_fused_nn_contrib_conv2d_winograd_without_weight_transform_add_nn_relu_1 |            - |              - |      0 |
|   17 |                          vm_mod_fused_nn_conv2d_add_nn_relu_3 |            - |              - |      0 |
|   18 |                           vm_mod_fused_nn_adaptive_avg_pool2d |            - |              - |      0 |
|   19 |                         vm_mod_fused_nn_conv2d_add_nn_relu_11 |            - |              - |      0 |
|   20 |                                  vm_mod_fused_nn_conv2d_add_1 |            - |              - |      0 |
|   21 |                          vm_mod_fused_nn_conv2d_add_nn_relu_6 |            - |              - |      0 |
|   22 |                          vm_mod_fused_nn_conv2d_add_nn_relu_2 |            - |              - |      0 |
|   23 | vm_mod_fused_nn_contrib_conv2d_winograd_without_weight_transform_add_nn_relu |            - |              - |      0 |
|   24 |                      vm_mod_fused_nn_conv2d_add_add_nn_relu_2 |            - |              - |      0 |
|   25 |                          vm_mod_fused_nn_conv2d_add_nn_relu_9 |            - |              - |      0 |
|   26 | vm_mod_fused_nn_contrib_conv2d_winograd_without_weight_transform_add_nn_relu_2 |            - |              - |      0 |
-----------------------------------------------------------------------------------------------------------------
Estimated total latency: - ms	Trials: 316	Used time : 454 s	Next ID: 5	

Time elapsed for measurement: 29.55 s
----------------------------------------------------------------------
------------------------------  [ Train cost model ]
----------------------------------------------------------------------
Time elapsed for training: 0.75 s
----------------------------------------------------------------------
------------------------------  [ Task Scheduler ]
----------------------------------------------------------------------
----------------------------------------------------------------------
------------------------------  [ Search ]
----------------------------------------------------------------------
Generate Sketches		#s: 1
Sample Initial Population	#s: 52	fail_ct: 1996	Time elapsed: 6.56
GA Iter: 0	Max score: 0.9958	Min score: 0.0053	#Pop: 52	#M+: 0	#M-: 0
GA Iter: 4	Max score: 1.0000	Min score: 0.9802	#Pop: 128	#M+: 1382	#M-: 0
EvolutionarySearch		#s: 128	Time elapsed: 70.74
----------------------------------------------------------------------
------------------------------  [ Measure ]
----------------------------------------------------------------------
Get 64 programs to measure:
................................................................****************Eterminate called after throwing an instance of 'tvm::runtime::InternalError'
  what():  [18:00:38] /data3/qsy/complier/tlm/src/runtime/cuda/cuda_module.cc:61: CUDAError: cuModuleUnload(module_[i]) failed with error: CUDA_ERROR_MISALIGNED_ADDRESS
Stack trace:
  0: tvm::runtime::SimpleObjAllocator::Handler<tvm::runtime::CUDAModuleNode>::Deleter_(tvm::runtime::Object*)
  1: tvm::runtime::SimpleObjAllocator::Handler<tvm::runtime::LibraryModuleNode>::Deleter_(tvm::runtime::Object*)
  2: _ZN3tvm7runtime18SimpleObjAllocator7HandlerINS0_16PackedFuncS
  3: _ZN3tvm7runtime18SimpleObjAllocator7HandlerINS0_16PackedFuncSubObjIZNS0_9profiling17WrapTimeE
  4: TVMObjectFree
  5: __pyx_tp_dealloc_3tvm_4_ffi_4_cy3_4core_PackedFuncBase(_object*)
  6: subtype_dealloc
        at /usr/local/src/conda/python-3.10.18/Objects/typeobject.c:1460
  7: _Py_DECREF
        at /usr/local/src/conda/python-3.10.18/Include/object.h:500
  8: _Py_XDECREF
        at /usr/local/src/conda/python-3.10.18/Include/object.h:567
  9: cell_dealloc
        at /usr/local/src/conda/python-3.10.18/Objects/cellobject.c:82
  10: _Py_Dealloc
        at /usr/local/src/conda/python-3.10.18/Objects/object.c:2301
  11: _Py_DECREF
        at /usr/local/src/conda/python-3.10.18/Include/object.h:500
  12: _Py_XDECREF
        at /usr/local/src/conda/python-3.10.18/Include/object.h:567
  13: tupledealloc
        at /usr/local/src/conda/python-3.10.18/Objects/tupleobject.c:276
  14: _Py_Dealloc
        at /usr/local/src/conda/python-3.10.18/Objects/object.c:2301
  15: _Py_DECREF
        at /usr/local/src/conda/python-3.10.18/Include/object.h:500
  16: func_clear
        at /usr/local/src/conda/python-3.10.18/Objects/funcobject.c:636
  17: func_dealloc
        at /usr/local/src/conda/python-3.10.18/Objects/funcobject.c:648
  18: _Py_Dealloc
        at /usr/local/src/conda/python-3.10.18/Objects/object.c:2301
  19: _Py_DECREF
        at /usr/local/src/conda/python-3.10.18/Include/object.h:500
  20: frame_dealloc
        at /usr/local/src/conda/python-3.10.18/Objects/frameobject.c:591
  21: _Py_Dealloc
        at /usr/local/src/conda/python-3.10.18/Objects/object.c:2301
  22: _Py_DECREF
        at /usr/local/src/conda/python-3.10.18/Include/object.h:500
  23: _PyEval_Vector
        at /usr/local/src/conda/python-3.10.18/Python/ceval.c:5080
  24: _PyFunction_Vectorcall
        at /usr/local/src/conda/python-3.10.18/Objects/call.c:342
  25: do_call_core
        at /usr/local/src/conda/python-3.10.18/Python/ceval.c:5945
  26: _PyEval_EvalFrameDefault
        at /usr/local/src/conda/python-3.10.18/Python/ceval.c:4277
  27: _PyEval_EvalFrame
        at /usr/local/src/conda/python-3.10.18/Include/internal/pycore_ceval.h:46
  28: _PyEval_Vector
        at /usr/local/src/conda/python-3.10.18/Python/ceval.c:5067
  29: _PyFunction_Vectorcall
        at /usr/local/src/conda/python-3.10.18/Objects/call.c:342
  30: _PyObject_VectorcallTstate
        at /usr/local/src/conda/python-3.10.18/Include/cpython/abstract.h:114
  31: PyObject_Vectorcall
        at /usr/local/src/conda/python-3.10.18/Include/cpython/abstract.h:123
  32: call_function
        at /usr/local/src/conda/python-3.10.18/Python/ceval.c:5893
  33: _PyEval_EvalFrameDefault
        at /usr/local/src/conda/python-3.10.18/Python/ceval.c:4213
  34: _PyEval_EvalFrame
        at /usr/local/src/conda/python-3.10.18/Include/internal/pycore_ceval.h:46
  35: _PyEval_Vector
        at /usr/local/src/conda/python-3.10.18/Python/ceval.c:5067
  36: PyEval_EvalCode
        at /usr/local/src/conda/python-3.10.18/Python/ceval.c:1134
  37: builtin_exec_impl
        at /usr/local/src/conda/python-3.10.18/Python/bltinmodule.c:1058
  38: builtin_exec
        at /usr/local/src/conda/python-3.10.18/Python/clinic/bltinmodule.c.h:371
  39: cfunction_vectorcall_FASTCALL
        at /usr/local/src/conda/python-3.10.18/Objects/methodobject.c:430
  40: _PyObject_VectorcallTstate
        at /usr/local/src/conda/python-3.10.18/Include/cpython/abstract.h:114
  41: PyObject_Vectorcall
        at /usr/local/src/conda/python-3.10.18/Include/cpython/abstract.h:123
  42: call_function
        at /usr/local/src/conda/python-3.10.18/Python/ceval.c:5893
  43: _PyEval_EvalFrameDefault
        at /usr/local/src/conda/python-3.10.18/Python/ceval.c:4213
  44: _PyEval_EvalFrame
        at /usr/local/src/conda/python-3.10.18/Include/internal/pycore_ceval.h:46
  45: _PyEval_Vector
        at /usr/local/src/conda/python-3.10.18/Python/ceval.c:5067
  46: _PyFunction_Vectorcall
        at /usr/local/src/conda/python-3.10.18/Objects/call.c:342
  47: _PyObject_VectorcallTstate
        at /usr/local/src/conda/python-3.10.18/Include/cpython/abstract.h:114
  48: PyObject_Vectorcall
        at /usr/local/src/conda/python-3.10.18/Include/cpython/abstract.h:123
  49: call_function
        at /usr/local/src/conda/python-3.10.18/Python/ceval.c:5893
  50: _PyEval_EvalFrameDefault
        at /usr/local/src/conda/python-3.10.18/Python/ceval.c:4213
  51: _PyEval_EvalFrame
        at /usr/local/src/conda/python-3.10.18/Include/internal/pycore_ceval.h:46
  52: _PyEval_Vector
        at /usr/local/src/conda/python-3.10.18/Python/ceval.c:5067
  53: _PyFunction_Vectorcall
        at /usr/local/src/conda/python-3.10.18/Objects/call.c:342
  54: pymain_run_module
        at /usr/local/src/conda/python-3.10.18/Modules/main.c:297
  55: pymain_run_python
        at /usr/local/src/conda/python-3.10.18/Modules/main.c:589
  56: Py_RunMain
        at /usr/local/src/conda/python-3.10.18/Modules/main.c:674
  57: Py_BytesMain
        at /usr/local/src/conda/python-3.10.18/Modules/main.c:1094
  58: __libc_start_main
        at ../csu/libc-start.c:308
  59: 0x000000000058728d
  60: 0xffffffffffffffff


|  ID  |                       Task Description                        | Latency (ms) | Speed (GFLOPS) | Trials |
-----------------------------------------------------------------------------------------------------------------
|    0 |                                    vm_mod_fused_nn_conv2d_add |        0.015 |        6906.27 |     64 |
|    1 |                          vm_mod_fused_nn_conv2d_add_nn_relu_5 |        0.034 |        6090.24 |     64 |
|    2 |                                    vm_mod_fused_nn_max_pool2d |        0.004 |         505.25 |     64 |
|    3 |                          vm_mod_fused_nn_conv2d_add_nn_relu_1 |        0.007 |        7357.22 |     64 |
|    4 |                                     vm_mod_fused_nn_dense_add |        0.017 |         245.70 |     64 |
|    5 |                          vm_mod_fused_nn_conv2d_add_nn_relu_8 |        0.058 |        3529.12 |     64 |
|    6 |                                  vm_mod_fused_nn_conv2d_add_3 |            - |              - |      0 |
|    7 |                      vm_mod_fused_nn_conv2d_add_add_nn_relu_3 |            - |              - |      0 |
|    8 |                          vm_mod_fused_nn_conv2d_add_nn_relu_4 |            - |              - |      0 |
|    9 |                        vm_mod_fused_nn_conv2d_add_add_nn_relu |            - |              - |      0 |
|   10 |                      vm_mod_fused_nn_conv2d_add_add_nn_relu_1 |            - |              - |      0 |
|   11 | vm_mod_fused_nn_contrib_conv2d_winograd_without_weight_transform_add_nn_relu_3 |            - |              - |      0 |
|   12 |                                  vm_mod_fused_nn_conv2d_add_2 |            - |              - |      0 |
|   13 |                            vm_mod_fused_nn_conv2d_add_nn_relu |            - |              - |      0 |
|   14 |                          vm_mod_fused_nn_conv2d_add_nn_relu_7 |            - |              - |      0 |
|   15 |                         vm_mod_fused_nn_conv2d_add_nn_relu_10 |            - |              - |      0 |
|   16 | vm_mod_fused_nn_contrib_conv2d_winograd_without_weight_transform_add_nn_relu_1 |            - |              - |      0 |
|   17 |                          vm_mod_fused_nn_conv2d_add_nn_relu_3 |            - |              - |      0 |
|   18 |                           vm_mod_fused_nn_adaptive_avg_pool2d |            - |              - |      0 |
|   19 |                         vm_mod_fused_nn_conv2d_add_nn_relu_11 |            - |              - |      0 |
|   20 |                                  vm_mod_fused_nn_conv2d_add_1 |            - |              - |      0 |
|   21 |                          vm_mod_fused_nn_conv2d_add_nn_relu_6 |            - |              - |      0 |
|   22 |                          vm_mod_fused_nn_conv2d_add_nn_relu_2 |            - |              - |      0 |
|   23 | vm_mod_fused_nn_contrib_conv2d_winograd_without_weight_transform_add_nn_relu |            - |              - |      0 |
|   24 |                      vm_mod_fused_nn_conv2d_add_add_nn_relu_2 |            - |              - |      0 |
|   25 |                          vm_mod_fused_nn_conv2d_add_nn_relu_9 |            - |              - |      0 |
|   26 | vm_mod_fused_nn_contrib_conv2d_winograd_without_weight_transform_add_nn_relu_2 |            - |              - |      0 |
-----------------------------------------------------------------------------------------------------------------
Estimated total latency: - ms	Trials: 380	Used time : 566 s	Next ID: 6	
*E************Eterminate called after throwing an instance of 'tvm::runtime::InternalError'
  what():  [18:00:42] /data3/qsy/complier/tlm/src/runtime/cuda/cuda_module.cc:61: CUDAError: cuModuleUnload(module_[i]) failed with error: CUDA_ERROR_MISALIGNED_ADDRESS
Stack trace:
  0: tvm::runtime::SimpleObjAllocator::Handler<tvm::runtime::CUDAModuleNode>::Deleter_(tvm::runtime::Object*)
  1: tvm::runtime::SimpleObjAllocator::Handler<tvm::runtime::LibraryModuleNode>::Deleter_(tvm::runtime::Object*)
  2: _ZN3tvm7runtime18SimpleObjAllocator7HandlerINS0_16PackedFuncS
  3: _ZN3tvm7runtime18SimpleObjAllocator7HandlerINS0_16PackedFuncSubObjIZNS0_9profiling17WrapTimeE
  4: TVMObjectFree
  5: __pyx_tp_dealloc_3tvm_4_ffi_4_cy3_4core_PackedFuncBase(_object*)
  6: subtype_dealloc
        at /usr/local/src/conda/python-3.10.18/Objects/typeobject.c:1460
  7: _Py_DECREF
        at /usr/local/src/conda/python-3.10.18/Include/object.h:500
  8: _Py_XDECREF
        at /usr/local/src/conda/python-3.10.18/Include/object.h:567
  9: cell_dealloc
        at /usr/local/src/conda/python-3.10.18/Objects/cellobject.c:82
  10: _Py_Dealloc
        at /usr/local/src/conda/python-3.10.18/Objects/object.c:2301
  11: _Py_DECREF
        at /usr/local/src/conda/python-3.10.18/Include/object.h:500
  12: _Py_XDECREF
        at /usr/local/src/conda/python-3.10.18/Include/object.h:567
  13: tupledealloc
        at /usr/local/src/conda/python-3.10.18/Objects/tupleobject.c:276
  14: _Py_Dealloc
        at /usr/local/src/conda/python-3.10.18/Objects/object.c:2301
  15: _Py_DECREF
        at /usr/local/src/conda/python-3.10.18/Include/object.h:500
  16: func_clear
        at /usr/local/src/conda/python-3.10.18/Objects/funcobject.c:636
  17: func_dealloc
        at /usr/local/src/conda/python-3.10.18/Objects/funcobject.c:648
  18: _Py_Dealloc
        at /usr/local/src/conda/python-3.10.18/Objects/object.c:2301
  19: _Py_DECREF
        at /usr/local/src/conda/python-3.10.18/Include/object.h:500
  20: frame_dealloc
        at /usr/local/src/conda/python-3.10.18/Objects/frameobject.c:591
  21: _Py_Dealloc
        at /usr/local/src/conda/python-3.10.18/Objects/object.c:2301
  22: _Py_DECREF
        at /usr/local/src/conda/python-3.10.18/Include/object.h:500
  23: _PyEval_Vector
        at /usr/local/src/conda/python-3.10.18/Python/ceval.c:5080
  24: _PyFunction_Vectorcall
        at /usr/local/src/conda/python-3.10.18/Objects/call.c:342
  25: do_call_core
        at /usr/local/src/conda/python-3.10.18/Python/ceval.c:5945
  26: _PyEval_EvalFrameDefault
        at /usr/local/src/conda/python-3.10.18/Python/ceval.c:4277
  27: _PyEval_EvalFrame
        at /usr/local/src/conda/python-3.10.18/Include/internal/pycore_ceval.h:46
  28: _PyEval_Vector
        at /usr/local/src/conda/python-3.10.18/Python/ceval.c:5067
  29: _PyFunction_Vectorcall
        at /usr/local/src/conda/python-3.10.18/Objects/call.c:342
  30: _PyObject_VectorcallTstate
        at /usr/local/src/conda/python-3.10.18/Include/cpython/abstract.h:114
  31: PyObject_Vectorcall
        at /usr/local/src/conda/python-3.10.18/Include/cpython/abstract.h:123
  32: call_function
        at /usr/local/src/conda/python-3.10.18/Python/ceval.c:5893
  33: _PyEval_EvalFrameDefault
        at /usr/local/src/conda/python-3.10.18/Python/ceval.c:4213
  34: _PyEval_EvalFrame
        at /usr/local/src/conda/python-3.10.18/Include/internal/pycore_ceval.h:46
  35: _PyEval_Vector
        at /usr/local/src/conda/python-3.10.18/Python/ceval.c:5067
  36: PyEval_EvalCode
        at /usr/local/src/conda/python-3.10.18/Python/ceval.c:1134
  37: builtin_exec_impl
        at /usr/local/src/conda/python-3.10.18/Python/bltinmodule.c:1058
  38: builtin_exec
        at /usr/local/src/conda/python-3.10.18/Python/clinic/bltinmodule.c.h:371
  39: cfunction_vectorcall_FASTCALL
        at /usr/local/src/conda/python-3.10.18/Objects/methodobject.c:430
  40: _PyObject_VectorcallTstate
        at /usr/local/src/conda/python-3.10.18/Include/cpython/abstract.h:114
  41: PyObject_Vectorcall
        at /usr/local/src/conda/python-3.10.18/Include/cpython/abstract.h:123
  42: call_function
        at /usr/local/src/conda/python-3.10.18/Python/ceval.c:5893
  43: _PyEval_EvalFrameDefault
        at /usr/local/src/conda/python-3.10.18/Python/ceval.c:4213
  44: _PyEval_EvalFrame
        at /usr/local/src/conda/python-3.10.18/Include/internal/pycore_ceval.h:46
  45: _PyEval_Vector
        at /usr/local/src/conda/python-3.10.18/Python/ceval.c:5067
  46: _PyFunction_Vectorcall
        at /usr/local/src/conda/python-3.10.18/Objects/call.c:342
  47: _PyObject_VectorcallTstate
        at /usr/local/src/conda/python-3.10.18/Include/cpython/abstract.h:114
  48: PyObject_Vectorcall
        at /usr/local/src/conda/python-3.10.18/Include/cpython/abstract.h:123
  49: call_function
        at /usr/local/src/conda/python-3.10.18/Python/ceval.c:5893
  50: _PyEval_EvalFrameDefault
        at /usr/local/src/conda/python-3.10.18/Python/ceval.c:4213
  51: _PyEval_EvalFrame
        at /usr/local/src/conda/python-3.10.18/Include/internal/pycore_ceval.h:46
  52: _PyEval_Vector
        at /usr/local/src/conda/python-3.10.18/Python/ceval.c:5067
  53: _PyFunction_Vectorcall
        at /usr/local/src/conda/python-3.10.18/Objects/call.c:342
  54: pymain_run_module
        at /usr/local/src/conda/python-3.10.18/Modules/main.c:297
  55: pymain_run_python
        at /usr/local/src/conda/python-3.10.18/Modules/main.c:589
  56: Py_RunMain
        at /usr/local/src/conda/python-3.10.18/Modules/main.c:674
  57: Py_BytesMain
        at /usr/local/src/conda/python-3.10.18/Modules/main.c:1094
  58: __libc_start_main
        at ../csu/libc-start.c:308
  59: 0x000000000058728d
  60: 0xffffffffffffffff


*E************************************
Time elapsed for measurement: 37.22 s
----------------------------------------------------------------------
------------------------------  [ Train cost model ]
----------------------------------------------------------------------
Time elapsed for training: 0.00 s
----------------------------------------------------------------------
------------------------------  [ Task Scheduler ]
----------------------------------------------------------------------
----------------------------------------------------------------------
------------------------------  [ Search ]
----------------------------------------------------------------------
Generate Sketches		#s: 1
Sample Initial Population	#s: 68	fail_ct: 1980	Time elapsed: 6.30
GA Iter: 0	Max score: 0.9858	Min score: 0.0257	#Pop: 68	#M+: 0	#M-: 0
GA Iter: 4	Max score: 0.9994	Min score: 0.9790	#Pop: 128	#M+: 1383	#M-: 0
EvolutionarySearch		#s: 128	Time elapsed: 70.40
----------------------------------------------------------------------
------------------------------  [ Measure ]
----------------------------------------------------------------------
Get 64 programs to measure:
................................................................*******************************Eterminate called after throwing an instance of 'tvm::runtime::InternalError'
  what():  [18:02:36] /data3/qsy/complier/tlm/src/runtime/cuda/cuda_module.cc:61: CUDAError: cuModuleUnload(module_[i]) failed with error: CUDA_ERROR_MISALIGNED_ADDRESS
Stack trace:
  0: tvm::runtime::SimpleObjAllocator::Handler<tvm::runtime::CUDAModuleNode>::Deleter_(tvm::runtime::Object*)
  1: tvm::runtime::SimpleObjAllocator::Handler<tvm::runtime::LibraryModuleNode>::Deleter_(tvm::runtime::Object*)
  2: _ZN3tvm7runtime18SimpleObjAllocator7HandlerINS0_16PackedFuncS
  3: _ZN3tvm7runtime18SimpleObjAllocator7HandlerINS0_16PackedFuncSubObjIZNS0_9profiling17WrapTimeE
  4: TVMObjectFree
  5: __pyx_tp_dealloc_3tvm_4_ffi_4_cy3_4core_PackedFuncBase(_object*)
  6: subtype_dealloc
        at /usr/local/src/conda/python-3.10.18/Objects/typeobject.c:1460
  7: _Py_DECREF
        at /usr/local/src/conda/python-3.10.18/Include/object.h:500
  8: _Py_XDECREF
        at /usr/local/src/conda/python-3.10.18/Include/object.h:567
  9: cell_dealloc
        at /usr/local/src/conda/python-3.10.18/Objects/cellobject.c:82
  10: _Py_Dealloc
        at /usr/local/src/conda/python-3.10.18/Objects/object.c:2301
  11: _Py_DECREF
        at /usr/local/src/conda/python-3.10.18/Include/object.h:500
  12: _Py_XDECREF
        at /usr/local/src/conda/python-3.10.18/Include/object.h:567
  13: tupledealloc
        at /usr/local/src/conda/python-3.10.18/Objects/tupleobject.c:276
  14: _Py_Dealloc
        at /usr/local/src/conda/python-3.10.18/Objects/object.c:2301
  15: _Py_DECREF
        at /usr/local/src/conda/python-3.10.18/Include/object.h:500
  16: func_clear
        at /usr/local/src/conda/python-3.10.18/Objects/funcobject.c:636
  17: func_dealloc
        at /usr/local/src/conda/python-3.10.18/Objects/funcobject.c:648
  18: _Py_Dealloc
        at /usr/local/src/conda/python-3.10.18/Objects/object.c:2301
  19: _Py_DECREF
        at /usr/local/src/conda/python-3.10.18/Include/object.h:500
  20: frame_dealloc
        at /usr/local/src/conda/python-3.10.18/Objects/frameobject.c:591
  21: _Py_Dealloc
        at /usr/local/src/conda/python-3.10.18/Objects/object.c:2301
  22: _Py_DECREF
        at /usr/local/src/conda/python-3.10.18/Include/object.h:500
  23: _PyEval_Vector
        at /usr/local/src/conda/python-3.10.18/Python/ceval.c:5080
  24: _PyFunction_Vectorcall
        at /usr/local/src/conda/python-3.10.18/Objects/call.c:342
  25: do_call_core
        at /usr/local/src/conda/python-3.10.18/Python/ceval.c:5945
  26: _PyEval_EvalFrameDefault
        at /usr/local/src/conda/python-3.10.18/Python/ceval.c:4277
  27: _PyEval_EvalFrame
        at /usr/local/src/conda/python-3.10.18/Include/internal/pycore_ceval.h:46
  28: _PyEval_Vector
        at /usr/local/src/conda/python-3.10.18/Python/ceval.c:5067
  29: _PyFunction_Vectorcall
        at /usr/local/src/conda/python-3.10.18/Objects/call.c:342
  30: _PyObject_VectorcallTstate
        at /usr/local/src/conda/python-3.10.18/Include/cpython/abstract.h:114
  31: PyObject_Vectorcall
        at /usr/local/src/conda/python-3.10.18/Include/cpython/abstract.h:123
  32: call_function
        at /usr/local/src/conda/python-3.10.18/Python/ceval.c:5893
  33: _PyEval_EvalFrameDefault
        at /usr/local/src/conda/python-3.10.18/Python/ceval.c:4213
  34: _PyEval_EvalFrame
        at /usr/local/src/conda/python-3.10.18/Include/internal/pycore_ceval.h:46
  35: _PyEval_Vector
        at /usr/local/src/conda/python-3.10.18/Python/ceval.c:5067
  36: PyEval_EvalCode
        at /usr/local/src/conda/python-3.10.18/Python/ceval.c:1134
  37: builtin_exec_impl
        at /usr/local/src/conda/python-3.10.18/Python/bltinmodule.c:1058
  38: builtin_exec
        at /usr/local/src/conda/python-3.10.18/Python/clinic/bltinmodule.c.h:371
  39: cfunction_vectorcall_FASTCALL
        at /usr/local/src/conda/python-3.10.18/Objects/methodobject.c:430
  40: _PyObject_VectorcallTstate
        at /usr/local/src/conda/python-3.10.18/Include/cpython/abstract.h:114
  41: PyObject_Vectorcall
        at /usr/local/src/conda/python-3.10.18/Include/cpython/abstract.h:123
  42: call_function
        at /usr/local/src/conda/python-3.10.18/Python/ceval.c:5893
  43: _PyEval_EvalFrameDefault
        at /usr/local/src/conda/python-3.10.18/Python/ceval.c:4213
  44: _PyEval_EvalFrame
        at /usr/local/src/conda/python-3.10.18/Include/internal/pycore_ceval.h:46
  45: _PyEval_Vector
        at /usr/local/src/conda/python-3.10.18/Python/ceval.c:5067
  46: _PyFunction_Vectorcall
        at /usr/local/src/conda/python-3.10.18/Objects/call.c:342
  47: _PyObject_VectorcallTstate
        at /usr/local/src/conda/python-3.10.18/Include/cpython/abstract.h:114
  48: PyObject_Vectorcall
        at /usr/local/src/conda/python-3.10.18/Include/cpython/abstract.h:123
  49: call_function
        at /usr/local/src/conda/python-3.10.18/Python/ceval.c:5893
  50: _PyEval_EvalFrameDefault
        at /usr/local/src/conda/python-3.10.18/Python/ceval.c:4213
  51: _PyEval_EvalFrame
        at /usr/local/src/conda/python-3.10.18/Include/internal/pycore_ceval.h:46
  52: _PyEval_Vector
        at /usr/local/src/conda/python-3.10.18/Python/ceval.c:5067
  53: _PyFunction_Vectorcall
        at /usr/local/src/conda/python-3.10.18/Objects/call.c:342
  54: pymain_run_module
        at /usr/local/src/conda/python-3.10.18/Modules/main.c:297
  55: pymain_run_python
        at /usr/local/src/conda/python-3.10.18/Modules/main.c:589
  56: Py_RunMain
        at /usr/local/src/conda/python-3.10.18/Modules/main.c:674
  57: Py_BytesMain
        at /usr/local/src/conda/python-3.10.18/Modules/main.c:1094
  58: __libc_start_main
        at ../csu/libc-start.c:308
  59: 0x000000000058728d
  60: 0xffffffffffffffff


|  ID  |                       Task Description                        | Latency (ms) | Speed (GFLOPS) | Trials |
-----------------------------------------------------------------------------------------------------------------
|    0 |                                    vm_mod_fused_nn_conv2d_add |        0.015 |        6906.27 |     64 |
|    1 |                          vm_mod_fused_nn_conv2d_add_nn_relu_5 |        0.034 |        6090.24 |     64 |
|    2 |                                    vm_mod_fused_nn_max_pool2d |        0.004 |         505.25 |     64 |
|    3 |                          vm_mod_fused_nn_conv2d_add_nn_relu_1 |        0.007 |        7357.22 |     64 |
|    4 |                                     vm_mod_fused_nn_dense_add |        0.017 |         245.70 |     64 |
|    5 |                          vm_mod_fused_nn_conv2d_add_nn_relu_8 |        0.058 |        3529.12 |     64 |
|    6 |                                  vm_mod_fused_nn_conv2d_add_3 |        0.037 |        5497.74 |     64 |
|    7 |                      vm_mod_fused_nn_conv2d_add_add_nn_relu_3 |            - |              - |      0 |
|    8 |                          vm_mod_fused_nn_conv2d_add_nn_relu_4 |            - |              - |      0 |
|    9 |                        vm_mod_fused_nn_conv2d_add_add_nn_relu |            - |              - |      0 |
|   10 |                      vm_mod_fused_nn_conv2d_add_add_nn_relu_1 |            - |              - |      0 |
|   11 | vm_mod_fused_nn_contrib_conv2d_winograd_without_weight_transform_add_nn_relu_3 |            - |              - |      0 |
|   12 |                                  vm_mod_fused_nn_conv2d_add_2 |            - |              - |      0 |
|   13 |                            vm_mod_fused_nn_conv2d_add_nn_relu |            - |              - |      0 |
|   14 |                          vm_mod_fused_nn_conv2d_add_nn_relu_7 |            - |              - |      0 |
|   15 |                         vm_mod_fused_nn_conv2d_add_nn_relu_10 |            - |              - |      0 |
|   16 | vm_mod_fused_nn_contrib_conv2d_winograd_without_weight_transform_add_nn_relu_1 |            - |              - |      0 |
|   17 |                          vm_mod_fused_nn_conv2d_add_nn_relu_3 |            - |              - |      0 |
|   18 |                           vm_mod_fused_nn_adaptive_avg_pool2d |            - |              - |      0 |
|   19 |                         vm_mod_fused_nn_conv2d_add_nn_relu_11 |            - |              - |      0 |
|   20 |                                  vm_mod_fused_nn_conv2d_add_1 |            - |              - |      0 |
|   21 |                          vm_mod_fused_nn_conv2d_add_nn_relu_6 |            - |              - |      0 |
|   22 |                          vm_mod_fused_nn_conv2d_add_nn_relu_2 |            - |              - |      0 |
|   23 | vm_mod_fused_nn_contrib_conv2d_winograd_without_weight_transform_add_nn_relu |            - |              - |      0 |
|   24 |                      vm_mod_fused_nn_conv2d_add_add_nn_relu_2 |            - |              - |      0 |
|   25 |                          vm_mod_fused_nn_conv2d_add_nn_relu_9 |            - |              - |      0 |
|   26 | vm_mod_fused_nn_contrib_conv2d_winograd_without_weight_transform_add_nn_relu_2 |            - |              - |      0 |
-----------------------------------------------------------------------------------------------------------------
Estimated total latency: - ms	Trials: 444	Used time : 681 s	Next ID: 7	
*E*********************Eterminate called after throwing an instance of 'tvm::runtime::InternalError'
  what():  [18:02:43] /data3/qsy/complier/tlm/src/runtime/cuda/cuda_module.cc:61: CUDAError: cuModuleUnload(module_[i]) failed with error: CUDA_ERROR_MISALIGNED_ADDRESS
Stack trace:
  0: tvm::runtime::SimpleObjAllocator::Handler<tvm::runtime::CUDAModuleNode>::Deleter_(tvm::runtime::Object*)
  1: tvm::runtime::SimpleObjAllocator::Handler<tvm::runtime::LibraryModuleNode>::Deleter_(tvm::runtime::Object*)
  2: _ZN3tvm7runtime18SimpleObjAllocator7HandlerINS0_16PackedFuncS
  3: _ZN3tvm7runtime18SimpleObjAllocator7HandlerINS0_16PackedFuncSubObjIZNS0_9profiling17WrapTimeE
  4: TVMObjectFree
  5: __pyx_tp_dealloc_3tvm_4_ffi_4_cy3_4core_PackedFuncBase(_object*)
  6: subtype_dealloc
        at /usr/local/src/conda/python-3.10.18/Objects/typeobject.c:1460
  7: _Py_DECREF
        at /usr/local/src/conda/python-3.10.18/Include/object.h:500
  8: _Py_XDECREF
        at /usr/local/src/conda/python-3.10.18/Include/object.h:567
  9: cell_dealloc
        at /usr/local/src/conda/python-3.10.18/Objects/cellobject.c:82
  10: _Py_Dealloc
        at /usr/local/src/conda/python-3.10.18/Objects/object.c:2301
  11: _Py_DECREF
        at /usr/local/src/conda/python-3.10.18/Include/object.h:500
  12: _Py_XDECREF
        at /usr/local/src/conda/python-3.10.18/Include/object.h:567
  13: tupledealloc
        at /usr/local/src/conda/python-3.10.18/Objects/tupleobject.c:276
  14: _Py_Dealloc
        at /usr/local/src/conda/python-3.10.18/Objects/object.c:2301
  15: _Py_DECREF
        at /usr/local/src/conda/python-3.10.18/Include/object.h:500
  16: func_clear
        at /usr/local/src/conda/python-3.10.18/Objects/funcobject.c:636
  17: func_dealloc
        at /usr/local/src/conda/python-3.10.18/Objects/funcobject.c:648
  18: _Py_Dealloc
        at /usr/local/src/conda/python-3.10.18/Objects/object.c:2301
  19: _Py_DECREF
        at /usr/local/src/conda/python-3.10.18/Include/object.h:500
  20: frame_dealloc
        at /usr/local/src/conda/python-3.10.18/Objects/frameobject.c:591
  21: _Py_Dealloc
        at /usr/local/src/conda/python-3.10.18/Objects/object.c:2301
  22: _Py_DECREF
        at /usr/local/src/conda/python-3.10.18/Include/object.h:500
  23: _PyEval_Vector
        at /usr/local/src/conda/python-3.10.18/Python/ceval.c:5080
  24: _PyFunction_Vectorcall
        at /usr/local/src/conda/python-3.10.18/Objects/call.c:342
  25: do_call_core
        at /usr/local/src/conda/python-3.10.18/Python/ceval.c:5945
  26: _PyEval_EvalFrameDefault
        at /usr/local/src/conda/python-3.10.18/Python/ceval.c:4277
  27: _PyEval_EvalFrame
        at /usr/local/src/conda/python-3.10.18/Include/internal/pycore_ceval.h:46
  28: _PyEval_Vector
        at /usr/local/src/conda/python-3.10.18/Python/ceval.c:5067
  29: _PyFunction_Vectorcall
        at /usr/local/src/conda/python-3.10.18/Objects/call.c:342
  30: _PyObject_VectorcallTstate
        at /usr/local/src/conda/python-3.10.18/Include/cpython/abstract.h:114
  31: PyObject_Vectorcall
        at /usr/local/src/conda/python-3.10.18/Include/cpython/abstract.h:123
  32: call_function
        at /usr/local/src/conda/python-3.10.18/Python/ceval.c:5893
  33: _PyEval_EvalFrameDefault
        at /usr/local/src/conda/python-3.10.18/Python/ceval.c:4213
  34: _PyEval_EvalFrame
        at /usr/local/src/conda/python-3.10.18/Include/internal/pycore_ceval.h:46
  35: _PyEval_Vector
        at /usr/local/src/conda/python-3.10.18/Python/ceval.c:5067
  36: PyEval_EvalCode
        at /usr/local/src/conda/python-3.10.18/Python/ceval.c:1134
  37: builtin_exec_impl
        at /usr/local/src/conda/python-3.10.18/Python/bltinmodule.c:1058
  38: builtin_exec
        at /usr/local/src/conda/python-3.10.18/Python/clinic/bltinmodule.c.h:371
  39: cfunction_vectorcall_FASTCALL
        at /usr/local/src/conda/python-3.10.18/Objects/methodobject.c:430
  40: _PyObject_VectorcallTstate
        at /usr/local/src/conda/python-3.10.18/Include/cpython/abstract.h:114
  41: PyObject_Vectorcall
        at /usr/local/src/conda/python-3.10.18/Include/cpython/abstract.h:123
  42: call_function
        at /usr/local/src/conda/python-3.10.18/Python/ceval.c:5893
  43: _PyEval_EvalFrameDefault
        at /usr/local/src/conda/python-3.10.18/Python/ceval.c:4213
  44: _PyEval_EvalFrame
        at /usr/local/src/conda/python-3.10.18/Include/internal/pycore_ceval.h:46
  45: _PyEval_Vector
        at /usr/local/src/conda/python-3.10.18/Python/ceval.c:5067
  46: _PyFunction_Vectorcall
        at /usr/local/src/conda/python-3.10.18/Objects/call.c:342
  47: _PyObject_VectorcallTstate
        at /usr/local/src/conda/python-3.10.18/Include/cpython/abstract.h:114
  48: PyObject_Vectorcall
        at /usr/local/src/conda/python-3.10.18/Include/cpython/abstract.h:123
  49: call_function
        at /usr/local/src/conda/python-3.10.18/Python/ceval.c:5893
  50: _PyEval_EvalFrameDefault
        at /usr/local/src/conda/python-3.10.18/Python/ceval.c:4213
  51: _PyEval_EvalFrame
        at /usr/local/src/conda/python-3.10.18/Include/internal/pycore_ceval.h:46
  52: _PyEval_Vector
        at /usr/local/src/conda/python-3.10.18/Python/ceval.c:5067
  53: _PyFunction_Vectorcall
        at /usr/local/src/conda/python-3.10.18/Objects/call.c:342
  54: pymain_run_module
        at /usr/local/src/conda/python-3.10.18/Modules/main.c:297
  55: pymain_run_python
        at /usr/local/src/conda/python-3.10.18/Modules/main.c:589
  56: Py_RunMain
        at /usr/local/src/conda/python-3.10.18/Modules/main.c:674
  57: Py_BytesMain
        at /usr/local/src/conda/python-3.10.18/Modules/main.c:1094
  58: __libc_start_main
        at ../csu/libc-start.c:308
  59: 0x000000000058728d
  60: 0xffffffffffffffff


*E**Eterminate called after throwing an instance of 'tvm::runtime::InternalError'
  what():  [18:02:44] /data3/qsy/complier/tlm/src/runtime/cuda/cuda_module.cc:61: CUDAError: cuModuleUnload(module_[i]) failed with error: CUDA_ERROR_MISALIGNED_ADDRESS
Stack trace:
  0: tvm::runtime::SimpleObjAllocator::Handler<tvm::runtime::CUDAModuleNode>::Deleter_(tvm::runtime::Object*)
  1: tvm::runtime::SimpleObjAllocator::Handler<tvm::runtime::LibraryModuleNode>::Deleter_(tvm::runtime::Object*)
  2: _ZN3tvm7runtime18SimpleObjAllocator7HandlerINS0_16PackedFuncS
  3: _ZN3tvm7runtime18SimpleObjAllocator7HandlerINS0_16PackedFuncSubObjIZNS0_9profiling17WrapTimeE
  4: TVMObjectFree
  5: __pyx_tp_dealloc_3tvm_4_ffi_4_cy3_4core_PackedFuncBase(_object*)
  6: subtype_dealloc
        at /usr/local/src/conda/python-3.10.18/Objects/typeobject.c:1460
  7: _Py_DECREF
        at /usr/local/src/conda/python-3.10.18/Include/object.h:500
  8: _Py_XDECREF
        at /usr/local/src/conda/python-3.10.18/Include/object.h:567
  9: cell_dealloc
        at /usr/local/src/conda/python-3.10.18/Objects/cellobject.c:82
  10: _Py_Dealloc
        at /usr/local/src/conda/python-3.10.18/Objects/object.c:2301
  11: _Py_DECREF
        at /usr/local/src/conda/python-3.10.18/Include/object.h:500
  12: _Py_XDECREF
        at /usr/local/src/conda/python-3.10.18/Include/object.h:567
  13: tupledealloc
        at /usr/local/src/conda/python-3.10.18/Objects/tupleobject.c:276
  14: _Py_Dealloc
        at /usr/local/src/conda/python-3.10.18/Objects/object.c:2301
  15: _Py_DECREF
        at /usr/local/src/conda/python-3.10.18/Include/object.h:500
  16: func_clear
        at /usr/local/src/conda/python-3.10.18/Objects/funcobject.c:636
  17: func_dealloc
        at /usr/local/src/conda/python-3.10.18/Objects/funcobject.c:648
  18: _Py_Dealloc
        at /usr/local/src/conda/python-3.10.18/Objects/object.c:2301
  19: _Py_DECREF
        at /usr/local/src/conda/python-3.10.18/Include/object.h:500
  20: frame_dealloc
        at /usr/local/src/conda/python-3.10.18/Objects/frameobject.c:591
  21: _Py_Dealloc
        at /usr/local/src/conda/python-3.10.18/Objects/object.c:2301
  22: _Py_DECREF
        at /usr/local/src/conda/python-3.10.18/Include/object.h:500
  23: _PyEval_Vector
        at /usr/local/src/conda/python-3.10.18/Python/ceval.c:5080
  24: _PyFunction_Vectorcall
        at /usr/local/src/conda/python-3.10.18/Objects/call.c:342
  25: do_call_core
        at /usr/local/src/conda/python-3.10.18/Python/ceval.c:5945
  26: _PyEval_EvalFrameDefault
        at /usr/local/src/conda/python-3.10.18/Python/ceval.c:4277
  27: _PyEval_EvalFrame
        at /usr/local/src/conda/python-3.10.18/Include/internal/pycore_ceval.h:46
  28: _PyEval_Vector
        at /usr/local/src/conda/python-3.10.18/Python/ceval.c:5067
  29: _PyFunction_Vectorcall
        at /usr/local/src/conda/python-3.10.18/Objects/call.c:342
  30: _PyObject_VectorcallTstate
        at /usr/local/src/conda/python-3.10.18/Include/cpython/abstract.h:114
  31: PyObject_Vectorcall
        at /usr/local/src/conda/python-3.10.18/Include/cpython/abstract.h:123
  32: call_function
        at /usr/local/src/conda/python-3.10.18/Python/ceval.c:5893
  33: _PyEval_EvalFrameDefault
        at /usr/local/src/conda/python-3.10.18/Python/ceval.c:4213
  34: _PyEval_EvalFrame
        at /usr/local/src/conda/python-3.10.18/Include/internal/pycore_ceval.h:46
  35: _PyEval_Vector
        at /usr/local/src/conda/python-3.10.18/Python/ceval.c:5067
  36: PyEval_EvalCode
        at /usr/local/src/conda/python-3.10.18/Python/ceval.c:1134
  37: builtin_exec_impl
        at /usr/local/src/conda/python-3.10.18/Python/bltinmodule.c:1058
  38: builtin_exec
        at /usr/local/src/conda/python-3.10.18/Python/clinic/bltinmodule.c.h:371
  39: cfunction_vectorcall_FASTCALL
        at /usr/local/src/conda/python-3.10.18/Objects/methodobject.c:430
  40: _PyObject_VectorcallTstate
        at /usr/local/src/conda/python-3.10.18/Include/cpython/abstract.h:114
  41: PyObject_Vectorcall
        at /usr/local/src/conda/python-3.10.18/Include/cpython/abstract.h:123
  42: call_function
        at /usr/local/src/conda/python-3.10.18/Python/ceval.c:5893
  43: _PyEval_EvalFrameDefault
        at /usr/local/src/conda/python-3.10.18/Python/ceval.c:4213
  44: _PyEval_EvalFrame
        at /usr/local/src/conda/python-3.10.18/Include/internal/pycore_ceval.h:46
  45: _PyEval_Vector
        at /usr/local/src/conda/python-3.10.18/Python/ceval.c:5067
  46: _PyFunction_Vectorcall
        at /usr/local/src/conda/python-3.10.18/Objects/call.c:342
  47: _PyObject_VectorcallTstate
        at /usr/local/src/conda/python-3.10.18/Include/cpython/abstract.h:114
  48: PyObject_Vectorcall
        at /usr/local/src/conda/python-3.10.18/Include/cpython/abstract.h:123
  49: call_function
        at /usr/local/src/conda/python-3.10.18/Python/ceval.c:5893
  50: _PyEval_EvalFrameDefault
        at /usr/local/src/conda/python-3.10.18/Python/ceval.c:4213
  51: _PyEval_EvalFrame
        at /usr/local/src/conda/python-3.10.18/Include/internal/pycore_ceval.h:46
  52: _PyEval_Vector
        at /usr/local/src/conda/python-3.10.18/Python/ceval.c:5067
  53: _PyFunction_Vectorcall
        at /usr/local/src/conda/python-3.10.18/Objects/call.c:342
  54: pymain_run_module
        at /usr/local/src/conda/python-3.10.18/Modules/main.c:297
  55: pymain_run_python
        at /usr/local/src/conda/python-3.10.18/Modules/main.c:589
  56: Py_RunMain
        at /usr/local/src/conda/python-3.10.18/Modules/main.c:674
  57: Py_BytesMain
        at /usr/local/src/conda/python-3.10.18/Modules/main.c:1094
  58: __libc_start_main
        at ../csu/libc-start.c:308
  59: 0x000000000058728d
  60: 0xffffffffffffffff


*E**********
Time elapsed for measurement: 36.97 s
----------------------------------------------------------------------
------------------------------  [ Train cost model ]
----------------------------------------------------------------------
Time elapsed for training: 1.19 s
----------------------------------------------------------------------
------------------------------  [ Task Scheduler ]
----------------------------------------------------------------------
----------------------------------------------------------------------
------------------------------  [ Search ]
----------------------------------------------------------------------
Generate Sketches		#s: 1
Sample Initial Population	#s: 85	fail_ct: 4011	Time elapsed: 16.57
GA Iter: 0	Max score: 0.9869	Min score: 0.0206	#Pop: 85	#M+: 0	#M-: 0
GA Iter: 4	Max score: 1.0000	Min score: 0.9785	#Pop: 128	#M+: 1401	#M-: 0
EvolutionarySearch		#s: 128	Time elapsed: 109.99
----------------------------------------------------------------------
------------------------------  [ Measure ]
----------------------------------------------------------------------
Get 64 programs to measure:
...............................................................|  ID  |                       Task Description                        | Latency (ms) | Speed (GFLOPS) | Trials |
-----------------------------------------------------------------------------------------------------------------
|    0 |                                    vm_mod_fused_nn_conv2d_add |        0.015 |        6906.27 |     64 |
|    1 |                          vm_mod_fused_nn_conv2d_add_nn_relu_5 |        0.034 |        6090.24 |     64 |
|    2 |                                    vm_mod_fused_nn_max_pool2d |        0.004 |         505.25 |     64 |
|    3 |                          vm_mod_fused_nn_conv2d_add_nn_relu_1 |        0.007 |        7357.22 |     64 |
|    4 |                                     vm_mod_fused_nn_dense_add |        0.017 |         245.70 |     64 |
|    5 |                          vm_mod_fused_nn_conv2d_add_nn_relu_8 |        0.058 |        3529.12 |     64 |
|    6 |                                  vm_mod_fused_nn_conv2d_add_3 |        0.037 |        5497.74 |     64 |
|    7 |                      vm_mod_fused_nn_conv2d_add_add_nn_relu_3 |        0.049 |        4217.22 |     64 |
|    8 |                          vm_mod_fused_nn_conv2d_add_nn_relu_4 |            - |              - |      0 |
|    9 |                        vm_mod_fused_nn_conv2d_add_add_nn_relu |            - |              - |      0 |
|   10 |                      vm_mod_fused_nn_conv2d_add_add_nn_relu_1 |            - |              - |      0 |
|   11 | vm_mod_fused_nn_contrib_conv2d_winograd_without_weight_transform_add_nn_relu_3 |            - |              - |      0 |
|   12 |                                  vm_mod_fused_nn_conv2d_add_2 |            - |              - |      0 |
|   13 |                            vm_mod_fused_nn_conv2d_add_nn_relu |            - |              - |      0 |
|   14 |                          vm_mod_fused_nn_conv2d_add_nn_relu_7 |            - |              - |      0 |
|   15 |                         vm_mod_fused_nn_conv2d_add_nn_relu_10 |            - |              - |      0 |
|   16 | vm_mod_fused_nn_contrib_conv2d_winograd_without_weight_transform_add_nn_relu_1 |            - |              - |      0 |
|   17 |                          vm_mod_fused_nn_conv2d_add_nn_relu_3 |            - |              - |      0 |
|   18 |                           vm_mod_fused_nn_adaptive_avg_pool2d |            - |              - |      0 |
|   19 |                         vm_mod_fused_nn_conv2d_add_nn_relu_11 |            - |              - |      0 |
|   20 |                                  vm_mod_fused_nn_conv2d_add_1 |            - |              - |      0 |
|   21 |                          vm_mod_fused_nn_conv2d_add_nn_relu_6 |            - |              - |      0 |
|   22 |                          vm_mod_fused_nn_conv2d_add_nn_relu_2 |            - |              - |      0 |
|   23 | vm_mod_fused_nn_contrib_conv2d_winograd_without_weight_transform_add_nn_relu |            - |              - |      0 |
|   24 |                      vm_mod_fused_nn_conv2d_add_add_nn_relu_2 |            - |              - |      0 |
|   25 |                          vm_mod_fused_nn_conv2d_add_nn_relu_9 |            - |              - |      0 |
|   26 | vm_mod_fused_nn_contrib_conv2d_winograd_without_weight_transform_add_nn_relu_2 |            - |              - |      0 |
-----------------------------------------------------------------------------------------------------------------
Estimated total latency: - ms	Trials: 508	Used time : 796 s	Next ID: 8	
.T**************************************************************Eterminate called after throwing an instance of 'tvm::runtime::InternalError'
  what():  [18:05:32] /data3/qsy/complier/tlm/src/runtime/cuda/cuda_module.cc:61: CUDAError: cuModuleUnload(module_[i]) failed with error: CUDA_ERROR_MISALIGNED_ADDRESS
Stack trace:
  0: tvm::runtime::SimpleObjAllocator::Handler<tvm::runtime::CUDAModuleNode>::Deleter_(tvm::runtime::Object*)
  1: tvm::runtime::SimpleObjAllocator::Handler<tvm::runtime::LibraryModuleNode>::Deleter_(tvm::runtime::Object*)
  2: _ZN3tvm7runtime18SimpleObjAllocator7HandlerINS0_16PackedFuncS
  3: _ZN3tvm7runtime18SimpleObjAllocator7HandlerINS0_16PackedFuncSubObjIZNS0_9profiling17WrapTimeE
  4: TVMObjectFree
  5: __pyx_tp_dealloc_3tvm_4_ffi_4_cy3_4core_PackedFuncBase(_object*)
  6: subtype_dealloc
        at /usr/local/src/conda/python-3.10.18/Objects/typeobject.c:1460
  7: _Py_DECREF
        at /usr/local/src/conda/python-3.10.18/Include/object.h:500
  8: _Py_XDECREF
        at /usr/local/src/conda/python-3.10.18/Include/object.h:567
  9: cell_dealloc
        at /usr/local/src/conda/python-3.10.18/Objects/cellobject.c:82
  10: _Py_Dealloc
        at /usr/local/src/conda/python-3.10.18/Objects/object.c:2301
  11: _Py_DECREF
        at /usr/local/src/conda/python-3.10.18/Include/object.h:500
  12: _Py_XDECREF
        at /usr/local/src/conda/python-3.10.18/Include/object.h:567
  13: tupledealloc
        at /usr/local/src/conda/python-3.10.18/Objects/tupleobject.c:276
  14: _Py_Dealloc
        at /usr/local/src/conda/python-3.10.18/Objects/object.c:2301
  15: _Py_DECREF
        at /usr/local/src/conda/python-3.10.18/Include/object.h:500
  16: func_clear
        at /usr/local/src/conda/python-3.10.18/Objects/funcobject.c:636
  17: func_dealloc
        at /usr/local/src/conda/python-3.10.18/Objects/funcobject.c:648
  18: _Py_Dealloc
        at /usr/local/src/conda/python-3.10.18/Objects/object.c:2301
  19: _Py_DECREF
        at /usr/local/src/conda/python-3.10.18/Include/object.h:500
  20: frame_dealloc
        at /usr/local/src/conda/python-3.10.18/Objects/frameobject.c:591
  21: _Py_Dealloc
        at /usr/local/src/conda/python-3.10.18/Objects/object.c:2301
  22: _Py_DECREF
        at /usr/local/src/conda/python-3.10.18/Include/object.h:500
  23: _PyEval_Vector
        at /usr/local/src/conda/python-3.10.18/Python/ceval.c:5080
  24: _PyFunction_Vectorcall
        at /usr/local/src/conda/python-3.10.18/Objects/call.c:342
  25: do_call_core
        at /usr/local/src/conda/python-3.10.18/Python/ceval.c:5945
  26: _PyEval_EvalFrameDefault
        at /usr/local/src/conda/python-3.10.18/Python/ceval.c:4277
  27: _PyEval_EvalFrame
        at /usr/local/src/conda/python-3.10.18/Include/internal/pycore_ceval.h:46
  28: _PyEval_Vector
        at /usr/local/src/conda/python-3.10.18/Python/ceval.c:5067
  29: _PyFunction_Vectorcall
        at /usr/local/src/conda/python-3.10.18/Objects/call.c:342
  30: _PyObject_VectorcallTstate
        at /usr/local/src/conda/python-3.10.18/Include/cpython/abstract.h:114
  31: PyObject_Vectorcall
        at /usr/local/src/conda/python-3.10.18/Include/cpython/abstract.h:123
  32: call_function
        at /usr/local/src/conda/python-3.10.18/Python/ceval.c:5893
  33: _PyEval_EvalFrameDefault
        at /usr/local/src/conda/python-3.10.18/Python/ceval.c:4213
  34: _PyEval_EvalFrame
        at /usr/local/src/conda/python-3.10.18/Include/internal/pycore_ceval.h:46
  35: _PyEval_Vector
        at /usr/local/src/conda/python-3.10.18/Python/ceval.c:5067
  36: PyEval_EvalCode
        at /usr/local/src/conda/python-3.10.18/Python/ceval.c:1134
  37: builtin_exec_impl
        at /usr/local/src/conda/python-3.10.18/Python/bltinmodule.c:1058
  38: builtin_exec
        at /usr/local/src/conda/python-3.10.18/Python/clinic/bltinmodule.c.h:371
  39: cfunction_vectorcall_FASTCALL
        at /usr/local/src/conda/python-3.10.18/Objects/methodobject.c:430
  40: _PyObject_VectorcallTstate
        at /usr/local/src/conda/python-3.10.18/Include/cpython/abstract.h:114
  41: PyObject_Vectorcall
        at /usr/local/src/conda/python-3.10.18/Include/cpython/abstract.h:123
  42: call_function
        at /usr/local/src/conda/python-3.10.18/Python/ceval.c:5893
  43: _PyEval_EvalFrameDefault
        at /usr/local/src/conda/python-3.10.18/Python/ceval.c:4213
  44: _PyEval_EvalFrame
        at /usr/local/src/conda/python-3.10.18/Include/internal/pycore_ceval.h:46
  45: _PyEval_Vector
        at /usr/local/src/conda/python-3.10.18/Python/ceval.c:5067
  46: _PyFunction_Vectorcall
        at /usr/local/src/conda/python-3.10.18/Objects/call.c:342
  47: _PyObject_VectorcallTstate
        at /usr/local/src/conda/python-3.10.18/Include/cpython/abstract.h:114
  48: PyObject_Vectorcall
        at /usr/local/src/conda/python-3.10.18/Include/cpython/abstract.h:123
  49: call_function
        at /usr/local/src/conda/python-3.10.18/Python/ceval.c:5893
  50: _PyEval_EvalFrameDefault
        at /usr/local/src/conda/python-3.10.18/Python/ceval.c:4213
  51: _PyEval_EvalFrame
        at /usr/local/src/conda/python-3.10.18/Include/internal/pycore_ceval.h:46
  52: _PyEval_Vector
        at /usr/local/src/conda/python-3.10.18/Python/ceval.c:5067
  53: _PyFunction_Vectorcall
        at /usr/local/src/conda/python-3.10.18/Objects/call.c:342
  54: pymain_run_module
        at /usr/local/src/conda/python-3.10.18/Modules/main.c:297
  55: pymain_run_python
        at /usr/local/src/conda/python-3.10.18/Modules/main.c:589
  56: Py_RunMain
        at /usr/local/src/conda/python-3.10.18/Modules/main.c:674
  57: Py_BytesMain
        at /usr/local/src/conda/python-3.10.18/Modules/main.c:1094
  58: __libc_start_main
        at ../csu/libc-start.c:308
  59: 0x000000000058728d
  60: 0xffffffffffffffff


*E*
Time elapsed for measurement: 37.69 s
----------------------------------------------------------------------
------------------------------  [ Train cost model ]
----------------------------------------------------------------------
Time elapsed for training: 0.00 s
----------------------------------------------------------------------
------------------------------  [ Task Scheduler ]
----------------------------------------------------------------------
----------------------------------------------------------------------
------------------------------  [ Search ]
----------------------------------------------------------------------
Generate Sketches		#s: 1
Sample Initial Population	#s: 63	fail_ct: 1985	Time elapsed: 7.34
GA Iter: 0	Max score: 0.9922	Min score: 0.0031	#Pop: 63	#M+: 0	#M-: 0
GA Iter: 4	Max score: 0.9999	Min score: 0.9812	#Pop: 128	#M+: 1399	#M-: 0
EvolutionarySearch		#s: 128	Time elapsed: 81.16
----------------------------------------------------------------------
------------------------------  [ Measure ]
----------------------------------------------------------------------
Get 64 programs to measure:
...............................................................|  ID  |                       Task Description                        | Latency (ms) | Speed (GFLOPS) | Trials |
-----------------------------------------------------------------------------------------------------------------
|    0 |                                    vm_mod_fused_nn_conv2d_add |        0.015 |        6906.27 |     64 |
|    1 |                          vm_mod_fused_nn_conv2d_add_nn_relu_5 |        0.034 |        6090.24 |     64 |
|    2 |                                    vm_mod_fused_nn_max_pool2d |        0.004 |         505.25 |     64 |
|    3 |                          vm_mod_fused_nn_conv2d_add_nn_relu_1 |        0.007 |        7357.22 |     64 |
|    4 |                                     vm_mod_fused_nn_dense_add |        0.017 |         245.70 |     64 |
|    5 |                          vm_mod_fused_nn_conv2d_add_nn_relu_8 |        0.058 |        3529.12 |     64 |
|    6 |                                  vm_mod_fused_nn_conv2d_add_3 |        0.037 |        5497.74 |     64 |
|    7 |                      vm_mod_fused_nn_conv2d_add_add_nn_relu_3 |        0.049 |        4217.22 |     64 |
|    8 |                          vm_mod_fused_nn_conv2d_add_nn_relu_4 |        0.123 |        7542.53 |     64 |
|    9 |                        vm_mod_fused_nn_conv2d_add_add_nn_relu |            - |              - |      0 |
|   10 |                      vm_mod_fused_nn_conv2d_add_add_nn_relu_1 |            - |              - |      0 |
|   11 | vm_mod_fused_nn_contrib_conv2d_winograd_without_weight_transform_add_nn_relu_3 |            - |              - |      0 |
|   12 |                                  vm_mod_fused_nn_conv2d_add_2 |            - |              - |      0 |
|   13 |                            vm_mod_fused_nn_conv2d_add_nn_relu |            - |              - |      0 |
|   14 |                          vm_mod_fused_nn_conv2d_add_nn_relu_7 |            - |              - |      0 |
|   15 |                         vm_mod_fused_nn_conv2d_add_nn_relu_10 |            - |              - |      0 |
|   16 | vm_mod_fused_nn_contrib_conv2d_winograd_without_weight_transform_add_nn_relu_1 |            - |              - |      0 |
|   17 |                          vm_mod_fused_nn_conv2d_add_nn_relu_3 |            - |              - |      0 |
|   18 |                           vm_mod_fused_nn_adaptive_avg_pool2d |            - |              - |      0 |
|   19 |                         vm_mod_fused_nn_conv2d_add_nn_relu_11 |            - |              - |      0 |
|   20 |                                  vm_mod_fused_nn_conv2d_add_1 |            - |              - |      0 |
|   21 |                          vm_mod_fused_nn_conv2d_add_nn_relu_6 |            - |              - |      0 |
|   22 |                          vm_mod_fused_nn_conv2d_add_nn_relu_2 |            - |              - |      0 |
|   23 | vm_mod_fused_nn_contrib_conv2d_winograd_without_weight_transform_add_nn_relu |            - |              - |      0 |
|   24 |                      vm_mod_fused_nn_conv2d_add_add_nn_relu_2 |            - |              - |      0 |
|   25 |                          vm_mod_fused_nn_conv2d_add_nn_relu_9 |            - |              - |      0 |
|   26 | vm_mod_fused_nn_contrib_conv2d_winograd_without_weight_transform_add_nn_relu_2 |            - |              - |      0 |
-----------------------------------------------------------------------------------------------------------------
Estimated total latency: - ms	Trials: 572	Used time : 961 s	Next ID: 9	
.T***************************************************************
Time elapsed for measurement: 37.90 s
----------------------------------------------------------------------
------------------------------  [ Train cost model ]
----------------------------------------------------------------------
Time elapsed for training: 3.97 s
----------------------------------------------------------------------
------------------------------  [ Task Scheduler ]
----------------------------------------------------------------------
----------------------------------------------------------------------
------------------------------  [ Search ]
----------------------------------------------------------------------
Generate Sketches		#s: 1
Sample Initial Population	#s: 66	fail_ct: 1982	Time elapsed: 7.12
GA Iter: 0	Max score: 0.9997	Min score: 0.0187	#Pop: 66	#M+: 0	#M-: 0
GA Iter: 4	Max score: 0.9997	Min score: 0.9797	#Pop: 128	#M+: 1391	#M-: 0
EvolutionarySearch		#s: 128	Time elapsed: 78.43
----------------------------------------------------------------------
------------------------------  [ Measure ]
----------------------------------------------------------------------
Get 64 programs to measure:
................................................................****************************************************************|  ID  |                       Task Description                        | Latency (ms) | Speed (GFLOPS) | Trials |
-----------------------------------------------------------------------------------------------------------------
|    0 |                                    vm_mod_fused_nn_conv2d_add |        0.015 |        6906.27 |     64 |
|    1 |                          vm_mod_fused_nn_conv2d_add_nn_relu_5 |        0.034 |        6090.24 |     64 |
|    2 |                                    vm_mod_fused_nn_max_pool2d |        0.004 |         505.25 |     64 |
|    3 |                          vm_mod_fused_nn_conv2d_add_nn_relu_1 |        0.007 |        7357.22 |     64 |
|    4 |                                     vm_mod_fused_nn_dense_add |        0.017 |         245.70 |     64 |
|    5 |                          vm_mod_fused_nn_conv2d_add_nn_relu_8 |        0.058 |        3529.12 |     64 |
|    6 |                                  vm_mod_fused_nn_conv2d_add_3 |        0.037 |        5497.74 |     64 |
|    7 |                      vm_mod_fused_nn_conv2d_add_add_nn_relu_3 |        0.049 |        4217.22 |     64 |
|    8 |                          vm_mod_fused_nn_conv2d_add_nn_relu_4 |        0.123 |        7542.53 |     64 |
|    9 |                        vm_mod_fused_nn_conv2d_add_add_nn_relu |        0.038 |        5463.84 |     64 |
|   10 |                      vm_mod_fused_nn_conv2d_add_add_nn_relu_1 |            - |              - |      0 |
|   11 | vm_mod_fused_nn_contrib_conv2d_winograd_without_weight_transform_add_nn_relu_3 |            - |              - |      0 |
|   12 |                                  vm_mod_fused_nn_conv2d_add_2 |            - |              - |      0 |
|   13 |                            vm_mod_fused_nn_conv2d_add_nn_relu |            - |              - |      0 |
|   14 |                          vm_mod_fused_nn_conv2d_add_nn_relu_7 |            - |              - |      0 |
|   15 |                         vm_mod_fused_nn_conv2d_add_nn_relu_10 |            - |              - |      0 |
|   16 | vm_mod_fused_nn_contrib_conv2d_winograd_without_weight_transform_add_nn_relu_1 |            - |              - |      0 |
|   17 |                          vm_mod_fused_nn_conv2d_add_nn_relu_3 |            - |              - |      0 |
|   18 |                           vm_mod_fused_nn_adaptive_avg_pool2d |            - |              - |      0 |
|   19 |                         vm_mod_fused_nn_conv2d_add_nn_relu_11 |            - |              - |      0 |
|   20 |                                  vm_mod_fused_nn_conv2d_add_1 |            - |              - |      0 |
|   21 |                          vm_mod_fused_nn_conv2d_add_nn_relu_6 |            - |              - |      0 |
|   22 |                          vm_mod_fused_nn_conv2d_add_nn_relu_2 |            - |              - |      0 |
|   23 | vm_mod_fused_nn_contrib_conv2d_winograd_without_weight_transform_add_nn_relu |            - |              - |      0 |
|   24 |                      vm_mod_fused_nn_conv2d_add_add_nn_relu_2 |            - |              - |      0 |
|   25 |                          vm_mod_fused_nn_conv2d_add_nn_relu_9 |            - |              - |      0 |
|   26 | vm_mod_fused_nn_contrib_conv2d_winograd_without_weight_transform_add_nn_relu_2 |            - |              - |      0 |
-----------------------------------------------------------------------------------------------------------------
Estimated total latency: - ms	Trials: 636	Used time : 1092 s	Next ID: 10	

Time elapsed for measurement: 29.52 s
----------------------------------------------------------------------
------------------------------  [ Train cost model ]
----------------------------------------------------------------------
Time elapsed for training: 0.00 s
----------------------------------------------------------------------
------------------------------  [ Task Scheduler ]
----------------------------------------------------------------------
----------------------------------------------------------------------
------------------------------  [ Search ]
----------------------------------------------------------------------
Generate Sketches		#s: 1
Sample Initial Population	#s: 61	fail_ct: 6083	Time elapsed: 50.40
GA Iter: 0	Max score: 0.9998	Min score: 0.0019	#Pop: 61	#M+: 0	#M-: 0
GA Iter: 4	Max score: 0.9998	Min score: 0.9795	#Pop: 128	#M+: 1380	#M-: 0
EvolutionarySearch		#s: 128	Time elapsed: 203.58
----------------------------------------------------------------------
------------------------------  [ Measure ]
----------------------------------------------------------------------
Get 64 programs to measure:
................................................................****************************************************************|  ID  |                       Task Description                        | Latency (ms) | Speed (GFLOPS) | Trials |
-----------------------------------------------------------------------------------------------------------------
|    0 |                                    vm_mod_fused_nn_conv2d_add |        0.015 |        6906.27 |     64 |
|    1 |                          vm_mod_fused_nn_conv2d_add_nn_relu_5 |        0.034 |        6090.24 |     64 |
|    2 |                                    vm_mod_fused_nn_max_pool2d |        0.004 |         505.25 |     64 |
|    3 |                          vm_mod_fused_nn_conv2d_add_nn_relu_1 |        0.007 |        7357.22 |     64 |
|    4 |                                     vm_mod_fused_nn_dense_add |        0.017 |         245.70 |     64 |
|    5 |                          vm_mod_fused_nn_conv2d_add_nn_relu_8 |        0.058 |        3529.12 |     64 |
|    6 |                                  vm_mod_fused_nn_conv2d_add_3 |        0.037 |        5497.74 |     64 |
|    7 |                      vm_mod_fused_nn_conv2d_add_add_nn_relu_3 |        0.049 |        4217.22 |     64 |
|    8 |                          vm_mod_fused_nn_conv2d_add_nn_relu_4 |        0.123 |        7542.53 |     64 |
|    9 |                        vm_mod_fused_nn_conv2d_add_add_nn_relu |        0.038 |        5463.84 |     64 |
|   10 |                      vm_mod_fused_nn_conv2d_add_add_nn_relu_1 |        0.030 |        6910.48 |     64 |
|   11 | vm_mod_fused_nn_contrib_conv2d_winograd_without_weight_transform_add_nn_relu_3 |            - |              - |      0 |
|   12 |                                  vm_mod_fused_nn_conv2d_add_2 |            - |              - |      0 |
|   13 |                            vm_mod_fused_nn_conv2d_add_nn_relu |            - |              - |      0 |
|   14 |                          vm_mod_fused_nn_conv2d_add_nn_relu_7 |            - |              - |      0 |
|   15 |                         vm_mod_fused_nn_conv2d_add_nn_relu_10 |            - |              - |      0 |
|   16 | vm_mod_fused_nn_contrib_conv2d_winograd_without_weight_transform_add_nn_relu_1 |            - |              - |      0 |
|   17 |                          vm_mod_fused_nn_conv2d_add_nn_relu_3 |            - |              - |      0 |
|   18 |                           vm_mod_fused_nn_adaptive_avg_pool2d |            - |              - |      0 |
|   19 |                         vm_mod_fused_nn_conv2d_add_nn_relu_11 |            - |              - |      0 |
|   20 |                                  vm_mod_fused_nn_conv2d_add_1 |            - |              - |      0 |
|   21 |                          vm_mod_fused_nn_conv2d_add_nn_relu_6 |            - |              - |      0 |
|   22 |                          vm_mod_fused_nn_conv2d_add_nn_relu_2 |            - |              - |      0 |
|   23 | vm_mod_fused_nn_contrib_conv2d_winograd_without_weight_transform_add_nn_relu |            - |              - |      0 |
|   24 |                      vm_mod_fused_nn_conv2d_add_add_nn_relu_2 |            - |              - |      0 |
|   25 |                          vm_mod_fused_nn_conv2d_add_nn_relu_9 |            - |              - |      0 |
|   26 | vm_mod_fused_nn_contrib_conv2d_winograd_without_weight_transform_add_nn_relu_2 |            - |              - |      0 |
-----------------------------------------------------------------------------------------------------------------
Estimated total latency: - ms	Trials: 700	Used time : 1207 s	Next ID: 11	

Time elapsed for measurement: 49.88 s
----------------------------------------------------------------------
------------------------------  [ Train cost model ]
----------------------------------------------------------------------
Time elapsed for training: 2.15 s
----------------------------------------------------------------------
------------------------------  [ Task Scheduler ]
----------------------------------------------------------------------
----------------------------------------------------------------------
------------------------------  [ Search ]
----------------------------------------------------------------------
Generate Sketches		#s: 1
Sample Initial Population	#s: 62	fail_ct: 1986	Time elapsed: 6.27
GA Iter: 0	Max score: 0.9765	Min score: 0.0090	#Pop: 62	#M+: 0	#M-: 0
GA Iter: 4	Max score: 1.0000	Min score: 0.9801	#Pop: 128	#M+: 1402	#M-: 0
EvolutionarySearch		#s: 128	Time elapsed: 78.91
----------------------------------------------------------------------
------------------------------  [ Measure ]
----------------------------------------------------------------------
Get 64 programs to measure:
..............................................................|  ID  |                       Task Description                        | Latency (ms) | Speed (GFLOPS) | Trials |
-----------------------------------------------------------------------------------------------------------------
|    0 |                                    vm_mod_fused_nn_conv2d_add |        0.015 |        6906.27 |     64 |
|    1 |                          vm_mod_fused_nn_conv2d_add_nn_relu_5 |        0.034 |        6090.24 |     64 |
|    2 |                                    vm_mod_fused_nn_max_pool2d |        0.004 |         505.25 |     64 |
|    3 |                          vm_mod_fused_nn_conv2d_add_nn_relu_1 |        0.007 |        7357.22 |     64 |
|    4 |                                     vm_mod_fused_nn_dense_add |        0.017 |         245.70 |     64 |
|    5 |                          vm_mod_fused_nn_conv2d_add_nn_relu_8 |        0.058 |        3529.12 |     64 |
|    6 |                                  vm_mod_fused_nn_conv2d_add_3 |        0.037 |        5497.74 |     64 |
|    7 |                      vm_mod_fused_nn_conv2d_add_add_nn_relu_3 |        0.049 |        4217.22 |     64 |
|    8 |                          vm_mod_fused_nn_conv2d_add_nn_relu_4 |        0.123 |        7542.53 |     64 |
|    9 |                        vm_mod_fused_nn_conv2d_add_add_nn_relu |        0.038 |        5463.84 |     64 |
|   10 |                      vm_mod_fused_nn_conv2d_add_add_nn_relu_1 |        0.030 |        6910.48 |     64 |
|   11 | vm_mod_fused_nn_contrib_conv2d_winograd_without_weight_transform_add_nn_relu_3 |        0.113 |        4912.24 |     64 |
|   12 |                                  vm_mod_fused_nn_conv2d_add_2 |            - |              - |      0 |
|   13 |                            vm_mod_fused_nn_conv2d_add_nn_relu |            - |              - |      0 |
|   14 |                          vm_mod_fused_nn_conv2d_add_nn_relu_7 |            - |              - |      0 |
|   15 |                         vm_mod_fused_nn_conv2d_add_nn_relu_10 |            - |              - |      0 |
|   16 | vm_mod_fused_nn_contrib_conv2d_winograd_without_weight_transform_add_nn_relu_1 |            - |              - |      0 |
|   17 |                          vm_mod_fused_nn_conv2d_add_nn_relu_3 |            - |              - |      0 |
|   18 |                           vm_mod_fused_nn_adaptive_avg_pool2d |            - |              - |      0 |
|   19 |                         vm_mod_fused_nn_conv2d_add_nn_relu_11 |            - |              - |      0 |
|   20 |                                  vm_mod_fused_nn_conv2d_add_1 |            - |              - |      0 |
|   21 |                          vm_mod_fused_nn_conv2d_add_nn_relu_6 |            - |              - |      0 |
|   22 |                          vm_mod_fused_nn_conv2d_add_nn_relu_2 |            - |              - |      0 |
|   23 | vm_mod_fused_nn_contrib_conv2d_winograd_without_weight_transform_add_nn_relu |            - |              - |      0 |
|   24 |                      vm_mod_fused_nn_conv2d_add_add_nn_relu_2 |            - |              - |      0 |
|   25 |                          vm_mod_fused_nn_conv2d_add_nn_relu_9 |            - |              - |      0 |
|   26 | vm_mod_fused_nn_contrib_conv2d_winograd_without_weight_transform_add_nn_relu_2 |            - |              - |      0 |
-----------------------------------------------------------------------------------------------------------------
Estimated total latency: - ms	Trials: 764	Used time : 1514 s	Next ID: 12	
.T.T*************Eterminate called after throwing an instance of 'tvm::runtime::InternalError'
  what():  [18:16:33] /data3/qsy/complier/tlm/src/runtime/cuda/cuda_module.cc:61: CUDAError: cuModuleUnload(module_[i]) failed with error: CUDA_ERROR_MISALIGNED_ADDRESS
Stack trace:
  0: tvm::runtime::SimpleObjAllocator::Handler<tvm::runtime::CUDAModuleNode>::Deleter_(tvm::runtime::Object*)
  1: tvm::runtime::SimpleObjAllocator::Handler<tvm::runtime::LibraryModuleNode>::Deleter_(tvm::runtime::Object*)
  2: _ZN3tvm7runtime18SimpleObjAllocator7HandlerINS0_16PackedFuncS
  3: _ZN3tvm7runtime18SimpleObjAllocator7HandlerINS0_16PackedFuncSubObjIZNS0_9profiling17WrapTimeE
  4: TVMObjectFree
  5: __pyx_tp_dealloc_3tvm_4_ffi_4_cy3_4core_PackedFuncBase(_object*)
  6: subtype_dealloc
        at /usr/local/src/conda/python-3.10.18/Objects/typeobject.c:1460
  7: _Py_DECREF
        at /usr/local/src/conda/python-3.10.18/Include/object.h:500
  8: _Py_XDECREF
        at /usr/local/src/conda/python-3.10.18/Include/object.h:567
  9: cell_dealloc
        at /usr/local/src/conda/python-3.10.18/Objects/cellobject.c:82
  10: _Py_Dealloc
        at /usr/local/src/conda/python-3.10.18/Objects/object.c:2301
  11: _Py_DECREF
        at /usr/local/src/conda/python-3.10.18/Include/object.h:500
  12: _Py_XDECREF
        at /usr/local/src/conda/python-3.10.18/Include/object.h:567
  13: tupledealloc
        at /usr/local/src/conda/python-3.10.18/Objects/tupleobject.c:276
  14: _Py_Dealloc
        at /usr/local/src/conda/python-3.10.18/Objects/object.c:2301
  15: _Py_DECREF
        at /usr/local/src/conda/python-3.10.18/Include/object.h:500
  16: func_clear
        at /usr/local/src/conda/python-3.10.18/Objects/funcobject.c:636
  17: func_dealloc
        at /usr/local/src/conda/python-3.10.18/Objects/funcobject.c:648
  18: _Py_Dealloc
        at /usr/local/src/conda/python-3.10.18/Objects/object.c:2301
  19: _Py_DECREF
        at /usr/local/src/conda/python-3.10.18/Include/object.h:500
  20: frame_dealloc
        at /usr/local/src/conda/python-3.10.18/Objects/frameobject.c:591
  21: _Py_Dealloc
        at /usr/local/src/conda/python-3.10.18/Objects/object.c:2301
  22: _Py_DECREF
        at /usr/local/src/conda/python-3.10.18/Include/object.h:500
  23: _PyEval_Vector
        at /usr/local/src/conda/python-3.10.18/Python/ceval.c:5080
  24: _PyFunction_Vectorcall
        at /usr/local/src/conda/python-3.10.18/Objects/call.c:342
  25: do_call_core
        at /usr/local/src/conda/python-3.10.18/Python/ceval.c:5945
  26: _PyEval_EvalFrameDefault
        at /usr/local/src/conda/python-3.10.18/Python/ceval.c:4277
  27: _PyEval_EvalFrame
        at /usr/local/src/conda/python-3.10.18/Include/internal/pycore_ceval.h:46
  28: _PyEval_Vector
        at /usr/local/src/conda/python-3.10.18/Python/ceval.c:5067
  29: _PyFunction_Vectorcall
        at /usr/local/src/conda/python-3.10.18/Objects/call.c:342
  30: _PyObject_VectorcallTstate
        at /usr/local/src/conda/python-3.10.18/Include/cpython/abstract.h:114
  31: PyObject_Vectorcall
        at /usr/local/src/conda/python-3.10.18/Include/cpython/abstract.h:123
  32: call_function
        at /usr/local/src/conda/python-3.10.18/Python/ceval.c:5893
  33: _PyEval_EvalFrameDefault
        at /usr/local/src/conda/python-3.10.18/Python/ceval.c:4213
  34: _PyEval_EvalFrame
        at /usr/local/src/conda/python-3.10.18/Include/internal/pycore_ceval.h:46
  35: _PyEval_Vector
        at /usr/local/src/conda/python-3.10.18/Python/ceval.c:5067
  36: PyEval_EvalCode
        at /usr/local/src/conda/python-3.10.18/Python/ceval.c:1134
  37: builtin_exec_impl
        at /usr/local/src/conda/python-3.10.18/Python/bltinmodule.c:1058
  38: builtin_exec
        at /usr/local/src/conda/python-3.10.18/Python/clinic/bltinmodule.c.h:371
  39: cfunction_vectorcall_FASTCALL
        at /usr/local/src/conda/python-3.10.18/Objects/methodobject.c:430
  40: _PyObject_VectorcallTstate
        at /usr/local/src/conda/python-3.10.18/Include/cpython/abstract.h:114
  41: PyObject_Vectorcall
        at /usr/local/src/conda/python-3.10.18/Include/cpython/abstract.h:123
  42: call_function
        at /usr/local/src/conda/python-3.10.18/Python/ceval.c:5893
  43: _PyEval_EvalFrameDefault
        at /usr/local/src/conda/python-3.10.18/Python/ceval.c:4213
  44: _PyEval_EvalFrame
        at /usr/local/src/conda/python-3.10.18/Include/internal/pycore_ceval.h:46
  45: _PyEval_Vector
        at /usr/local/src/conda/python-3.10.18/Python/ceval.c:5067
  46: _PyFunction_Vectorcall
        at /usr/local/src/conda/python-3.10.18/Objects/call.c:342
  47: _PyObject_VectorcallTstate
        at /usr/local/src/conda/python-3.10.18/Include/cpython/abstract.h:114
  48: PyObject_Vectorcall
        at /usr/local/src/conda/python-3.10.18/Include/cpython/abstract.h:123
  49: call_function
        at /usr/local/src/conda/python-3.10.18/Python/ceval.c:5893
  50: _PyEval_EvalFrameDefault
        at /usr/local/src/conda/python-3.10.18/Python/ceval.c:4213
  51: _PyEval_EvalFrame
        at /usr/local/src/conda/python-3.10.18/Include/internal/pycore_ceval.h:46
  52: _PyEval_Vector
        at /usr/local/src/conda/python-3.10.18/Python/ceval.c:5067
  53: _PyFunction_Vectorcall
        at /usr/local/src/conda/python-3.10.18/Objects/call.c:342
  54: pymain_run_module
        at /usr/local/src/conda/python-3.10.18/Modules/main.c:297
  55: pymain_run_python
        at /usr/local/src/conda/python-3.10.18/Modules/main.c:589
  56: Py_RunMain
        at /usr/local/src/conda/python-3.10.18/Modules/main.c:674
  57: Py_BytesMain
        at /usr/local/src/conda/python-3.10.18/Modules/main.c:1094
  58: __libc_start_main
        at ../csu/libc-start.c:308
  59: 0x000000000058728d
  60: 0xffffffffffffffff


*E********************E*Eterminate called after throwing an instance of 'tvm::runtime::InternalError'
  what():  [18:16:40] /data3/qsy/complier/tlm/src/runtime/cuda/cuda_module.cc:61: CUDAError: cuModuleUnload(module_[i]) failed with error: CUDA_ERROR_MISALIGNED_ADDRESS
Stack trace:
  0: tvm::runtime::SimpleObjAllocator::Handler<tvm::runtime::CUDAModuleNode>::Deleter_(tvm::runtime::Object*)
  1: tvm::runtime::SimpleObjAllocator::Handler<tvm::runtime::LibraryModuleNode>::Deleter_(tvm::runtime::Object*)
  2: _ZN3tvm7runtime18SimpleObjAllocator7HandlerINS0_16PackedFuncS
  3: _ZN3tvm7runtime18SimpleObjAllocator7HandlerINS0_16PackedFuncSubObjIZNS0_9profiling17WrapTimeE
  4: TVMObjectFree
  5: __pyx_tp_dealloc_3tvm_4_ffi_4_cy3_4core_PackedFuncBase(_object*)
  6: subtype_dealloc
        at /usr/local/src/conda/python-3.10.18/Objects/typeobject.c:1460
  7: _Py_DECREF
        at /usr/local/src/conda/python-3.10.18/Include/object.h:500
  8: _Py_XDECREF
        at /usr/local/src/conda/python-3.10.18/Include/object.h:567
  9: cell_dealloc
        at /usr/local/src/conda/python-3.10.18/Objects/cellobject.c:82
  10: _Py_Dealloc
        at /usr/local/src/conda/python-3.10.18/Objects/object.c:2301
  11: _Py_DECREF
        at /usr/local/src/conda/python-3.10.18/Include/object.h:500
  12: _Py_XDECREF
        at /usr/local/src/conda/python-3.10.18/Include/object.h:567
  13: tupledealloc
        at /usr/local/src/conda/python-3.10.18/Objects/tupleobject.c:276
  14: _Py_Dealloc
        at /usr/local/src/conda/python-3.10.18/Objects/object.c:2301
  15: _Py_DECREF
        at /usr/local/src/conda/python-3.10.18/Include/object.h:500
  16: func_clear
        at /usr/local/src/conda/python-3.10.18/Objects/funcobject.c:636
  17: func_dealloc
        at /usr/local/src/conda/python-3.10.18/Objects/funcobject.c:648
  18: _Py_Dealloc
        at /usr/local/src/conda/python-3.10.18/Objects/object.c:2301
  19: _Py_DECREF
        at /usr/local/src/conda/python-3.10.18/Include/object.h:500
  20: frame_dealloc
        at /usr/local/src/conda/python-3.10.18/Objects/frameobject.c:591
  21: _Py_Dealloc
        at /usr/local/src/conda/python-3.10.18/Objects/object.c:2301
  22: _Py_DECREF
        at /usr/local/src/conda/python-3.10.18/Include/object.h:500
  23: _PyEval_Vector
        at /usr/local/src/conda/python-3.10.18/Python/ceval.c:5080
  24: _PyFunction_Vectorcall
        at /usr/local/src/conda/python-3.10.18/Objects/call.c:342
  25: do_call_core
        at /usr/local/src/conda/python-3.10.18/Python/ceval.c:5945
  26: _PyEval_EvalFrameDefault
        at /usr/local/src/conda/python-3.10.18/Python/ceval.c:4277
  27: _PyEval_EvalFrame
        at /usr/local/src/conda/python-3.10.18/Include/internal/pycore_ceval.h:46
  28: _PyEval_Vector
        at /usr/local/src/conda/python-3.10.18/Python/ceval.c:5067
  29: _PyFunction_Vectorcall
        at /usr/local/src/conda/python-3.10.18/Objects/call.c:342
  30: _PyObject_VectorcallTstate
        at /usr/local/src/conda/python-3.10.18/Include/cpython/abstract.h:114
  31: PyObject_Vectorcall
        at /usr/local/src/conda/python-3.10.18/Include/cpython/abstract.h:123
  32: call_function
        at /usr/local/src/conda/python-3.10.18/Python/ceval.c:5893
  33: _PyEval_EvalFrameDefault
        at /usr/local/src/conda/python-3.10.18/Python/ceval.c:4213
  34: _PyEval_EvalFrame
        at /usr/local/src/conda/python-3.10.18/Include/internal/pycore_ceval.h:46
  35: _PyEval_Vector
        at /usr/local/src/conda/python-3.10.18/Python/ceval.c:5067
  36: PyEval_EvalCode
        at /usr/local/src/conda/python-3.10.18/Python/ceval.c:1134
  37: builtin_exec_impl
        at /usr/local/src/conda/python-3.10.18/Python/bltinmodule.c:1058
  38: builtin_exec
        at /usr/local/src/conda/python-3.10.18/Python/clinic/bltinmodule.c.h:371
  39: cfunction_vectorcall_FASTCALL
        at /usr/local/src/conda/python-3.10.18/Objects/methodobject.c:430
  40: _PyObject_VectorcallTstate
        at /usr/local/src/conda/python-3.10.18/Include/cpython/abstract.h:114
  41: PyObject_Vectorcall
        at /usr/local/src/conda/python-3.10.18/Include/cpython/abstract.h:123
  42: call_function
        at /usr/local/src/conda/python-3.10.18/Python/ceval.c:5893
  43: _PyEval_EvalFrameDefault
        at /usr/local/src/conda/python-3.10.18/Python/ceval.c:4213
  44: _PyEval_EvalFrame
        at /usr/local/src/conda/python-3.10.18/Include/internal/pycore_ceval.h:46
  45: _PyEval_Vector
        at /usr/local/src/conda/python-3.10.18/Python/ceval.c:5067
  46: _PyFunction_Vectorcall
        at /usr/local/src/conda/python-3.10.18/Objects/call.c:342
  47: _PyObject_VectorcallTstate
        at /usr/local/src/conda/python-3.10.18/Include/cpython/abstract.h:114
  48: PyObject_Vectorcall
        at /usr/local/src/conda/python-3.10.18/Include/cpython/abstract.h:123
  49: call_function
        at /usr/local/src/conda/python-3.10.18/Python/ceval.c:5893
  50: _PyEval_EvalFrameDefault
        at /usr/local/src/conda/python-3.10.18/Python/ceval.c:4213
  51: _PyEval_EvalFrame
        at /usr/local/src/conda/python-3.10.18/Include/internal/pycore_ceval.h:46
  52: _PyEval_Vector
        at /usr/local/src/conda/python-3.10.18/Python/ceval.c:5067
  53: _PyFunction_Vectorcall
        at /usr/local/src/conda/python-3.10.18/Objects/call.c:342
  54: pymain_run_module
        at /usr/local/src/conda/python-3.10.18/Modules/main.c:297
  55: pymain_run_python
        at /usr/local/src/conda/python-3.10.18/Modules/main.c:589
  56: Py_RunMain
        at /usr/local/src/conda/python-3.10.18/Modules/main.c:674
  57: Py_BytesMain
        at /usr/local/src/conda/python-3.10.18/Modules/main.c:1094
  58: __libc_start_main
        at ../csu/libc-start.c:308
  59: 0x000000000058728d
  60: 0xffffffffffffffff


*E**************E**************
Time elapsed for measurement: 37.24 s
----------------------------------------------------------------------
------------------------------  [ Train cost model ]
----------------------------------------------------------------------
Time elapsed for training: 0.00 s
----------------------------------------------------------------------
------------------------------  [ Task Scheduler ]
----------------------------------------------------------------------
----------------------------------------------------------------------
------------------------------  [ Search ]
----------------------------------------------------------------------
Generate Sketches		#s: 1
Sample Initial Population	#s: 104	fail_ct: 1944	Time elapsed: 9.17
GA Iter: 0	Max score: 0.9998	Min score: 0.0084	#Pop: 104	#M+: 0	#M-: 0
GA Iter: 4	Max score: 0.9999	Min score: 0.9821	#Pop: 128	#M+: 1388	#M-: 0
EvolutionarySearch		#s: 128	Time elapsed: 135.46
----------------------------------------------------------------------
------------------------------  [ Measure ]
----------------------------------------------------------------------
Get 64 programs to measure:
..............................................................|  ID  |                       Task Description                        | Latency (ms) | Speed (GFLOPS) | Trials |
-----------------------------------------------------------------------------------------------------------------
|    0 |                                    vm_mod_fused_nn_conv2d_add |        0.015 |        6906.27 |     64 |
|    1 |                          vm_mod_fused_nn_conv2d_add_nn_relu_5 |        0.034 |        6090.24 |     64 |
|    2 |                                    vm_mod_fused_nn_max_pool2d |        0.004 |         505.25 |     64 |
|    3 |                          vm_mod_fused_nn_conv2d_add_nn_relu_1 |        0.007 |        7357.22 |     64 |
|    4 |                                     vm_mod_fused_nn_dense_add |        0.017 |         245.70 |     64 |
|    5 |                          vm_mod_fused_nn_conv2d_add_nn_relu_8 |        0.058 |        3529.12 |     64 |
|    6 |                                  vm_mod_fused_nn_conv2d_add_3 |        0.037 |        5497.74 |     64 |
|    7 |                      vm_mod_fused_nn_conv2d_add_add_nn_relu_3 |        0.049 |        4217.22 |     64 |
|    8 |                          vm_mod_fused_nn_conv2d_add_nn_relu_4 |        0.123 |        7542.53 |     64 |
|    9 |                        vm_mod_fused_nn_conv2d_add_add_nn_relu |        0.038 |        5463.84 |     64 |
|   10 |                      vm_mod_fused_nn_conv2d_add_add_nn_relu_1 |        0.030 |        6910.48 |     64 |
|   11 | vm_mod_fused_nn_contrib_conv2d_winograd_without_weight_transform_add_nn_relu_3 |        0.113 |        4912.24 |     64 |
|   12 |                                  vm_mod_fused_nn_conv2d_add_2 |        0.045 |        4554.29 |     64 |
|   13 |                            vm_mod_fused_nn_conv2d_add_nn_relu |            - |              - |      0 |
|   14 |                          vm_mod_fused_nn_conv2d_add_nn_relu_7 |            - |              - |      0 |
|   15 |                         vm_mod_fused_nn_conv2d_add_nn_relu_10 |            - |              - |      0 |
|   16 | vm_mod_fused_nn_contrib_conv2d_winograd_without_weight_transform_add_nn_relu_1 |            - |              - |      0 |
|   17 |                          vm_mod_fused_nn_conv2d_add_nn_relu_3 |            - |              - |      0 |
|   18 |                           vm_mod_fused_nn_adaptive_avg_pool2d |            - |              - |      0 |
|   19 |                         vm_mod_fused_nn_conv2d_add_nn_relu_11 |            - |              - |      0 |
|   20 |                                  vm_mod_fused_nn_conv2d_add_1 |            - |              - |      0 |
|   21 |                          vm_mod_fused_nn_conv2d_add_nn_relu_6 |            - |              - |      0 |
|   22 |                          vm_mod_fused_nn_conv2d_add_nn_relu_2 |            - |              - |      0 |
|   23 | vm_mod_fused_nn_contrib_conv2d_winograd_without_weight_transform_add_nn_relu |            - |              - |      0 |
|   24 |                      vm_mod_fused_nn_conv2d_add_add_nn_relu_2 |            - |              - |      0 |
|   25 |                          vm_mod_fused_nn_conv2d_add_nn_relu_9 |            - |              - |      0 |
|   26 | vm_mod_fused_nn_contrib_conv2d_winograd_without_weight_transform_add_nn_relu_2 |            - |              - |      0 |
-----------------------------------------------------------------------------------------------------------------
Estimated total latency: - ms	Trials: 828	Used time : 1636 s	Next ID: 13	
.T.T********Eterminate called after throwing an instance of 'tvm::runtime::InternalError'
  what():  [18:19:34] /data3/qsy/complier/tlm/src/runtime/cuda/cuda_module.cc:61: CUDAError: cuModuleUnload(module_[i]) failed with error: CUDA_ERROR_MISALIGNED_ADDRESS
Stack trace:
  0: tvm::runtime::SimpleObjAllocator::Handler<tvm::runtime::CUDAModuleNode>::Deleter_(tvm::runtime::Object*)
  1: tvm::runtime::SimpleObjAllocator::Handler<tvm::runtime::LibraryModuleNode>::Deleter_(tvm::runtime::Object*)
  2: _ZN3tvm7runtime18SimpleObjAllocator7HandlerINS0_16PackedFuncS
  3: _ZN3tvm7runtime18SimpleObjAllocator7HandlerINS0_16PackedFuncSubObjIZNS0_9profiling17WrapTimeE
  4: TVMObjectFree
  5: __pyx_tp_dealloc_3tvm_4_ffi_4_cy3_4core_PackedFuncBase(_object*)
  6: subtype_dealloc
        at /usr/local/src/conda/python-3.10.18/Objects/typeobject.c:1460
  7: _Py_DECREF
        at /usr/local/src/conda/python-3.10.18/Include/object.h:500
  8: _Py_XDECREF
        at /usr/local/src/conda/python-3.10.18/Include/object.h:567
  9: cell_dealloc
        at /usr/local/src/conda/python-3.10.18/Objects/cellobject.c:82
  10: _Py_Dealloc
        at /usr/local/src/conda/python-3.10.18/Objects/object.c:2301
  11: _Py_DECREF
        at /usr/local/src/conda/python-3.10.18/Include/object.h:500
  12: _Py_XDECREF
        at /usr/local/src/conda/python-3.10.18/Include/object.h:567
  13: tupledealloc
        at /usr/local/src/conda/python-3.10.18/Objects/tupleobject.c:276
  14: _Py_Dealloc
        at /usr/local/src/conda/python-3.10.18/Objects/object.c:2301
  15: _Py_DECREF
        at /usr/local/src/conda/python-3.10.18/Include/object.h:500
  16: func_clear
        at /usr/local/src/conda/python-3.10.18/Objects/funcobject.c:636
  17: func_dealloc
        at /usr/local/src/conda/python-3.10.18/Objects/funcobject.c:648
  18: _Py_Dealloc
        at /usr/local/src/conda/python-3.10.18/Objects/object.c:2301
  19: _Py_DECREF
        at /usr/local/src/conda/python-3.10.18/Include/object.h:500
  20: frame_dealloc
        at /usr/local/src/conda/python-3.10.18/Objects/frameobject.c:591
  21: _Py_Dealloc
        at /usr/local/src/conda/python-3.10.18/Objects/object.c:2301
  22: _Py_DECREF
        at /usr/local/src/conda/python-3.10.18/Include/object.h:500
  23: _PyEval_Vector
        at /usr/local/src/conda/python-3.10.18/Python/ceval.c:5080
  24: _PyFunction_Vectorcall
        at /usr/local/src/conda/python-3.10.18/Objects/call.c:342
  25: do_call_core
        at /usr/local/src/conda/python-3.10.18/Python/ceval.c:5945
  26: _PyEval_EvalFrameDefault
        at /usr/local/src/conda/python-3.10.18/Python/ceval.c:4277
  27: _PyEval_EvalFrame
        at /usr/local/src/conda/python-3.10.18/Include/internal/pycore_ceval.h:46
  28: _PyEval_Vector
        at /usr/local/src/conda/python-3.10.18/Python/ceval.c:5067
  29: _PyFunction_Vectorcall
        at /usr/local/src/conda/python-3.10.18/Objects/call.c:342
  30: _PyObject_VectorcallTstate
        at /usr/local/src/conda/python-3.10.18/Include/cpython/abstract.h:114
  31: PyObject_Vectorcall
        at /usr/local/src/conda/python-3.10.18/Include/cpython/abstract.h:123
  32: call_function
        at /usr/local/src/conda/python-3.10.18/Python/ceval.c:5893
  33: _PyEval_EvalFrameDefault
        at /usr/local/src/conda/python-3.10.18/Python/ceval.c:4213
  34: _PyEval_EvalFrame
        at /usr/local/src/conda/python-3.10.18/Include/internal/pycore_ceval.h:46
  35: _PyEval_Vector
        at /usr/local/src/conda/python-3.10.18/Python/ceval.c:5067
  36: PyEval_EvalCode
        at /usr/local/src/conda/python-3.10.18/Python/ceval.c:1134
  37: builtin_exec_impl
        at /usr/local/src/conda/python-3.10.18/Python/bltinmodule.c:1058
  38: builtin_exec
        at /usr/local/src/conda/python-3.10.18/Python/clinic/bltinmodule.c.h:371
  39: cfunction_vectorcall_FASTCALL
        at /usr/local/src/conda/python-3.10.18/Objects/methodobject.c:430
  40: _PyObject_VectorcallTstate
        at /usr/local/src/conda/python-3.10.18/Include/cpython/abstract.h:114
  41: PyObject_Vectorcall
        at /usr/local/src/conda/python-3.10.18/Include/cpython/abstract.h:123
  42: call_function
        at /usr/local/src/conda/python-3.10.18/Python/ceval.c:5893
  43: _PyEval_EvalFrameDefault
        at /usr/local/src/conda/python-3.10.18/Python/ceval.c:4213
  44: _PyEval_EvalFrame
        at /usr/local/src/conda/python-3.10.18/Include/internal/pycore_ceval.h:46
  45: _PyEval_Vector
        at /usr/local/src/conda/python-3.10.18/Python/ceval.c:5067
  46: _PyFunction_Vectorcall
        at /usr/local/src/conda/python-3.10.18/Objects/call.c:342
  47: _PyObject_VectorcallTstate
        at /usr/local/src/conda/python-3.10.18/Include/cpython/abstract.h:114
  48: PyObject_Vectorcall
        at /usr/local/src/conda/python-3.10.18/Include/cpython/abstract.h:123
  49: call_function
        at /usr/local/src/conda/python-3.10.18/Python/ceval.c:5893
  50: _PyEval_EvalFrameDefault
        at /usr/local/src/conda/python-3.10.18/Python/ceval.c:4213
  51: _PyEval_EvalFrame
        at /usr/local/src/conda/python-3.10.18/Include/internal/pycore_ceval.h:46
  52: _PyEval_Vector
        at /usr/local/src/conda/python-3.10.18/Python/ceval.c:5067
  53: _PyFunction_Vectorcall
        at /usr/local/src/conda/python-3.10.18/Objects/call.c:342
  54: pymain_run_module
        at /usr/local/src/conda/python-3.10.18/Modules/main.c:297
  55: pymain_run_python
        at /usr/local/src/conda/python-3.10.18/Modules/main.c:589
  56: Py_RunMain
        at /usr/local/src/conda/python-3.10.18/Modules/main.c:674
  57: Py_BytesMain
        at /usr/local/src/conda/python-3.10.18/Modules/main.c:1094
  58: __libc_start_main
        at ../csu/libc-start.c:308
  59: 0x000000000058728d
  60: 0xffffffffffffffff


*E*****Eterminate called after throwing an instance of 'tvm::runtime::InternalError'
  what():  [18:19:37] /data3/qsy/complier/tlm/src/runtime/cuda/cuda_module.cc:61: CUDAError: cuModuleUnload(module_[i]) failed with error: CUDA_ERROR_MISALIGNED_ADDRESS
Stack trace:
  0: tvm::runtime::SimpleObjAllocator::Handler<tvm::runtime::CUDAModuleNode>::Deleter_(tvm::runtime::Object*)
  1: tvm::runtime::SimpleObjAllocator::Handler<tvm::runtime::LibraryModuleNode>::Deleter_(tvm::runtime::Object*)
  2: _ZN3tvm7runtime18SimpleObjAllocator7HandlerINS0_16PackedFuncS
  3: _ZN3tvm7runtime18SimpleObjAllocator7HandlerINS0_16PackedFuncSubObjIZNS0_9profiling17WrapTimeE
  4: TVMObjectFree
  5: __pyx_tp_dealloc_3tvm_4_ffi_4_cy3_4core_PackedFuncBase(_object*)
  6: subtype_dealloc
        at /usr/local/src/conda/python-3.10.18/Objects/typeobject.c:1460
  7: _Py_DECREF
        at /usr/local/src/conda/python-3.10.18/Include/object.h:500
  8: _Py_XDECREF
        at /usr/local/src/conda/python-3.10.18/Include/object.h:567
  9: cell_dealloc
        at /usr/local/src/conda/python-3.10.18/Objects/cellobject.c:82
  10: _Py_Dealloc
        at /usr/local/src/conda/python-3.10.18/Objects/object.c:2301
  11: _Py_DECREF
        at /usr/local/src/conda/python-3.10.18/Include/object.h:500
  12: _Py_XDECREF
        at /usr/local/src/conda/python-3.10.18/Include/object.h:567
  13: tupledealloc
        at /usr/local/src/conda/python-3.10.18/Objects/tupleobject.c:276
  14: _Py_Dealloc
        at /usr/local/src/conda/python-3.10.18/Objects/object.c:2301
  15: _Py_DECREF
        at /usr/local/src/conda/python-3.10.18/Include/object.h:500
  16: func_clear
        at /usr/local/src/conda/python-3.10.18/Objects/funcobject.c:636
  17: func_dealloc
        at /usr/local/src/conda/python-3.10.18/Objects/funcobject.c:648
  18: _Py_Dealloc
        at /usr/local/src/conda/python-3.10.18/Objects/object.c:2301
  19: _Py_DECREF
        at /usr/local/src/conda/python-3.10.18/Include/object.h:500
  20: frame_dealloc
        at /usr/local/src/conda/python-3.10.18/Objects/frameobject.c:591
  21: _Py_Dealloc
        at /usr/local/src/conda/python-3.10.18/Objects/object.c:2301
  22: _Py_DECREF
        at /usr/local/src/conda/python-3.10.18/Include/object.h:500
  23: _PyEval_Vector
        at /usr/local/src/conda/python-3.10.18/Python/ceval.c:5080
  24: _PyFunction_Vectorcall
        at /usr/local/src/conda/python-3.10.18/Objects/call.c:342
  25: do_call_core
        at /usr/local/src/conda/python-3.10.18/Python/ceval.c:5945
  26: _PyEval_EvalFrameDefault
        at /usr/local/src/conda/python-3.10.18/Python/ceval.c:4277
  27: _PyEval_EvalFrame
        at /usr/local/src/conda/python-3.10.18/Include/internal/pycore_ceval.h:46
  28: _PyEval_Vector
        at /usr/local/src/conda/python-3.10.18/Python/ceval.c:5067
  29: _PyFunction_Vectorcall
        at /usr/local/src/conda/python-3.10.18/Objects/call.c:342
  30: _PyObject_VectorcallTstate
        at /usr/local/src/conda/python-3.10.18/Include/cpython/abstract.h:114
  31: PyObject_Vectorcall
        at /usr/local/src/conda/python-3.10.18/Include/cpython/abstract.h:123
  32: call_function
        at /usr/local/src/conda/python-3.10.18/Python/ceval.c:5893
  33: _PyEval_EvalFrameDefault
        at /usr/local/src/conda/python-3.10.18/Python/ceval.c:4213
  34: _PyEval_EvalFrame
        at /usr/local/src/conda/python-3.10.18/Include/internal/pycore_ceval.h:46
  35: _PyEval_Vector
        at /usr/local/src/conda/python-3.10.18/Python/ceval.c:5067
  36: PyEval_EvalCode
        at /usr/local/src/conda/python-3.10.18/Python/ceval.c:1134
  37: builtin_exec_impl
        at /usr/local/src/conda/python-3.10.18/Python/bltinmodule.c:1058
  38: builtin_exec
        at /usr/local/src/conda/python-3.10.18/Python/clinic/bltinmodule.c.h:371
  39: cfunction_vectorcall_FASTCALL
        at /usr/local/src/conda/python-3.10.18/Objects/methodobject.c:430
  40: _PyObject_VectorcallTstate
        at /usr/local/src/conda/python-3.10.18/Include/cpython/abstract.h:114
  41: PyObject_Vectorcall
        at /usr/local/src/conda/python-3.10.18/Include/cpython/abstract.h:123
  42: call_function
        at /usr/local/src/conda/python-3.10.18/Python/ceval.c:5893
  43: _PyEval_EvalFrameDefault
        at /usr/local/src/conda/python-3.10.18/Python/ceval.c:4213
  44: _PyEval_EvalFrame
        at /usr/local/src/conda/python-3.10.18/Include/internal/pycore_ceval.h:46
  45: _PyEval_Vector
        at /usr/local/src/conda/python-3.10.18/Python/ceval.c:5067
  46: _PyFunction_Vectorcall
        at /usr/local/src/conda/python-3.10.18/Objects/call.c:342
  47: _PyObject_VectorcallTstate
        at /usr/local/src/conda/python-3.10.18/Include/cpython/abstract.h:114
  48: PyObject_Vectorcall
        at /usr/local/src/conda/python-3.10.18/Include/cpython/abstract.h:123
  49: call_function
        at /usr/local/src/conda/python-3.10.18/Python/ceval.c:5893
  50: _PyEval_EvalFrameDefault
        at /usr/local/src/conda/python-3.10.18/Python/ceval.c:4213
  51: _PyEval_EvalFrame
        at /usr/local/src/conda/python-3.10.18/Include/internal/pycore_ceval.h:46
  52: _PyEval_Vector
        at /usr/local/src/conda/python-3.10.18/Python/ceval.c:5067
  53: _PyFunction_Vectorcall
        at /usr/local/src/conda/python-3.10.18/Objects/call.c:342
  54: pymain_run_module
        at /usr/local/src/conda/python-3.10.18/Modules/main.c:297
  55: pymain_run_python
        at /usr/local/src/conda/python-3.10.18/Modules/main.c:589
  56: Py_RunMain
        at /usr/local/src/conda/python-3.10.18/Modules/main.c:674
  57: Py_BytesMain
        at /usr/local/src/conda/python-3.10.18/Modules/main.c:1094
  58: __libc_start_main
        at ../csu/libc-start.c:308
  59: 0x000000000058728d
  60: 0xffffffffffffffff


*E*Eterminate called after throwing an instance of 'tvm::runtime::InternalError'
  what():  [18:19:38] /data3/qsy/complier/tlm/src/runtime/cuda/cuda_module.cc:61: CUDAError: cuModuleUnload(module_[i]) failed with error: CUDA_ERROR_MISALIGNED_ADDRESS
Stack trace:
  0: tvm::runtime::SimpleObjAllocator::Handler<tvm::runtime::CUDAModuleNode>::Deleter_(tvm::runtime::Object*)
  1: tvm::runtime::SimpleObjAllocator::Handler<tvm::runtime::LibraryModuleNode>::Deleter_(tvm::runtime::Object*)
  2: _ZN3tvm7runtime18SimpleObjAllocator7HandlerINS0_16PackedFuncS
  3: _ZN3tvm7runtime18SimpleObjAllocator7HandlerINS0_16PackedFuncSubObjIZNS0_9profiling17WrapTimeE
  4: TVMObjectFree
  5: __pyx_tp_dealloc_3tvm_4_ffi_4_cy3_4core_PackedFuncBase(_object*)
  6: subtype_dealloc
        at /usr/local/src/conda/python-3.10.18/Objects/typeobject.c:1460
  7: _Py_DECREF
        at /usr/local/src/conda/python-3.10.18/Include/object.h:500
  8: _Py_XDECREF
        at /usr/local/src/conda/python-3.10.18/Include/object.h:567
  9: cell_dealloc
        at /usr/local/src/conda/python-3.10.18/Objects/cellobject.c:82
  10: _Py_Dealloc
        at /usr/local/src/conda/python-3.10.18/Objects/object.c:2301
  11: _Py_DECREF
        at /usr/local/src/conda/python-3.10.18/Include/object.h:500
  12: _Py_XDECREF
        at /usr/local/src/conda/python-3.10.18/Include/object.h:567
  13: tupledealloc
        at /usr/local/src/conda/python-3.10.18/Objects/tupleobject.c:276
  14: _Py_Dealloc
        at /usr/local/src/conda/python-3.10.18/Objects/object.c:2301
  15: _Py_DECREF
        at /usr/local/src/conda/python-3.10.18/Include/object.h:500
  16: func_clear
        at /usr/local/src/conda/python-3.10.18/Objects/funcobject.c:636
  17: func_dealloc
        at /usr/local/src/conda/python-3.10.18/Objects/funcobject.c:648
  18: _Py_Dealloc
        at /usr/local/src/conda/python-3.10.18/Objects/object.c:2301
  19: _Py_DECREF
        at /usr/local/src/conda/python-3.10.18/Include/object.h:500
  20: frame_dealloc
        at /usr/local/src/conda/python-3.10.18/Objects/frameobject.c:591
  21: _Py_Dealloc
        at /usr/local/src/conda/python-3.10.18/Objects/object.c:2301
  22: _Py_DECREF
        at /usr/local/src/conda/python-3.10.18/Include/object.h:500
  23: _PyEval_Vector
        at /usr/local/src/conda/python-3.10.18/Python/ceval.c:5080
  24: _PyFunction_Vectorcall
        at /usr/local/src/conda/python-3.10.18/Objects/call.c:342
  25: do_call_core
        at /usr/local/src/conda/python-3.10.18/Python/ceval.c:5945
  26: _PyEval_EvalFrameDefault
        at /usr/local/src/conda/python-3.10.18/Python/ceval.c:4277
  27: _PyEval_EvalFrame
        at /usr/local/src/conda/python-3.10.18/Include/internal/pycore_ceval.h:46
  28: _PyEval_Vector
        at /usr/local/src/conda/python-3.10.18/Python/ceval.c:5067
  29: _PyFunction_Vectorcall
        at /usr/local/src/conda/python-3.10.18/Objects/call.c:342
  30: _PyObject_VectorcallTstate
        at /usr/local/src/conda/python-3.10.18/Include/cpython/abstract.h:114
  31: PyObject_Vectorcall
        at /usr/local/src/conda/python-3.10.18/Include/cpython/abstract.h:123
  32: call_function
        at /usr/local/src/conda/python-3.10.18/Python/ceval.c:5893
  33: _PyEval_EvalFrameDefault
        at /usr/local/src/conda/python-3.10.18/Python/ceval.c:4213
  34: _PyEval_EvalFrame
        at /usr/local/src/conda/python-3.10.18/Include/internal/pycore_ceval.h:46
  35: _PyEval_Vector
        at /usr/local/src/conda/python-3.10.18/Python/ceval.c:5067
  36: PyEval_EvalCode
        at /usr/local/src/conda/python-3.10.18/Python/ceval.c:1134
  37: builtin_exec_impl
        at /usr/local/src/conda/python-3.10.18/Python/bltinmodule.c:1058
  38: builtin_exec
        at /usr/local/src/conda/python-3.10.18/Python/clinic/bltinmodule.c.h:371
  39: cfunction_vectorcall_FASTCALL
        at /usr/local/src/conda/python-3.10.18/Objects/methodobject.c:430
  40: _PyObject_VectorcallTstate
        at /usr/local/src/conda/python-3.10.18/Include/cpython/abstract.h:114
  41: PyObject_Vectorcall
        at /usr/local/src/conda/python-3.10.18/Include/cpython/abstract.h:123
  42: call_function
        at /usr/local/src/conda/python-3.10.18/Python/ceval.c:5893
  43: _PyEval_EvalFrameDefault
        at /usr/local/src/conda/python-3.10.18/Python/ceval.c:4213
  44: _PyEval_EvalFrame
        at /usr/local/src/conda/python-3.10.18/Include/internal/pycore_ceval.h:46
  45: _PyEval_Vector
        at /usr/local/src/conda/python-3.10.18/Python/ceval.c:5067
  46: _PyFunction_Vectorcall
        at /usr/local/src/conda/python-3.10.18/Objects/call.c:342
  47: _PyObject_VectorcallTstate
        at /usr/local/src/conda/python-3.10.18/Include/cpython/abstract.h:114
  48: PyObject_Vectorcall
        at /usr/local/src/conda/python-3.10.18/Include/cpython/abstract.h:123
  49: call_function
        at /usr/local/src/conda/python-3.10.18/Python/ceval.c:5893
  50: _PyEval_EvalFrameDefault
        at /usr/local/src/conda/python-3.10.18/Python/ceval.c:4213
  51: _PyEval_EvalFrame
        at /usr/local/src/conda/python-3.10.18/Include/internal/pycore_ceval.h:46
  52: _PyEval_Vector
        at /usr/local/src/conda/python-3.10.18/Python/ceval.c:5067
  53: _PyFunction_Vectorcall
        at /usr/local/src/conda/python-3.10.18/Objects/call.c:342
  54: pymain_run_module
        at /usr/local/src/conda/python-3.10.18/Modules/main.c:297
  55: pymain_run_python
        at /usr/local/src/conda/python-3.10.18/Modules/main.c:589
  56: Py_RunMain
        at /usr/local/src/conda/python-3.10.18/Modules/main.c:674
  57: Py_BytesMain
        at /usr/local/src/conda/python-3.10.18/Modules/main.c:1094
  58: __libc_start_main
        at ../csu/libc-start.c:308
  59: 0x000000000058728d
  60: 0xffffffffffffffff


*E**Eterminate called after throwing an instance of 'tvm::runtime::InternalError'
  what():  [18:19:39] /data3/qsy/complier/tlm/src/runtime/cuda/cuda_module.cc:61: CUDAError: cuModuleUnload(module_[i]) failed with error: CUDA_ERROR_MISALIGNED_ADDRESS
Stack trace:
  0: tvm::runtime::SimpleObjAllocator::Handler<tvm::runtime::CUDAModuleNode>::Deleter_(tvm::runtime::Object*)
  1: tvm::runtime::SimpleObjAllocator::Handler<tvm::runtime::LibraryModuleNode>::Deleter_(tvm::runtime::Object*)
  2: _ZN3tvm7runtime18SimpleObjAllocator7HandlerINS0_16PackedFuncS
  3: _ZN3tvm7runtime18SimpleObjAllocator7HandlerINS0_16PackedFuncSubObjIZNS0_9profiling17WrapTimeE
  4: TVMObjectFree
  5: __pyx_tp_dealloc_3tvm_4_ffi_4_cy3_4core_PackedFuncBase(_object*)
  6: subtype_dealloc
        at /usr/local/src/conda/python-3.10.18/Objects/typeobject.c:1460
  7: _Py_DECREF
        at /usr/local/src/conda/python-3.10.18/Include/object.h:500
  8: _Py_XDECREF
        at /usr/local/src/conda/python-3.10.18/Include/object.h:567
  9: cell_dealloc
        at /usr/local/src/conda/python-3.10.18/Objects/cellobject.c:82
  10: _Py_Dealloc
        at /usr/local/src/conda/python-3.10.18/Objects/object.c:2301
  11: _Py_DECREF
        at /usr/local/src/conda/python-3.10.18/Include/object.h:500
  12: _Py_XDECREF
        at /usr/local/src/conda/python-3.10.18/Include/object.h:567
  13: tupledealloc
        at /usr/local/src/conda/python-3.10.18/Objects/tupleobject.c:276
  14: _Py_Dealloc
        at /usr/local/src/conda/python-3.10.18/Objects/object.c:2301
  15: _Py_DECREF
        at /usr/local/src/conda/python-3.10.18/Include/object.h:500
  16: func_clear
        at /usr/local/src/conda/python-3.10.18/Objects/funcobject.c:636
  17: func_dealloc
        at /usr/local/src/conda/python-3.10.18/Objects/funcobject.c:648
  18: _Py_Dealloc
        at /usr/local/src/conda/python-3.10.18/Objects/object.c:2301
  19: _Py_DECREF
        at /usr/local/src/conda/python-3.10.18/Include/object.h:500
  20: frame_dealloc
        at /usr/local/src/conda/python-3.10.18/Objects/frameobject.c:591
  21: _Py_Dealloc
        at /usr/local/src/conda/python-3.10.18/Objects/object.c:2301
  22: _Py_DECREF
        at /usr/local/src/conda/python-3.10.18/Include/object.h:500
  23: _PyEval_Vector
        at /usr/local/src/conda/python-3.10.18/Python/ceval.c:5080
  24: _PyFunction_Vectorcall
        at /usr/local/src/conda/python-3.10.18/Objects/call.c:342
  25: do_call_core
        at /usr/local/src/conda/python-3.10.18/Python/ceval.c:5945
  26: _PyEval_EvalFrameDefault
        at /usr/local/src/conda/python-3.10.18/Python/ceval.c:4277
  27: _PyEval_EvalFrame
        at /usr/local/src/conda/python-3.10.18/Include/internal/pycore_ceval.h:46
  28: _PyEval_Vector
        at /usr/local/src/conda/python-3.10.18/Python/ceval.c:5067
  29: _PyFunction_Vectorcall
        at /usr/local/src/conda/python-3.10.18/Objects/call.c:342
  30: _PyObject_VectorcallTstate
        at /usr/local/src/conda/python-3.10.18/Include/cpython/abstract.h:114
  31: PyObject_Vectorcall
        at /usr/local/src/conda/python-3.10.18/Include/cpython/abstract.h:123
  32: call_function
        at /usr/local/src/conda/python-3.10.18/Python/ceval.c:5893
  33: _PyEval_EvalFrameDefault
        at /usr/local/src/conda/python-3.10.18/Python/ceval.c:4213
  34: _PyEval_EvalFrame
        at /usr/local/src/conda/python-3.10.18/Include/internal/pycore_ceval.h:46
  35: _PyEval_Vector
        at /usr/local/src/conda/python-3.10.18/Python/ceval.c:5067
  36: PyEval_EvalCode
        at /usr/local/src/conda/python-3.10.18/Python/ceval.c:1134
  37: builtin_exec_impl
        at /usr/local/src/conda/python-3.10.18/Python/bltinmodule.c:1058
  38: builtin_exec
        at /usr/local/src/conda/python-3.10.18/Python/clinic/bltinmodule.c.h:371
  39: cfunction_vectorcall_FASTCALL
        at /usr/local/src/conda/python-3.10.18/Objects/methodobject.c:430
  40: _PyObject_VectorcallTstate
        at /usr/local/src/conda/python-3.10.18/Include/cpython/abstract.h:114
  41: PyObject_Vectorcall
        at /usr/local/src/conda/python-3.10.18/Include/cpython/abstract.h:123
  42: call_function
        at /usr/local/src/conda/python-3.10.18/Python/ceval.c:5893
  43: _PyEval_EvalFrameDefault
        at /usr/local/src/conda/python-3.10.18/Python/ceval.c:4213
  44: _PyEval_EvalFrame
        at /usr/local/src/conda/python-3.10.18/Include/internal/pycore_ceval.h:46
  45: _PyEval_Vector
        at /usr/local/src/conda/python-3.10.18/Python/ceval.c:5067
  46: _PyFunction_Vectorcall
        at /usr/local/src/conda/python-3.10.18/Objects/call.c:342
  47: _PyObject_VectorcallTstate
        at /usr/local/src/conda/python-3.10.18/Include/cpython/abstract.h:114
  48: PyObject_Vectorcall
        at /usr/local/src/conda/python-3.10.18/Include/cpython/abstract.h:123
  49: call_function
        at /usr/local/src/conda/python-3.10.18/Python/ceval.c:5893
  50: _PyEval_EvalFrameDefault
        at /usr/local/src/conda/python-3.10.18/Python/ceval.c:4213
  51: _PyEval_EvalFrame
        at /usr/local/src/conda/python-3.10.18/Include/internal/pycore_ceval.h:46
  52: _PyEval_Vector
        at /usr/local/src/conda/python-3.10.18/Python/ceval.c:5067
  53: _PyFunction_Vectorcall
        at /usr/local/src/conda/python-3.10.18/Objects/call.c:342
  54: pymain_run_module
        at /usr/local/src/conda/python-3.10.18/Modules/main.c:297
  55: pymain_run_python
        at /usr/local/src/conda/python-3.10.18/Modules/main.c:589
  56: Py_RunMain
        at /usr/local/src/conda/python-3.10.18/Modules/main.c:674
  57: Py_BytesMain
        at /usr/local/src/conda/python-3.10.18/Modules/main.c:1094
  58: __libc_start_main
        at ../csu/libc-start.c:308
  59: 0x000000000058728d
  60: 0xffffffffffffffff


*E***Eterminate called after throwing an instance of 'tvm::runtime::InternalError'
  what():  [18:19:41] /data3/qsy/complier/tlm/src/runtime/cuda/cuda_module.cc:61: CUDAError: cuModuleUnload(module_[i]) failed with error: CUDA_ERROR_MISALIGNED_ADDRESS
Stack trace:
  0: tvm::runtime::SimpleObjAllocator::Handler<tvm::runtime::CUDAModuleNode>::Deleter_(tvm::runtime::Object*)
  1: tvm::runtime::SimpleObjAllocator::Handler<tvm::runtime::LibraryModuleNode>::Deleter_(tvm::runtime::Object*)
  2: _ZN3tvm7runtime18SimpleObjAllocator7HandlerINS0_16PackedFuncS
  3: _ZN3tvm7runtime18SimpleObjAllocator7HandlerINS0_16PackedFuncSubObjIZNS0_9profiling17WrapTimeE
  4: TVMObjectFree
  5: __pyx_tp_dealloc_3tvm_4_ffi_4_cy3_4core_PackedFuncBase(_object*)
  6: subtype_dealloc
        at /usr/local/src/conda/python-3.10.18/Objects/typeobject.c:1460
  7: _Py_DECREF
        at /usr/local/src/conda/python-3.10.18/Include/object.h:500
  8: _Py_XDECREF
        at /usr/local/src/conda/python-3.10.18/Include/object.h:567
  9: cell_dealloc
        at /usr/local/src/conda/python-3.10.18/Objects/cellobject.c:82
  10: _Py_Dealloc
        at /usr/local/src/conda/python-3.10.18/Objects/object.c:2301
  11: _Py_DECREF
        at /usr/local/src/conda/python-3.10.18/Include/object.h:500
  12: _Py_XDECREF
        at /usr/local/src/conda/python-3.10.18/Include/object.h:567
  13: tupledealloc
        at /usr/local/src/conda/python-3.10.18/Objects/tupleobject.c:276
  14: _Py_Dealloc
        at /usr/local/src/conda/python-3.10.18/Objects/object.c:2301
  15: _Py_DECREF
        at /usr/local/src/conda/python-3.10.18/Include/object.h:500
  16: func_clear
        at /usr/local/src/conda/python-3.10.18/Objects/funcobject.c:636
  17: func_dealloc
        at /usr/local/src/conda/python-3.10.18/Objects/funcobject.c:648
  18: _Py_Dealloc
        at /usr/local/src/conda/python-3.10.18/Objects/object.c:2301
  19: _Py_DECREF
        at /usr/local/src/conda/python-3.10.18/Include/object.h:500
  20: frame_dealloc
        at /usr/local/src/conda/python-3.10.18/Objects/frameobject.c:591
  21: _Py_Dealloc
        at /usr/local/src/conda/python-3.10.18/Objects/object.c:2301
  22: _Py_DECREF
        at /usr/local/src/conda/python-3.10.18/Include/object.h:500
  23: _PyEval_Vector
        at /usr/local/src/conda/python-3.10.18/Python/ceval.c:5080
  24: _PyFunction_Vectorcall
        at /usr/local/src/conda/python-3.10.18/Objects/call.c:342
  25: do_call_core
        at /usr/local/src/conda/python-3.10.18/Python/ceval.c:5945
  26: _PyEval_EvalFrameDefault
        at /usr/local/src/conda/python-3.10.18/Python/ceval.c:4277
  27: _PyEval_EvalFrame
        at /usr/local/src/conda/python-3.10.18/Include/internal/pycore_ceval.h:46
  28: _PyEval_Vector
        at /usr/local/src/conda/python-3.10.18/Python/ceval.c:5067
  29: _PyFunction_Vectorcall
        at /usr/local/src/conda/python-3.10.18/Objects/call.c:342
  30: _PyObject_VectorcallTstate
        at /usr/local/src/conda/python-3.10.18/Include/cpython/abstract.h:114
  31: PyObject_Vectorcall
        at /usr/local/src/conda/python-3.10.18/Include/cpython/abstract.h:123
  32: call_function
        at /usr/local/src/conda/python-3.10.18/Python/ceval.c:5893
  33: _PyEval_EvalFrameDefault
        at /usr/local/src/conda/python-3.10.18/Python/ceval.c:4213
  34: _PyEval_EvalFrame
        at /usr/local/src/conda/python-3.10.18/Include/internal/pycore_ceval.h:46
  35: _PyEval_Vector
        at /usr/local/src/conda/python-3.10.18/Python/ceval.c:5067
  36: PyEval_EvalCode
        at /usr/local/src/conda/python-3.10.18/Python/ceval.c:1134
  37: builtin_exec_impl
        at /usr/local/src/conda/python-3.10.18/Python/bltinmodule.c:1058
  38: builtin_exec
        at /usr/local/src/conda/python-3.10.18/Python/clinic/bltinmodule.c.h:371
  39: cfunction_vectorcall_FASTCALL
        at /usr/local/src/conda/python-3.10.18/Objects/methodobject.c:430
  40: _PyObject_VectorcallTstate
        at /usr/local/src/conda/python-3.10.18/Include/cpython/abstract.h:114
  41: PyObject_Vectorcall
        at /usr/local/src/conda/python-3.10.18/Include/cpython/abstract.h:123
  42: call_function
        at /usr/local/src/conda/python-3.10.18/Python/ceval.c:5893
  43: _PyEval_EvalFrameDefault
        at /usr/local/src/conda/python-3.10.18/Python/ceval.c:4213
  44: _PyEval_EvalFrame
        at /usr/local/src/conda/python-3.10.18/Include/internal/pycore_ceval.h:46
  45: _PyEval_Vector
        at /usr/local/src/conda/python-3.10.18/Python/ceval.c:5067
  46: _PyFunction_Vectorcall
        at /usr/local/src/conda/python-3.10.18/Objects/call.c:342
  47: _PyObject_VectorcallTstate
        at /usr/local/src/conda/python-3.10.18/Include/cpython/abstract.h:114
  48: PyObject_Vectorcall
        at /usr/local/src/conda/python-3.10.18/Include/cpython/abstract.h:123
  49: call_function
        at /usr/local/src/conda/python-3.10.18/Python/ceval.c:5893
  50: _PyEval_EvalFrameDefault
        at /usr/local/src/conda/python-3.10.18/Python/ceval.c:4213
  51: _PyEval_EvalFrame
        at /usr/local/src/conda/python-3.10.18/Include/internal/pycore_ceval.h:46
  52: _PyEval_Vector
        at /usr/local/src/conda/python-3.10.18/Python/ceval.c:5067
  53: _PyFunction_Vectorcall
        at /usr/local/src/conda/python-3.10.18/Objects/call.c:342
  54: pymain_run_module
        at /usr/local/src/conda/python-3.10.18/Modules/main.c:297
  55: pymain_run_python
        at /usr/local/src/conda/python-3.10.18/Modules/main.c:589
  56: Py_RunMain
        at /usr/local/src/conda/python-3.10.18/Modules/main.c:674
  57: Py_BytesMain
        at /usr/local/src/conda/python-3.10.18/Modules/main.c:1094
  58: __libc_start_main
        at ../csu/libc-start.c:308
  59: 0x000000000058728d
  60: 0xffffffffffffffff


*E*****Eterminate called after throwing an instance of 'tvm::runtime::InternalError'
  what():  [18:19:43] /data3/qsy/complier/tlm/src/runtime/cuda/cuda_module.cc:61: CUDAError: cuModuleUnload(module_[i]) failed with error: CUDA_ERROR_MISALIGNED_ADDRESS
Stack trace:
  0: tvm::runtime::SimpleObjAllocator::Handler<tvm::runtime::CUDAModuleNode>::Deleter_(tvm::runtime::Object*)
  1: tvm::runtime::SimpleObjAllocator::Handler<tvm::runtime::LibraryModuleNode>::Deleter_(tvm::runtime::Object*)
  2: _ZN3tvm7runtime18SimpleObjAllocator7HandlerINS0_16PackedFuncS
  3: _ZN3tvm7runtime18SimpleObjAllocator7HandlerINS0_16PackedFuncSubObjIZNS0_9profiling17WrapTimeE
  4: TVMObjectFree
  5: __pyx_tp_dealloc_3tvm_4_ffi_4_cy3_4core_PackedFuncBase(_object*)
  6: subtype_dealloc
        at /usr/local/src/conda/python-3.10.18/Objects/typeobject.c:1460
  7: _Py_DECREF
        at /usr/local/src/conda/python-3.10.18/Include/object.h:500
  8: _Py_XDECREF
        at /usr/local/src/conda/python-3.10.18/Include/object.h:567
  9: cell_dealloc
        at /usr/local/src/conda/python-3.10.18/Objects/cellobject.c:82
  10: _Py_Dealloc
        at /usr/local/src/conda/python-3.10.18/Objects/object.c:2301
  11: _Py_DECREF
        at /usr/local/src/conda/python-3.10.18/Include/object.h:500
  12: _Py_XDECREF
        at /usr/local/src/conda/python-3.10.18/Include/object.h:567
  13: tupledealloc
        at /usr/local/src/conda/python-3.10.18/Objects/tupleobject.c:276
  14: _Py_Dealloc
        at /usr/local/src/conda/python-3.10.18/Objects/object.c:2301
  15: _Py_DECREF
        at /usr/local/src/conda/python-3.10.18/Include/object.h:500
  16: func_clear
        at /usr/local/src/conda/python-3.10.18/Objects/funcobject.c:636
  17: func_dealloc
        at /usr/local/src/conda/python-3.10.18/Objects/funcobject.c:648
  18: _Py_Dealloc
        at /usr/local/src/conda/python-3.10.18/Objects/object.c:2301
  19: _Py_DECREF
        at /usr/local/src/conda/python-3.10.18/Include/object.h:500
  20: frame_dealloc
        at /usr/local/src/conda/python-3.10.18/Objects/frameobject.c:591
  21: _Py_Dealloc
        at /usr/local/src/conda/python-3.10.18/Objects/object.c:2301
  22: _Py_DECREF
        at /usr/local/src/conda/python-3.10.18/Include/object.h:500
  23: _PyEval_Vector
        at /usr/local/src/conda/python-3.10.18/Python/ceval.c:5080
  24: _PyFunction_Vectorcall
        at /usr/local/src/conda/python-3.10.18/Objects/call.c:342
  25: do_call_core
        at /usr/local/src/conda/python-3.10.18/Python/ceval.c:5945
  26: _PyEval_EvalFrameDefault
        at /usr/local/src/conda/python-3.10.18/Python/ceval.c:4277
  27: _PyEval_EvalFrame
        at /usr/local/src/conda/python-3.10.18/Include/internal/pycore_ceval.h:46
  28: _PyEval_Vector
        at /usr/local/src/conda/python-3.10.18/Python/ceval.c:5067
  29: _PyFunction_Vectorcall
        at /usr/local/src/conda/python-3.10.18/Objects/call.c:342
  30: _PyObject_VectorcallTstate
        at /usr/local/src/conda/python-3.10.18/Include/cpython/abstract.h:114
  31: PyObject_Vectorcall
        at /usr/local/src/conda/python-3.10.18/Include/cpython/abstract.h:123
  32: call_function
        at /usr/local/src/conda/python-3.10.18/Python/ceval.c:5893
  33: _PyEval_EvalFrameDefault
        at /usr/local/src/conda/python-3.10.18/Python/ceval.c:4213
  34: _PyEval_EvalFrame
        at /usr/local/src/conda/python-3.10.18/Include/internal/pycore_ceval.h:46
  35: _PyEval_Vector
        at /usr/local/src/conda/python-3.10.18/Python/ceval.c:5067
  36: PyEval_EvalCode
        at /usr/local/src/conda/python-3.10.18/Python/ceval.c:1134
  37: builtin_exec_impl
        at /usr/local/src/conda/python-3.10.18/Python/bltinmodule.c:1058
  38: builtin_exec
        at /usr/local/src/conda/python-3.10.18/Python/clinic/bltinmodule.c.h:371
  39: cfunction_vectorcall_FASTCALL
        at /usr/local/src/conda/python-3.10.18/Objects/methodobject.c:430
  40: _PyObject_VectorcallTstate
        at /usr/local/src/conda/python-3.10.18/Include/cpython/abstract.h:114
  41: PyObject_Vectorcall
        at /usr/local/src/conda/python-3.10.18/Include/cpython/abstract.h:123
  42: call_function
        at /usr/local/src/conda/python-3.10.18/Python/ceval.c:5893
  43: _PyEval_EvalFrameDefault
        at /usr/local/src/conda/python-3.10.18/Python/ceval.c:4213
  44: _PyEval_EvalFrame
        at /usr/local/src/conda/python-3.10.18/Include/internal/pycore_ceval.h:46
  45: _PyEval_Vector
        at /usr/local/src/conda/python-3.10.18/Python/ceval.c:5067
  46: _PyFunction_Vectorcall
        at /usr/local/src/conda/python-3.10.18/Objects/call.c:342
  47: _PyObject_VectorcallTstate
        at /usr/local/src/conda/python-3.10.18/Include/cpython/abstract.h:114
  48: PyObject_Vectorcall
        at /usr/local/src/conda/python-3.10.18/Include/cpython/abstract.h:123
  49: call_function
        at /usr/local/src/conda/python-3.10.18/Python/ceval.c:5893
  50: _PyEval_EvalFrameDefault
        at /usr/local/src/conda/python-3.10.18/Python/ceval.c:4213
  51: _PyEval_EvalFrame
        at /usr/local/src/conda/python-3.10.18/Include/internal/pycore_ceval.h:46
  52: _PyEval_Vector
        at /usr/local/src/conda/python-3.10.18/Python/ceval.c:5067
  53: _PyFunction_Vectorcall
        at /usr/local/src/conda/python-3.10.18/Objects/call.c:342
  54: pymain_run_module
        at /usr/local/src/conda/python-3.10.18/Modules/main.c:297
  55: pymain_run_python
        at /usr/local/src/conda/python-3.10.18/Modules/main.c:589
  56: Py_RunMain
        at /usr/local/src/conda/python-3.10.18/Modules/main.c:674
  57: Py_BytesMain
        at /usr/local/src/conda/python-3.10.18/Modules/main.c:1094
  58: __libc_start_main
        at ../csu/libc-start.c:308
  59: 0x000000000058728d
  60: 0xffffffffffffffff


*E**********************Eterminate called after throwing an instance of 'tvm::runtime::InternalError'
  what():  [18:19:49] /data3/qsy/complier/tlm/src/runtime/cuda/cuda_module.cc:61: CUDAError: cuModuleUnload(module_[i]) failed with error: CUDA_ERROR_MISALIGNED_ADDRESS
Stack trace:
  0: tvm::runtime::SimpleObjAllocator::Handler<tvm::runtime::CUDAModuleNode>::Deleter_(tvm::runtime::Object*)
  1: tvm::runtime::SimpleObjAllocator::Handler<tvm::runtime::LibraryModuleNode>::Deleter_(tvm::runtime::Object*)
  2: _ZN3tvm7runtime18SimpleObjAllocator7HandlerINS0_16PackedFuncS
  3: _ZN3tvm7runtime18SimpleObjAllocator7HandlerINS0_16PackedFuncSubObjIZNS0_9profiling17WrapTimeE
  4: TVMObjectFree
  5: __pyx_tp_dealloc_3tvm_4_ffi_4_cy3_4core_PackedFuncBase(_object*)
  6: subtype_dealloc
        at /usr/local/src/conda/python-3.10.18/Objects/typeobject.c:1460
  7: _Py_DECREF
        at /usr/local/src/conda/python-3.10.18/Include/object.h:500
  8: _Py_XDECREF
        at /usr/local/src/conda/python-3.10.18/Include/object.h:567
  9: cell_dealloc
        at /usr/local/src/conda/python-3.10.18/Objects/cellobject.c:82
  10: _Py_Dealloc
        at /usr/local/src/conda/python-3.10.18/Objects/object.c:2301
  11: _Py_DECREF
        at /usr/local/src/conda/python-3.10.18/Include/object.h:500
  12: _Py_XDECREF
        at /usr/local/src/conda/python-3.10.18/Include/object.h:567
  13: tupledealloc
        at /usr/local/src/conda/python-3.10.18/Objects/tupleobject.c:276
  14: _Py_Dealloc
        at /usr/local/src/conda/python-3.10.18/Objects/object.c:2301
  15: _Py_DECREF
        at /usr/local/src/conda/python-3.10.18/Include/object.h:500
  16: func_clear
        at /usr/local/src/conda/python-3.10.18/Objects/funcobject.c:636
  17: func_dealloc
        at /usr/local/src/conda/python-3.10.18/Objects/funcobject.c:648
  18: _Py_Dealloc
        at /usr/local/src/conda/python-3.10.18/Objects/object.c:2301
  19: _Py_DECREF
        at /usr/local/src/conda/python-3.10.18/Include/object.h:500
  20: frame_dealloc
        at /usr/local/src/conda/python-3.10.18/Objects/frameobject.c:591
  21: _Py_Dealloc
        at /usr/local/src/conda/python-3.10.18/Objects/object.c:2301
  22: _Py_DECREF
        at /usr/local/src/conda/python-3.10.18/Include/object.h:500
  23: _PyEval_Vector
        at /usr/local/src/conda/python-3.10.18/Python/ceval.c:5080
  24: _PyFunction_Vectorcall
        at /usr/local/src/conda/python-3.10.18/Objects/call.c:342
  25: do_call_core
        at /usr/local/src/conda/python-3.10.18/Python/ceval.c:5945
  26: _PyEval_EvalFrameDefault
        at /usr/local/src/conda/python-3.10.18/Python/ceval.c:4277
  27: _PyEval_EvalFrame
        at /usr/local/src/conda/python-3.10.18/Include/internal/pycore_ceval.h:46
  28: _PyEval_Vector
        at /usr/local/src/conda/python-3.10.18/Python/ceval.c:5067
  29: _PyFunction_Vectorcall
        at /usr/local/src/conda/python-3.10.18/Objects/call.c:342
  30: _PyObject_VectorcallTstate
        at /usr/local/src/conda/python-3.10.18/Include/cpython/abstract.h:114
  31: PyObject_Vectorcall
        at /usr/local/src/conda/python-3.10.18/Include/cpython/abstract.h:123
  32: call_function
        at /usr/local/src/conda/python-3.10.18/Python/ceval.c:5893
  33: _PyEval_EvalFrameDefault
        at /usr/local/src/conda/python-3.10.18/Python/ceval.c:4213
  34: _PyEval_EvalFrame
        at /usr/local/src/conda/python-3.10.18/Include/internal/pycore_ceval.h:46
  35: _PyEval_Vector
        at /usr/local/src/conda/python-3.10.18/Python/ceval.c:5067
  36: PyEval_EvalCode
        at /usr/local/src/conda/python-3.10.18/Python/ceval.c:1134
  37: builtin_exec_impl
        at /usr/local/src/conda/python-3.10.18/Python/bltinmodule.c:1058
  38: builtin_exec
        at /usr/local/src/conda/python-3.10.18/Python/clinic/bltinmodule.c.h:371
  39: cfunction_vectorcall_FASTCALL
        at /usr/local/src/conda/python-3.10.18/Objects/methodobject.c:430
  40: _PyObject_VectorcallTstate
        at /usr/local/src/conda/python-3.10.18/Include/cpython/abstract.h:114
  41: PyObject_Vectorcall
        at /usr/local/src/conda/python-3.10.18/Include/cpython/abstract.h:123
  42: call_function
        at /usr/local/src/conda/python-3.10.18/Python/ceval.c:5893
  43: _PyEval_EvalFrameDefault
        at /usr/local/src/conda/python-3.10.18/Python/ceval.c:4213
  44: _PyEval_EvalFrame
        at /usr/local/src/conda/python-3.10.18/Include/internal/pycore_ceval.h:46
  45: _PyEval_Vector
        at /usr/local/src/conda/python-3.10.18/Python/ceval.c:5067
  46: _PyFunction_Vectorcall
        at /usr/local/src/conda/python-3.10.18/Objects/call.c:342
  47: _PyObject_VectorcallTstate
        at /usr/local/src/conda/python-3.10.18/Include/cpython/abstract.h:114
  48: PyObject_Vectorcall
        at /usr/local/src/conda/python-3.10.18/Include/cpython/abstract.h:123
  49: call_function
        at /usr/local/src/conda/python-3.10.18/Python/ceval.c:5893
  50: _PyEval_EvalFrameDefault
        at /usr/local/src/conda/python-3.10.18/Python/ceval.c:4213
  51: _PyEval_EvalFrame
        at /usr/local/src/conda/python-3.10.18/Include/internal/pycore_ceval.h:46
  52: _PyEval_Vector
        at /usr/local/src/conda/python-3.10.18/Python/ceval.c:5067
  53: _PyFunction_Vectorcall
        at /usr/local/src/conda/python-3.10.18/Objects/call.c:342
  54: pymain_run_module
        at /usr/local/src/conda/python-3.10.18/Modules/main.c:297
  55: pymain_run_python
        at /usr/local/src/conda/python-3.10.18/Modules/main.c:589
  56: Py_RunMain
        at /usr/local/src/conda/python-3.10.18/Modules/main.c:674
  57: Py_BytesMain
        at /usr/local/src/conda/python-3.10.18/Modules/main.c:1094
  58: __libc_start_main
        at ../csu/libc-start.c:308
  59: 0x000000000058728d
  60: 0xffffffffffffffff


*E****************
Time elapsed for measurement: 39.82 s
----------------------------------------------------------------------
------------------------------  [ Train cost model ]
----------------------------------------------------------------------
Time elapsed for training: 0.00 s
----------------------------------------------------------------------
------------------------------  [ Task Scheduler ]
----------------------------------------------------------------------
----------------------------------------------------------------------
------------------------------  [ Search ]
----------------------------------------------------------------------
Generate Sketches		#s: 1
Sample Initial Population	#s: 111	fail_ct: 3985	Time elapsed: 15.27
GA Iter: 0	Max score: 0.9929	Min score: 0.0294	#Pop: 111	#M+: 0	#M-: 0
GA Iter: 4	Max score: 1.0000	Min score: 0.9834	#Pop: 128	#M+: 1394	#M-: 0
EvolutionarySearch		#s: 128	Time elapsed: 104.81
----------------------------------------------------------------------
------------------------------  [ Measure ]
----------------------------------------------------------------------
Get 64 programs to measure:
................................................................*****Eterminate called after throwing an instance of 'tvm::runtime::InternalError'
  what():  [18:22:12] /data3/qsy/complier/tlm/src/runtime/cuda/cuda_module.cc:61: CUDAError: cuModuleUnload(module_[i]) failed with error: CUDA_ERROR_MISALIGNED_ADDRESS
Stack trace:
  0: tvm::runtime::SimpleObjAllocator::Handler<tvm::runtime::CUDAModuleNode>::Deleter_(tvm::runtime::Object*)
  1: tvm::runtime::SimpleObjAllocator::Handler<tvm::runtime::LibraryModuleNode>::Deleter_(tvm::runtime::Object*)
  2: _ZN3tvm7runtime18SimpleObjAllocator7HandlerINS0_16PackedFuncS
  3: _ZN3tvm7runtime18SimpleObjAllocator7HandlerINS0_16PackedFuncSubObjIZNS0_9profiling17WrapTimeE
  4: TVMObjectFree
  5: __pyx_tp_dealloc_3tvm_4_ffi_4_cy3_4core_PackedFuncBase(_object*)
  6: subtype_dealloc
        at /usr/local/src/conda/python-3.10.18/Objects/typeobject.c:1460
  7: _Py_DECREF
        at /usr/local/src/conda/python-3.10.18/Include/object.h:500
  8: _Py_XDECREF
        at /usr/local/src/conda/python-3.10.18/Include/object.h:567
  9: cell_dealloc
        at /usr/local/src/conda/python-3.10.18/Objects/cellobject.c:82
  10: _Py_Dealloc
        at /usr/local/src/conda/python-3.10.18/Objects/object.c:2301
  11: _Py_DECREF
        at /usr/local/src/conda/python-3.10.18/Include/object.h:500
  12: _Py_XDECREF
        at /usr/local/src/conda/python-3.10.18/Include/object.h:567
  13: tupledealloc
        at /usr/local/src/conda/python-3.10.18/Objects/tupleobject.c:276
  14: _Py_Dealloc
        at /usr/local/src/conda/python-3.10.18/Objects/object.c:2301
  15: _Py_DECREF
        at /usr/local/src/conda/python-3.10.18/Include/object.h:500
  16: func_clear
        at /usr/local/src/conda/python-3.10.18/Objects/funcobject.c:636
  17: func_dealloc
        at /usr/local/src/conda/python-3.10.18/Objects/funcobject.c:648
  18: _Py_Dealloc
        at /usr/local/src/conda/python-3.10.18/Objects/object.c:2301
  19: _Py_DECREF
        at /usr/local/src/conda/python-3.10.18/Include/object.h:500
  20: frame_dealloc
        at /usr/local/src/conda/python-3.10.18/Objects/frameobject.c:591
  21: _Py_Dealloc
        at /usr/local/src/conda/python-3.10.18/Objects/object.c:2301
  22: _Py_DECREF
        at /usr/local/src/conda/python-3.10.18/Include/object.h:500
  23: _PyEval_Vector
        at /usr/local/src/conda/python-3.10.18/Python/ceval.c:5080
  24: _PyFunction_Vectorcall
        at /usr/local/src/conda/python-3.10.18/Objects/call.c:342
  25: do_call_core
        at /usr/local/src/conda/python-3.10.18/Python/ceval.c:5945
  26: _PyEval_EvalFrameDefault
        at /usr/local/src/conda/python-3.10.18/Python/ceval.c:4277
  27: _PyEval_EvalFrame
        at /usr/local/src/conda/python-3.10.18/Include/internal/pycore_ceval.h:46
  28: _PyEval_Vector
        at /usr/local/src/conda/python-3.10.18/Python/ceval.c:5067
  29: _PyFunction_Vectorcall
        at /usr/local/src/conda/python-3.10.18/Objects/call.c:342
  30: _PyObject_VectorcallTstate
        at /usr/local/src/conda/python-3.10.18/Include/cpython/abstract.h:114
  31: PyObject_Vectorcall
        at /usr/local/src/conda/python-3.10.18/Include/cpython/abstract.h:123
  32: call_function
        at /usr/local/src/conda/python-3.10.18/Python/ceval.c:5893
  33: _PyEval_EvalFrameDefault
        at /usr/local/src/conda/python-3.10.18/Python/ceval.c:4213
  34: _PyEval_EvalFrame
        at /usr/local/src/conda/python-3.10.18/Include/internal/pycore_ceval.h:46
  35: _PyEval_Vector
        at /usr/local/src/conda/python-3.10.18/Python/ceval.c:5067
  36: PyEval_EvalCode
        at /usr/local/src/conda/python-3.10.18/Python/ceval.c:1134
  37: builtin_exec_impl
        at /usr/local/src/conda/python-3.10.18/Python/bltinmodule.c:1058
  38: builtin_exec
        at /usr/local/src/conda/python-3.10.18/Python/clinic/bltinmodule.c.h:371
  39: cfunction_vectorcall_FASTCALL
        at /usr/local/src/conda/python-3.10.18/Objects/methodobject.c:430
  40: _PyObject_VectorcallTstate
        at /usr/local/src/conda/python-3.10.18/Include/cpython/abstract.h:114
  41: PyObject_Vectorcall
        at /usr/local/src/conda/python-3.10.18/Include/cpython/abstract.h:123
  42: call_function
        at /usr/local/src/conda/python-3.10.18/Python/ceval.c:5893
  43: _PyEval_EvalFrameDefault
        at /usr/local/src/conda/python-3.10.18/Python/ceval.c:4213
  44: _PyEval_EvalFrame
        at /usr/local/src/conda/python-3.10.18/Include/internal/pycore_ceval.h:46
  45: _PyEval_Vector
        at /usr/local/src/conda/python-3.10.18/Python/ceval.c:5067
  46: _PyFunction_Vectorcall
        at /usr/local/src/conda/python-3.10.18/Objects/call.c:342
  47: _PyObject_VectorcallTstate
        at /usr/local/src/conda/python-3.10.18/Include/cpython/abstract.h:114
  48: PyObject_Vectorcall
        at /usr/local/src/conda/python-3.10.18/Include/cpython/abstract.h:123
  49: call_function
        at /usr/local/src/conda/python-3.10.18/Python/ceval.c:5893
  50: _PyEval_EvalFrameDefault
        at /usr/local/src/conda/python-3.10.18/Python/ceval.c:4213
  51: _PyEval_EvalFrame
        at /usr/local/src/conda/python-3.10.18/Include/internal/pycore_ceval.h:46
  52: _PyEval_Vector
        at /usr/local/src/conda/python-3.10.18/Python/ceval.c:5067
  53: _PyFunction_Vectorcall
        at /usr/local/src/conda/python-3.10.18/Objects/call.c:342
  54: pymain_run_module
        at /usr/local/src/conda/python-3.10.18/Modules/main.c:297
  55: pymain_run_python
        at /usr/local/src/conda/python-3.10.18/Modules/main.c:589
  56: Py_RunMain
        at /usr/local/src/conda/python-3.10.18/Modules/main.c:674
  57: Py_BytesMain
        at /usr/local/src/conda/python-3.10.18/Modules/main.c:1094
  58: __libc_start_main
        at ../csu/libc-start.c:308
  59: 0x000000000058728d
  60: 0xffffffffffffffff


|  ID  |                       Task Description                        | Latency (ms) | Speed (GFLOPS) | Trials |
-----------------------------------------------------------------------------------------------------------------
|    0 |                                    vm_mod_fused_nn_conv2d_add |        0.015 |        6906.27 |     64 |
|    1 |                          vm_mod_fused_nn_conv2d_add_nn_relu_5 |        0.034 |        6090.24 |     64 |
|    2 |                                    vm_mod_fused_nn_max_pool2d |        0.004 |         505.25 |     64 |
|    3 |                          vm_mod_fused_nn_conv2d_add_nn_relu_1 |        0.007 |        7357.22 |     64 |
|    4 |                                     vm_mod_fused_nn_dense_add |        0.017 |         245.70 |     64 |
|    5 |                          vm_mod_fused_nn_conv2d_add_nn_relu_8 |        0.058 |        3529.12 |     64 |
|    6 |                                  vm_mod_fused_nn_conv2d_add_3 |        0.037 |        5497.74 |     64 |
|    7 |                      vm_mod_fused_nn_conv2d_add_add_nn_relu_3 |        0.049 |        4217.22 |     64 |
|    8 |                          vm_mod_fused_nn_conv2d_add_nn_relu_4 |        0.123 |        7542.53 |     64 |
|    9 |                        vm_mod_fused_nn_conv2d_add_add_nn_relu |        0.038 |        5463.84 |     64 |
|   10 |                      vm_mod_fused_nn_conv2d_add_add_nn_relu_1 |        0.030 |        6910.48 |     64 |
|   11 | vm_mod_fused_nn_contrib_conv2d_winograd_without_weight_transform_add_nn_relu_3 |        0.113 |        4912.24 |     64 |
|   12 |                                  vm_mod_fused_nn_conv2d_add_2 |        0.045 |        4554.29 |     64 |
|   13 |                            vm_mod_fused_nn_conv2d_add_nn_relu |        0.017 |       13986.58 |     64 |
|   14 |                          vm_mod_fused_nn_conv2d_add_nn_relu_7 |            - |              - |      0 |
|   15 |                         vm_mod_fused_nn_conv2d_add_nn_relu_10 |            - |              - |      0 |
|   16 | vm_mod_fused_nn_contrib_conv2d_winograd_without_weight_transform_add_nn_relu_1 |            - |              - |      0 |
|   17 |                          vm_mod_fused_nn_conv2d_add_nn_relu_3 |            - |              - |      0 |
|   18 |                           vm_mod_fused_nn_adaptive_avg_pool2d |            - |              - |      0 |
|   19 |                         vm_mod_fused_nn_conv2d_add_nn_relu_11 |            - |              - |      0 |
|   20 |                                  vm_mod_fused_nn_conv2d_add_1 |            - |              - |      0 |
|   21 |                          vm_mod_fused_nn_conv2d_add_nn_relu_6 |            - |              - |      0 |
|   22 |                          vm_mod_fused_nn_conv2d_add_nn_relu_2 |            - |              - |      0 |
|   23 | vm_mod_fused_nn_contrib_conv2d_winograd_without_weight_transform_add_nn_relu |            - |              - |      0 |
|   24 |                      vm_mod_fused_nn_conv2d_add_add_nn_relu_2 |            - |              - |      0 |
|   25 |                          vm_mod_fused_nn_conv2d_add_nn_relu_9 |            - |              - |      0 |
|   26 | vm_mod_fused_nn_contrib_conv2d_winograd_without_weight_transform_add_nn_relu_2 |            - |              - |      0 |
-----------------------------------------------------------------------------------------------------------------
Estimated total latency: - ms	Trials: 892	Used time : 1821 s	Next ID: 14	
*E****************Eterminate called after throwing an instance of 'tvm::runtime::InternalError'
  what():  [18:22:19] /data3/qsy/complier/tlm/src/runtime/cuda/cuda_module.cc:61: CUDAError: cuModuleUnload(module_[i]) failed with error: CUDA_ERROR_MISALIGNED_ADDRESS
Stack trace:
  0: tvm::runtime::SimpleObjAllocator::Handler<tvm::runtime::CUDAModuleNode>::Deleter_(tvm::runtime::Object*)
  1: tvm::runtime::SimpleObjAllocator::Handler<tvm::runtime::LibraryModuleNode>::Deleter_(tvm::runtime::Object*)
  2: _ZN3tvm7runtime18SimpleObjAllocator7HandlerINS0_16PackedFuncS
  3: _ZN3tvm7runtime18SimpleObjAllocator7HandlerINS0_16PackedFuncSubObjIZNS0_9profiling17WrapTimeE
  4: TVMObjectFree
  5: __pyx_tp_dealloc_3tvm_4_ffi_4_cy3_4core_PackedFuncBase(_object*)
  6: subtype_dealloc
        at /usr/local/src/conda/python-3.10.18/Objects/typeobject.c:1460
  7: _Py_DECREF
        at /usr/local/src/conda/python-3.10.18/Include/object.h:500
  8: _Py_XDECREF
        at /usr/local/src/conda/python-3.10.18/Include/object.h:567
  9: cell_dealloc
        at /usr/local/src/conda/python-3.10.18/Objects/cellobject.c:82
  10: _Py_Dealloc
        at /usr/local/src/conda/python-3.10.18/Objects/object.c:2301
  11: _Py_DECREF
        at /usr/local/src/conda/python-3.10.18/Include/object.h:500
  12: _Py_XDECREF
        at /usr/local/src/conda/python-3.10.18/Include/object.h:567
  13: tupledealloc
        at /usr/local/src/conda/python-3.10.18/Objects/tupleobject.c:276
  14: _Py_Dealloc
        at /usr/local/src/conda/python-3.10.18/Objects/object.c:2301
  15: _Py_DECREF
        at /usr/local/src/conda/python-3.10.18/Include/object.h:500
  16: func_clear
        at /usr/local/src/conda/python-3.10.18/Objects/funcobject.c:636
  17: func_dealloc
        at /usr/local/src/conda/python-3.10.18/Objects/funcobject.c:648
  18: _Py_Dealloc
        at /usr/local/src/conda/python-3.10.18/Objects/object.c:2301
  19: _Py_DECREF
        at /usr/local/src/conda/python-3.10.18/Include/object.h:500
  20: frame_dealloc
        at /usr/local/src/conda/python-3.10.18/Objects/frameobject.c:591
  21: _Py_Dealloc
        at /usr/local/src/conda/python-3.10.18/Objects/object.c:2301
  22: _Py_DECREF
        at /usr/local/src/conda/python-3.10.18/Include/object.h:500
  23: _PyEval_Vector
        at /usr/local/src/conda/python-3.10.18/Python/ceval.c:5080
  24: _PyFunction_Vectorcall
        at /usr/local/src/conda/python-3.10.18/Objects/call.c:342
  25: do_call_core
        at /usr/local/src/conda/python-3.10.18/Python/ceval.c:5945
  26: _PyEval_EvalFrameDefault
        at /usr/local/src/conda/python-3.10.18/Python/ceval.c:4277
  27: _PyEval_EvalFrame
        at /usr/local/src/conda/python-3.10.18/Include/internal/pycore_ceval.h:46
  28: _PyEval_Vector
        at /usr/local/src/conda/python-3.10.18/Python/ceval.c:5067
  29: _PyFunction_Vectorcall
        at /usr/local/src/conda/python-3.10.18/Objects/call.c:342
  30: _PyObject_VectorcallTstate
        at /usr/local/src/conda/python-3.10.18/Include/cpython/abstract.h:114
  31: PyObject_Vectorcall
        at /usr/local/src/conda/python-3.10.18/Include/cpython/abstract.h:123
  32: call_function
        at /usr/local/src/conda/python-3.10.18/Python/ceval.c:5893
  33: _PyEval_EvalFrameDefault
        at /usr/local/src/conda/python-3.10.18/Python/ceval.c:4213
  34: _PyEval_EvalFrame
        at /usr/local/src/conda/python-3.10.18/Include/internal/pycore_ceval.h:46
  35: _PyEval_Vector
        at /usr/local/src/conda/python-3.10.18/Python/ceval.c:5067
  36: PyEval_EvalCode
        at /usr/local/src/conda/python-3.10.18/Python/ceval.c:1134
  37: builtin_exec_impl
        at /usr/local/src/conda/python-3.10.18/Python/bltinmodule.c:1058
  38: builtin_exec
        at /usr/local/src/conda/python-3.10.18/Python/clinic/bltinmodule.c.h:371
  39: cfunction_vectorcall_FASTCALL
        at /usr/local/src/conda/python-3.10.18/Objects/methodobject.c:430
  40: _PyObject_VectorcallTstate
        at /usr/local/src/conda/python-3.10.18/Include/cpython/abstract.h:114
  41: PyObject_Vectorcall
        at /usr/local/src/conda/python-3.10.18/Include/cpython/abstract.h:123
  42: call_function
        at /usr/local/src/conda/python-3.10.18/Python/ceval.c:5893
  43: _PyEval_EvalFrameDefault
        at /usr/local/src/conda/python-3.10.18/Python/ceval.c:4213
  44: _PyEval_EvalFrame
        at /usr/local/src/conda/python-3.10.18/Include/internal/pycore_ceval.h:46
  45: _PyEval_Vector
        at /usr/local/src/conda/python-3.10.18/Python/ceval.c:5067
  46: _PyFunction_Vectorcall
        at /usr/local/src/conda/python-3.10.18/Objects/call.c:342
  47: _PyObject_VectorcallTstate
        at /usr/local/src/conda/python-3.10.18/Include/cpython/abstract.h:114
  48: PyObject_Vectorcall
        at /usr/local/src/conda/python-3.10.18/Include/cpython/abstract.h:123
  49: call_function
        at /usr/local/src/conda/python-3.10.18/Python/ceval.c:5893
  50: _PyEval_EvalFrameDefault
        at /usr/local/src/conda/python-3.10.18/Python/ceval.c:4213
  51: _PyEval_EvalFrame
        at /usr/local/src/conda/python-3.10.18/Include/internal/pycore_ceval.h:46
  52: _PyEval_Vector
        at /usr/local/src/conda/python-3.10.18/Python/ceval.c:5067
  53: _PyFunction_Vectorcall
        at /usr/local/src/conda/python-3.10.18/Objects/call.c:342
  54: pymain_run_module
        at /usr/local/src/conda/python-3.10.18/Modules/main.c:297
  55: pymain_run_python
        at /usr/local/src/conda/python-3.10.18/Modules/main.c:589
  56: Py_RunMain
        at /usr/local/src/conda/python-3.10.18/Modules/main.c:674
  57: Py_BytesMain
        at /usr/local/src/conda/python-3.10.18/Modules/main.c:1094
  58: __libc_start_main
        at ../csu/libc-start.c:308
  59: 0x000000000058728d
  60: 0xffffffffffffffff


*E*******************************************
Time elapsed for measurement: 39.60 s
----------------------------------------------------------------------
------------------------------  [ Train cost model ]
----------------------------------------------------------------------
Time elapsed for training: 2.54 s
----------------------------------------------------------------------
------------------------------  [ Task Scheduler ]
----------------------------------------------------------------------
----------------------------------------------------------------------
------------------------------  [ Search ]
----------------------------------------------------------------------
Generate Sketches		#s: 1
Sample Initial Population	#s: 81	fail_ct: 4015	Time elapsed: 14.84
GA Iter: 0	Max score: 0.9975	Min score: 0.0001	#Pop: 81	#M+: 0	#M-: 0
GA Iter: 4	Max score: 0.9997	Min score: 0.9794	#Pop: 128	#M+: 1396	#M-: 0
EvolutionarySearch		#s: 128	Time elapsed: 92.06
----------------------------------------------------------------------
------------------------------  [ Measure ]
----------------------------------------------------------------------
Get 64 programs to measure:
..............................................................|  ID  |                       Task Description                        | Latency (ms) | Speed (GFLOPS) | Trials |
-----------------------------------------------------------------------------------------------------------------
|    0 |                                    vm_mod_fused_nn_conv2d_add |        0.015 |        6906.27 |     64 |
|    1 |                          vm_mod_fused_nn_conv2d_add_nn_relu_5 |        0.034 |        6090.24 |     64 |
|    2 |                                    vm_mod_fused_nn_max_pool2d |        0.004 |         505.25 |     64 |
|    3 |                          vm_mod_fused_nn_conv2d_add_nn_relu_1 |        0.007 |        7357.22 |     64 |
|    4 |                                     vm_mod_fused_nn_dense_add |        0.017 |         245.70 |     64 |
|    5 |                          vm_mod_fused_nn_conv2d_add_nn_relu_8 |        0.058 |        3529.12 |     64 |
|    6 |                                  vm_mod_fused_nn_conv2d_add_3 |        0.037 |        5497.74 |     64 |
|    7 |                      vm_mod_fused_nn_conv2d_add_add_nn_relu_3 |        0.049 |        4217.22 |     64 |
|    8 |                          vm_mod_fused_nn_conv2d_add_nn_relu_4 |        0.123 |        7542.53 |     64 |
|    9 |                        vm_mod_fused_nn_conv2d_add_add_nn_relu |        0.038 |        5463.84 |     64 |
|   10 |                      vm_mod_fused_nn_conv2d_add_add_nn_relu_1 |        0.030 |        6910.48 |     64 |
|   11 | vm_mod_fused_nn_contrib_conv2d_winograd_without_weight_transform_add_nn_relu_3 |        0.113 |        4912.24 |     64 |
|   12 |                                  vm_mod_fused_nn_conv2d_add_2 |        0.045 |        4554.29 |     64 |
|   13 |                            vm_mod_fused_nn_conv2d_add_nn_relu |        0.017 |       13986.58 |     64 |
|   14 |                          vm_mod_fused_nn_conv2d_add_nn_relu_7 |        0.323 |        2864.55 |     64 |
|   15 |                         vm_mod_fused_nn_conv2d_add_nn_relu_10 |            - |              - |      0 |
|   16 | vm_mod_fused_nn_contrib_conv2d_winograd_without_weight_transform_add_nn_relu_1 |            - |              - |      0 |
|   17 |                          vm_mod_fused_nn_conv2d_add_nn_relu_3 |            - |              - |      0 |
|   18 |                           vm_mod_fused_nn_adaptive_avg_pool2d |            - |              - |      0 |
|   19 |                         vm_mod_fused_nn_conv2d_add_nn_relu_11 |            - |              - |      0 |
|   20 |                                  vm_mod_fused_nn_conv2d_add_1 |            - |              - |      0 |
|   21 |                          vm_mod_fused_nn_conv2d_add_nn_relu_6 |            - |              - |      0 |
|   22 |                          vm_mod_fused_nn_conv2d_add_nn_relu_2 |            - |              - |      0 |
|   23 | vm_mod_fused_nn_contrib_conv2d_winograd_without_weight_transform_add_nn_relu |            - |              - |      0 |
|   24 |                      vm_mod_fused_nn_conv2d_add_add_nn_relu_2 |            - |              - |      0 |
|   25 |                          vm_mod_fused_nn_conv2d_add_nn_relu_9 |            - |              - |      0 |
|   26 | vm_mod_fused_nn_contrib_conv2d_winograd_without_weight_transform_add_nn_relu_2 |            - |              - |      0 |
-----------------------------------------------------------------------------------------------------------------
Estimated total latency: - ms	Trials: 956	Used time : 1984 s	Next ID: 15	
.T.T***********************Eterminate called after throwing an instance of 'tvm::runtime::InternalError'
  what():  [18:24:54] /data3/qsy/complier/tlm/src/runtime/cuda/cuda_module.cc:61: CUDAError: cuModuleUnload(module_[i]) failed with error: CUDA_ERROR_MISALIGNED_ADDRESS
Stack trace:
  0: tvm::runtime::SimpleObjAllocator::Handler<tvm::runtime::CUDAModuleNode>::Deleter_(tvm::runtime::Object*)
  1: tvm::runtime::SimpleObjAllocator::Handler<tvm::runtime::LibraryModuleNode>::Deleter_(tvm::runtime::Object*)
  2: _ZN3tvm7runtime18SimpleObjAllocator7HandlerINS0_16PackedFuncS
  3: _ZN3tvm7runtime18SimpleObjAllocator7HandlerINS0_16PackedFuncSubObjIZNS0_9profiling17WrapTimeE
  4: TVMObjectFree
  5: __pyx_tp_dealloc_3tvm_4_ffi_4_cy3_4core_PackedFuncBase(_object*)
  6: subtype_dealloc
        at /usr/local/src/conda/python-3.10.18/Objects/typeobject.c:1460
  7: _Py_DECREF
        at /usr/local/src/conda/python-3.10.18/Include/object.h:500
  8: _Py_XDECREF
        at /usr/local/src/conda/python-3.10.18/Include/object.h:567
  9: cell_dealloc
        at /usr/local/src/conda/python-3.10.18/Objects/cellobject.c:82
  10: _Py_Dealloc
        at /usr/local/src/conda/python-3.10.18/Objects/object.c:2301
  11: _Py_DECREF
        at /usr/local/src/conda/python-3.10.18/Include/object.h:500
  12: _Py_XDECREF
        at /usr/local/src/conda/python-3.10.18/Include/object.h:567
  13: tupledealloc
        at /usr/local/src/conda/python-3.10.18/Objects/tupleobject.c:276
  14: _Py_Dealloc
        at /usr/local/src/conda/python-3.10.18/Objects/object.c:2301
  15: _Py_DECREF
        at /usr/local/src/conda/python-3.10.18/Include/object.h:500
  16: func_clear
        at /usr/local/src/conda/python-3.10.18/Objects/funcobject.c:636
  17: func_dealloc
        at /usr/local/src/conda/python-3.10.18/Objects/funcobject.c:648
  18: _Py_Dealloc
        at /usr/local/src/conda/python-3.10.18/Objects/object.c:2301
  19: _Py_DECREF
        at /usr/local/src/conda/python-3.10.18/Include/object.h:500
  20: frame_dealloc
        at /usr/local/src/conda/python-3.10.18/Objects/frameobject.c:591
  21: _Py_Dealloc
        at /usr/local/src/conda/python-3.10.18/Objects/object.c:2301
  22: _Py_DECREF
        at /usr/local/src/conda/python-3.10.18/Include/object.h:500
  23: _PyEval_Vector
        at /usr/local/src/conda/python-3.10.18/Python/ceval.c:5080
  24: _PyFunction_Vectorcall
        at /usr/local/src/conda/python-3.10.18/Objects/call.c:342
  25: do_call_core
        at /usr/local/src/conda/python-3.10.18/Python/ceval.c:5945
  26: _PyEval_EvalFrameDefault
        at /usr/local/src/conda/python-3.10.18/Python/ceval.c:4277
  27: _PyEval_EvalFrame
        at /usr/local/src/conda/python-3.10.18/Include/internal/pycore_ceval.h:46
  28: _PyEval_Vector
        at /usr/local/src/conda/python-3.10.18/Python/ceval.c:5067
  29: _PyFunction_Vectorcall
        at /usr/local/src/conda/python-3.10.18/Objects/call.c:342
  30: _PyObject_VectorcallTstate
        at /usr/local/src/conda/python-3.10.18/Include/cpython/abstract.h:114
  31: PyObject_Vectorcall
        at /usr/local/src/conda/python-3.10.18/Include/cpython/abstract.h:123
  32: call_function
        at /usr/local/src/conda/python-3.10.18/Python/ceval.c:5893
  33: _PyEval_EvalFrameDefault
        at /usr/local/src/conda/python-3.10.18/Python/ceval.c:4213
  34: _PyEval_EvalFrame
        at /usr/local/src/conda/python-3.10.18/Include/internal/pycore_ceval.h:46
  35: _PyEval_Vector
        at /usr/local/src/conda/python-3.10.18/Python/ceval.c:5067
  36: PyEval_EvalCode
        at /usr/local/src/conda/python-3.10.18/Python/ceval.c:1134
  37: builtin_exec_impl
        at /usr/local/src/conda/python-3.10.18/Python/bltinmodule.c:1058
  38: builtin_exec
        at /usr/local/src/conda/python-3.10.18/Python/clinic/bltinmodule.c.h:371
  39: cfunction_vectorcall_FASTCALL
        at /usr/local/src/conda/python-3.10.18/Objects/methodobject.c:430
  40: _PyObject_VectorcallTstate
        at /usr/local/src/conda/python-3.10.18/Include/cpython/abstract.h:114
  41: PyObject_Vectorcall
        at /usr/local/src/conda/python-3.10.18/Include/cpython/abstract.h:123
  42: call_function
        at /usr/local/src/conda/python-3.10.18/Python/ceval.c:5893
  43: _PyEval_EvalFrameDefault
        at /usr/local/src/conda/python-3.10.18/Python/ceval.c:4213
  44: _PyEval_EvalFrame
        at /usr/local/src/conda/python-3.10.18/Include/internal/pycore_ceval.h:46
  45: _PyEval_Vector
        at /usr/local/src/conda/python-3.10.18/Python/ceval.c:5067
  46: _PyFunction_Vectorcall
        at /usr/local/src/conda/python-3.10.18/Objects/call.c:342
  47: _PyObject_VectorcallTstate
        at /usr/local/src/conda/python-3.10.18/Include/cpython/abstract.h:114
  48: PyObject_Vectorcall
        at /usr/local/src/conda/python-3.10.18/Include/cpython/abstract.h:123
  49: call_function
        at /usr/local/src/conda/python-3.10.18/Python/ceval.c:5893
  50: _PyEval_EvalFrameDefault
        at /usr/local/src/conda/python-3.10.18/Python/ceval.c:4213
  51: _PyEval_EvalFrame
        at /usr/local/src/conda/python-3.10.18/Include/internal/pycore_ceval.h:46
  52: _PyEval_Vector
        at /usr/local/src/conda/python-3.10.18/Python/ceval.c:5067
  53: _PyFunction_Vectorcall
        at /usr/local/src/conda/python-3.10.18/Objects/call.c:342
  54: pymain_run_module
        at /usr/local/src/conda/python-3.10.18/Modules/main.c:297
  55: pymain_run_python
        at /usr/local/src/conda/python-3.10.18/Modules/main.c:589
  56: Py_RunMain
        at /usr/local/src/conda/python-3.10.18/Modules/main.c:674
  57: Py_BytesMain
        at /usr/local/src/conda/python-3.10.18/Modules/main.c:1094
  58: __libc_start_main
        at ../csu/libc-start.c:308
  59: 0x000000000058728d
  60: 0xffffffffffffffff


*E**Eterminate called after throwing an instance of 'tvm::runtime::InternalError'
  what():  [18:24:56] /data3/qsy/complier/tlm/src/runtime/cuda/cuda_module.cc:61: CUDAError: cuModuleUnload(module_[i]) failed with error: CUDA_ERROR_MISALIGNED_ADDRESS
Stack trace:
  0: tvm::runtime::SimpleObjAllocator::Handler<tvm::runtime::CUDAModuleNode>::Deleter_(tvm::runtime::Object*)
  1: tvm::runtime::SimpleObjAllocator::Handler<tvm::runtime::LibraryModuleNode>::Deleter_(tvm::runtime::Object*)
  2: _ZN3tvm7runtime18SimpleObjAllocator7HandlerINS0_16PackedFuncS
  3: _ZN3tvm7runtime18SimpleObjAllocator7HandlerINS0_16PackedFuncSubObjIZNS0_9profiling17WrapTimeE
  4: TVMObjectFree
  5: __pyx_tp_dealloc_3tvm_4_ffi_4_cy3_4core_PackedFuncBase(_object*)
  6: subtype_dealloc
        at /usr/local/src/conda/python-3.10.18/Objects/typeobject.c:1460
  7: _Py_DECREF
        at /usr/local/src/conda/python-3.10.18/Include/object.h:500
  8: _Py_XDECREF
        at /usr/local/src/conda/python-3.10.18/Include/object.h:567
  9: cell_dealloc
        at /usr/local/src/conda/python-3.10.18/Objects/cellobject.c:82
  10: _Py_Dealloc
        at /usr/local/src/conda/python-3.10.18/Objects/object.c:2301
  11: _Py_DECREF
        at /usr/local/src/conda/python-3.10.18/Include/object.h:500
  12: _Py_XDECREF
        at /usr/local/src/conda/python-3.10.18/Include/object.h:567
  13: tupledealloc
        at /usr/local/src/conda/python-3.10.18/Objects/tupleobject.c:276
  14: _Py_Dealloc
        at /usr/local/src/conda/python-3.10.18/Objects/object.c:2301
  15: _Py_DECREF
        at /usr/local/src/conda/python-3.10.18/Include/object.h:500
  16: func_clear
        at /usr/local/src/conda/python-3.10.18/Objects/funcobject.c:636
  17: func_dealloc
        at /usr/local/src/conda/python-3.10.18/Objects/funcobject.c:648
  18: _Py_Dealloc
        at /usr/local/src/conda/python-3.10.18/Objects/object.c:2301
  19: _Py_DECREF
        at /usr/local/src/conda/python-3.10.18/Include/object.h:500
  20: frame_dealloc
        at /usr/local/src/conda/python-3.10.18/Objects/frameobject.c:591
  21: _Py_Dealloc
        at /usr/local/src/conda/python-3.10.18/Objects/object.c:2301
  22: _Py_DECREF
        at /usr/local/src/conda/python-3.10.18/Include/object.h:500
  23: _PyEval_Vector
        at /usr/local/src/conda/python-3.10.18/Python/ceval.c:5080
  24: _PyFunction_Vectorcall
        at /usr/local/src/conda/python-3.10.18/Objects/call.c:342
  25: do_call_core
        at /usr/local/src/conda/python-3.10.18/Python/ceval.c:5945
  26: _PyEval_EvalFrameDefault
        at /usr/local/src/conda/python-3.10.18/Python/ceval.c:4277
  27: _PyEval_EvalFrame
        at /usr/local/src/conda/python-3.10.18/Include/internal/pycore_ceval.h:46
  28: _PyEval_Vector
        at /usr/local/src/conda/python-3.10.18/Python/ceval.c:5067
  29: _PyFunction_Vectorcall
        at /usr/local/src/conda/python-3.10.18/Objects/call.c:342
  30: _PyObject_VectorcallTstate
        at /usr/local/src/conda/python-3.10.18/Include/cpython/abstract.h:114
  31: PyObject_Vectorcall
        at /usr/local/src/conda/python-3.10.18/Include/cpython/abstract.h:123
  32: call_function
        at /usr/local/src/conda/python-3.10.18/Python/ceval.c:5893
  33: _PyEval_EvalFrameDefault
        at /usr/local/src/conda/python-3.10.18/Python/ceval.c:4213
  34: _PyEval_EvalFrame
        at /usr/local/src/conda/python-3.10.18/Include/internal/pycore_ceval.h:46
  35: _PyEval_Vector
        at /usr/local/src/conda/python-3.10.18/Python/ceval.c:5067
  36: PyEval_EvalCode
        at /usr/local/src/conda/python-3.10.18/Python/ceval.c:1134
  37: builtin_exec_impl
        at /usr/local/src/conda/python-3.10.18/Python/bltinmodule.c:1058
  38: builtin_exec
        at /usr/local/src/conda/python-3.10.18/Python/clinic/bltinmodule.c.h:371
  39: cfunction_vectorcall_FASTCALL
        at /usr/local/src/conda/python-3.10.18/Objects/methodobject.c:430
  40: _PyObject_VectorcallTstate
        at /usr/local/src/conda/python-3.10.18/Include/cpython/abstract.h:114
  41: PyObject_Vectorcall
        at /usr/local/src/conda/python-3.10.18/Include/cpython/abstract.h:123
  42: call_function
        at /usr/local/src/conda/python-3.10.18/Python/ceval.c:5893
  43: _PyEval_EvalFrameDefault
        at /usr/local/src/conda/python-3.10.18/Python/ceval.c:4213
  44: _PyEval_EvalFrame
        at /usr/local/src/conda/python-3.10.18/Include/internal/pycore_ceval.h:46
  45: _PyEval_Vector
        at /usr/local/src/conda/python-3.10.18/Python/ceval.c:5067
  46: _PyFunction_Vectorcall
        at /usr/local/src/conda/python-3.10.18/Objects/call.c:342
  47: _PyObject_VectorcallTstate
        at /usr/local/src/conda/python-3.10.18/Include/cpython/abstract.h:114
  48: PyObject_Vectorcall
        at /usr/local/src/conda/python-3.10.18/Include/cpython/abstract.h:123
  49: call_function
        at /usr/local/src/conda/python-3.10.18/Python/ceval.c:5893
  50: _PyEval_EvalFrameDefault
        at /usr/local/src/conda/python-3.10.18/Python/ceval.c:4213
  51: _PyEval_EvalFrame
        at /usr/local/src/conda/python-3.10.18/Include/internal/pycore_ceval.h:46
  52: _PyEval_Vector
        at /usr/local/src/conda/python-3.10.18/Python/ceval.c:5067
  53: _PyFunction_Vectorcall
        at /usr/local/src/conda/python-3.10.18/Objects/call.c:342
  54: pymain_run_module
        at /usr/local/src/conda/python-3.10.18/Modules/main.c:297
  55: pymain_run_python
        at /usr/local/src/conda/python-3.10.18/Modules/main.c:589
  56: Py_RunMain
        at /usr/local/src/conda/python-3.10.18/Modules/main.c:674
  57: Py_BytesMain
        at /usr/local/src/conda/python-3.10.18/Modules/main.c:1094
  58: __libc_start_main
        at ../csu/libc-start.c:308
  59: 0x000000000058728d
  60: 0xffffffffffffffff


*E********************************Eterminate called after throwing an instance of 'tvm::runtime::InternalError'
  what():  [18:25:17] /data3/qsy/complier/tlm/src/runtime/cuda/cuda_module.cc:61: CUDAError: cuModuleUnload(module_[i]) failed with error: CUDA_ERROR_MISALIGNED_ADDRESS
Stack trace:
  0: tvm::runtime::SimpleObjAllocator::Handler<tvm::runtime::CUDAModuleNode>::Deleter_(tvm::runtime::Object*)
  1: tvm::runtime::SimpleObjAllocator::Handler<tvm::runtime::LibraryModuleNode>::Deleter_(tvm::runtime::Object*)
  2: _ZN3tvm7runtime18SimpleObjAllocator7HandlerINS0_16PackedFuncS
  3: _ZN3tvm7runtime18SimpleObjAllocator7HandlerINS0_16PackedFuncSubObjIZNS0_9profiling17WrapTimeE
  4: TVMObjectFree
  5: __pyx_tp_dealloc_3tvm_4_ffi_4_cy3_4core_PackedFuncBase(_object*)
  6: subtype_dealloc
        at /usr/local/src/conda/python-3.10.18/Objects/typeobject.c:1460
  7: _Py_DECREF
        at /usr/local/src/conda/python-3.10.18/Include/object.h:500
  8: _Py_XDECREF
        at /usr/local/src/conda/python-3.10.18/Include/object.h:567
  9: cell_dealloc
        at /usr/local/src/conda/python-3.10.18/Objects/cellobject.c:82
  10: _Py_Dealloc
        at /usr/local/src/conda/python-3.10.18/Objects/object.c:2301
  11: _Py_DECREF
        at /usr/local/src/conda/python-3.10.18/Include/object.h:500
  12: _Py_XDECREF
        at /usr/local/src/conda/python-3.10.18/Include/object.h:567
  13: tupledealloc
        at /usr/local/src/conda/python-3.10.18/Objects/tupleobject.c:276
  14: _Py_Dealloc
        at /usr/local/src/conda/python-3.10.18/Objects/object.c:2301
  15: _Py_DECREF
        at /usr/local/src/conda/python-3.10.18/Include/object.h:500
  16: func_clear
        at /usr/local/src/conda/python-3.10.18/Objects/funcobject.c:636
  17: func_dealloc
        at /usr/local/src/conda/python-3.10.18/Objects/funcobject.c:648
  18: _Py_Dealloc
        at /usr/local/src/conda/python-3.10.18/Objects/object.c:2301
  19: _Py_DECREF
        at /usr/local/src/conda/python-3.10.18/Include/object.h:500
  20: frame_dealloc
        at /usr/local/src/conda/python-3.10.18/Objects/frameobject.c:591
  21: _Py_Dealloc
        at /usr/local/src/conda/python-3.10.18/Objects/object.c:2301
  22: _Py_DECREF
        at /usr/local/src/conda/python-3.10.18/Include/object.h:500
  23: _PyEval_Vector
        at /usr/local/src/conda/python-3.10.18/Python/ceval.c:5080
  24: _PyFunction_Vectorcall
        at /usr/local/src/conda/python-3.10.18/Objects/call.c:342
  25: do_call_core
        at /usr/local/src/conda/python-3.10.18/Python/ceval.c:5945
  26: _PyEval_EvalFrameDefault
        at /usr/local/src/conda/python-3.10.18/Python/ceval.c:4277
  27: _PyEval_EvalFrame
        at /usr/local/src/conda/python-3.10.18/Include/internal/pycore_ceval.h:46
  28: _PyEval_Vector
        at /usr/local/src/conda/python-3.10.18/Python/ceval.c:5067
  29: _PyFunction_Vectorcall
        at /usr/local/src/conda/python-3.10.18/Objects/call.c:342
  30: _PyObject_VectorcallTstate
        at /usr/local/src/conda/python-3.10.18/Include/cpython/abstract.h:114
  31: PyObject_Vectorcall
        at /usr/local/src/conda/python-3.10.18/Include/cpython/abstract.h:123
  32: call_function
        at /usr/local/src/conda/python-3.10.18/Python/ceval.c:5893
  33: _PyEval_EvalFrameDefault
        at /usr/local/src/conda/python-3.10.18/Python/ceval.c:4213
  34: _PyEval_EvalFrame
        at /usr/local/src/conda/python-3.10.18/Include/internal/pycore_ceval.h:46
  35: _PyEval_Vector
        at /usr/local/src/conda/python-3.10.18/Python/ceval.c:5067
  36: PyEval_EvalCode
        at /usr/local/src/conda/python-3.10.18/Python/ceval.c:1134
  37: builtin_exec_impl
        at /usr/local/src/conda/python-3.10.18/Python/bltinmodule.c:1058
  38: builtin_exec
        at /usr/local/src/conda/python-3.10.18/Python/clinic/bltinmodule.c.h:371
  39: cfunction_vectorcall_FASTCALL
        at /usr/local/src/conda/python-3.10.18/Objects/methodobject.c:430
  40: _PyObject_VectorcallTstate
        at /usr/local/src/conda/python-3.10.18/Include/cpython/abstract.h:114
  41: PyObject_Vectorcall
        at /usr/local/src/conda/python-3.10.18/Include/cpython/abstract.h:123
  42: call_function
        at /usr/local/src/conda/python-3.10.18/Python/ceval.c:5893
  43: _PyEval_EvalFrameDefault
        at /usr/local/src/conda/python-3.10.18/Python/ceval.c:4213
  44: _PyEval_EvalFrame
        at /usr/local/src/conda/python-3.10.18/Include/internal/pycore_ceval.h:46
  45: _PyEval_Vector
        at /usr/local/src/conda/python-3.10.18/Python/ceval.c:5067
  46: _PyFunction_Vectorcall
        at /usr/local/src/conda/python-3.10.18/Objects/call.c:342
  47: _PyObject_VectorcallTstate
        at /usr/local/src/conda/python-3.10.18/Include/cpython/abstract.h:114
  48: PyObject_Vectorcall
        at /usr/local/src/conda/python-3.10.18/Include/cpython/abstract.h:123
  49: call_function
        at /usr/local/src/conda/python-3.10.18/Python/ceval.c:5893
  50: _PyEval_EvalFrameDefault
        at /usr/local/src/conda/python-3.10.18/Python/ceval.c:4213
  51: _PyEval_EvalFrame
        at /usr/local/src/conda/python-3.10.18/Include/internal/pycore_ceval.h:46
  52: _PyEval_Vector
        at /usr/local/src/conda/python-3.10.18/Python/ceval.c:5067
  53: _PyFunction_Vectorcall
        at /usr/local/src/conda/python-3.10.18/Objects/call.c:342
  54: pymain_run_module
        at /usr/local/src/conda/python-3.10.18/Modules/main.c:297
  55: pymain_run_python
        at /usr/local/src/conda/python-3.10.18/Modules/main.c:589
  56: Py_RunMain
        at /usr/local/src/conda/python-3.10.18/Modules/main.c:674
  57: Py_BytesMain
        at /usr/local/src/conda/python-3.10.18/Modules/main.c:1094
  58: __libc_start_main
        at ../csu/libc-start.c:308
  59: 0x000000000058728d
  60: 0xffffffffffffffff


*E*****
Time elapsed for measurement: 56.64 s
----------------------------------------------------------------------
------------------------------  [ Train cost model ]
----------------------------------------------------------------------
Time elapsed for training: 0.00 s
----------------------------------------------------------------------
------------------------------  [ Task Scheduler ]
----------------------------------------------------------------------
----------------------------------------------------------------------
------------------------------  [ Search ]
----------------------------------------------------------------------
Generate Sketches		#s: 1
Sample Initial Population	#s: 73	fail_ct: 4023	Time elapsed: 34.37
GA Iter: 0	Max score: 0.9868	Min score: 0.0043	#Pop: 73	#M+: 0	#M-: 0
GA Iter: 4	Max score: 0.9997	Min score: 0.9811	#Pop: 128	#M+: 1398	#M-: 0
EvolutionarySearch		#s: 128	Time elapsed: 231.13
----------------------------------------------------------------------
------------------------------  [ Measure ]
----------------------------------------------------------------------
Get 64 programs to measure:
...........................................................|  ID  |                       Task Description                        | Latency (ms) | Speed (GFLOPS) | Trials |
-----------------------------------------------------------------------------------------------------------------
|    0 |                                    vm_mod_fused_nn_conv2d_add |        0.015 |        6906.27 |     64 |
|    1 |                          vm_mod_fused_nn_conv2d_add_nn_relu_5 |        0.034 |        6090.24 |     64 |
|    2 |                                    vm_mod_fused_nn_max_pool2d |        0.004 |         505.25 |     64 |
|    3 |                          vm_mod_fused_nn_conv2d_add_nn_relu_1 |        0.007 |        7357.22 |     64 |
|    4 |                                     vm_mod_fused_nn_dense_add |        0.017 |         245.70 |     64 |
|    5 |                          vm_mod_fused_nn_conv2d_add_nn_relu_8 |        0.058 |        3529.12 |     64 |
|    6 |                                  vm_mod_fused_nn_conv2d_add_3 |        0.037 |        5497.74 |     64 |
|    7 |                      vm_mod_fused_nn_conv2d_add_add_nn_relu_3 |        0.049 |        4217.22 |     64 |
|    8 |                          vm_mod_fused_nn_conv2d_add_nn_relu_4 |        0.123 |        7542.53 |     64 |
|    9 |                        vm_mod_fused_nn_conv2d_add_add_nn_relu |        0.038 |        5463.84 |     64 |
|   10 |                      vm_mod_fused_nn_conv2d_add_add_nn_relu_1 |        0.030 |        6910.48 |     64 |
|   11 | vm_mod_fused_nn_contrib_conv2d_winograd_without_weight_transform_add_nn_relu_3 |        0.113 |        4912.24 |     64 |
|   12 |                                  vm_mod_fused_nn_conv2d_add_2 |        0.045 |        4554.29 |     64 |
|   13 |                            vm_mod_fused_nn_conv2d_add_nn_relu |        0.017 |       13986.58 |     64 |
|   14 |                          vm_mod_fused_nn_conv2d_add_nn_relu_7 |        0.323 |        2864.55 |     64 |
|   15 |                         vm_mod_fused_nn_conv2d_add_nn_relu_10 |        0.376 |        2459.61 |     64 |
|   16 | vm_mod_fused_nn_contrib_conv2d_winograd_without_weight_transform_add_nn_relu_1 |            - |              - |      0 |
|   17 |                          vm_mod_fused_nn_conv2d_add_nn_relu_3 |            - |              - |      0 |
|   18 |                           vm_mod_fused_nn_adaptive_avg_pool2d |            - |              - |      0 |
|   19 |                         vm_mod_fused_nn_conv2d_add_nn_relu_11 |            - |              - |      0 |
|   20 |                                  vm_mod_fused_nn_conv2d_add_1 |            - |              - |      0 |
|   21 |                          vm_mod_fused_nn_conv2d_add_nn_relu_6 |            - |              - |      0 |
|   22 |                          vm_mod_fused_nn_conv2d_add_nn_relu_2 |            - |              - |      0 |
|   23 | vm_mod_fused_nn_contrib_conv2d_winograd_without_weight_transform_add_nn_relu |            - |              - |      0 |
|   24 |                      vm_mod_fused_nn_conv2d_add_add_nn_relu_2 |            - |              - |      0 |
|   25 |                          vm_mod_fused_nn_conv2d_add_nn_relu_9 |            - |              - |      0 |
|   26 | vm_mod_fused_nn_contrib_conv2d_winograd_without_weight_transform_add_nn_relu_2 |            - |              - |      0 |
-----------------------------------------------------------------------------------------------------------------
Estimated total latency: - ms	Trials: 1020	Used time : 2147 s	Next ID: 16	
.T.T.T.T.T***********************************************************
Time elapsed for measurement: 35.35 s
----------------------------------------------------------------------
------------------------------  [ Train cost model ]
----------------------------------------------------------------------
Time elapsed for training: 0.00 s
----------------------------------------------------------------------
------------------------------  [ Task Scheduler ]
----------------------------------------------------------------------
----------------------------------------------------------------------
------------------------------  [ Search ]
----------------------------------------------------------------------
Generate Sketches		#s: 1
Sample Initial Population	#s: 105	fail_ct: 3991	Time elapsed: 14.49
GA Iter: 0	Max score: 0.9847	Min score: 0.0273	#Pop: 105	#M+: 0	#M-: 0
GA Iter: 4	Max score: 1.0000	Min score: 0.9805	#Pop: 128	#M+: 1379	#M-: 0
EvolutionarySearch		#s: 128	Time elapsed: 80.75
----------------------------------------------------------------------
------------------------------  [ Measure ]
----------------------------------------------------------------------
Get 64 programs to measure:
................................................................****************************************************************|  ID  |                       Task Description                        | Latency (ms) | Speed (GFLOPS) | Trials |
-----------------------------------------------------------------------------------------------------------------
|    0 |                                    vm_mod_fused_nn_conv2d_add |        0.015 |        6906.27 |     64 |
|    1 |                          vm_mod_fused_nn_conv2d_add_nn_relu_5 |        0.034 |        6090.24 |     64 |
|    2 |                                    vm_mod_fused_nn_max_pool2d |        0.004 |         505.25 |     64 |
|    3 |                          vm_mod_fused_nn_conv2d_add_nn_relu_1 |        0.007 |        7357.22 |     64 |
|    4 |                                     vm_mod_fused_nn_dense_add |        0.017 |         245.70 |     64 |
|    5 |                          vm_mod_fused_nn_conv2d_add_nn_relu_8 |        0.058 |        3529.12 |     64 |
|    6 |                                  vm_mod_fused_nn_conv2d_add_3 |        0.037 |        5497.74 |     64 |
|    7 |                      vm_mod_fused_nn_conv2d_add_add_nn_relu_3 |        0.049 |        4217.22 |     64 |
|    8 |                          vm_mod_fused_nn_conv2d_add_nn_relu_4 |        0.123 |        7542.53 |     64 |
|    9 |                        vm_mod_fused_nn_conv2d_add_add_nn_relu |        0.038 |        5463.84 |     64 |
|   10 |                      vm_mod_fused_nn_conv2d_add_add_nn_relu_1 |        0.030 |        6910.48 |     64 |
|   11 | vm_mod_fused_nn_contrib_conv2d_winograd_without_weight_transform_add_nn_relu_3 |        0.113 |        4912.24 |     64 |
|   12 |                                  vm_mod_fused_nn_conv2d_add_2 |        0.045 |        4554.29 |     64 |
|   13 |                            vm_mod_fused_nn_conv2d_add_nn_relu |        0.017 |       13986.58 |     64 |
|   14 |                          vm_mod_fused_nn_conv2d_add_nn_relu_7 |        0.323 |        2864.55 |     64 |
|   15 |                         vm_mod_fused_nn_conv2d_add_nn_relu_10 |        0.376 |        2459.61 |     64 |
|   16 | vm_mod_fused_nn_contrib_conv2d_winograd_without_weight_transform_add_nn_relu_1 |        0.085 |        5398.97 |     64 |
|   17 |                          vm_mod_fused_nn_conv2d_add_nn_relu_3 |            - |              - |      0 |
|   18 |                           vm_mod_fused_nn_adaptive_avg_pool2d |            - |              - |      0 |
|   19 |                         vm_mod_fused_nn_conv2d_add_nn_relu_11 |            - |              - |      0 |
|   20 |                                  vm_mod_fused_nn_conv2d_add_1 |            - |              - |      0 |
|   21 |                          vm_mod_fused_nn_conv2d_add_nn_relu_6 |            - |              - |      0 |
|   22 |                          vm_mod_fused_nn_conv2d_add_nn_relu_2 |            - |              - |      0 |
|   23 | vm_mod_fused_nn_contrib_conv2d_winograd_without_weight_transform_add_nn_relu |            - |              - |      0 |
|   24 |                      vm_mod_fused_nn_conv2d_add_add_nn_relu_2 |            - |              - |      0 |
|   25 |                          vm_mod_fused_nn_conv2d_add_nn_relu_9 |            - |              - |      0 |
|   26 | vm_mod_fused_nn_contrib_conv2d_winograd_without_weight_transform_add_nn_relu_2 |            - |              - |      0 |
-----------------------------------------------------------------------------------------------------------------
Estimated total latency: - ms	Trials: 1084	Used time : 2449 s	Next ID: 17	

Time elapsed for measurement: 37.49 s
----------------------------------------------------------------------
------------------------------  [ Train cost model ]
----------------------------------------------------------------------
Time elapsed for training: 3.03 s
----------------------------------------------------------------------
------------------------------  [ Task Scheduler ]
----------------------------------------------------------------------
----------------------------------------------------------------------
------------------------------  [ Search ]
----------------------------------------------------------------------
Generate Sketches		#s: 1
Sample Initial Population	#s: 243	fail_ct: 1805	Time elapsed: 3.13
GA Iter: 0	Max score: 0.9980	Min score: 0.5169	#Pop: 128	#M+: 0	#M-: 0
GA Iter: 4	Max score: 1.0000	Min score: 0.9717	#Pop: 128	#M+: 1392	#M-: 0
EvolutionarySearch		#s: 128	Time elapsed: 11.46
----------------------------------------------------------------------
------------------------------  [ Measure ]
----------------------------------------------------------------------
Get 64 programs to measure:
................................................................****************************************************************|  ID  |                       Task Description                        | Latency (ms) | Speed (GFLOPS) | Trials |
-----------------------------------------------------------------------------------------------------------------
|    0 |                                    vm_mod_fused_nn_conv2d_add |        0.015 |        6906.27 |     64 |
|    1 |                          vm_mod_fused_nn_conv2d_add_nn_relu_5 |        0.034 |        6090.24 |     64 |
|    2 |                                    vm_mod_fused_nn_max_pool2d |        0.004 |         505.25 |     64 |
|    3 |                          vm_mod_fused_nn_conv2d_add_nn_relu_1 |        0.007 |        7357.22 |     64 |
|    4 |                                     vm_mod_fused_nn_dense_add |        0.017 |         245.70 |     64 |
|    5 |                          vm_mod_fused_nn_conv2d_add_nn_relu_8 |        0.058 |        3529.12 |     64 |
|    6 |                                  vm_mod_fused_nn_conv2d_add_3 |        0.037 |        5497.74 |     64 |
|    7 |                      vm_mod_fused_nn_conv2d_add_add_nn_relu_3 |        0.049 |        4217.22 |     64 |
|    8 |                          vm_mod_fused_nn_conv2d_add_nn_relu_4 |        0.123 |        7542.53 |     64 |
|    9 |                        vm_mod_fused_nn_conv2d_add_add_nn_relu |        0.038 |        5463.84 |     64 |
|   10 |                      vm_mod_fused_nn_conv2d_add_add_nn_relu_1 |        0.030 |        6910.48 |     64 |
|   11 | vm_mod_fused_nn_contrib_conv2d_winograd_without_weight_transform_add_nn_relu_3 |        0.113 |        4912.24 |     64 |
|   12 |                                  vm_mod_fused_nn_conv2d_add_2 |        0.045 |        4554.29 |     64 |
|   13 |                            vm_mod_fused_nn_conv2d_add_nn_relu |        0.017 |       13986.58 |     64 |
|   14 |                          vm_mod_fused_nn_conv2d_add_nn_relu_7 |        0.323 |        2864.55 |     64 |
|   15 |                         vm_mod_fused_nn_conv2d_add_nn_relu_10 |        0.376 |        2459.61 |     64 |
|   16 | vm_mod_fused_nn_contrib_conv2d_winograd_without_weight_transform_add_nn_relu_1 |        0.085 |        5398.97 |     64 |
|   17 |                          vm_mod_fused_nn_conv2d_add_nn_relu_3 |        0.032 |       12819.96 |     64 |
|   18 |                           vm_mod_fused_nn_adaptive_avg_pool2d |            - |              - |      0 |
|   19 |                         vm_mod_fused_nn_conv2d_add_nn_relu_11 |            - |              - |      0 |
|   20 |                                  vm_mod_fused_nn_conv2d_add_1 |            - |              - |      0 |
|   21 |                          vm_mod_fused_nn_conv2d_add_nn_relu_6 |            - |              - |      0 |
|   22 |                          vm_mod_fused_nn_conv2d_add_nn_relu_2 |            - |              - |      0 |
|   23 | vm_mod_fused_nn_contrib_conv2d_winograd_without_weight_transform_add_nn_relu |            - |              - |      0 |
|   24 |                      vm_mod_fused_nn_conv2d_add_add_nn_relu_2 |            - |              - |      0 |
|   25 |                          vm_mod_fused_nn_conv2d_add_nn_relu_9 |            - |              - |      0 |
|   26 | vm_mod_fused_nn_contrib_conv2d_winograd_without_weight_transform_add_nn_relu_2 |            - |              - |      0 |
-----------------------------------------------------------------------------------------------------------------
Estimated total latency: - ms	Trials: 1148	Used time : 2585 s	Next ID: 18	

Time elapsed for measurement: 20.16 s
----------------------------------------------------------------------
------------------------------  [ Train cost model ]
----------------------------------------------------------------------
Time elapsed for training: 0.00 s
----------------------------------------------------------------------
------------------------------  [ Task Scheduler ]
----------------------------------------------------------------------
----------------------------------------------------------------------
------------------------------  [ Search ]
----------------------------------------------------------------------
Generate Sketches		#s: 1
Sample Initial Population	#s: 58	fail_ct: 1990	Time elapsed: 5.92
GA Iter: 0	Max score: 0.9643	Min score: 0.0071	#Pop: 58	#M+: 0	#M-: 0
GA Iter: 4	Max score: 0.9999	Min score: 0.9812	#Pop: 128	#M+: 1395	#M-: 0
EvolutionarySearch		#s: 128	Time elapsed: 69.65
----------------------------------------------------------------------
------------------------------  [ Measure ]
----------------------------------------------------------------------
Get 64 programs to measure:
................................................................***********Eterminate called after throwing an instance of 'tvm::runtime::InternalError'
  what():  [18:34:49] /data3/qsy/complier/tlm/src/runtime/cuda/cuda_module.cc:61: CUDAError: cuModuleUnload(module_[i]) failed with error: CUDA_ERROR_MISALIGNED_ADDRESS
Stack trace:
  0: tvm::runtime::SimpleObjAllocator::Handler<tvm::runtime::CUDAModuleNode>::Deleter_(tvm::runtime::Object*)
  1: tvm::runtime::SimpleObjAllocator::Handler<tvm::runtime::LibraryModuleNode>::Deleter_(tvm::runtime::Object*)
  2: _ZN3tvm7runtime18SimpleObjAllocator7HandlerINS0_16PackedFuncS
  3: _ZN3tvm7runtime18SimpleObjAllocator7HandlerINS0_16PackedFuncSubObjIZNS0_9profiling17WrapTimeE
  4: TVMObjectFree
  5: __pyx_tp_dealloc_3tvm_4_ffi_4_cy3_4core_PackedFuncBase(_object*)
  6: subtype_dealloc
        at /usr/local/src/conda/python-3.10.18/Objects/typeobject.c:1460
  7: _Py_DECREF
        at /usr/local/src/conda/python-3.10.18/Include/object.h:500
  8: _Py_XDECREF
        at /usr/local/src/conda/python-3.10.18/Include/object.h:567
  9: cell_dealloc
        at /usr/local/src/conda/python-3.10.18/Objects/cellobject.c:82
  10: _Py_Dealloc
        at /usr/local/src/conda/python-3.10.18/Objects/object.c:2301
  11: _Py_DECREF
        at /usr/local/src/conda/python-3.10.18/Include/object.h:500
  12: _Py_XDECREF
        at /usr/local/src/conda/python-3.10.18/Include/object.h:567
  13: tupledealloc
        at /usr/local/src/conda/python-3.10.18/Objects/tupleobject.c:276
  14: _Py_Dealloc
        at /usr/local/src/conda/python-3.10.18/Objects/object.c:2301
  15: _Py_DECREF
        at /usr/local/src/conda/python-3.10.18/Include/object.h:500
  16: func_clear
        at /usr/local/src/conda/python-3.10.18/Objects/funcobject.c:636
  17: func_dealloc
        at /usr/local/src/conda/python-3.10.18/Objects/funcobject.c:648
  18: _Py_Dealloc
        at /usr/local/src/conda/python-3.10.18/Objects/object.c:2301
  19: _Py_DECREF
        at /usr/local/src/conda/python-3.10.18/Include/object.h:500
  20: frame_dealloc
        at /usr/local/src/conda/python-3.10.18/Objects/frameobject.c:591
  21: _Py_Dealloc
        at /usr/local/src/conda/python-3.10.18/Objects/object.c:2301
  22: _Py_DECREF
        at /usr/local/src/conda/python-3.10.18/Include/object.h:500
  23: _PyEval_Vector
        at /usr/local/src/conda/python-3.10.18/Python/ceval.c:5080
  24: _PyFunction_Vectorcall
        at /usr/local/src/conda/python-3.10.18/Objects/call.c:342
  25: do_call_core
        at /usr/local/src/conda/python-3.10.18/Python/ceval.c:5945
  26: _PyEval_EvalFrameDefault
        at /usr/local/src/conda/python-3.10.18/Python/ceval.c:4277
  27: _PyEval_EvalFrame
        at /usr/local/src/conda/python-3.10.18/Include/internal/pycore_ceval.h:46
  28: _PyEval_Vector
        at /usr/local/src/conda/python-3.10.18/Python/ceval.c:5067
  29: _PyFunction_Vectorcall
        at /usr/local/src/conda/python-3.10.18/Objects/call.c:342
  30: _PyObject_VectorcallTstate
        at /usr/local/src/conda/python-3.10.18/Include/cpython/abstract.h:114
  31: PyObject_Vectorcall
        at /usr/local/src/conda/python-3.10.18/Include/cpython/abstract.h:123
  32: call_function
        at /usr/local/src/conda/python-3.10.18/Python/ceval.c:5893
  33: _PyEval_EvalFrameDefault
        at /usr/local/src/conda/python-3.10.18/Python/ceval.c:4213
  34: _PyEval_EvalFrame
        at /usr/local/src/conda/python-3.10.18/Include/internal/pycore_ceval.h:46
  35: _PyEval_Vector
        at /usr/local/src/conda/python-3.10.18/Python/ceval.c:5067
  36: PyEval_EvalCode
        at /usr/local/src/conda/python-3.10.18/Python/ceval.c:1134
  37: builtin_exec_impl
        at /usr/local/src/conda/python-3.10.18/Python/bltinmodule.c:1058
  38: builtin_exec
        at /usr/local/src/conda/python-3.10.18/Python/clinic/bltinmodule.c.h:371
  39: cfunction_vectorcall_FASTCALL
        at /usr/local/src/conda/python-3.10.18/Objects/methodobject.c:430
  40: _PyObject_VectorcallTstate
        at /usr/local/src/conda/python-3.10.18/Include/cpython/abstract.h:114
  41: PyObject_Vectorcall
        at /usr/local/src/conda/python-3.10.18/Include/cpython/abstract.h:123
  42: call_function
        at /usr/local/src/conda/python-3.10.18/Python/ceval.c:5893
  43: _PyEval_EvalFrameDefault
        at /usr/local/src/conda/python-3.10.18/Python/ceval.c:4213
  44: _PyEval_EvalFrame
        at /usr/local/src/conda/python-3.10.18/Include/internal/pycore_ceval.h:46
  45: _PyEval_Vector
        at /usr/local/src/conda/python-3.10.18/Python/ceval.c:5067
  46: _PyFunction_Vectorcall
        at /usr/local/src/conda/python-3.10.18/Objects/call.c:342
  47: _PyObject_VectorcallTstate
        at /usr/local/src/conda/python-3.10.18/Include/cpython/abstract.h:114
  48: PyObject_Vectorcall
        at /usr/local/src/conda/python-3.10.18/Include/cpython/abstract.h:123
  49: call_function
        at /usr/local/src/conda/python-3.10.18/Python/ceval.c:5893
  50: _PyEval_EvalFrameDefault
        at /usr/local/src/conda/python-3.10.18/Python/ceval.c:4213
  51: _PyEval_EvalFrame
        at /usr/local/src/conda/python-3.10.18/Include/internal/pycore_ceval.h:46
  52: _PyEval_Vector
        at /usr/local/src/conda/python-3.10.18/Python/ceval.c:5067
  53: _PyFunction_Vectorcall
        at /usr/local/src/conda/python-3.10.18/Objects/call.c:342
  54: pymain_run_module
        at /usr/local/src/conda/python-3.10.18/Modules/main.c:297
  55: pymain_run_python
        at /usr/local/src/conda/python-3.10.18/Modules/main.c:589
  56: Py_RunMain
        at /usr/local/src/conda/python-3.10.18/Modules/main.c:674
  57: Py_BytesMain
        at /usr/local/src/conda/python-3.10.18/Modules/main.c:1094
  58: __libc_start_main
        at ../csu/libc-start.c:308
  59: 0x000000000058728d
  60: 0xffffffffffffffff


|  ID  |                       Task Description                        | Latency (ms) | Speed (GFLOPS) | Trials |
-----------------------------------------------------------------------------------------------------------------
|    0 |                                    vm_mod_fused_nn_conv2d_add |        0.015 |        6906.27 |     64 |
|    1 |                          vm_mod_fused_nn_conv2d_add_nn_relu_5 |        0.034 |        6090.24 |     64 |
|    2 |                                    vm_mod_fused_nn_max_pool2d |        0.004 |         505.25 |     64 |
|    3 |                          vm_mod_fused_nn_conv2d_add_nn_relu_1 |        0.007 |        7357.22 |     64 |
|    4 |                                     vm_mod_fused_nn_dense_add |        0.017 |         245.70 |     64 |
|    5 |                          vm_mod_fused_nn_conv2d_add_nn_relu_8 |        0.058 |        3529.12 |     64 |
|    6 |                                  vm_mod_fused_nn_conv2d_add_3 |        0.037 |        5497.74 |     64 |
|    7 |                      vm_mod_fused_nn_conv2d_add_add_nn_relu_3 |        0.049 |        4217.22 |     64 |
|    8 |                          vm_mod_fused_nn_conv2d_add_nn_relu_4 |        0.123 |        7542.53 |     64 |
|    9 |                        vm_mod_fused_nn_conv2d_add_add_nn_relu |        0.038 |        5463.84 |     64 |
|   10 |                      vm_mod_fused_nn_conv2d_add_add_nn_relu_1 |        0.030 |        6910.48 |     64 |
|   11 | vm_mod_fused_nn_contrib_conv2d_winograd_without_weight_transform_add_nn_relu_3 |        0.113 |        4912.24 |     64 |
|   12 |                                  vm_mod_fused_nn_conv2d_add_2 |        0.045 |        4554.29 |     64 |
|   13 |                            vm_mod_fused_nn_conv2d_add_nn_relu |        0.017 |       13986.58 |     64 |
|   14 |                          vm_mod_fused_nn_conv2d_add_nn_relu_7 |        0.323 |        2864.55 |     64 |
|   15 |                         vm_mod_fused_nn_conv2d_add_nn_relu_10 |        0.376 |        2459.61 |     64 |
|   16 | vm_mod_fused_nn_contrib_conv2d_winograd_without_weight_transform_add_nn_relu_1 |        0.085 |        5398.97 |     64 |
|   17 |                          vm_mod_fused_nn_conv2d_add_nn_relu_3 |        0.032 |       12819.96 |     64 |
|   18 |                           vm_mod_fused_nn_adaptive_avg_pool2d |        0.005 |          -0.00 |     64 |
|   19 |                         vm_mod_fused_nn_conv2d_add_nn_relu_11 |            - |              - |      0 |
|   20 |                                  vm_mod_fused_nn_conv2d_add_1 |            - |              - |      0 |
|   21 |                          vm_mod_fused_nn_conv2d_add_nn_relu_6 |            - |              - |      0 |
|   22 |                          vm_mod_fused_nn_conv2d_add_nn_relu_2 |            - |              - |      0 |
|   23 | vm_mod_fused_nn_contrib_conv2d_winograd_without_weight_transform_add_nn_relu |            - |              - |      0 |
|   24 |                      vm_mod_fused_nn_conv2d_add_add_nn_relu_2 |            - |              - |      0 |
|   25 |                          vm_mod_fused_nn_conv2d_add_nn_relu_9 |            - |              - |      0 |
|   26 | vm_mod_fused_nn_contrib_conv2d_winograd_without_weight_transform_add_nn_relu_2 |            - |              - |      0 |
-----------------------------------------------------------------------------------------------------------------
Estimated total latency: - ms	Trials: 1212	Used time : 2620 s	Next ID: 19	
*E*************Eterminate called after throwing an instance of 'tvm::runtime::InternalError'
  what():  [18:34:54] /data3/qsy/complier/tlm/src/runtime/cuda/cuda_module.cc:61: CUDAError: cuModuleUnload(module_[i]) failed with error: CUDA_ERROR_MISALIGNED_ADDRESS
Stack trace:
  0: tvm::runtime::SimpleObjAllocator::Handler<tvm::runtime::CUDAModuleNode>::Deleter_(tvm::runtime::Object*)
  1: tvm::runtime::SimpleObjAllocator::Handler<tvm::runtime::LibraryModuleNode>::Deleter_(tvm::runtime::Object*)
  2: _ZN3tvm7runtime18SimpleObjAllocator7HandlerINS0_16PackedFuncS
  3: _ZN3tvm7runtime18SimpleObjAllocator7HandlerINS0_16PackedFuncSubObjIZNS0_9profiling17WrapTimeE
  4: TVMObjectFree
  5: __pyx_tp_dealloc_3tvm_4_ffi_4_cy3_4core_PackedFuncBase(_object*)
  6: subtype_dealloc
        at /usr/local/src/conda/python-3.10.18/Objects/typeobject.c:1460
  7: _Py_DECREF
        at /usr/local/src/conda/python-3.10.18/Include/object.h:500
  8: _Py_XDECREF
        at /usr/local/src/conda/python-3.10.18/Include/object.h:567
  9: cell_dealloc
        at /usr/local/src/conda/python-3.10.18/Objects/cellobject.c:82
  10: _Py_Dealloc
        at /usr/local/src/conda/python-3.10.18/Objects/object.c:2301
  11: _Py_DECREF
        at /usr/local/src/conda/python-3.10.18/Include/object.h:500
  12: _Py_XDECREF
        at /usr/local/src/conda/python-3.10.18/Include/object.h:567
  13: tupledealloc
        at /usr/local/src/conda/python-3.10.18/Objects/tupleobject.c:276
  14: _Py_Dealloc
        at /usr/local/src/conda/python-3.10.18/Objects/object.c:2301
  15: _Py_DECREF
        at /usr/local/src/conda/python-3.10.18/Include/object.h:500
  16: func_clear
        at /usr/local/src/conda/python-3.10.18/Objects/funcobject.c:636
  17: func_dealloc
        at /usr/local/src/conda/python-3.10.18/Objects/funcobject.c:648
  18: _Py_Dealloc
        at /usr/local/src/conda/python-3.10.18/Objects/object.c:2301
  19: _Py_DECREF
        at /usr/local/src/conda/python-3.10.18/Include/object.h:500
  20: frame_dealloc
        at /usr/local/src/conda/python-3.10.18/Objects/frameobject.c:591
  21: _Py_Dealloc
        at /usr/local/src/conda/python-3.10.18/Objects/object.c:2301
  22: _Py_DECREF
        at /usr/local/src/conda/python-3.10.18/Include/object.h:500
  23: _PyEval_Vector
        at /usr/local/src/conda/python-3.10.18/Python/ceval.c:5080
  24: _PyFunction_Vectorcall
        at /usr/local/src/conda/python-3.10.18/Objects/call.c:342
  25: do_call_core
        at /usr/local/src/conda/python-3.10.18/Python/ceval.c:5945
  26: _PyEval_EvalFrameDefault
        at /usr/local/src/conda/python-3.10.18/Python/ceval.c:4277
  27: _PyEval_EvalFrame
        at /usr/local/src/conda/python-3.10.18/Include/internal/pycore_ceval.h:46
  28: _PyEval_Vector
        at /usr/local/src/conda/python-3.10.18/Python/ceval.c:5067
  29: _PyFunction_Vectorcall
        at /usr/local/src/conda/python-3.10.18/Objects/call.c:342
  30: _PyObject_VectorcallTstate
        at /usr/local/src/conda/python-3.10.18/Include/cpython/abstract.h:114
  31: PyObject_Vectorcall
        at /usr/local/src/conda/python-3.10.18/Include/cpython/abstract.h:123
  32: call_function
        at /usr/local/src/conda/python-3.10.18/Python/ceval.c:5893
  33: _PyEval_EvalFrameDefault
        at /usr/local/src/conda/python-3.10.18/Python/ceval.c:4213
  34: _PyEval_EvalFrame
        at /usr/local/src/conda/python-3.10.18/Include/internal/pycore_ceval.h:46
  35: _PyEval_Vector
        at /usr/local/src/conda/python-3.10.18/Python/ceval.c:5067
  36: PyEval_EvalCode
        at /usr/local/src/conda/python-3.10.18/Python/ceval.c:1134
  37: builtin_exec_impl
        at /usr/local/src/conda/python-3.10.18/Python/bltinmodule.c:1058
  38: builtin_exec
        at /usr/local/src/conda/python-3.10.18/Python/clinic/bltinmodule.c.h:371
  39: cfunction_vectorcall_FASTCALL
        at /usr/local/src/conda/python-3.10.18/Objects/methodobject.c:430
  40: _PyObject_VectorcallTstate
        at /usr/local/src/conda/python-3.10.18/Include/cpython/abstract.h:114
  41: PyObject_Vectorcall
        at /usr/local/src/conda/python-3.10.18/Include/cpython/abstract.h:123
  42: call_function
        at /usr/local/src/conda/python-3.10.18/Python/ceval.c:5893
  43: _PyEval_EvalFrameDefault
        at /usr/local/src/conda/python-3.10.18/Python/ceval.c:4213
  44: _PyEval_EvalFrame
        at /usr/local/src/conda/python-3.10.18/Include/internal/pycore_ceval.h:46
  45: _PyEval_Vector
        at /usr/local/src/conda/python-3.10.18/Python/ceval.c:5067
  46: _PyFunction_Vectorcall
        at /usr/local/src/conda/python-3.10.18/Objects/call.c:342
  47: _PyObject_VectorcallTstate
        at /usr/local/src/conda/python-3.10.18/Include/cpython/abstract.h:114
  48: PyObject_Vectorcall
        at /usr/local/src/conda/python-3.10.18/Include/cpython/abstract.h:123
  49: call_function
        at /usr/local/src/conda/python-3.10.18/Python/ceval.c:5893
  50: _PyEval_EvalFrameDefault
        at /usr/local/src/conda/python-3.10.18/Python/ceval.c:4213
  51: _PyEval_EvalFrame
        at /usr/local/src/conda/python-3.10.18/Include/internal/pycore_ceval.h:46
  52: _PyEval_Vector
        at /usr/local/src/conda/python-3.10.18/Python/ceval.c:5067
  53: _PyFunction_Vectorcall
        at /usr/local/src/conda/python-3.10.18/Objects/call.c:342
  54: pymain_run_module
        at /usr/local/src/conda/python-3.10.18/Modules/main.c:297
  55: pymain_run_python
        at /usr/local/src/conda/python-3.10.18/Modules/main.c:589
  56: Py_RunMain
        at /usr/local/src/conda/python-3.10.18/Modules/main.c:674
  57: Py_BytesMain
        at /usr/local/src/conda/python-3.10.18/Modules/main.c:1094
  58: __libc_start_main
        at ../csu/libc-start.c:308
  59: 0x000000000058728d
  60: 0xffffffffffffffff


*E***********************Eterminate called after throwing an instance of 'tvm::runtime::InternalError'
  what():  [18:35:01] /data3/qsy/complier/tlm/src/runtime/cuda/cuda_module.cc:61: CUDAError: cuModuleUnload(module_[i]) failed with error: CUDA_ERROR_MISALIGNED_ADDRESS
Stack trace:
  0: tvm::runtime::SimpleObjAllocator::Handler<tvm::runtime::CUDAModuleNode>::Deleter_(tvm::runtime::Object*)
  1: tvm::runtime::SimpleObjAllocator::Handler<tvm::runtime::LibraryModuleNode>::Deleter_(tvm::runtime::Object*)
  2: _ZN3tvm7runtime18SimpleObjAllocator7HandlerINS0_16PackedFuncS
  3: _ZN3tvm7runtime18SimpleObjAllocator7HandlerINS0_16PackedFuncSubObjIZNS0_9profiling17WrapTimeE
  4: TVMObjectFree
  5: __pyx_tp_dealloc_3tvm_4_ffi_4_cy3_4core_PackedFuncBase(_object*)
  6: subtype_dealloc
        at /usr/local/src/conda/python-3.10.18/Objects/typeobject.c:1460
  7: _Py_DECREF
        at /usr/local/src/conda/python-3.10.18/Include/object.h:500
  8: _Py_XDECREF
        at /usr/local/src/conda/python-3.10.18/Include/object.h:567
  9: cell_dealloc
        at /usr/local/src/conda/python-3.10.18/Objects/cellobject.c:82
  10: _Py_Dealloc
        at /usr/local/src/conda/python-3.10.18/Objects/object.c:2301
  11: _Py_DECREF
        at /usr/local/src/conda/python-3.10.18/Include/object.h:500
  12: _Py_XDECREF
        at /usr/local/src/conda/python-3.10.18/Include/object.h:567
  13: tupledealloc
        at /usr/local/src/conda/python-3.10.18/Objects/tupleobject.c:276
  14: _Py_Dealloc
        at /usr/local/src/conda/python-3.10.18/Objects/object.c:2301
  15: _Py_DECREF
        at /usr/local/src/conda/python-3.10.18/Include/object.h:500
  16: func_clear
        at /usr/local/src/conda/python-3.10.18/Objects/funcobject.c:636
  17: func_dealloc
        at /usr/local/src/conda/python-3.10.18/Objects/funcobject.c:648
  18: _Py_Dealloc
        at /usr/local/src/conda/python-3.10.18/Objects/object.c:2301
  19: _Py_DECREF
        at /usr/local/src/conda/python-3.10.18/Include/object.h:500
  20: frame_dealloc
        at /usr/local/src/conda/python-3.10.18/Objects/frameobject.c:591
  21: _Py_Dealloc
        at /usr/local/src/conda/python-3.10.18/Objects/object.c:2301
  22: _Py_DECREF
        at /usr/local/src/conda/python-3.10.18/Include/object.h:500
  23: _PyEval_Vector
        at /usr/local/src/conda/python-3.10.18/Python/ceval.c:5080
  24: _PyFunction_Vectorcall
        at /usr/local/src/conda/python-3.10.18/Objects/call.c:342
  25: do_call_core
        at /usr/local/src/conda/python-3.10.18/Python/ceval.c:5945
  26: _PyEval_EvalFrameDefault
        at /usr/local/src/conda/python-3.10.18/Python/ceval.c:4277
  27: _PyEval_EvalFrame
        at /usr/local/src/conda/python-3.10.18/Include/internal/pycore_ceval.h:46
  28: _PyEval_Vector
        at /usr/local/src/conda/python-3.10.18/Python/ceval.c:5067
  29: _PyFunction_Vectorcall
        at /usr/local/src/conda/python-3.10.18/Objects/call.c:342
  30: _PyObject_VectorcallTstate
        at /usr/local/src/conda/python-3.10.18/Include/cpython/abstract.h:114
  31: PyObject_Vectorcall
        at /usr/local/src/conda/python-3.10.18/Include/cpython/abstract.h:123
  32: call_function
        at /usr/local/src/conda/python-3.10.18/Python/ceval.c:5893
  33: _PyEval_EvalFrameDefault
        at /usr/local/src/conda/python-3.10.18/Python/ceval.c:4213
  34: _PyEval_EvalFrame
        at /usr/local/src/conda/python-3.10.18/Include/internal/pycore_ceval.h:46
  35: _PyEval_Vector
        at /usr/local/src/conda/python-3.10.18/Python/ceval.c:5067
  36: PyEval_EvalCode
        at /usr/local/src/conda/python-3.10.18/Python/ceval.c:1134
  37: builtin_exec_impl
        at /usr/local/src/conda/python-3.10.18/Python/bltinmodule.c:1058
  38: builtin_exec
        at /usr/local/src/conda/python-3.10.18/Python/clinic/bltinmodule.c.h:371
  39: cfunction_vectorcall_FASTCALL
        at /usr/local/src/conda/python-3.10.18/Objects/methodobject.c:430
  40: _PyObject_VectorcallTstate
        at /usr/local/src/conda/python-3.10.18/Include/cpython/abstract.h:114
  41: PyObject_Vectorcall
        at /usr/local/src/conda/python-3.10.18/Include/cpython/abstract.h:123
  42: call_function
        at /usr/local/src/conda/python-3.10.18/Python/ceval.c:5893
  43: _PyEval_EvalFrameDefault
        at /usr/local/src/conda/python-3.10.18/Python/ceval.c:4213
  44: _PyEval_EvalFrame
        at /usr/local/src/conda/python-3.10.18/Include/internal/pycore_ceval.h:46
  45: _PyEval_Vector
        at /usr/local/src/conda/python-3.10.18/Python/ceval.c:5067
  46: _PyFunction_Vectorcall
        at /usr/local/src/conda/python-3.10.18/Objects/call.c:342
  47: _PyObject_VectorcallTstate
        at /usr/local/src/conda/python-3.10.18/Include/cpython/abstract.h:114
  48: PyObject_Vectorcall
        at /usr/local/src/conda/python-3.10.18/Include/cpython/abstract.h:123
  49: call_function
        at /usr/local/src/conda/python-3.10.18/Python/ceval.c:5893
  50: _PyEval_EvalFrameDefault
        at /usr/local/src/conda/python-3.10.18/Python/ceval.c:4213
  51: _PyEval_EvalFrame
        at /usr/local/src/conda/python-3.10.18/Include/internal/pycore_ceval.h:46
  52: _PyEval_Vector
        at /usr/local/src/conda/python-3.10.18/Python/ceval.c:5067
  53: _PyFunction_Vectorcall
        at /usr/local/src/conda/python-3.10.18/Objects/call.c:342
  54: pymain_run_module
        at /usr/local/src/conda/python-3.10.18/Modules/main.c:297
  55: pymain_run_python
        at /usr/local/src/conda/python-3.10.18/Modules/main.c:589
  56: Py_RunMain
        at /usr/local/src/conda/python-3.10.18/Modules/main.c:674
  57: Py_BytesMain
        at /usr/local/src/conda/python-3.10.18/Modules/main.c:1094
  58: __libc_start_main
        at ../csu/libc-start.c:308
  59: 0x000000000058728d
  60: 0xffffffffffffffff


*E*****************
Time elapsed for measurement: 39.06 s
----------------------------------------------------------------------
------------------------------  [ Train cost model ]
----------------------------------------------------------------------
Time elapsed for training: 0.00 s
----------------------------------------------------------------------
------------------------------  [ Task Scheduler ]
----------------------------------------------------------------------
----------------------------------------------------------------------
------------------------------  [ Search ]
----------------------------------------------------------------------
Generate Sketches		#s: 1
Sample Initial Population	#s: 77	fail_ct: 1971	Time elapsed: 7.53
GA Iter: 0	Max score: 0.9936	Min score: 0.0028	#Pop: 77	#M+: 0	#M-: 0
GA Iter: 4	Max score: 1.0000	Min score: 0.9815	#Pop: 128	#M+: 1401	#M-: 0
EvolutionarySearch		#s: 128	Time elapsed: 83.56
----------------------------------------------------------------------
------------------------------  [ Measure ]
----------------------------------------------------------------------
Get 64 programs to measure:
................................................................********Eterminate called after throwing an instance of 'tvm::runtime::InternalError'
  what():  [18:37:00] /data3/qsy/complier/tlm/src/runtime/cuda/cuda_module.cc:61: CUDAError: cuModuleUnload(module_[i]) failed with error: CUDA_ERROR_MISALIGNED_ADDRESS
Stack trace:
  0: tvm::runtime::SimpleObjAllocator::Handler<tvm::runtime::CUDAModuleNode>::Deleter_(tvm::runtime::Object*)
  1: tvm::runtime::SimpleObjAllocator::Handler<tvm::runtime::LibraryModuleNode>::Deleter_(tvm::runtime::Object*)
  2: _ZN3tvm7runtime18SimpleObjAllocator7HandlerINS0_16PackedFuncS
  3: _ZN3tvm7runtime18SimpleObjAllocator7HandlerINS0_16PackedFuncSubObjIZNS0_9profiling17WrapTimeE
  4: TVMObjectFree
  5: __pyx_tp_dealloc_3tvm_4_ffi_4_cy3_4core_PackedFuncBase(_object*)
  6: subtype_dealloc
        at /usr/local/src/conda/python-3.10.18/Objects/typeobject.c:1460
  7: _Py_DECREF
        at /usr/local/src/conda/python-3.10.18/Include/object.h:500
  8: _Py_XDECREF
        at /usr/local/src/conda/python-3.10.18/Include/object.h:567
  9: cell_dealloc
        at /usr/local/src/conda/python-3.10.18/Objects/cellobject.c:82
  10: _Py_Dealloc
        at /usr/local/src/conda/python-3.10.18/Objects/object.c:2301
  11: _Py_DECREF
        at /usr/local/src/conda/python-3.10.18/Include/object.h:500
  12: _Py_XDECREF
        at /usr/local/src/conda/python-3.10.18/Include/object.h:567
  13: tupledealloc
        at /usr/local/src/conda/python-3.10.18/Objects/tupleobject.c:276
  14: _Py_Dealloc
        at /usr/local/src/conda/python-3.10.18/Objects/object.c:2301
  15: _Py_DECREF
        at /usr/local/src/conda/python-3.10.18/Include/object.h:500
  16: func_clear
        at /usr/local/src/conda/python-3.10.18/Objects/funcobject.c:636
  17: func_dealloc
        at /usr/local/src/conda/python-3.10.18/Objects/funcobject.c:648
  18: _Py_Dealloc
        at /usr/local/src/conda/python-3.10.18/Objects/object.c:2301
  19: _Py_DECREF
        at /usr/local/src/conda/python-3.10.18/Include/object.h:500
  20: frame_dealloc
        at /usr/local/src/conda/python-3.10.18/Objects/frameobject.c:591
  21: _Py_Dealloc
        at /usr/local/src/conda/python-3.10.18/Objects/object.c:2301
  22: _Py_DECREF
        at /usr/local/src/conda/python-3.10.18/Include/object.h:500
  23: _PyEval_Vector
        at /usr/local/src/conda/python-3.10.18/Python/ceval.c:5080
  24: _PyFunction_Vectorcall
        at /usr/local/src/conda/python-3.10.18/Objects/call.c:342
  25: do_call_core
        at /usr/local/src/conda/python-3.10.18/Python/ceval.c:5945
  26: _PyEval_EvalFrameDefault
        at /usr/local/src/conda/python-3.10.18/Python/ceval.c:4277
  27: _PyEval_EvalFrame
        at /usr/local/src/conda/python-3.10.18/Include/internal/pycore_ceval.h:46
  28: _PyEval_Vector
        at /usr/local/src/conda/python-3.10.18/Python/ceval.c:5067
  29: _PyFunction_Vectorcall
        at /usr/local/src/conda/python-3.10.18/Objects/call.c:342
  30: _PyObject_VectorcallTstate
        at /usr/local/src/conda/python-3.10.18/Include/cpython/abstract.h:114
  31: PyObject_Vectorcall
        at /usr/local/src/conda/python-3.10.18/Include/cpython/abstract.h:123
  32: call_function
        at /usr/local/src/conda/python-3.10.18/Python/ceval.c:5893
  33: _PyEval_EvalFrameDefault
        at /usr/local/src/conda/python-3.10.18/Python/ceval.c:4213
  34: _PyEval_EvalFrame
        at /usr/local/src/conda/python-3.10.18/Include/internal/pycore_ceval.h:46
  35: _PyEval_Vector
        at /usr/local/src/conda/python-3.10.18/Python/ceval.c:5067
  36: PyEval_EvalCode
        at /usr/local/src/conda/python-3.10.18/Python/ceval.c:1134
  37: builtin_exec_impl
        at /usr/local/src/conda/python-3.10.18/Python/bltinmodule.c:1058
  38: builtin_exec
        at /usr/local/src/conda/python-3.10.18/Python/clinic/bltinmodule.c.h:371
  39: cfunction_vectorcall_FASTCALL
        at /usr/local/src/conda/python-3.10.18/Objects/methodobject.c:430
  40: _PyObject_VectorcallTstate
        at /usr/local/src/conda/python-3.10.18/Include/cpython/abstract.h:114
  41: PyObject_Vectorcall
        at /usr/local/src/conda/python-3.10.18/Include/cpython/abstract.h:123
  42: call_function
        at /usr/local/src/conda/python-3.10.18/Python/ceval.c:5893
  43: _PyEval_EvalFrameDefault
        at /usr/local/src/conda/python-3.10.18/Python/ceval.c:4213
  44: _PyEval_EvalFrame
        at /usr/local/src/conda/python-3.10.18/Include/internal/pycore_ceval.h:46
  45: _PyEval_Vector
        at /usr/local/src/conda/python-3.10.18/Python/ceval.c:5067
  46: _PyFunction_Vectorcall
        at /usr/local/src/conda/python-3.10.18/Objects/call.c:342
  47: _PyObject_VectorcallTstate
        at /usr/local/src/conda/python-3.10.18/Include/cpython/abstract.h:114
  48: PyObject_Vectorcall
        at /usr/local/src/conda/python-3.10.18/Include/cpython/abstract.h:123
  49: call_function
        at /usr/local/src/conda/python-3.10.18/Python/ceval.c:5893
  50: _PyEval_EvalFrameDefault
        at /usr/local/src/conda/python-3.10.18/Python/ceval.c:4213
  51: _PyEval_EvalFrame
        at /usr/local/src/conda/python-3.10.18/Include/internal/pycore_ceval.h:46
  52: _PyEval_Vector
        at /usr/local/src/conda/python-3.10.18/Python/ceval.c:5067
  53: _PyFunction_Vectorcall
        at /usr/local/src/conda/python-3.10.18/Objects/call.c:342
  54: pymain_run_module
        at /usr/local/src/conda/python-3.10.18/Modules/main.c:297
  55: pymain_run_python
        at /usr/local/src/conda/python-3.10.18/Modules/main.c:589
  56: Py_RunMain
        at /usr/local/src/conda/python-3.10.18/Modules/main.c:674
  57: Py_BytesMain
        at /usr/local/src/conda/python-3.10.18/Modules/main.c:1094
  58: __libc_start_main
        at ../csu/libc-start.c:308
  59: 0x000000000058728d
  60: 0xffffffffffffffff


|  ID  |                       Task Description                        | Latency (ms) | Speed (GFLOPS) | Trials |
-----------------------------------------------------------------------------------------------------------------
|    0 |                                    vm_mod_fused_nn_conv2d_add |        0.015 |        6906.27 |     64 |
|    1 |                          vm_mod_fused_nn_conv2d_add_nn_relu_5 |        0.034 |        6090.24 |     64 |
|    2 |                                    vm_mod_fused_nn_max_pool2d |        0.004 |         505.25 |     64 |
|    3 |                          vm_mod_fused_nn_conv2d_add_nn_relu_1 |        0.007 |        7357.22 |     64 |
|    4 |                                     vm_mod_fused_nn_dense_add |        0.017 |         245.70 |     64 |
|    5 |                          vm_mod_fused_nn_conv2d_add_nn_relu_8 |        0.058 |        3529.12 |     64 |
|    6 |                                  vm_mod_fused_nn_conv2d_add_3 |        0.037 |        5497.74 |     64 |
|    7 |                      vm_mod_fused_nn_conv2d_add_add_nn_relu_3 |        0.049 |        4217.22 |     64 |
|    8 |                          vm_mod_fused_nn_conv2d_add_nn_relu_4 |        0.123 |        7542.53 |     64 |
|    9 |                        vm_mod_fused_nn_conv2d_add_add_nn_relu |        0.038 |        5463.84 |     64 |
|   10 |                      vm_mod_fused_nn_conv2d_add_add_nn_relu_1 |        0.030 |        6910.48 |     64 |
|   11 | vm_mod_fused_nn_contrib_conv2d_winograd_without_weight_transform_add_nn_relu_3 |        0.113 |        4912.24 |     64 |
|   12 |                                  vm_mod_fused_nn_conv2d_add_2 |        0.045 |        4554.29 |     64 |
|   13 |                            vm_mod_fused_nn_conv2d_add_nn_relu |        0.017 |       13986.58 |     64 |
|   14 |                          vm_mod_fused_nn_conv2d_add_nn_relu_7 |        0.323 |        2864.55 |     64 |
|   15 |                         vm_mod_fused_nn_conv2d_add_nn_relu_10 |        0.376 |        2459.61 |     64 |
|   16 | vm_mod_fused_nn_contrib_conv2d_winograd_without_weight_transform_add_nn_relu_1 |        0.085 |        5398.97 |     64 |
|   17 |                          vm_mod_fused_nn_conv2d_add_nn_relu_3 |        0.032 |       12819.96 |     64 |
|   18 |                           vm_mod_fused_nn_adaptive_avg_pool2d |        0.005 |          -0.00 |     64 |
|   19 |                         vm_mod_fused_nn_conv2d_add_nn_relu_11 |        0.080 |        2582.20 |     64 |
|   20 |                                  vm_mod_fused_nn_conv2d_add_1 |            - |              - |      0 |
|   21 |                          vm_mod_fused_nn_conv2d_add_nn_relu_6 |            - |              - |      0 |
|   22 |                          vm_mod_fused_nn_conv2d_add_nn_relu_2 |            - |              - |      0 |
|   23 | vm_mod_fused_nn_contrib_conv2d_winograd_without_weight_transform_add_nn_relu |            - |              - |      0 |
|   24 |                      vm_mod_fused_nn_conv2d_add_add_nn_relu_2 |            - |              - |      0 |
|   25 |                          vm_mod_fused_nn_conv2d_add_nn_relu_9 |            - |              - |      0 |
|   26 | vm_mod_fused_nn_contrib_conv2d_winograd_without_weight_transform_add_nn_relu_2 |            - |              - |      0 |
-----------------------------------------------------------------------------------------------------------------
Estimated total latency: - ms	Trials: 1276	Used time : 2735 s	Next ID: 20	
*E******Eterminate called after throwing an instance of 'tvm::runtime::InternalError'
  what():  [18:37:03] /data3/qsy/complier/tlm/src/runtime/cuda/cuda_module.cc:61: CUDAError: cuModuleUnload(module_[i]) failed with error: CUDA_ERROR_MISALIGNED_ADDRESS
Stack trace:
  0: tvm::runtime::SimpleObjAllocator::Handler<tvm::runtime::CUDAModuleNode>::Deleter_(tvm::runtime::Object*)
  1: tvm::runtime::SimpleObjAllocator::Handler<tvm::runtime::LibraryModuleNode>::Deleter_(tvm::runtime::Object*)
  2: _ZN3tvm7runtime18SimpleObjAllocator7HandlerINS0_16PackedFuncS
  3: _ZN3tvm7runtime18SimpleObjAllocator7HandlerINS0_16PackedFuncSubObjIZNS0_9profiling17WrapTimeE
  4: TVMObjectFree
  5: __pyx_tp_dealloc_3tvm_4_ffi_4_cy3_4core_PackedFuncBase(_object*)
  6: subtype_dealloc
        at /usr/local/src/conda/python-3.10.18/Objects/typeobject.c:1460
  7: _Py_DECREF
        at /usr/local/src/conda/python-3.10.18/Include/object.h:500
  8: _Py_XDECREF
        at /usr/local/src/conda/python-3.10.18/Include/object.h:567
  9: cell_dealloc
        at /usr/local/src/conda/python-3.10.18/Objects/cellobject.c:82
  10: _Py_Dealloc
        at /usr/local/src/conda/python-3.10.18/Objects/object.c:2301
  11: _Py_DECREF
        at /usr/local/src/conda/python-3.10.18/Include/object.h:500
  12: _Py_XDECREF
        at /usr/local/src/conda/python-3.10.18/Include/object.h:567
  13: tupledealloc
        at /usr/local/src/conda/python-3.10.18/Objects/tupleobject.c:276
  14: _Py_Dealloc
        at /usr/local/src/conda/python-3.10.18/Objects/object.c:2301
  15: _Py_DECREF
        at /usr/local/src/conda/python-3.10.18/Include/object.h:500
  16: func_clear
        at /usr/local/src/conda/python-3.10.18/Objects/funcobject.c:636
  17: func_dealloc
        at /usr/local/src/conda/python-3.10.18/Objects/funcobject.c:648
  18: _Py_Dealloc
        at /usr/local/src/conda/python-3.10.18/Objects/object.c:2301
  19: _Py_DECREF
        at /usr/local/src/conda/python-3.10.18/Include/object.h:500
  20: frame_dealloc
        at /usr/local/src/conda/python-3.10.18/Objects/frameobject.c:591
  21: _Py_Dealloc
        at /usr/local/src/conda/python-3.10.18/Objects/object.c:2301
  22: _Py_DECREF
        at /usr/local/src/conda/python-3.10.18/Include/object.h:500
  23: _PyEval_Vector
        at /usr/local/src/conda/python-3.10.18/Python/ceval.c:5080
  24: _PyFunction_Vectorcall
        at /usr/local/src/conda/python-3.10.18/Objects/call.c:342
  25: do_call_core
        at /usr/local/src/conda/python-3.10.18/Python/ceval.c:5945
  26: _PyEval_EvalFrameDefault
        at /usr/local/src/conda/python-3.10.18/Python/ceval.c:4277
  27: _PyEval_EvalFrame
        at /usr/local/src/conda/python-3.10.18/Include/internal/pycore_ceval.h:46
  28: _PyEval_Vector
        at /usr/local/src/conda/python-3.10.18/Python/ceval.c:5067
  29: _PyFunction_Vectorcall
        at /usr/local/src/conda/python-3.10.18/Objects/call.c:342
  30: _PyObject_VectorcallTstate
        at /usr/local/src/conda/python-3.10.18/Include/cpython/abstract.h:114
  31: PyObject_Vectorcall
        at /usr/local/src/conda/python-3.10.18/Include/cpython/abstract.h:123
  32: call_function
        at /usr/local/src/conda/python-3.10.18/Python/ceval.c:5893
  33: _PyEval_EvalFrameDefault
        at /usr/local/src/conda/python-3.10.18/Python/ceval.c:4213
  34: _PyEval_EvalFrame
        at /usr/local/src/conda/python-3.10.18/Include/internal/pycore_ceval.h:46
  35: _PyEval_Vector
        at /usr/local/src/conda/python-3.10.18/Python/ceval.c:5067
  36: PyEval_EvalCode
        at /usr/local/src/conda/python-3.10.18/Python/ceval.c:1134
  37: builtin_exec_impl
        at /usr/local/src/conda/python-3.10.18/Python/bltinmodule.c:1058
  38: builtin_exec
        at /usr/local/src/conda/python-3.10.18/Python/clinic/bltinmodule.c.h:371
  39: cfunction_vectorcall_FASTCALL
        at /usr/local/src/conda/python-3.10.18/Objects/methodobject.c:430
  40: _PyObject_VectorcallTstate
        at /usr/local/src/conda/python-3.10.18/Include/cpython/abstract.h:114
  41: PyObject_Vectorcall
        at /usr/local/src/conda/python-3.10.18/Include/cpython/abstract.h:123
  42: call_function
        at /usr/local/src/conda/python-3.10.18/Python/ceval.c:5893
  43: _PyEval_EvalFrameDefault
        at /usr/local/src/conda/python-3.10.18/Python/ceval.c:4213
  44: _PyEval_EvalFrame
        at /usr/local/src/conda/python-3.10.18/Include/internal/pycore_ceval.h:46
  45: _PyEval_Vector
        at /usr/local/src/conda/python-3.10.18/Python/ceval.c:5067
  46: _PyFunction_Vectorcall
        at /usr/local/src/conda/python-3.10.18/Objects/call.c:342
  47: _PyObject_VectorcallTstate
        at /usr/local/src/conda/python-3.10.18/Include/cpython/abstract.h:114
  48: PyObject_Vectorcall
        at /usr/local/src/conda/python-3.10.18/Include/cpython/abstract.h:123
  49: call_function
        at /usr/local/src/conda/python-3.10.18/Python/ceval.c:5893
  50: _PyEval_EvalFrameDefault
        at /usr/local/src/conda/python-3.10.18/Python/ceval.c:4213
  51: _PyEval_EvalFrame
        at /usr/local/src/conda/python-3.10.18/Include/internal/pycore_ceval.h:46
  52: _PyEval_Vector
        at /usr/local/src/conda/python-3.10.18/Python/ceval.c:5067
  53: _PyFunction_Vectorcall
        at /usr/local/src/conda/python-3.10.18/Objects/call.c:342
  54: pymain_run_module
        at /usr/local/src/conda/python-3.10.18/Modules/main.c:297
  55: pymain_run_python
        at /usr/local/src/conda/python-3.10.18/Modules/main.c:589
  56: Py_RunMain
        at /usr/local/src/conda/python-3.10.18/Modules/main.c:674
  57: Py_BytesMain
        at /usr/local/src/conda/python-3.10.18/Modules/main.c:1094
  58: __libc_start_main
        at ../csu/libc-start.c:308
  59: 0x000000000058728d
  60: 0xffffffffffffffff


*E*Eterminate called after throwing an instance of 'tvm::runtime::InternalError'
  what():  [18:37:04] /data3/qsy/complier/tlm/src/runtime/cuda/cuda_module.cc:61: CUDAError: cuModuleUnload(module_[i]) failed with error: CUDA_ERROR_MISALIGNED_ADDRESS
Stack trace:
  0: tvm::runtime::SimpleObjAllocator::Handler<tvm::runtime::CUDAModuleNode>::Deleter_(tvm::runtime::Object*)
  1: tvm::runtime::SimpleObjAllocator::Handler<tvm::runtime::LibraryModuleNode>::Deleter_(tvm::runtime::Object*)
  2: _ZN3tvm7runtime18SimpleObjAllocator7HandlerINS0_16PackedFuncS
  3: _ZN3tvm7runtime18SimpleObjAllocator7HandlerINS0_16PackedFuncSubObjIZNS0_9profiling17WrapTimeE
  4: TVMObjectFree
  5: __pyx_tp_dealloc_3tvm_4_ffi_4_cy3_4core_PackedFuncBase(_object*)
  6: subtype_dealloc
        at /usr/local/src/conda/python-3.10.18/Objects/typeobject.c:1460
  7: _Py_DECREF
        at /usr/local/src/conda/python-3.10.18/Include/object.h:500
  8: _Py_XDECREF
        at /usr/local/src/conda/python-3.10.18/Include/object.h:567
  9: cell_dealloc
        at /usr/local/src/conda/python-3.10.18/Objects/cellobject.c:82
  10: _Py_Dealloc
        at /usr/local/src/conda/python-3.10.18/Objects/object.c:2301
  11: _Py_DECREF
        at /usr/local/src/conda/python-3.10.18/Include/object.h:500
  12: _Py_XDECREF
        at /usr/local/src/conda/python-3.10.18/Include/object.h:567
  13: tupledealloc
        at /usr/local/src/conda/python-3.10.18/Objects/tupleobject.c:276
  14: _Py_Dealloc
        at /usr/local/src/conda/python-3.10.18/Objects/object.c:2301
  15: _Py_DECREF
        at /usr/local/src/conda/python-3.10.18/Include/object.h:500
  16: func_clear
        at /usr/local/src/conda/python-3.10.18/Objects/funcobject.c:636
  17: func_dealloc
        at /usr/local/src/conda/python-3.10.18/Objects/funcobject.c:648
  18: _Py_Dealloc
        at /usr/local/src/conda/python-3.10.18/Objects/object.c:2301
  19: _Py_DECREF
        at /usr/local/src/conda/python-3.10.18/Include/object.h:500
  20: frame_dealloc
        at /usr/local/src/conda/python-3.10.18/Objects/frameobject.c:591
  21: _Py_Dealloc
        at /usr/local/src/conda/python-3.10.18/Objects/object.c:2301
  22: _Py_DECREF
        at /usr/local/src/conda/python-3.10.18/Include/object.h:500
  23: _PyEval_Vector
        at /usr/local/src/conda/python-3.10.18/Python/ceval.c:5080
  24: _PyFunction_Vectorcall
        at /usr/local/src/conda/python-3.10.18/Objects/call.c:342
  25: do_call_core
        at /usr/local/src/conda/python-3.10.18/Python/ceval.c:5945
  26: _PyEval_EvalFrameDefault
        at /usr/local/src/conda/python-3.10.18/Python/ceval.c:4277
  27: _PyEval_EvalFrame
        at /usr/local/src/conda/python-3.10.18/Include/internal/pycore_ceval.h:46
  28: _PyEval_Vector
        at /usr/local/src/conda/python-3.10.18/Python/ceval.c:5067
  29: _PyFunction_Vectorcall
        at /usr/local/src/conda/python-3.10.18/Objects/call.c:342
  30: _PyObject_VectorcallTstate
        at /usr/local/src/conda/python-3.10.18/Include/cpython/abstract.h:114
  31: PyObject_Vectorcall
        at /usr/local/src/conda/python-3.10.18/Include/cpython/abstract.h:123
  32: call_function
        at /usr/local/src/conda/python-3.10.18/Python/ceval.c:5893
  33: _PyEval_EvalFrameDefault
        at /usr/local/src/conda/python-3.10.18/Python/ceval.c:4213
  34: _PyEval_EvalFrame
        at /usr/local/src/conda/python-3.10.18/Include/internal/pycore_ceval.h:46
  35: _PyEval_Vector
        at /usr/local/src/conda/python-3.10.18/Python/ceval.c:5067
  36: PyEval_EvalCode
        at /usr/local/src/conda/python-3.10.18/Python/ceval.c:1134
  37: builtin_exec_impl
        at /usr/local/src/conda/python-3.10.18/Python/bltinmodule.c:1058
  38: builtin_exec
        at /usr/local/src/conda/python-3.10.18/Python/clinic/bltinmodule.c.h:371
  39: cfunction_vectorcall_FASTCALL
        at /usr/local/src/conda/python-3.10.18/Objects/methodobject.c:430
  40: _PyObject_VectorcallTstate
        at /usr/local/src/conda/python-3.10.18/Include/cpython/abstract.h:114
  41: PyObject_Vectorcall
        at /usr/local/src/conda/python-3.10.18/Include/cpython/abstract.h:123
  42: call_function
        at /usr/local/src/conda/python-3.10.18/Python/ceval.c:5893
  43: _PyEval_EvalFrameDefault
        at /usr/local/src/conda/python-3.10.18/Python/ceval.c:4213
  44: _PyEval_EvalFrame
        at /usr/local/src/conda/python-3.10.18/Include/internal/pycore_ceval.h:46
  45: _PyEval_Vector
        at /usr/local/src/conda/python-3.10.18/Python/ceval.c:5067
  46: _PyFunction_Vectorcall
        at /usr/local/src/conda/python-3.10.18/Objects/call.c:342
  47: _PyObject_VectorcallTstate
        at /usr/local/src/conda/python-3.10.18/Include/cpython/abstract.h:114
  48: PyObject_Vectorcall
        at /usr/local/src/conda/python-3.10.18/Include/cpython/abstract.h:123
  49: call_function
        at /usr/local/src/conda/python-3.10.18/Python/ceval.c:5893
  50: _PyEval_EvalFrameDefault
        at /usr/local/src/conda/python-3.10.18/Python/ceval.c:4213
  51: _PyEval_EvalFrame
        at /usr/local/src/conda/python-3.10.18/Include/internal/pycore_ceval.h:46
  52: _PyEval_Vector
        at /usr/local/src/conda/python-3.10.18/Python/ceval.c:5067
  53: _PyFunction_Vectorcall
        at /usr/local/src/conda/python-3.10.18/Objects/call.c:342
  54: pymain_run_module
        at /usr/local/src/conda/python-3.10.18/Modules/main.c:297
  55: pymain_run_python
        at /usr/local/src/conda/python-3.10.18/Modules/main.c:589
  56: Py_RunMain
        at /usr/local/src/conda/python-3.10.18/Modules/main.c:674
  57: Py_BytesMain
        at /usr/local/src/conda/python-3.10.18/Modules/main.c:1094
  58: __libc_start_main
        at ../csu/libc-start.c:308
  59: 0x000000000058728d
  60: 0xffffffffffffffff


*E****E*****Eterminate called after throwing an instance of 'tvm::runtime::InternalError'
  what():  [18:37:07] /data3/qsy/complier/tlm/src/runtime/cuda/cuda_module.cc:61: CUDAError: cuModuleUnload(module_[i]) failed with error: CUDA_ERROR_MISALIGNED_ADDRESS
Stack trace:
  0: tvm::runtime::SimpleObjAllocator::Handler<tvm::runtime::CUDAModuleNode>::Deleter_(tvm::runtime::Object*)
  1: tvm::runtime::SimpleObjAllocator::Handler<tvm::runtime::LibraryModuleNode>::Deleter_(tvm::runtime::Object*)
  2: _ZN3tvm7runtime18SimpleObjAllocator7HandlerINS0_16PackedFuncS
  3: _ZN3tvm7runtime18SimpleObjAllocator7HandlerINS0_16PackedFuncSubObjIZNS0_9profiling17WrapTimeE
  4: TVMObjectFree
  5: __pyx_tp_dealloc_3tvm_4_ffi_4_cy3_4core_PackedFuncBase(_object*)
  6: subtype_dealloc
        at /usr/local/src/conda/python-3.10.18/Objects/typeobject.c:1460
  7: _Py_DECREF
        at /usr/local/src/conda/python-3.10.18/Include/object.h:500
  8: _Py_XDECREF
        at /usr/local/src/conda/python-3.10.18/Include/object.h:567
  9: cell_dealloc
        at /usr/local/src/conda/python-3.10.18/Objects/cellobject.c:82
  10: _Py_Dealloc
        at /usr/local/src/conda/python-3.10.18/Objects/object.c:2301
  11: _Py_DECREF
        at /usr/local/src/conda/python-3.10.18/Include/object.h:500
  12: _Py_XDECREF
        at /usr/local/src/conda/python-3.10.18/Include/object.h:567
  13: tupledealloc
        at /usr/local/src/conda/python-3.10.18/Objects/tupleobject.c:276
  14: _Py_Dealloc
        at /usr/local/src/conda/python-3.10.18/Objects/object.c:2301
  15: _Py_DECREF
        at /usr/local/src/conda/python-3.10.18/Include/object.h:500
  16: func_clear
        at /usr/local/src/conda/python-3.10.18/Objects/funcobject.c:636
  17: func_dealloc
        at /usr/local/src/conda/python-3.10.18/Objects/funcobject.c:648
  18: _Py_Dealloc
        at /usr/local/src/conda/python-3.10.18/Objects/object.c:2301
  19: _Py_DECREF
        at /usr/local/src/conda/python-3.10.18/Include/object.h:500
  20: frame_dealloc
        at /usr/local/src/conda/python-3.10.18/Objects/frameobject.c:591
  21: _Py_Dealloc
        at /usr/local/src/conda/python-3.10.18/Objects/object.c:2301
  22: _Py_DECREF
        at /usr/local/src/conda/python-3.10.18/Include/object.h:500
  23: _PyEval_Vector
        at /usr/local/src/conda/python-3.10.18/Python/ceval.c:5080
  24: _PyFunction_Vectorcall
        at /usr/local/src/conda/python-3.10.18/Objects/call.c:342
  25: do_call_core
        at /usr/local/src/conda/python-3.10.18/Python/ceval.c:5945
  26: _PyEval_EvalFrameDefault
        at /usr/local/src/conda/python-3.10.18/Python/ceval.c:4277
  27: _PyEval_EvalFrame
        at /usr/local/src/conda/python-3.10.18/Include/internal/pycore_ceval.h:46
  28: _PyEval_Vector
        at /usr/local/src/conda/python-3.10.18/Python/ceval.c:5067
  29: _PyFunction_Vectorcall
        at /usr/local/src/conda/python-3.10.18/Objects/call.c:342
  30: _PyObject_VectorcallTstate
        at /usr/local/src/conda/python-3.10.18/Include/cpython/abstract.h:114
  31: PyObject_Vectorcall
        at /usr/local/src/conda/python-3.10.18/Include/cpython/abstract.h:123
  32: call_function
        at /usr/local/src/conda/python-3.10.18/Python/ceval.c:5893
  33: _PyEval_EvalFrameDefault
        at /usr/local/src/conda/python-3.10.18/Python/ceval.c:4213
  34: _PyEval_EvalFrame
        at /usr/local/src/conda/python-3.10.18/Include/internal/pycore_ceval.h:46
  35: _PyEval_Vector
        at /usr/local/src/conda/python-3.10.18/Python/ceval.c:5067
  36: PyEval_EvalCode
        at /usr/local/src/conda/python-3.10.18/Python/ceval.c:1134
  37: builtin_exec_impl
        at /usr/local/src/conda/python-3.10.18/Python/bltinmodule.c:1058
  38: builtin_exec
        at /usr/local/src/conda/python-3.10.18/Python/clinic/bltinmodule.c.h:371
  39: cfunction_vectorcall_FASTCALL
        at /usr/local/src/conda/python-3.10.18/Objects/methodobject.c:430
  40: _PyObject_VectorcallTstate
        at /usr/local/src/conda/python-3.10.18/Include/cpython/abstract.h:114
  41: PyObject_Vectorcall
        at /usr/local/src/conda/python-3.10.18/Include/cpython/abstract.h:123
  42: call_function
        at /usr/local/src/conda/python-3.10.18/Python/ceval.c:5893
  43: _PyEval_EvalFrameDefault
        at /usr/local/src/conda/python-3.10.18/Python/ceval.c:4213
  44: _PyEval_EvalFrame
        at /usr/local/src/conda/python-3.10.18/Include/internal/pycore_ceval.h:46
  45: _PyEval_Vector
        at /usr/local/src/conda/python-3.10.18/Python/ceval.c:5067
  46: _PyFunction_Vectorcall
        at /usr/local/src/conda/python-3.10.18/Objects/call.c:342
  47: _PyObject_VectorcallTstate
        at /usr/local/src/conda/python-3.10.18/Include/cpython/abstract.h:114
  48: PyObject_Vectorcall
        at /usr/local/src/conda/python-3.10.18/Include/cpython/abstract.h:123
  49: call_function
        at /usr/local/src/conda/python-3.10.18/Python/ceval.c:5893
  50: _PyEval_EvalFrameDefault
        at /usr/local/src/conda/python-3.10.18/Python/ceval.c:4213
  51: _PyEval_EvalFrame
        at /usr/local/src/conda/python-3.10.18/Include/internal/pycore_ceval.h:46
  52: _PyEval_Vector
        at /usr/local/src/conda/python-3.10.18/Python/ceval.c:5067
  53: _PyFunction_Vectorcall
        at /usr/local/src/conda/python-3.10.18/Objects/call.c:342
  54: pymain_run_module
        at /usr/local/src/conda/python-3.10.18/Modules/main.c:297
  55: pymain_run_python
        at /usr/local/src/conda/python-3.10.18/Modules/main.c:589
  56: Py_RunMain
        at /usr/local/src/conda/python-3.10.18/Modules/main.c:674
  57: Py_BytesMain
        at /usr/local/src/conda/python-3.10.18/Modules/main.c:1094
  58: __libc_start_main
        at ../csu/libc-start.c:308
  59: 0x000000000058728d
  60: 0xffffffffffffffff


*E*******Eterminate called after throwing an instance of 'tvm::runtime::InternalError'
  what():  [18:37:10] /data3/qsy/complier/tlm/src/runtime/cuda/cuda_module.cc:61: CUDAError: cuModuleUnload(module_[i]) failed with error: CUDA_ERROR_MISALIGNED_ADDRESS
Stack trace:
  0: tvm::runtime::SimpleObjAllocator::Handler<tvm::runtime::CUDAModuleNode>::Deleter_(tvm::runtime::Object*)
  1: tvm::runtime::SimpleObjAllocator::Handler<tvm::runtime::LibraryModuleNode>::Deleter_(tvm::runtime::Object*)
  2: _ZN3tvm7runtime18SimpleObjAllocator7HandlerINS0_16PackedFuncS
  3: _ZN3tvm7runtime18SimpleObjAllocator7HandlerINS0_16PackedFuncSubObjIZNS0_9profiling17WrapTimeE
  4: TVMObjectFree
  5: __pyx_tp_dealloc_3tvm_4_ffi_4_cy3_4core_PackedFuncBase(_object*)
  6: subtype_dealloc
        at /usr/local/src/conda/python-3.10.18/Objects/typeobject.c:1460
  7: _Py_DECREF
        at /usr/local/src/conda/python-3.10.18/Include/object.h:500
  8: _Py_XDECREF
        at /usr/local/src/conda/python-3.10.18/Include/object.h:567
  9: cell_dealloc
        at /usr/local/src/conda/python-3.10.18/Objects/cellobject.c:82
  10: _Py_Dealloc
        at /usr/local/src/conda/python-3.10.18/Objects/object.c:2301
  11: _Py_DECREF
        at /usr/local/src/conda/python-3.10.18/Include/object.h:500
  12: _Py_XDECREF
        at /usr/local/src/conda/python-3.10.18/Include/object.h:567
  13: tupledealloc
        at /usr/local/src/conda/python-3.10.18/Objects/tupleobject.c:276
  14: _Py_Dealloc
        at /usr/local/src/conda/python-3.10.18/Objects/object.c:2301
  15: _Py_DECREF
        at /usr/local/src/conda/python-3.10.18/Include/object.h:500
  16: func_clear
        at /usr/local/src/conda/python-3.10.18/Objects/funcobject.c:636
  17: func_dealloc
        at /usr/local/src/conda/python-3.10.18/Objects/funcobject.c:648
  18: _Py_Dealloc
        at /usr/local/src/conda/python-3.10.18/Objects/object.c:2301
  19: _Py_DECREF
        at /usr/local/src/conda/python-3.10.18/Include/object.h:500
  20: frame_dealloc
        at /usr/local/src/conda/python-3.10.18/Objects/frameobject.c:591
  21: _Py_Dealloc
        at /usr/local/src/conda/python-3.10.18/Objects/object.c:2301
  22: _Py_DECREF
        at /usr/local/src/conda/python-3.10.18/Include/object.h:500
  23: _PyEval_Vector
        at /usr/local/src/conda/python-3.10.18/Python/ceval.c:5080
  24: _PyFunction_Vectorcall
        at /usr/local/src/conda/python-3.10.18/Objects/call.c:342
  25: do_call_core
        at /usr/local/src/conda/python-3.10.18/Python/ceval.c:5945
  26: _PyEval_EvalFrameDefault
        at /usr/local/src/conda/python-3.10.18/Python/ceval.c:4277
  27: _PyEval_EvalFrame
        at /usr/local/src/conda/python-3.10.18/Include/internal/pycore_ceval.h:46
  28: _PyEval_Vector
        at /usr/local/src/conda/python-3.10.18/Python/ceval.c:5067
  29: _PyFunction_Vectorcall
        at /usr/local/src/conda/python-3.10.18/Objects/call.c:342
  30: _PyObject_VectorcallTstate
        at /usr/local/src/conda/python-3.10.18/Include/cpython/abstract.h:114
  31: PyObject_Vectorcall
        at /usr/local/src/conda/python-3.10.18/Include/cpython/abstract.h:123
  32: call_function
        at /usr/local/src/conda/python-3.10.18/Python/ceval.c:5893
  33: _PyEval_EvalFrameDefault
        at /usr/local/src/conda/python-3.10.18/Python/ceval.c:4213
  34: _PyEval_EvalFrame
        at /usr/local/src/conda/python-3.10.18/Include/internal/pycore_ceval.h:46
  35: _PyEval_Vector
        at /usr/local/src/conda/python-3.10.18/Python/ceval.c:5067
  36: PyEval_EvalCode
        at /usr/local/src/conda/python-3.10.18/Python/ceval.c:1134
  37: builtin_exec_impl
        at /usr/local/src/conda/python-3.10.18/Python/bltinmodule.c:1058
  38: builtin_exec
        at /usr/local/src/conda/python-3.10.18/Python/clinic/bltinmodule.c.h:371
  39: cfunction_vectorcall_FASTCALL
        at /usr/local/src/conda/python-3.10.18/Objects/methodobject.c:430
  40: _PyObject_VectorcallTstate
        at /usr/local/src/conda/python-3.10.18/Include/cpython/abstract.h:114
  41: PyObject_Vectorcall
        at /usr/local/src/conda/python-3.10.18/Include/cpython/abstract.h:123
  42: call_function
        at /usr/local/src/conda/python-3.10.18/Python/ceval.c:5893
  43: _PyEval_EvalFrameDefault
        at /usr/local/src/conda/python-3.10.18/Python/ceval.c:4213
  44: _PyEval_EvalFrame
        at /usr/local/src/conda/python-3.10.18/Include/internal/pycore_ceval.h:46
  45: _PyEval_Vector
        at /usr/local/src/conda/python-3.10.18/Python/ceval.c:5067
  46: _PyFunction_Vectorcall
        at /usr/local/src/conda/python-3.10.18/Objects/call.c:342
  47: _PyObject_VectorcallTstate
        at /usr/local/src/conda/python-3.10.18/Include/cpython/abstract.h:114
  48: PyObject_Vectorcall
        at /usr/local/src/conda/python-3.10.18/Include/cpython/abstract.h:123
  49: call_function
        at /usr/local/src/conda/python-3.10.18/Python/ceval.c:5893
  50: _PyEval_EvalFrameDefault
        at /usr/local/src/conda/python-3.10.18/Python/ceval.c:4213
  51: _PyEval_EvalFrame
        at /usr/local/src/conda/python-3.10.18/Include/internal/pycore_ceval.h:46
  52: _PyEval_Vector
        at /usr/local/src/conda/python-3.10.18/Python/ceval.c:5067
  53: _PyFunction_Vectorcall
        at /usr/local/src/conda/python-3.10.18/Objects/call.c:342
  54: pymain_run_module
        at /usr/local/src/conda/python-3.10.18/Modules/main.c:297
  55: pymain_run_python
        at /usr/local/src/conda/python-3.10.18/Modules/main.c:589
  56: Py_RunMain
        at /usr/local/src/conda/python-3.10.18/Modules/main.c:674
  57: Py_BytesMain
        at /usr/local/src/conda/python-3.10.18/Modules/main.c:1094
  58: __libc_start_main
        at ../csu/libc-start.c:308
  59: 0x000000000058728d
  60: 0xffffffffffffffff


*E***********Eterminate called after throwing an instance of 'tvm::runtime::InternalError'
  what():  [18:37:14] /data3/qsy/complier/tlm/src/runtime/cuda/cuda_module.cc:61: CUDAError: cuModuleUnload(module_[i]) failed with error: CUDA_ERROR_MISALIGNED_ADDRESS
Stack trace:
  0: tvm::runtime::SimpleObjAllocator::Handler<tvm::runtime::CUDAModuleNode>::Deleter_(tvm::runtime::Object*)
  1: tvm::runtime::SimpleObjAllocator::Handler<tvm::runtime::LibraryModuleNode>::Deleter_(tvm::runtime::Object*)
  2: _ZN3tvm7runtime18SimpleObjAllocator7HandlerINS0_16PackedFuncS
  3: _ZN3tvm7runtime18SimpleObjAllocator7HandlerINS0_16PackedFuncSubObjIZNS0_9profiling17WrapTimeE
  4: TVMObjectFree
  5: __pyx_tp_dealloc_3tvm_4_ffi_4_cy3_4core_PackedFuncBase(_object*)
  6: subtype_dealloc
        at /usr/local/src/conda/python-3.10.18/Objects/typeobject.c:1460
  7: _Py_DECREF
        at /usr/local/src/conda/python-3.10.18/Include/object.h:500
  8: _Py_XDECREF
        at /usr/local/src/conda/python-3.10.18/Include/object.h:567
  9: cell_dealloc
        at /usr/local/src/conda/python-3.10.18/Objects/cellobject.c:82
  10: _Py_Dealloc
        at /usr/local/src/conda/python-3.10.18/Objects/object.c:2301
  11: _Py_DECREF
        at /usr/local/src/conda/python-3.10.18/Include/object.h:500
  12: _Py_XDECREF
        at /usr/local/src/conda/python-3.10.18/Include/object.h:567
  13: tupledealloc
        at /usr/local/src/conda/python-3.10.18/Objects/tupleobject.c:276
  14: _Py_Dealloc
        at /usr/local/src/conda/python-3.10.18/Objects/object.c:2301
  15: _Py_DECREF
        at /usr/local/src/conda/python-3.10.18/Include/object.h:500
  16: func_clear
        at /usr/local/src/conda/python-3.10.18/Objects/funcobject.c:636
  17: func_dealloc
        at /usr/local/src/conda/python-3.10.18/Objects/funcobject.c:648
  18: _Py_Dealloc
        at /usr/local/src/conda/python-3.10.18/Objects/object.c:2301
  19: _Py_DECREF
        at /usr/local/src/conda/python-3.10.18/Include/object.h:500
  20: frame_dealloc
        at /usr/local/src/conda/python-3.10.18/Objects/frameobject.c:591
  21: _Py_Dealloc
        at /usr/local/src/conda/python-3.10.18/Objects/object.c:2301
  22: _Py_DECREF
        at /usr/local/src/conda/python-3.10.18/Include/object.h:500
  23: _PyEval_Vector
        at /usr/local/src/conda/python-3.10.18/Python/ceval.c:5080
  24: _PyFunction_Vectorcall
        at /usr/local/src/conda/python-3.10.18/Objects/call.c:342
  25: do_call_core
        at /usr/local/src/conda/python-3.10.18/Python/ceval.c:5945
  26: _PyEval_EvalFrameDefault
        at /usr/local/src/conda/python-3.10.18/Python/ceval.c:4277
  27: _PyEval_EvalFrame
        at /usr/local/src/conda/python-3.10.18/Include/internal/pycore_ceval.h:46
  28: _PyEval_Vector
        at /usr/local/src/conda/python-3.10.18/Python/ceval.c:5067
  29: _PyFunction_Vectorcall
        at /usr/local/src/conda/python-3.10.18/Objects/call.c:342
  30: _PyObject_VectorcallTstate
        at /usr/local/src/conda/python-3.10.18/Include/cpython/abstract.h:114
  31: PyObject_Vectorcall
        at /usr/local/src/conda/python-3.10.18/Include/cpython/abstract.h:123
  32: call_function
        at /usr/local/src/conda/python-3.10.18/Python/ceval.c:5893
  33: _PyEval_EvalFrameDefault
        at /usr/local/src/conda/python-3.10.18/Python/ceval.c:4213
  34: _PyEval_EvalFrame
        at /usr/local/src/conda/python-3.10.18/Include/internal/pycore_ceval.h:46
  35: _PyEval_Vector
        at /usr/local/src/conda/python-3.10.18/Python/ceval.c:5067
  36: PyEval_EvalCode
        at /usr/local/src/conda/python-3.10.18/Python/ceval.c:1134
  37: builtin_exec_impl
        at /usr/local/src/conda/python-3.10.18/Python/bltinmodule.c:1058
  38: builtin_exec
        at /usr/local/src/conda/python-3.10.18/Python/clinic/bltinmodule.c.h:371
  39: cfunction_vectorcall_FASTCALL
        at /usr/local/src/conda/python-3.10.18/Objects/methodobject.c:430
  40: _PyObject_VectorcallTstate
        at /usr/local/src/conda/python-3.10.18/Include/cpython/abstract.h:114
  41: PyObject_Vectorcall
        at /usr/local/src/conda/python-3.10.18/Include/cpython/abstract.h:123
  42: call_function
        at /usr/local/src/conda/python-3.10.18/Python/ceval.c:5893
  43: _PyEval_EvalFrameDefault
        at /usr/local/src/conda/python-3.10.18/Python/ceval.c:4213
  44: _PyEval_EvalFrame
        at /usr/local/src/conda/python-3.10.18/Include/internal/pycore_ceval.h:46
  45: _PyEval_Vector
        at /usr/local/src/conda/python-3.10.18/Python/ceval.c:5067
  46: _PyFunction_Vectorcall
        at /usr/local/src/conda/python-3.10.18/Objects/call.c:342
  47: _PyObject_VectorcallTstate
        at /usr/local/src/conda/python-3.10.18/Include/cpython/abstract.h:114
  48: PyObject_Vectorcall
        at /usr/local/src/conda/python-3.10.18/Include/cpython/abstract.h:123
  49: call_function
        at /usr/local/src/conda/python-3.10.18/Python/ceval.c:5893
  50: _PyEval_EvalFrameDefault
        at /usr/local/src/conda/python-3.10.18/Python/ceval.c:4213
  51: _PyEval_EvalFrame
        at /usr/local/src/conda/python-3.10.18/Include/internal/pycore_ceval.h:46
  52: _PyEval_Vector
        at /usr/local/src/conda/python-3.10.18/Python/ceval.c:5067
  53: _PyFunction_Vectorcall
        at /usr/local/src/conda/python-3.10.18/Objects/call.c:342
  54: pymain_run_module
        at /usr/local/src/conda/python-3.10.18/Modules/main.c:297
  55: pymain_run_python
        at /usr/local/src/conda/python-3.10.18/Modules/main.c:589
  56: Py_RunMain
        at /usr/local/src/conda/python-3.10.18/Modules/main.c:674
  57: Py_BytesMain
        at /usr/local/src/conda/python-3.10.18/Modules/main.c:1094
  58: __libc_start_main
        at ../csu/libc-start.c:308
  59: 0x000000000058728d
  60: 0xffffffffffffffff


*E****************Eterminate called after throwing an instance of 'tvm::runtime::InternalError'
  what():  [18:37:20] /data3/qsy/complier/tlm/src/runtime/cuda/cuda_module.cc:61: CUDAError: cuModuleUnload(module_[i]) failed with error: CUDA_ERROR_MISALIGNED_ADDRESS
Stack trace:
  0: tvm::runtime::SimpleObjAllocator::Handler<tvm::runtime::CUDAModuleNode>::Deleter_(tvm::runtime::Object*)
  1: tvm::runtime::SimpleObjAllocator::Handler<tvm::runtime::LibraryModuleNode>::Deleter_(tvm::runtime::Object*)
  2: _ZN3tvm7runtime18SimpleObjAllocator7HandlerINS0_16PackedFuncS
  3: _ZN3tvm7runtime18SimpleObjAllocator7HandlerINS0_16PackedFuncSubObjIZNS0_9profiling17WrapTimeE
  4: TVMObjectFree
  5: __pyx_tp_dealloc_3tvm_4_ffi_4_cy3_4core_PackedFuncBase(_object*)
  6: subtype_dealloc
        at /usr/local/src/conda/python-3.10.18/Objects/typeobject.c:1460
  7: _Py_DECREF
        at /usr/local/src/conda/python-3.10.18/Include/object.h:500
  8: _Py_XDECREF
        at /usr/local/src/conda/python-3.10.18/Include/object.h:567
  9: cell_dealloc
        at /usr/local/src/conda/python-3.10.18/Objects/cellobject.c:82
  10: _Py_Dealloc
        at /usr/local/src/conda/python-3.10.18/Objects/object.c:2301
  11: _Py_DECREF
        at /usr/local/src/conda/python-3.10.18/Include/object.h:500
  12: _Py_XDECREF
        at /usr/local/src/conda/python-3.10.18/Include/object.h:567
  13: tupledealloc
        at /usr/local/src/conda/python-3.10.18/Objects/tupleobject.c:276
  14: _Py_Dealloc
        at /usr/local/src/conda/python-3.10.18/Objects/object.c:2301
  15: _Py_DECREF
        at /usr/local/src/conda/python-3.10.18/Include/object.h:500
  16: func_clear
        at /usr/local/src/conda/python-3.10.18/Objects/funcobject.c:636
  17: func_dealloc
        at /usr/local/src/conda/python-3.10.18/Objects/funcobject.c:648
  18: _Py_Dealloc
        at /usr/local/src/conda/python-3.10.18/Objects/object.c:2301
  19: _Py_DECREF
        at /usr/local/src/conda/python-3.10.18/Include/object.h:500
  20: frame_dealloc
        at /usr/local/src/conda/python-3.10.18/Objects/frameobject.c:591
  21: _Py_Dealloc
        at /usr/local/src/conda/python-3.10.18/Objects/object.c:2301
  22: _Py_DECREF
        at /usr/local/src/conda/python-3.10.18/Include/object.h:500
  23: _PyEval_Vector
        at /usr/local/src/conda/python-3.10.18/Python/ceval.c:5080
  24: _PyFunction_Vectorcall
        at /usr/local/src/conda/python-3.10.18/Objects/call.c:342
  25: do_call_core
        at /usr/local/src/conda/python-3.10.18/Python/ceval.c:5945
  26: _PyEval_EvalFrameDefault
        at /usr/local/src/conda/python-3.10.18/Python/ceval.c:4277
  27: _PyEval_EvalFrame
        at /usr/local/src/conda/python-3.10.18/Include/internal/pycore_ceval.h:46
  28: _PyEval_Vector
        at /usr/local/src/conda/python-3.10.18/Python/ceval.c:5067
  29: _PyFunction_Vectorcall
        at /usr/local/src/conda/python-3.10.18/Objects/call.c:342
  30: _PyObject_VectorcallTstate
        at /usr/local/src/conda/python-3.10.18/Include/cpython/abstract.h:114
  31: PyObject_Vectorcall
        at /usr/local/src/conda/python-3.10.18/Include/cpython/abstract.h:123
  32: call_function
        at /usr/local/src/conda/python-3.10.18/Python/ceval.c:5893
  33: _PyEval_EvalFrameDefault
        at /usr/local/src/conda/python-3.10.18/Python/ceval.c:4213
  34: _PyEval_EvalFrame
        at /usr/local/src/conda/python-3.10.18/Include/internal/pycore_ceval.h:46
  35: _PyEval_Vector
        at /usr/local/src/conda/python-3.10.18/Python/ceval.c:5067
  36: PyEval_EvalCode
        at /usr/local/src/conda/python-3.10.18/Python/ceval.c:1134
  37: builtin_exec_impl
        at /usr/local/src/conda/python-3.10.18/Python/bltinmodule.c:1058
  38: builtin_exec
        at /usr/local/src/conda/python-3.10.18/Python/clinic/bltinmodule.c.h:371
  39: cfunction_vectorcall_FASTCALL
        at /usr/local/src/conda/python-3.10.18/Objects/methodobject.c:430
  40: _PyObject_VectorcallTstate
        at /usr/local/src/conda/python-3.10.18/Include/cpython/abstract.h:114
  41: PyObject_Vectorcall
        at /usr/local/src/conda/python-3.10.18/Include/cpython/abstract.h:123
  42: call_function
        at /usr/local/src/conda/python-3.10.18/Python/ceval.c:5893
  43: _PyEval_EvalFrameDefault
        at /usr/local/src/conda/python-3.10.18/Python/ceval.c:4213
  44: _PyEval_EvalFrame
        at /usr/local/src/conda/python-3.10.18/Include/internal/pycore_ceval.h:46
  45: _PyEval_Vector
        at /usr/local/src/conda/python-3.10.18/Python/ceval.c:5067
  46: _PyFunction_Vectorcall
        at /usr/local/src/conda/python-3.10.18/Objects/call.c:342
  47: _PyObject_VectorcallTstate
        at /usr/local/src/conda/python-3.10.18/Include/cpython/abstract.h:114
  48: PyObject_Vectorcall
        at /usr/local/src/conda/python-3.10.18/Include/cpython/abstract.h:123
  49: call_function
        at /usr/local/src/conda/python-3.10.18/Python/ceval.c:5893
  50: _PyEval_EvalFrameDefault
        at /usr/local/src/conda/python-3.10.18/Python/ceval.c:4213
  51: _PyEval_EvalFrame
        at /usr/local/src/conda/python-3.10.18/Include/internal/pycore_ceval.h:46
  52: _PyEval_Vector
        at /usr/local/src/conda/python-3.10.18/Python/ceval.c:5067
  53: _PyFunction_Vectorcall
        at /usr/local/src/conda/python-3.10.18/Objects/call.c:342
  54: pymain_run_module
        at /usr/local/src/conda/python-3.10.18/Modules/main.c:297
  55: pymain_run_python
        at /usr/local/src/conda/python-3.10.18/Modules/main.c:589
  56: Py_RunMain
        at /usr/local/src/conda/python-3.10.18/Modules/main.c:674
  57: Py_BytesMain
        at /usr/local/src/conda/python-3.10.18/Modules/main.c:1094
  58: __libc_start_main
        at ../csu/libc-start.c:308
  59: 0x000000000058728d
  60: 0xffffffffffffffff


*E*****Eterminate called after throwing an instance of 'tvm::runtime::InternalError'
  what():  [18:37:22] /data3/qsy/complier/tlm/src/runtime/cuda/cuda_module.cc:61: CUDAError: cuModuleUnload(module_[i]) failed with error: CUDA_ERROR_MISALIGNED_ADDRESS
Stack trace:
  0: tvm::runtime::SimpleObjAllocator::Handler<tvm::runtime::CUDAModuleNode>::Deleter_(tvm::runtime::Object*)
  1: tvm::runtime::SimpleObjAllocator::Handler<tvm::runtime::LibraryModuleNode>::Deleter_(tvm::runtime::Object*)
  2: _ZN3tvm7runtime18SimpleObjAllocator7HandlerINS0_16PackedFuncS
  3: _ZN3tvm7runtime18SimpleObjAllocator7HandlerINS0_16PackedFuncSubObjIZNS0_9profiling17WrapTimeE
  4: TVMObjectFree
  5: __pyx_tp_dealloc_3tvm_4_ffi_4_cy3_4core_PackedFuncBase(_object*)
  6: subtype_dealloc
        at /usr/local/src/conda/python-3.10.18/Objects/typeobject.c:1460
  7: _Py_DECREF
        at /usr/local/src/conda/python-3.10.18/Include/object.h:500
  8: _Py_XDECREF
        at /usr/local/src/conda/python-3.10.18/Include/object.h:567
  9: cell_dealloc
        at /usr/local/src/conda/python-3.10.18/Objects/cellobject.c:82
  10: _Py_Dealloc
        at /usr/local/src/conda/python-3.10.18/Objects/object.c:2301
  11: _Py_DECREF
        at /usr/local/src/conda/python-3.10.18/Include/object.h:500
  12: _Py_XDECREF
        at /usr/local/src/conda/python-3.10.18/Include/object.h:567
  13: tupledealloc
        at /usr/local/src/conda/python-3.10.18/Objects/tupleobject.c:276
  14: _Py_Dealloc
        at /usr/local/src/conda/python-3.10.18/Objects/object.c:2301
  15: _Py_DECREF
        at /usr/local/src/conda/python-3.10.18/Include/object.h:500
  16: func_clear
        at /usr/local/src/conda/python-3.10.18/Objects/funcobject.c:636
  17: func_dealloc
        at /usr/local/src/conda/python-3.10.18/Objects/funcobject.c:648
  18: _Py_Dealloc
        at /usr/local/src/conda/python-3.10.18/Objects/object.c:2301
  19: _Py_DECREF
        at /usr/local/src/conda/python-3.10.18/Include/object.h:500
  20: frame_dealloc
        at /usr/local/src/conda/python-3.10.18/Objects/frameobject.c:591
  21: _Py_Dealloc
        at /usr/local/src/conda/python-3.10.18/Objects/object.c:2301
  22: _Py_DECREF
        at /usr/local/src/conda/python-3.10.18/Include/object.h:500
  23: _PyEval_Vector
        at /usr/local/src/conda/python-3.10.18/Python/ceval.c:5080
  24: _PyFunction_Vectorcall
        at /usr/local/src/conda/python-3.10.18/Objects/call.c:342
  25: do_call_core
        at /usr/local/src/conda/python-3.10.18/Python/ceval.c:5945
  26: _PyEval_EvalFrameDefault
        at /usr/local/src/conda/python-3.10.18/Python/ceval.c:4277
  27: _PyEval_EvalFrame
        at /usr/local/src/conda/python-3.10.18/Include/internal/pycore_ceval.h:46
  28: _PyEval_Vector
        at /usr/local/src/conda/python-3.10.18/Python/ceval.c:5067
  29: _PyFunction_Vectorcall
        at /usr/local/src/conda/python-3.10.18/Objects/call.c:342
  30: _PyObject_VectorcallTstate
        at /usr/local/src/conda/python-3.10.18/Include/cpython/abstract.h:114
  31: PyObject_Vectorcall
        at /usr/local/src/conda/python-3.10.18/Include/cpython/abstract.h:123
  32: call_function
        at /usr/local/src/conda/python-3.10.18/Python/ceval.c:5893
  33: _PyEval_EvalFrameDefault
        at /usr/local/src/conda/python-3.10.18/Python/ceval.c:4213
  34: _PyEval_EvalFrame
        at /usr/local/src/conda/python-3.10.18/Include/internal/pycore_ceval.h:46
  35: _PyEval_Vector
        at /usr/local/src/conda/python-3.10.18/Python/ceval.c:5067
  36: PyEval_EvalCode
        at /usr/local/src/conda/python-3.10.18/Python/ceval.c:1134
  37: builtin_exec_impl
        at /usr/local/src/conda/python-3.10.18/Python/bltinmodule.c:1058
  38: builtin_exec
        at /usr/local/src/conda/python-3.10.18/Python/clinic/bltinmodule.c.h:371
  39: cfunction_vectorcall_FASTCALL
        at /usr/local/src/conda/python-3.10.18/Objects/methodobject.c:430
  40: _PyObject_VectorcallTstate
        at /usr/local/src/conda/python-3.10.18/Include/cpython/abstract.h:114
  41: PyObject_Vectorcall
        at /usr/local/src/conda/python-3.10.18/Include/cpython/abstract.h:123
  42: call_function
        at /usr/local/src/conda/python-3.10.18/Python/ceval.c:5893
  43: _PyEval_EvalFrameDefault
        at /usr/local/src/conda/python-3.10.18/Python/ceval.c:4213
  44: _PyEval_EvalFrame
        at /usr/local/src/conda/python-3.10.18/Include/internal/pycore_ceval.h:46
  45: _PyEval_Vector
        at /usr/local/src/conda/python-3.10.18/Python/ceval.c:5067
  46: _PyFunction_Vectorcall
        at /usr/local/src/conda/python-3.10.18/Objects/call.c:342
  47: _PyObject_VectorcallTstate
        at /usr/local/src/conda/python-3.10.18/Include/cpython/abstract.h:114
  48: PyObject_Vectorcall
        at /usr/local/src/conda/python-3.10.18/Include/cpython/abstract.h:123
  49: call_function
        at /usr/local/src/conda/python-3.10.18/Python/ceval.c:5893
  50: _PyEval_EvalFrameDefault
        at /usr/local/src/conda/python-3.10.18/Python/ceval.c:4213
  51: _PyEval_EvalFrame
        at /usr/local/src/conda/python-3.10.18/Include/internal/pycore_ceval.h:46
  52: _PyEval_Vector
        at /usr/local/src/conda/python-3.10.18/Python/ceval.c:5067
  53: _PyFunction_Vectorcall
        at /usr/local/src/conda/python-3.10.18/Objects/call.c:342
  54: pymain_run_module
        at /usr/local/src/conda/python-3.10.18/Modules/main.c:297
  55: pymain_run_python
        at /usr/local/src/conda/python-3.10.18/Modules/main.c:589
  56: Py_RunMain
        at /usr/local/src/conda/python-3.10.18/Modules/main.c:674
  57: Py_BytesMain
        at /usr/local/src/conda/python-3.10.18/Modules/main.c:1094
  58: __libc_start_main
        at ../csu/libc-start.c:308
  59: 0x000000000058728d
  60: 0xffffffffffffffff


*E*
Time elapsed for measurement: 44.78 s
----------------------------------------------------------------------
------------------------------  [ Train cost model ]
----------------------------------------------------------------------
Time elapsed for training: 0.00 s
----------------------------------------------------------------------
------------------------------  [ Task Scheduler ]
----------------------------------------------------------------------
----------------------------------------------------------------------
------------------------------  [ Search ]
----------------------------------------------------------------------
Generate Sketches		#s: 1
Sample Initial Population	#s: 83	fail_ct: 1965	Time elapsed: 6.99
GA Iter: 0	Max score: 0.9972	Min score: 0.0442	#Pop: 83	#M+: 0	#M-: 0
GA Iter: 4	Max score: 1.0000	Min score: 0.9783	#Pop: 128	#M+: 1399	#M-: 0
EvolutionarySearch		#s: 128	Time elapsed: 80.07
----------------------------------------------------------------------
------------------------------  [ Measure ]
----------------------------------------------------------------------
Get 64 programs to measure:
................................................................*E***************************************************************|  ID  |                       Task Description                        | Latency (ms) | Speed (GFLOPS) | Trials |
-----------------------------------------------------------------------------------------------------------------
|    0 |                                    vm_mod_fused_nn_conv2d_add |        0.015 |        6906.27 |     64 |
|    1 |                          vm_mod_fused_nn_conv2d_add_nn_relu_5 |        0.034 |        6090.24 |     64 |
|    2 |                                    vm_mod_fused_nn_max_pool2d |        0.004 |         505.25 |     64 |
|    3 |                          vm_mod_fused_nn_conv2d_add_nn_relu_1 |        0.007 |        7357.22 |     64 |
|    4 |                                     vm_mod_fused_nn_dense_add |        0.017 |         245.70 |     64 |
|    5 |                          vm_mod_fused_nn_conv2d_add_nn_relu_8 |        0.058 |        3529.12 |     64 |
|    6 |                                  vm_mod_fused_nn_conv2d_add_3 |        0.037 |        5497.74 |     64 |
|    7 |                      vm_mod_fused_nn_conv2d_add_add_nn_relu_3 |        0.049 |        4217.22 |     64 |
|    8 |                          vm_mod_fused_nn_conv2d_add_nn_relu_4 |        0.123 |        7542.53 |     64 |
|    9 |                        vm_mod_fused_nn_conv2d_add_add_nn_relu |        0.038 |        5463.84 |     64 |
|   10 |                      vm_mod_fused_nn_conv2d_add_add_nn_relu_1 |        0.030 |        6910.48 |     64 |
|   11 | vm_mod_fused_nn_contrib_conv2d_winograd_without_weight_transform_add_nn_relu_3 |        0.113 |        4912.24 |     64 |
|   12 |                                  vm_mod_fused_nn_conv2d_add_2 |        0.045 |        4554.29 |     64 |
|   13 |                            vm_mod_fused_nn_conv2d_add_nn_relu |        0.017 |       13986.58 |     64 |
|   14 |                          vm_mod_fused_nn_conv2d_add_nn_relu_7 |        0.323 |        2864.55 |     64 |
|   15 |                         vm_mod_fused_nn_conv2d_add_nn_relu_10 |        0.376 |        2459.61 |     64 |
|   16 | vm_mod_fused_nn_contrib_conv2d_winograd_without_weight_transform_add_nn_relu_1 |        0.085 |        5398.97 |     64 |
|   17 |                          vm_mod_fused_nn_conv2d_add_nn_relu_3 |        0.032 |       12819.96 |     64 |
|   18 |                           vm_mod_fused_nn_adaptive_avg_pool2d |        0.005 |          -0.00 |     64 |
|   19 |                         vm_mod_fused_nn_conv2d_add_nn_relu_11 |        0.080 |        2582.20 |     64 |
|   20 |                                  vm_mod_fused_nn_conv2d_add_1 |        0.046 |        4488.57 |     64 |
|   21 |                          vm_mod_fused_nn_conv2d_add_nn_relu_6 |            - |              - |      0 |
|   22 |                          vm_mod_fused_nn_conv2d_add_nn_relu_2 |            - |              - |      0 |
|   23 | vm_mod_fused_nn_contrib_conv2d_winograd_without_weight_transform_add_nn_relu |            - |              - |      0 |
|   24 |                      vm_mod_fused_nn_conv2d_add_add_nn_relu_2 |            - |              - |      0 |
|   25 |                          vm_mod_fused_nn_conv2d_add_nn_relu_9 |            - |              - |      0 |
|   26 | vm_mod_fused_nn_contrib_conv2d_winograd_without_weight_transform_add_nn_relu_2 |            - |              - |      0 |
-----------------------------------------------------------------------------------------------------------------
Estimated total latency: - ms	Trials: 1340	Used time : 2871 s	Next ID: 21	

Time elapsed for measurement: 27.74 s
----------------------------------------------------------------------
------------------------------  [ Train cost model ]
----------------------------------------------------------------------
Time elapsed for training: 2.00 s
----------------------------------------------------------------------
------------------------------  [ Task Scheduler ]
----------------------------------------------------------------------
----------------------------------------------------------------------
------------------------------  [ Search ]
----------------------------------------------------------------------
Generate Sketches		#s: 1
Sample Initial Population	#s: 95	fail_ct: 4001	Time elapsed: 13.91
GA Iter: 0	Max score: 0.9717	Min score: 0.0336	#Pop: 95	#M+: 0	#M-: 0
GA Iter: 4	Max score: 0.9996	Min score: 0.9786	#Pop: 128	#M+: 1392	#M-: 0
EvolutionarySearch		#s: 128	Time elapsed: 76.87
----------------------------------------------------------------------
------------------------------  [ Measure ]
----------------------------------------------------------------------
Get 64 programs to measure:
...............................................................|  ID  |                       Task Description                        | Latency (ms) | Speed (GFLOPS) | Trials |
-----------------------------------------------------------------------------------------------------------------
|    0 |                                    vm_mod_fused_nn_conv2d_add |        0.015 |        6906.27 |     64 |
|    1 |                          vm_mod_fused_nn_conv2d_add_nn_relu_5 |        0.034 |        6090.24 |     64 |
|    2 |                                    vm_mod_fused_nn_max_pool2d |        0.004 |         505.25 |     64 |
|    3 |                          vm_mod_fused_nn_conv2d_add_nn_relu_1 |        0.007 |        7357.22 |     64 |
|    4 |                                     vm_mod_fused_nn_dense_add |        0.017 |         245.70 |     64 |
|    5 |                          vm_mod_fused_nn_conv2d_add_nn_relu_8 |        0.058 |        3529.12 |     64 |
|    6 |                                  vm_mod_fused_nn_conv2d_add_3 |        0.037 |        5497.74 |     64 |
|    7 |                      vm_mod_fused_nn_conv2d_add_add_nn_relu_3 |        0.049 |        4217.22 |     64 |
|    8 |                          vm_mod_fused_nn_conv2d_add_nn_relu_4 |        0.123 |        7542.53 |     64 |
|    9 |                        vm_mod_fused_nn_conv2d_add_add_nn_relu |        0.038 |        5463.84 |     64 |
|   10 |                      vm_mod_fused_nn_conv2d_add_add_nn_relu_1 |        0.030 |        6910.48 |     64 |
|   11 | vm_mod_fused_nn_contrib_conv2d_winograd_without_weight_transform_add_nn_relu_3 |        0.113 |        4912.24 |     64 |
|   12 |                                  vm_mod_fused_nn_conv2d_add_2 |        0.045 |        4554.29 |     64 |
|   13 |                            vm_mod_fused_nn_conv2d_add_nn_relu |        0.017 |       13986.58 |     64 |
|   14 |                          vm_mod_fused_nn_conv2d_add_nn_relu_7 |        0.323 |        2864.55 |     64 |
|   15 |                         vm_mod_fused_nn_conv2d_add_nn_relu_10 |        0.376 |        2459.61 |     64 |
|   16 | vm_mod_fused_nn_contrib_conv2d_winograd_without_weight_transform_add_nn_relu_1 |        0.085 |        5398.97 |     64 |
|   17 |                          vm_mod_fused_nn_conv2d_add_nn_relu_3 |        0.032 |       12819.96 |     64 |
|   18 |                           vm_mod_fused_nn_adaptive_avg_pool2d |        0.005 |          -0.00 |     64 |
|   19 |                         vm_mod_fused_nn_conv2d_add_nn_relu_11 |        0.080 |        2582.20 |     64 |
|   20 |                                  vm_mod_fused_nn_conv2d_add_1 |        0.046 |        4488.57 |     64 |
|   21 |                          vm_mod_fused_nn_conv2d_add_nn_relu_6 |        0.045 |        9155.80 |     64 |
|   22 |                          vm_mod_fused_nn_conv2d_add_nn_relu_2 |            - |              - |      0 |
|   23 | vm_mod_fused_nn_contrib_conv2d_winograd_without_weight_transform_add_nn_relu |            - |              - |      0 |
|   24 |                      vm_mod_fused_nn_conv2d_add_add_nn_relu_2 |            - |              - |      0 |
|   25 |                          vm_mod_fused_nn_conv2d_add_nn_relu_9 |            - |              - |      0 |
|   26 | vm_mod_fused_nn_contrib_conv2d_winograd_without_weight_transform_add_nn_relu_2 |            - |              - |      0 |
-----------------------------------------------------------------------------------------------------------------
Estimated total latency: - ms	Trials: 1404	Used time : 2988 s	Next ID: 22	
.T************************************************************E***
Time elapsed for measurement: 38.43 s
----------------------------------------------------------------------
------------------------------  [ Train cost model ]
----------------------------------------------------------------------
Time elapsed for training: 0.00 s
----------------------------------------------------------------------
------------------------------  [ Task Scheduler ]
----------------------------------------------------------------------
----------------------------------------------------------------------
------------------------------  [ Search ]
----------------------------------------------------------------------
Generate Sketches		#s: 1
Sample Initial Population	#s: 60	fail_ct: 4036	Time elapsed: 30.54
GA Iter: 0	Max score: 0.9919	Min score: 0.0320	#Pop: 60	#M+: 0	#M-: 0
GA Iter: 4	Max score: 0.9999	Min score: 0.9821	#Pop: 128	#M+: 1388	#M-: 0
EvolutionarySearch		#s: 128	Time elapsed: 221.96
----------------------------------------------------------------------
------------------------------  [ Measure ]
----------------------------------------------------------------------
Get 64 programs to measure:
...........................................................|  ID  |                       Task Description                        | Latency (ms) | Speed (GFLOPS) | Trials |
-----------------------------------------------------------------------------------------------------------------
|    0 |                                    vm_mod_fused_nn_conv2d_add |        0.015 |        6906.27 |     64 |
|    1 |                          vm_mod_fused_nn_conv2d_add_nn_relu_5 |        0.034 |        6090.24 |     64 |
|    2 |                                    vm_mod_fused_nn_max_pool2d |        0.004 |         505.25 |     64 |
|    3 |                          vm_mod_fused_nn_conv2d_add_nn_relu_1 |        0.007 |        7357.22 |     64 |
|    4 |                                     vm_mod_fused_nn_dense_add |        0.017 |         245.70 |     64 |
|    5 |                          vm_mod_fused_nn_conv2d_add_nn_relu_8 |        0.058 |        3529.12 |     64 |
|    6 |                                  vm_mod_fused_nn_conv2d_add_3 |        0.037 |        5497.74 |     64 |
|    7 |                      vm_mod_fused_nn_conv2d_add_add_nn_relu_3 |        0.049 |        4217.22 |     64 |
|    8 |                          vm_mod_fused_nn_conv2d_add_nn_relu_4 |        0.123 |        7542.53 |     64 |
|    9 |                        vm_mod_fused_nn_conv2d_add_add_nn_relu |        0.038 |        5463.84 |     64 |
|   10 |                      vm_mod_fused_nn_conv2d_add_add_nn_relu_1 |        0.030 |        6910.48 |     64 |
|   11 | vm_mod_fused_nn_contrib_conv2d_winograd_without_weight_transform_add_nn_relu_3 |        0.113 |        4912.24 |     64 |
|   12 |                                  vm_mod_fused_nn_conv2d_add_2 |        0.045 |        4554.29 |     64 |
|   13 |                            vm_mod_fused_nn_conv2d_add_nn_relu |        0.017 |       13986.58 |     64 |
|   14 |                          vm_mod_fused_nn_conv2d_add_nn_relu_7 |        0.323 |        2864.55 |     64 |
|   15 |                         vm_mod_fused_nn_conv2d_add_nn_relu_10 |        0.376 |        2459.61 |     64 |
|   16 | vm_mod_fused_nn_contrib_conv2d_winograd_without_weight_transform_add_nn_relu_1 |        0.085 |        5398.97 |     64 |
|   17 |                          vm_mod_fused_nn_conv2d_add_nn_relu_3 |        0.032 |       12819.96 |     64 |
|   18 |                           vm_mod_fused_nn_adaptive_avg_pool2d |        0.005 |          -0.00 |     64 |
|   19 |                         vm_mod_fused_nn_conv2d_add_nn_relu_11 |        0.080 |        2582.20 |     64 |
|   20 |                                  vm_mod_fused_nn_conv2d_add_1 |        0.046 |        4488.57 |     64 |
|   21 |                          vm_mod_fused_nn_conv2d_add_nn_relu_6 |        0.045 |        9155.80 |     64 |
|   22 |                          vm_mod_fused_nn_conv2d_add_nn_relu_2 |        0.013 |       16046.02 |     64 |
|   23 | vm_mod_fused_nn_contrib_conv2d_winograd_without_weight_transform_add_nn_relu |            - |              - |      0 |
|   24 |                      vm_mod_fused_nn_conv2d_add_add_nn_relu_2 |            - |              - |      0 |
|   25 |                          vm_mod_fused_nn_conv2d_add_nn_relu_9 |            - |              - |      0 |
|   26 | vm_mod_fused_nn_contrib_conv2d_winograd_without_weight_transform_add_nn_relu_2 |            - |              - |      0 |
-----------------------------------------------------------------------------------------------------------------
Estimated total latency: - ms	Trials: 1468	Used time : 3118 s	Next ID: 23	
.T.T.T.T.T***********************************************************
Time elapsed for measurement: 40.21 s
----------------------------------------------------------------------
------------------------------  [ Train cost model ]
----------------------------------------------------------------------
Time elapsed for training: 0.00 s
----------------------------------------------------------------------
------------------------------  [ Task Scheduler ]
----------------------------------------------------------------------
----------------------------------------------------------------------
------------------------------  [ Search ]
----------------------------------------------------------------------
Generate Sketches		#s: 1
Sample Initial Population	#s: 77	fail_ct: 1971	Time elapsed: 6.66
GA Iter: 0	Max score: 0.9958	Min score: 0.0010	#Pop: 77	#M+: 0	#M-: 0
GA Iter: 4	Max score: 1.0000	Min score: 0.9799	#Pop: 128	#M+: 1388	#M-: 0
EvolutionarySearch		#s: 128	Time elapsed: 75.67
----------------------------------------------------------------------
------------------------------  [ Measure ]
----------------------------------------------------------------------
Get 64 programs to measure:
...............................................................|  ID  |                       Task Description                        | Latency (ms) | Speed (GFLOPS) | Trials |
-----------------------------------------------------------------------------------------------------------------
|    0 |                                    vm_mod_fused_nn_conv2d_add |        0.015 |        6906.27 |     64 |
|    1 |                          vm_mod_fused_nn_conv2d_add_nn_relu_5 |        0.034 |        6090.24 |     64 |
|    2 |                                    vm_mod_fused_nn_max_pool2d |        0.004 |         505.25 |     64 |
|    3 |                          vm_mod_fused_nn_conv2d_add_nn_relu_1 |        0.007 |        7357.22 |     64 |
|    4 |                                     vm_mod_fused_nn_dense_add |        0.017 |         245.70 |     64 |
|    5 |                          vm_mod_fused_nn_conv2d_add_nn_relu_8 |        0.058 |        3529.12 |     64 |
|    6 |                                  vm_mod_fused_nn_conv2d_add_3 |        0.037 |        5497.74 |     64 |
|    7 |                      vm_mod_fused_nn_conv2d_add_add_nn_relu_3 |        0.049 |        4217.22 |     64 |
|    8 |                          vm_mod_fused_nn_conv2d_add_nn_relu_4 |        0.123 |        7542.53 |     64 |
|    9 |                        vm_mod_fused_nn_conv2d_add_add_nn_relu |        0.038 |        5463.84 |     64 |
|   10 |                      vm_mod_fused_nn_conv2d_add_add_nn_relu_1 |        0.030 |        6910.48 |     64 |
|   11 | vm_mod_fused_nn_contrib_conv2d_winograd_without_weight_transform_add_nn_relu_3 |        0.113 |        4912.24 |     64 |
|   12 |                                  vm_mod_fused_nn_conv2d_add_2 |        0.045 |        4554.29 |     64 |
|   13 |                            vm_mod_fused_nn_conv2d_add_nn_relu |        0.017 |       13986.58 |     64 |
|   14 |                          vm_mod_fused_nn_conv2d_add_nn_relu_7 |        0.323 |        2864.55 |     64 |
|   15 |                         vm_mod_fused_nn_conv2d_add_nn_relu_10 |        0.376 |        2459.61 |     64 |
|   16 | vm_mod_fused_nn_contrib_conv2d_winograd_without_weight_transform_add_nn_relu_1 |        0.085 |        5398.97 |     64 |
|   17 |                          vm_mod_fused_nn_conv2d_add_nn_relu_3 |        0.032 |       12819.96 |     64 |
|   18 |                           vm_mod_fused_nn_adaptive_avg_pool2d |        0.005 |          -0.00 |     64 |
|   19 |                         vm_mod_fused_nn_conv2d_add_nn_relu_11 |        0.080 |        2582.20 |     64 |
|   20 |                                  vm_mod_fused_nn_conv2d_add_1 |        0.046 |        4488.57 |     64 |
|   21 |                          vm_mod_fused_nn_conv2d_add_nn_relu_6 |        0.045 |        9155.80 |     64 |
|   22 |                          vm_mod_fused_nn_conv2d_add_nn_relu_2 |        0.013 |       16046.02 |     64 |
|   23 | vm_mod_fused_nn_contrib_conv2d_winograd_without_weight_transform_add_nn_relu |        0.059 |        6293.84 |     64 |
|   24 |                      vm_mod_fused_nn_conv2d_add_add_nn_relu_2 |            - |              - |      0 |
|   25 |                          vm_mod_fused_nn_conv2d_add_nn_relu_9 |            - |              - |      0 |
|   26 | vm_mod_fused_nn_contrib_conv2d_winograd_without_weight_transform_add_nn_relu_2 |            - |              - |      0 |
-----------------------------------------------------------------------------------------------------------------
Estimated total latency: - ms	Trials: 1532	Used time : 3411 s	Next ID: 24	
.T*********************************E******************************
Time elapsed for measurement: 37.35 s
----------------------------------------------------------------------
------------------------------  [ Train cost model ]
----------------------------------------------------------------------
Time elapsed for training: 0.00 s
----------------------------------------------------------------------
------------------------------  [ Task Scheduler ]
----------------------------------------------------------------------
----------------------------------------------------------------------
------------------------------  [ Search ]
----------------------------------------------------------------------
Generate Sketches		#s: 1
Sample Initial Population	#s: 58	fail_ct: 1990	Time elapsed: 6.88
GA Iter: 0	Max score: 0.9967	Min score: 0.0185	#Pop: 58	#M+: 0	#M-: 0
GA Iter: 4	Max score: 0.9998	Min score: 0.9781	#Pop: 128	#M+: 1384	#M-: 0
EvolutionarySearch		#s: 128	Time elapsed: 73.26
----------------------------------------------------------------------
------------------------------  [ Measure ]
----------------------------------------------------------------------
Get 64 programs to measure:
................................................................****************************************************************|  ID  |                       Task Description                        | Latency (ms) | Speed (GFLOPS) | Trials |
-----------------------------------------------------------------------------------------------------------------
|    0 |                                    vm_mod_fused_nn_conv2d_add |        0.015 |        6906.27 |     64 |
|    1 |                          vm_mod_fused_nn_conv2d_add_nn_relu_5 |        0.034 |        6090.24 |     64 |
|    2 |                                    vm_mod_fused_nn_max_pool2d |        0.004 |         505.25 |     64 |
|    3 |                          vm_mod_fused_nn_conv2d_add_nn_relu_1 |        0.007 |        7357.22 |     64 |
|    4 |                                     vm_mod_fused_nn_dense_add |        0.017 |         245.70 |     64 |
|    5 |                          vm_mod_fused_nn_conv2d_add_nn_relu_8 |        0.058 |        3529.12 |     64 |
|    6 |                                  vm_mod_fused_nn_conv2d_add_3 |        0.037 |        5497.74 |     64 |
|    7 |                      vm_mod_fused_nn_conv2d_add_add_nn_relu_3 |        0.049 |        4217.22 |     64 |
|    8 |                          vm_mod_fused_nn_conv2d_add_nn_relu_4 |        0.123 |        7542.53 |     64 |
|    9 |                        vm_mod_fused_nn_conv2d_add_add_nn_relu |        0.038 |        5463.84 |     64 |
|   10 |                      vm_mod_fused_nn_conv2d_add_add_nn_relu_1 |        0.030 |        6910.48 |     64 |
|   11 | vm_mod_fused_nn_contrib_conv2d_winograd_without_weight_transform_add_nn_relu_3 |        0.113 |        4912.24 |     64 |
|   12 |                                  vm_mod_fused_nn_conv2d_add_2 |        0.045 |        4554.29 |     64 |
|   13 |                            vm_mod_fused_nn_conv2d_add_nn_relu |        0.017 |       13986.58 |     64 |
|   14 |                          vm_mod_fused_nn_conv2d_add_nn_relu_7 |        0.323 |        2864.55 |     64 |
|   15 |                         vm_mod_fused_nn_conv2d_add_nn_relu_10 |        0.376 |        2459.61 |     64 |
|   16 | vm_mod_fused_nn_contrib_conv2d_winograd_without_weight_transform_add_nn_relu_1 |        0.085 |        5398.97 |     64 |
|   17 |                          vm_mod_fused_nn_conv2d_add_nn_relu_3 |        0.032 |       12819.96 |     64 |
|   18 |                           vm_mod_fused_nn_adaptive_avg_pool2d |        0.005 |          -0.00 |     64 |
|   19 |                         vm_mod_fused_nn_conv2d_add_nn_relu_11 |        0.080 |        2582.20 |     64 |
|   20 |                                  vm_mod_fused_nn_conv2d_add_1 |        0.046 |        4488.57 |     64 |
|   21 |                          vm_mod_fused_nn_conv2d_add_nn_relu_6 |        0.045 |        9155.80 |     64 |
|   22 |                          vm_mod_fused_nn_conv2d_add_nn_relu_2 |        0.013 |       16046.02 |     64 |
|   23 | vm_mod_fused_nn_contrib_conv2d_winograd_without_weight_transform_add_nn_relu |        0.059 |        6293.84 |     64 |
|   24 |                      vm_mod_fused_nn_conv2d_add_add_nn_relu_2 |        0.029 |        7221.19 |     64 |
|   25 |                          vm_mod_fused_nn_conv2d_add_nn_relu_9 |            - |              - |      0 |
|   26 | vm_mod_fused_nn_contrib_conv2d_winograd_without_weight_transform_add_nn_relu_2 |            - |              - |      0 |
-----------------------------------------------------------------------------------------------------------------
Estimated total latency: - ms	Trials: 1596	Used time : 3531 s	Next ID: 25	

Time elapsed for measurement: 38.60 s
----------------------------------------------------------------------
------------------------------  [ Train cost model ]
----------------------------------------------------------------------
Time elapsed for training: 0.00 s
----------------------------------------------------------------------
------------------------------  [ Task Scheduler ]
----------------------------------------------------------------------
----------------------------------------------------------------------
------------------------------  [ Search ]
----------------------------------------------------------------------
Generate Sketches		#s: 1
Sample Initial Population	#s: 79	fail_ct: 4017	Time elapsed: 30.29
GA Iter: 0	Max score: 0.9924	Min score: 0.0186	#Pop: 79	#M+: 0	#M-: 0
GA Iter: 4	Max score: 1.0000	Min score: 0.9807	#Pop: 128	#M+: 1391	#M-: 0
EvolutionarySearch		#s: 128	Time elapsed: 203.30
----------------------------------------------------------------------
------------------------------  [ Measure ]
----------------------------------------------------------------------
Get 64 programs to measure:
..............................................................|  ID  |                       Task Description                        | Latency (ms) | Speed (GFLOPS) | Trials |
-----------------------------------------------------------------------------------------------------------------
|    0 |                                    vm_mod_fused_nn_conv2d_add |        0.015 |        6906.27 |     64 |
|    1 |                          vm_mod_fused_nn_conv2d_add_nn_relu_5 |        0.034 |        6090.24 |     64 |
|    2 |                                    vm_mod_fused_nn_max_pool2d |        0.004 |         505.25 |     64 |
|    3 |                          vm_mod_fused_nn_conv2d_add_nn_relu_1 |        0.007 |        7357.22 |     64 |
|    4 |                                     vm_mod_fused_nn_dense_add |        0.017 |         245.70 |     64 |
|    5 |                          vm_mod_fused_nn_conv2d_add_nn_relu_8 |        0.058 |        3529.12 |     64 |
|    6 |                                  vm_mod_fused_nn_conv2d_add_3 |        0.037 |        5497.74 |     64 |
|    7 |                      vm_mod_fused_nn_conv2d_add_add_nn_relu_3 |        0.049 |        4217.22 |     64 |
|    8 |                          vm_mod_fused_nn_conv2d_add_nn_relu_4 |        0.123 |        7542.53 |     64 |
|    9 |                        vm_mod_fused_nn_conv2d_add_add_nn_relu |        0.038 |        5463.84 |     64 |
|   10 |                      vm_mod_fused_nn_conv2d_add_add_nn_relu_1 |        0.030 |        6910.48 |     64 |
|   11 | vm_mod_fused_nn_contrib_conv2d_winograd_without_weight_transform_add_nn_relu_3 |        0.113 |        4912.24 |     64 |
|   12 |                                  vm_mod_fused_nn_conv2d_add_2 |        0.045 |        4554.29 |     64 |
|   13 |                            vm_mod_fused_nn_conv2d_add_nn_relu |        0.017 |       13986.58 |     64 |
|   14 |                          vm_mod_fused_nn_conv2d_add_nn_relu_7 |        0.323 |        2864.55 |     64 |
|   15 |                         vm_mod_fused_nn_conv2d_add_nn_relu_10 |        0.376 |        2459.61 |     64 |
|   16 | vm_mod_fused_nn_contrib_conv2d_winograd_without_weight_transform_add_nn_relu_1 |        0.085 |        5398.97 |     64 |
|   17 |                          vm_mod_fused_nn_conv2d_add_nn_relu_3 |        0.032 |       12819.96 |     64 |
|   18 |                           vm_mod_fused_nn_adaptive_avg_pool2d |        0.005 |          -0.00 |     64 |
|   19 |                         vm_mod_fused_nn_conv2d_add_nn_relu_11 |        0.080 |        2582.20 |     64 |
|   20 |                                  vm_mod_fused_nn_conv2d_add_1 |        0.046 |        4488.57 |     64 |
|   21 |                          vm_mod_fused_nn_conv2d_add_nn_relu_6 |        0.045 |        9155.80 |     64 |
|   22 |                          vm_mod_fused_nn_conv2d_add_nn_relu_2 |        0.013 |       16046.02 |     64 |
|   23 | vm_mod_fused_nn_contrib_conv2d_winograd_without_weight_transform_add_nn_relu |        0.059 |        6293.84 |     64 |
|   24 |                      vm_mod_fused_nn_conv2d_add_add_nn_relu_2 |        0.029 |        7221.19 |     64 |
|   25 |                          vm_mod_fused_nn_conv2d_add_nn_relu_9 |        0.040 |       10305.54 |     64 |
|   26 | vm_mod_fused_nn_contrib_conv2d_winograd_without_weight_transform_add_nn_relu_2 |            - |              - |      0 |
-----------------------------------------------------------------------------------------------------------------
Estimated total latency: - ms	Trials: 1660	Used time : 3650 s	Next ID: 26	
.T.T**************************************************************
Time elapsed for measurement: 42.85 s
----------------------------------------------------------------------
------------------------------  [ Train cost model ]
----------------------------------------------------------------------
Time elapsed for training: 7.03 s
----------------------------------------------------------------------
------------------------------  [ Task Scheduler ]
----------------------------------------------------------------------
----------------------------------------------------------------------
------------------------------  [ Search ]
----------------------------------------------------------------------
Sample Initial Population	#s: 77	fail_ct: 4019	Time elapsed: 31.57
GA Iter: 0	Max score: 0.9977	Min score: 0.0004	#Pop: 77	#M+: 0	#M-: 0
GA Iter: 4	Max score: 0.9999	Min score: 0.9801	#Pop: 128	#M+: 1399	#M-: 0
EvolutionarySearch		#s: 128	Time elapsed: 210.65
----------------------------------------------------------------------
------------------------------  [ Measure ]
----------------------------------------------------------------------
Get 64 programs to measure:
..............................................................|  ID  |                       Task Description                        | Latency (ms) | Speed (GFLOPS) | Trials |
-----------------------------------------------------------------------------------------------------------------
|    0 |                                    vm_mod_fused_nn_conv2d_add |        0.015 |        6906.27 |     64 |
|    1 |                          vm_mod_fused_nn_conv2d_add_nn_relu_5 |        0.034 |        6090.24 |     64 |
|    2 |                                    vm_mod_fused_nn_max_pool2d |        0.004 |         505.25 |     64 |
|    3 |                          vm_mod_fused_nn_conv2d_add_nn_relu_1 |        0.007 |        7357.22 |     64 |
|    4 |                                     vm_mod_fused_nn_dense_add |        0.017 |         245.70 |     64 |
|    5 |                          vm_mod_fused_nn_conv2d_add_nn_relu_8 |        0.058 |        3529.12 |     64 |
|    6 |                                  vm_mod_fused_nn_conv2d_add_3 |        0.037 |        5497.74 |     64 |
|    7 |                      vm_mod_fused_nn_conv2d_add_add_nn_relu_3 |        0.049 |        4217.22 |     64 |
|    8 |                          vm_mod_fused_nn_conv2d_add_nn_relu_4 |        0.123 |        7542.53 |     64 |
|    9 |                        vm_mod_fused_nn_conv2d_add_add_nn_relu |        0.038 |        5463.84 |     64 |
|   10 |                      vm_mod_fused_nn_conv2d_add_add_nn_relu_1 |        0.030 |        6910.48 |     64 |
|   11 | vm_mod_fused_nn_contrib_conv2d_winograd_without_weight_transform_add_nn_relu_3 |        0.113 |        4912.24 |     64 |
|   12 |                                  vm_mod_fused_nn_conv2d_add_2 |        0.045 |        4554.29 |     64 |
|   13 |                            vm_mod_fused_nn_conv2d_add_nn_relu |        0.017 |       13986.58 |     64 |
|   14 |                          vm_mod_fused_nn_conv2d_add_nn_relu_7 |        0.323 |        2864.55 |     64 |
|   15 |                         vm_mod_fused_nn_conv2d_add_nn_relu_10 |        0.376 |        2459.61 |     64 |
|   16 | vm_mod_fused_nn_contrib_conv2d_winograd_without_weight_transform_add_nn_relu_1 |        0.085 |        5398.97 |     64 |
|   17 |                          vm_mod_fused_nn_conv2d_add_nn_relu_3 |        0.032 |       12819.96 |     64 |
|   18 |                           vm_mod_fused_nn_adaptive_avg_pool2d |        0.005 |          -0.00 |     64 |
|   19 |                         vm_mod_fused_nn_conv2d_add_nn_relu_11 |        0.080 |        2582.20 |     64 |
|   20 |                                  vm_mod_fused_nn_conv2d_add_1 |        0.046 |        4488.57 |     64 |
|   21 |                          vm_mod_fused_nn_conv2d_add_nn_relu_6 |        0.045 |        9155.80 |     64 |
|   22 |                          vm_mod_fused_nn_conv2d_add_nn_relu_2 |        0.013 |       16046.02 |     64 |
|   23 | vm_mod_fused_nn_contrib_conv2d_winograd_without_weight_transform_add_nn_relu |        0.059 |        6293.84 |     64 |
|   24 |                      vm_mod_fused_nn_conv2d_add_add_nn_relu_2 |        0.029 |        7221.19 |     64 |
|   25 |                          vm_mod_fused_nn_conv2d_add_nn_relu_9 |        0.040 |       10305.54 |     64 |
|   26 | vm_mod_fused_nn_contrib_conv2d_winograd_without_weight_transform_add_nn_relu_2 |        0.082 |        5320.98 |     64 |
-----------------------------------------------------------------------------------------------------------------
Estimated total latency: 3.328 ms	Trials: 1724	Used time : 3934 s	Next ID: 26	
.T.T*************Eterminate called after throwing an instance of 'tvm::runtime::InternalError'
  what():  [18:59:33] /data3/qsy/complier/tlm/src/runtime/cuda/cuda_module.cc:61: CUDAError: cuModuleUnload(module_[i]) failed with error: CUDA_ERROR_MISALIGNED_ADDRESS
Stack trace:
  0: tvm::runtime::SimpleObjAllocator::Handler<tvm::runtime::CUDAModuleNode>::Deleter_(tvm::runtime::Object*)
  1: tvm::runtime::SimpleObjAllocator::Handler<tvm::runtime::LibraryModuleNode>::Deleter_(tvm::runtime::Object*)
  2: _ZN3tvm7runtime18SimpleObjAllocator7HandlerINS0_16PackedFuncS
  3: _ZN3tvm7runtime18SimpleObjAllocator7HandlerINS0_16PackedFuncSubObjIZNS0_9profiling17WrapTimeE
  4: TVMObjectFree
  5: __pyx_tp_dealloc_3tvm_4_ffi_4_cy3_4core_PackedFuncBase(_object*)
  6: subtype_dealloc
        at /usr/local/src/conda/python-3.10.18/Objects/typeobject.c:1460
  7: _Py_DECREF
        at /usr/local/src/conda/python-3.10.18/Include/object.h:500
  8: _Py_XDECREF
        at /usr/local/src/conda/python-3.10.18/Include/object.h:567
  9: cell_dealloc
        at /usr/local/src/conda/python-3.10.18/Objects/cellobject.c:82
  10: _Py_Dealloc
        at /usr/local/src/conda/python-3.10.18/Objects/object.c:2301
  11: _Py_DECREF
        at /usr/local/src/conda/python-3.10.18/Include/object.h:500
  12: _Py_XDECREF
        at /usr/local/src/conda/python-3.10.18/Include/object.h:567
  13: tupledealloc
        at /usr/local/src/conda/python-3.10.18/Objects/tupleobject.c:276
  14: _Py_Dealloc
        at /usr/local/src/conda/python-3.10.18/Objects/object.c:2301
  15: _Py_DECREF
        at /usr/local/src/conda/python-3.10.18/Include/object.h:500
  16: func_clear
        at /usr/local/src/conda/python-3.10.18/Objects/funcobject.c:636
  17: func_dealloc
        at /usr/local/src/conda/python-3.10.18/Objects/funcobject.c:648
  18: _Py_Dealloc
        at /usr/local/src/conda/python-3.10.18/Objects/object.c:2301
  19: _Py_DECREF
        at /usr/local/src/conda/python-3.10.18/Include/object.h:500
  20: frame_dealloc
        at /usr/local/src/conda/python-3.10.18/Objects/frameobject.c:591
  21: _Py_Dealloc
        at /usr/local/src/conda/python-3.10.18/Objects/object.c:2301
  22: _Py_DECREF
        at /usr/local/src/conda/python-3.10.18/Include/object.h:500
  23: _PyEval_Vector
        at /usr/local/src/conda/python-3.10.18/Python/ceval.c:5080
  24: _PyFunction_Vectorcall
        at /usr/local/src/conda/python-3.10.18/Objects/call.c:342
  25: do_call_core
        at /usr/local/src/conda/python-3.10.18/Python/ceval.c:5945
  26: _PyEval_EvalFrameDefault
        at /usr/local/src/conda/python-3.10.18/Python/ceval.c:4277
  27: _PyEval_EvalFrame
        at /usr/local/src/conda/python-3.10.18/Include/internal/pycore_ceval.h:46
  28: _PyEval_Vector
        at /usr/local/src/conda/python-3.10.18/Python/ceval.c:5067
  29: _PyFunction_Vectorcall
        at /usr/local/src/conda/python-3.10.18/Objects/call.c:342
  30: _PyObject_VectorcallTstate
        at /usr/local/src/conda/python-3.10.18/Include/cpython/abstract.h:114
  31: PyObject_Vectorcall
        at /usr/local/src/conda/python-3.10.18/Include/cpython/abstract.h:123
  32: call_function
        at /usr/local/src/conda/python-3.10.18/Python/ceval.c:5893
  33: _PyEval_EvalFrameDefault
        at /usr/local/src/conda/python-3.10.18/Python/ceval.c:4213
  34: _PyEval_EvalFrame
        at /usr/local/src/conda/python-3.10.18/Include/internal/pycore_ceval.h:46
  35: _PyEval_Vector
        at /usr/local/src/conda/python-3.10.18/Python/ceval.c:5067
  36: PyEval_EvalCode
        at /usr/local/src/conda/python-3.10.18/Python/ceval.c:1134
  37: builtin_exec_impl
        at /usr/local/src/conda/python-3.10.18/Python/bltinmodule.c:1058
  38: builtin_exec
        at /usr/local/src/conda/python-3.10.18/Python/clinic/bltinmodule.c.h:371
  39: cfunction_vectorcall_FASTCALL
        at /usr/local/src/conda/python-3.10.18/Objects/methodobject.c:430
  40: _PyObject_VectorcallTstate
        at /usr/local/src/conda/python-3.10.18/Include/cpython/abstract.h:114
  41: PyObject_Vectorcall
        at /usr/local/src/conda/python-3.10.18/Include/cpython/abstract.h:123
  42: call_function
        at /usr/local/src/conda/python-3.10.18/Python/ceval.c:5893
  43: _PyEval_EvalFrameDefault
        at /usr/local/src/conda/python-3.10.18/Python/ceval.c:4213
  44: _PyEval_EvalFrame
        at /usr/local/src/conda/python-3.10.18/Include/internal/pycore_ceval.h:46
  45: _PyEval_Vector
        at /usr/local/src/conda/python-3.10.18/Python/ceval.c:5067
  46: _PyFunction_Vectorcall
        at /usr/local/src/conda/python-3.10.18/Objects/call.c:342
  47: _PyObject_VectorcallTstate
        at /usr/local/src/conda/python-3.10.18/Include/cpython/abstract.h:114
  48: PyObject_Vectorcall
        at /usr/local/src/conda/python-3.10.18/Include/cpython/abstract.h:123
  49: call_function
        at /usr/local/src/conda/python-3.10.18/Python/ceval.c:5893
  50: _PyEval_EvalFrameDefault
        at /usr/local/src/conda/python-3.10.18/Python/ceval.c:4213
  51: _PyEval_EvalFrame
        at /usr/local/src/conda/python-3.10.18/Include/internal/pycore_ceval.h:46
  52: _PyEval_Vector
        at /usr/local/src/conda/python-3.10.18/Python/ceval.c:5067
  53: _PyFunction_Vectorcall
        at /usr/local/src/conda/python-3.10.18/Objects/call.c:342
  54: pymain_run_module
        at /usr/local/src/conda/python-3.10.18/Modules/main.c:297
  55: pymain_run_python
        at /usr/local/src/conda/python-3.10.18/Modules/main.c:589
  56: Py_RunMain
        at /usr/local/src/conda/python-3.10.18/Modules/main.c:674
  57: Py_BytesMain
        at /usr/local/src/conda/python-3.10.18/Modules/main.c:1094
  58: __libc_start_main
        at ../csu/libc-start.c:308
  59: 0x000000000058728d
  60: 0xffffffffffffffff


*E*************************************************
Time elapsed for measurement: 41.16 s
----------------------------------------------------------------------
------------------------------  [ Train cost model ]
----------------------------------------------------------------------
Time elapsed for training: 0.00 s
----------------------------------------------------------------------
------------------------------  [ Task Scheduler ]
----------------------------------------------------------------------
----------------------------------------------------------------------
------------------------------  [ Search ]
----------------------------------------------------------------------
Sample Initial Population	#s: 94	fail_ct: 4002	Time elapsed: 13.53
GA Iter: 0	Max score: 0.6494	Min score: -0.2690	#Pop: 94	#M+: 0	#M-: 0
GA Iter: 4	Max score: 1.8493	Min score: 0.9988	#Pop: 128	#M+: 1397	#M-: 0
EvolutionarySearch		#s: 128	Time elapsed: 93.98
----------------------------------------------------------------------
------------------------------  [ Measure ]
----------------------------------------------------------------------
Get 64 programs to measure:
................................................................*****************************************Eterminate called after throwing an instance of 'tvm::runtime::InternalError'
  what():  [19:02:09] /data3/qsy/complier/tlm/src/runtime/cuda/cuda_module.cc:61: CUDAError: cuModuleUnload(module_[i]) failed with error: CUDA_ERROR_MISALIGNED_ADDRESS
Stack trace:
  0: tvm::runtime::SimpleObjAllocator::Handler<tvm::runtime::CUDAModuleNode>::Deleter_(tvm::runtime::Object*)
  1: tvm::runtime::SimpleObjAllocator::Handler<tvm::runtime::LibraryModuleNode>::Deleter_(tvm::runtime::Object*)
  2: _ZN3tvm7runtime18SimpleObjAllocator7HandlerINS0_16PackedFuncS
  3: _ZN3tvm7runtime18SimpleObjAllocator7HandlerINS0_16PackedFuncSubObjIZNS0_9profiling17WrapTimeE
  4: TVMObjectFree
  5: __pyx_tp_dealloc_3tvm_4_ffi_4_cy3_4core_PackedFuncBase(_object*)
  6: subtype_dealloc
        at /usr/local/src/conda/python-3.10.18/Objects/typeobject.c:1460
  7: _Py_DECREF
        at /usr/local/src/conda/python-3.10.18/Include/object.h:500
  8: _Py_XDECREF
        at /usr/local/src/conda/python-3.10.18/Include/object.h:567
  9: cell_dealloc
        at /usr/local/src/conda/python-3.10.18/Objects/cellobject.c:82
  10: _Py_Dealloc
        at /usr/local/src/conda/python-3.10.18/Objects/object.c:2301
  11: _Py_DECREF
        at /usr/local/src/conda/python-3.10.18/Include/object.h:500
  12: _Py_XDECREF
        at /usr/local/src/conda/python-3.10.18/Include/object.h:567
  13: tupledealloc
        at /usr/local/src/conda/python-3.10.18/Objects/tupleobject.c:276
  14: _Py_Dealloc
        at /usr/local/src/conda/python-3.10.18/Objects/object.c:2301
  15: _Py_DECREF
        at /usr/local/src/conda/python-3.10.18/Include/object.h:500
  16: func_clear
        at /usr/local/src/conda/python-3.10.18/Objects/funcobject.c:636
  17: func_dealloc
        at /usr/local/src/conda/python-3.10.18/Objects/funcobject.c:648
  18: _Py_Dealloc
        at /usr/local/src/conda/python-3.10.18/Objects/object.c:2301
  19: _Py_DECREF
        at /usr/local/src/conda/python-3.10.18/Include/object.h:500
  20: frame_dealloc
        at /usr/local/src/conda/python-3.10.18/Objects/frameobject.c:591
  21: _Py_Dealloc
        at /usr/local/src/conda/python-3.10.18/Objects/object.c:2301
  22: _Py_DECREF
        at /usr/local/src/conda/python-3.10.18/Include/object.h:500
  23: _PyEval_Vector
        at /usr/local/src/conda/python-3.10.18/Python/ceval.c:5080
  24: _PyFunction_Vectorcall
        at /usr/local/src/conda/python-3.10.18/Objects/call.c:342
  25: do_call_core
        at /usr/local/src/conda/python-3.10.18/Python/ceval.c:5945
  26: _PyEval_EvalFrameDefault
        at /usr/local/src/conda/python-3.10.18/Python/ceval.c:4277
  27: _PyEval_EvalFrame
        at /usr/local/src/conda/python-3.10.18/Include/internal/pycore_ceval.h:46
  28: _PyEval_Vector
        at /usr/local/src/conda/python-3.10.18/Python/ceval.c:5067
  29: _PyFunction_Vectorcall
        at /usr/local/src/conda/python-3.10.18/Objects/call.c:342
  30: _PyObject_VectorcallTstate
        at /usr/local/src/conda/python-3.10.18/Include/cpython/abstract.h:114
  31: PyObject_Vectorcall
        at /usr/local/src/conda/python-3.10.18/Include/cpython/abstract.h:123
  32: call_function
        at /usr/local/src/conda/python-3.10.18/Python/ceval.c:5893
  33: _PyEval_EvalFrameDefault
        at /usr/local/src/conda/python-3.10.18/Python/ceval.c:4213
  34: _PyEval_EvalFrame
        at /usr/local/src/conda/python-3.10.18/Include/internal/pycore_ceval.h:46
  35: _PyEval_Vector
        at /usr/local/src/conda/python-3.10.18/Python/ceval.c:5067
  36: PyEval_EvalCode
        at /usr/local/src/conda/python-3.10.18/Python/ceval.c:1134
  37: builtin_exec_impl
        at /usr/local/src/conda/python-3.10.18/Python/bltinmodule.c:1058
  38: builtin_exec
        at /usr/local/src/conda/python-3.10.18/Python/clinic/bltinmodule.c.h:371
  39: cfunction_vectorcall_FASTCALL
        at /usr/local/src/conda/python-3.10.18/Objects/methodobject.c:430
  40: _PyObject_VectorcallTstate
        at /usr/local/src/conda/python-3.10.18/Include/cpython/abstract.h:114
  41: PyObject_Vectorcall
        at /usr/local/src/conda/python-3.10.18/Include/cpython/abstract.h:123
  42: call_function
        at /usr/local/src/conda/python-3.10.18/Python/ceval.c:5893
  43: _PyEval_EvalFrameDefault
        at /usr/local/src/conda/python-3.10.18/Python/ceval.c:4213
  44: _PyEval_EvalFrame
        at /usr/local/src/conda/python-3.10.18/Include/internal/pycore_ceval.h:46
  45: _PyEval_Vector
        at /usr/local/src/conda/python-3.10.18/Python/ceval.c:5067
  46: _PyFunction_Vectorcall
        at /usr/local/src/conda/python-3.10.18/Objects/call.c:342
  47: _PyObject_VectorcallTstate
        at /usr/local/src/conda/python-3.10.18/Include/cpython/abstract.h:114
  48: PyObject_Vectorcall
        at /usr/local/src/conda/python-3.10.18/Include/cpython/abstract.h:123
  49: call_function
        at /usr/local/src/conda/python-3.10.18/Python/ceval.c:5893
  50: _PyEval_EvalFrameDefault
        at /usr/local/src/conda/python-3.10.18/Python/ceval.c:4213
  51: _PyEval_EvalFrame
        at /usr/local/src/conda/python-3.10.18/Include/internal/pycore_ceval.h:46
  52: _PyEval_Vector
        at /usr/local/src/conda/python-3.10.18/Python/ceval.c:5067
  53: _PyFunction_Vectorcall
        at /usr/local/src/conda/python-3.10.18/Objects/call.c:342
  54: pymain_run_module
        at /usr/local/src/conda/python-3.10.18/Modules/main.c:297
  55: pymain_run_python
        at /usr/local/src/conda/python-3.10.18/Modules/main.c:589
  56: Py_RunMain
        at /usr/local/src/conda/python-3.10.18/Modules/main.c:674
  57: Py_BytesMain
        at /usr/local/src/conda/python-3.10.18/Modules/main.c:1094
  58: __libc_start_main
        at ../csu/libc-start.c:308
  59: 0x000000000058728d
  60: 0xffffffffffffffff


|  ID  |                       Task Description                        | Latency (ms) | Speed (GFLOPS) | Trials |
-----------------------------------------------------------------------------------------------------------------
|    0 |                                    vm_mod_fused_nn_conv2d_add |        0.015 |        6906.27 |     64 |
|    1 |                          vm_mod_fused_nn_conv2d_add_nn_relu_5 |        0.034 |        6090.24 |     64 |
|    2 |                                    vm_mod_fused_nn_max_pool2d |        0.004 |         505.25 |     64 |
|    3 |                          vm_mod_fused_nn_conv2d_add_nn_relu_1 |        0.007 |        7357.22 |     64 |
|    4 |                                     vm_mod_fused_nn_dense_add |        0.017 |         245.70 |     64 |
|    5 |                          vm_mod_fused_nn_conv2d_add_nn_relu_8 |        0.058 |        3529.12 |     64 |
|    6 |                                  vm_mod_fused_nn_conv2d_add_3 |        0.037 |        5497.74 |     64 |
|    7 |                      vm_mod_fused_nn_conv2d_add_add_nn_relu_3 |        0.049 |        4217.22 |     64 |
|    8 |                          vm_mod_fused_nn_conv2d_add_nn_relu_4 |        0.123 |        7542.53 |     64 |
|    9 |                        vm_mod_fused_nn_conv2d_add_add_nn_relu |        0.038 |        5463.84 |     64 |
|   10 |                      vm_mod_fused_nn_conv2d_add_add_nn_relu_1 |        0.030 |        6910.48 |     64 |
|   11 | vm_mod_fused_nn_contrib_conv2d_winograd_without_weight_transform_add_nn_relu_3 |        0.113 |        4912.24 |     64 |
|   12 |                                  vm_mod_fused_nn_conv2d_add_2 |        0.045 |        4554.29 |     64 |
|   13 |                            vm_mod_fused_nn_conv2d_add_nn_relu |        0.017 |       13986.58 |     64 |
|   14 |                          vm_mod_fused_nn_conv2d_add_nn_relu_7 |        0.323 |        2864.55 |     64 |
|   15 |                         vm_mod_fused_nn_conv2d_add_nn_relu_10 |        0.376 |        2459.61 |     64 |
|   16 | vm_mod_fused_nn_contrib_conv2d_winograd_without_weight_transform_add_nn_relu_1 |        0.085 |        5398.97 |     64 |
|   17 |                          vm_mod_fused_nn_conv2d_add_nn_relu_3 |        0.032 |       12819.96 |     64 |
|   18 |                           vm_mod_fused_nn_adaptive_avg_pool2d |        0.005 |          -0.00 |     64 |
|   19 |                         vm_mod_fused_nn_conv2d_add_nn_relu_11 |        0.080 |        2582.20 |     64 |
|   20 |                                  vm_mod_fused_nn_conv2d_add_1 |        0.046 |        4488.57 |     64 |
|   21 |                          vm_mod_fused_nn_conv2d_add_nn_relu_6 |        0.045 |        9155.80 |     64 |
|   22 |                          vm_mod_fused_nn_conv2d_add_nn_relu_2 |        0.013 |       16046.02 |     64 |
|   23 | vm_mod_fused_nn_contrib_conv2d_winograd_without_weight_transform_add_nn_relu |        0.059 |        6293.84 |     64 |
|   24 |                      vm_mod_fused_nn_conv2d_add_add_nn_relu_2 |        0.029 |        7221.19 |     64 |
|   25 |                          vm_mod_fused_nn_conv2d_add_nn_relu_9 |        0.040 |       10305.54 |     64 |
|   26 | vm_mod_fused_nn_contrib_conv2d_winograd_without_weight_transform_add_nn_relu_2 |        0.078 |        5610.09 |    128 |
-----------------------------------------------------------------------------------------------------------------
Estimated total latency: 3.307 ms	Trials: 1788	Used time : 4218 s	Next ID: 15	
*E**********************Eterminate called after throwing an instance of 'tvm::runtime::InternalError'
  what():  [19:02:22] /data3/qsy/complier/tlm/src/runtime/cuda/cuda_module.cc:61: CUDAError: cuModuleUnload(module_[i]) failed with error: CUDA_ERROR_MISALIGNED_ADDRESS
Stack trace:
  0: tvm::runtime::SimpleObjAllocator::Handler<tvm::runtime::CUDAModuleNode>::Deleter_(tvm::runtime::Object*)
  1: tvm::runtime::SimpleObjAllocator::Handler<tvm::runtime::LibraryModuleNode>::Deleter_(tvm::runtime::Object*)
  2: _ZN3tvm7runtime18SimpleObjAllocator7HandlerINS0_16PackedFuncS
  3: _ZN3tvm7runtime18SimpleObjAllocator7HandlerINS0_16PackedFuncSubObjIZNS0_9profiling17WrapTimeE
  4: TVMObjectFree
  5: __pyx_tp_dealloc_3tvm_4_ffi_4_cy3_4core_PackedFuncBase(_object*)
  6: subtype_dealloc
        at /usr/local/src/conda/python-3.10.18/Objects/typeobject.c:1460
  7: _Py_DECREF
        at /usr/local/src/conda/python-3.10.18/Include/object.h:500
  8: _Py_XDECREF
        at /usr/local/src/conda/python-3.10.18/Include/object.h:567
  9: cell_dealloc
        at /usr/local/src/conda/python-3.10.18/Objects/cellobject.c:82
  10: _Py_Dealloc
        at /usr/local/src/conda/python-3.10.18/Objects/object.c:2301
  11: _Py_DECREF
        at /usr/local/src/conda/python-3.10.18/Include/object.h:500
  12: _Py_XDECREF
        at /usr/local/src/conda/python-3.10.18/Include/object.h:567
  13: tupledealloc
        at /usr/local/src/conda/python-3.10.18/Objects/tupleobject.c:276
  14: _Py_Dealloc
        at /usr/local/src/conda/python-3.10.18/Objects/object.c:2301
  15: _Py_DECREF
        at /usr/local/src/conda/python-3.10.18/Include/object.h:500
  16: func_clear
        at /usr/local/src/conda/python-3.10.18/Objects/funcobject.c:636
  17: func_dealloc
        at /usr/local/src/conda/python-3.10.18/Objects/funcobject.c:648
  18: _Py_Dealloc
        at /usr/local/src/conda/python-3.10.18/Objects/object.c:2301
  19: _Py_DECREF
        at /usr/local/src/conda/python-3.10.18/Include/object.h:500
  20: frame_dealloc
        at /usr/local/src/conda/python-3.10.18/Objects/frameobject.c:591
  21: _Py_Dealloc
        at /usr/local/src/conda/python-3.10.18/Objects/object.c:2301
  22: _Py_DECREF
        at /usr/local/src/conda/python-3.10.18/Include/object.h:500
  23: _PyEval_Vector
        at /usr/local/src/conda/python-3.10.18/Python/ceval.c:5080
  24: _PyFunction_Vectorcall
        at /usr/local/src/conda/python-3.10.18/Objects/call.c:342
  25: do_call_core
        at /usr/local/src/conda/python-3.10.18/Python/ceval.c:5945
  26: _PyEval_EvalFrameDefault
        at /usr/local/src/conda/python-3.10.18/Python/ceval.c:4277
  27: _PyEval_EvalFrame
        at /usr/local/src/conda/python-3.10.18/Include/internal/pycore_ceval.h:46
  28: _PyEval_Vector
        at /usr/local/src/conda/python-3.10.18/Python/ceval.c:5067
  29: _PyFunction_Vectorcall
        at /usr/local/src/conda/python-3.10.18/Objects/call.c:342
  30: _PyObject_VectorcallTstate
        at /usr/local/src/conda/python-3.10.18/Include/cpython/abstract.h:114
  31: PyObject_Vectorcall
        at /usr/local/src/conda/python-3.10.18/Include/cpython/abstract.h:123
  32: call_function
        at /usr/local/src/conda/python-3.10.18/Python/ceval.c:5893
  33: _PyEval_EvalFrameDefault
        at /usr/local/src/conda/python-3.10.18/Python/ceval.c:4213
  34: _PyEval_EvalFrame
        at /usr/local/src/conda/python-3.10.18/Include/internal/pycore_ceval.h:46
  35: _PyEval_Vector
        at /usr/local/src/conda/python-3.10.18/Python/ceval.c:5067
  36: PyEval_EvalCode
        at /usr/local/src/conda/python-3.10.18/Python/ceval.c:1134
  37: builtin_exec_impl
        at /usr/local/src/conda/python-3.10.18/Python/bltinmodule.c:1058
  38: builtin_exec
        at /usr/local/src/conda/python-3.10.18/Python/clinic/bltinmodule.c.h:371
  39: cfunction_vectorcall_FASTCALL
        at /usr/local/src/conda/python-3.10.18/Objects/methodobject.c:430
  40: _PyObject_VectorcallTstate
        at /usr/local/src/conda/python-3.10.18/Include/cpython/abstract.h:114
  41: PyObject_Vectorcall
        at /usr/local/src/conda/python-3.10.18/Include/cpython/abstract.h:123
  42: call_function
        at /usr/local/src/conda/python-3.10.18/Python/ceval.c:5893
  43: _PyEval_EvalFrameDefault
        at /usr/local/src/conda/python-3.10.18/Python/ceval.c:4213
  44: _PyEval_EvalFrame
        at /usr/local/src/conda/python-3.10.18/Include/internal/pycore_ceval.h:46
  45: _PyEval_Vector
        at /usr/local/src/conda/python-3.10.18/Python/ceval.c:5067
  46: _PyFunction_Vectorcall
        at /usr/local/src/conda/python-3.10.18/Objects/call.c:342
  47: _PyObject_VectorcallTstate
        at /usr/local/src/conda/python-3.10.18/Include/cpython/abstract.h:114
  48: PyObject_Vectorcall
        at /usr/local/src/conda/python-3.10.18/Include/cpython/abstract.h:123
  49: call_function
        at /usr/local/src/conda/python-3.10.18/Python/ceval.c:5893
  50: _PyEval_EvalFrameDefault
        at /usr/local/src/conda/python-3.10.18/Python/ceval.c:4213
  51: _PyEval_EvalFrame
        at /usr/local/src/conda/python-3.10.18/Include/internal/pycore_ceval.h:46
  52: _PyEval_Vector
        at /usr/local/src/conda/python-3.10.18/Python/ceval.c:5067
  53: _PyFunction_Vectorcall
        at /usr/local/src/conda/python-3.10.18/Objects/call.c:342
  54: pymain_run_module
        at /usr/local/src/conda/python-3.10.18/Modules/main.c:297
  55: pymain_run_python
        at /usr/local/src/conda/python-3.10.18/Modules/main.c:589
  56: Py_RunMain
        at /usr/local/src/conda/python-3.10.18/Modules/main.c:674
  57: Py_BytesMain
        at /usr/local/src/conda/python-3.10.18/Modules/main.c:1094
  58: __libc_start_main
        at ../csu/libc-start.c:308
  59: 0x000000000058728d
  60: 0xffffffffffffffff


*E*
Time elapsed for measurement: 44.80 s
----------------------------------------------------------------------
------------------------------  [ Train cost model ]
----------------------------------------------------------------------
Time elapsed for training: 0.00 s
----------------------------------------------------------------------
------------------------------  [ Task Scheduler ]
----------------------------------------------------------------------
----------------------------------------------------------------------
------------------------------  [ Search ]
----------------------------------------------------------------------
Sample Initial Population	#s: 54	fail_ct: 1994	Time elapsed: 7.68
GA Iter: 0	Max score: 0.6422	Min score: -0.2240	#Pop: 54	#M+: 0	#M-: 0
GA Iter: 4	Max score: 1.5900	Min score: 1.0143	#Pop: 128	#M+: 1380	#M-: 0
EvolutionarySearch		#s: 128	Time elapsed: 106.40
----------------------------------------------------------------------
------------------------------  [ Measure ]
----------------------------------------------------------------------
Get 64 programs to measure:
................................................................****************************************************************|  ID  |                       Task Description                        | Latency (ms) | Speed (GFLOPS) | Trials |
-----------------------------------------------------------------------------------------------------------------
|    0 |                                    vm_mod_fused_nn_conv2d_add |        0.015 |        6906.27 |     64 |
|    1 |                          vm_mod_fused_nn_conv2d_add_nn_relu_5 |        0.034 |        6090.24 |     64 |
|    2 |                                    vm_mod_fused_nn_max_pool2d |        0.004 |         505.25 |     64 |
|    3 |                          vm_mod_fused_nn_conv2d_add_nn_relu_1 |        0.007 |        7357.22 |     64 |
|    4 |                                     vm_mod_fused_nn_dense_add |        0.017 |         245.70 |     64 |
|    5 |                          vm_mod_fused_nn_conv2d_add_nn_relu_8 |        0.058 |        3529.12 |     64 |
|    6 |                                  vm_mod_fused_nn_conv2d_add_3 |        0.037 |        5497.74 |     64 |
|    7 |                      vm_mod_fused_nn_conv2d_add_add_nn_relu_3 |        0.049 |        4217.22 |     64 |
|    8 |                          vm_mod_fused_nn_conv2d_add_nn_relu_4 |        0.123 |        7542.53 |     64 |
|    9 |                        vm_mod_fused_nn_conv2d_add_add_nn_relu |        0.038 |        5463.84 |     64 |
|   10 |                      vm_mod_fused_nn_conv2d_add_add_nn_relu_1 |        0.030 |        6910.48 |     64 |
|   11 | vm_mod_fused_nn_contrib_conv2d_winograd_without_weight_transform_add_nn_relu_3 |        0.113 |        4912.24 |     64 |
|   12 |                                  vm_mod_fused_nn_conv2d_add_2 |        0.045 |        4554.29 |     64 |
|   13 |                            vm_mod_fused_nn_conv2d_add_nn_relu |        0.017 |       13986.58 |     64 |
|   14 |                          vm_mod_fused_nn_conv2d_add_nn_relu_7 |        0.323 |        2864.55 |     64 |
|   15 |                         vm_mod_fused_nn_conv2d_add_nn_relu_10 |        0.161 |        5751.58 |    128 |
|   16 | vm_mod_fused_nn_contrib_conv2d_winograd_without_weight_transform_add_nn_relu_1 |        0.085 |        5398.97 |     64 |
|   17 |                          vm_mod_fused_nn_conv2d_add_nn_relu_3 |        0.032 |       12819.96 |     64 |
|   18 |                           vm_mod_fused_nn_adaptive_avg_pool2d |        0.005 |          -0.00 |     64 |
|   19 |                         vm_mod_fused_nn_conv2d_add_nn_relu_11 |        0.080 |        2582.20 |     64 |
|   20 |                                  vm_mod_fused_nn_conv2d_add_1 |        0.046 |        4488.57 |     64 |
|   21 |                          vm_mod_fused_nn_conv2d_add_nn_relu_6 |        0.045 |        9155.80 |     64 |
|   22 |                          vm_mod_fused_nn_conv2d_add_nn_relu_2 |        0.013 |       16046.02 |     64 |
|   23 | vm_mod_fused_nn_contrib_conv2d_winograd_without_weight_transform_add_nn_relu |        0.059 |        6293.84 |     64 |
|   24 |                      vm_mod_fused_nn_conv2d_add_add_nn_relu_2 |        0.029 |        7221.19 |     64 |
|   25 |                          vm_mod_fused_nn_conv2d_add_nn_relu_9 |        0.040 |       10305.54 |     64 |
|   26 | vm_mod_fused_nn_contrib_conv2d_winograd_without_weight_transform_add_nn_relu_2 |        0.078 |        5610.09 |    128 |
-----------------------------------------------------------------------------------------------------------------
Estimated total latency: 3.092 ms	Trials: 1852	Used time : 4371 s	Next ID: 14	

Time elapsed for measurement: 34.45 s
----------------------------------------------------------------------
------------------------------  [ Train cost model ]
----------------------------------------------------------------------
Time elapsed for training: 0.00 s
----------------------------------------------------------------------
------------------------------  [ Task Scheduler ]
----------------------------------------------------------------------
----------------------------------------------------------------------
------------------------------  [ Search ]
----------------------------------------------------------------------
Sample Initial Population	#s: 71	fail_ct: 1977	Time elapsed: 6.52
GA Iter: 0	Max score: 0.7108	Min score: -0.2335	#Pop: 71	#M+: 0	#M-: 0
GA Iter: 4	Max score: 1.1506	Min score: 0.8853	#Pop: 128	#M+: 1383	#M-: 0
EvolutionarySearch		#s: 128	Time elapsed: 72.40
----------------------------------------------------------------------
------------------------------  [ Measure ]
----------------------------------------------------------------------
Get 64 programs to measure:
................................................................****************************************************************|  ID  |                       Task Description                        | Latency (ms) | Speed (GFLOPS) | Trials |
-----------------------------------------------------------------------------------------------------------------
|    0 |                                    vm_mod_fused_nn_conv2d_add |        0.015 |        6906.27 |     64 |
|    1 |                          vm_mod_fused_nn_conv2d_add_nn_relu_5 |        0.034 |        6090.24 |     64 |
|    2 |                                    vm_mod_fused_nn_max_pool2d |        0.004 |         505.25 |     64 |
|    3 |                          vm_mod_fused_nn_conv2d_add_nn_relu_1 |        0.007 |        7357.22 |     64 |
|    4 |                                     vm_mod_fused_nn_dense_add |        0.017 |         245.70 |     64 |
|    5 |                          vm_mod_fused_nn_conv2d_add_nn_relu_8 |        0.058 |        3529.12 |     64 |
|    6 |                                  vm_mod_fused_nn_conv2d_add_3 |        0.037 |        5497.74 |     64 |
|    7 |                      vm_mod_fused_nn_conv2d_add_add_nn_relu_3 |        0.049 |        4217.22 |     64 |
|    8 |                          vm_mod_fused_nn_conv2d_add_nn_relu_4 |        0.123 |        7542.53 |     64 |
|    9 |                        vm_mod_fused_nn_conv2d_add_add_nn_relu |        0.038 |        5463.84 |     64 |
|   10 |                      vm_mod_fused_nn_conv2d_add_add_nn_relu_1 |        0.030 |        6910.48 |     64 |
|   11 | vm_mod_fused_nn_contrib_conv2d_winograd_without_weight_transform_add_nn_relu_3 |        0.113 |        4912.24 |     64 |
|   12 |                                  vm_mod_fused_nn_conv2d_add_2 |        0.045 |        4554.29 |     64 |
|   13 |                            vm_mod_fused_nn_conv2d_add_nn_relu |        0.017 |       13986.58 |     64 |
|   14 |                          vm_mod_fused_nn_conv2d_add_nn_relu_7 |        0.126 |        7352.62 |    128 |
|   15 |                         vm_mod_fused_nn_conv2d_add_nn_relu_10 |        0.161 |        5751.58 |    128 |
|   16 | vm_mod_fused_nn_contrib_conv2d_winograd_without_weight_transform_add_nn_relu_1 |        0.085 |        5398.97 |     64 |
|   17 |                          vm_mod_fused_nn_conv2d_add_nn_relu_3 |        0.032 |       12819.96 |     64 |
|   18 |                           vm_mod_fused_nn_adaptive_avg_pool2d |        0.005 |          -0.00 |     64 |
|   19 |                         vm_mod_fused_nn_conv2d_add_nn_relu_11 |        0.080 |        2582.20 |     64 |
|   20 |                                  vm_mod_fused_nn_conv2d_add_1 |        0.046 |        4488.57 |     64 |
|   21 |                          vm_mod_fused_nn_conv2d_add_nn_relu_6 |        0.045 |        9155.80 |     64 |
|   22 |                          vm_mod_fused_nn_conv2d_add_nn_relu_2 |        0.013 |       16046.02 |     64 |
|   23 | vm_mod_fused_nn_contrib_conv2d_winograd_without_weight_transform_add_nn_relu |        0.059 |        6293.84 |     64 |
|   24 |                      vm_mod_fused_nn_conv2d_add_add_nn_relu_2 |        0.029 |        7221.19 |     64 |
|   25 |                          vm_mod_fused_nn_conv2d_add_nn_relu_9 |        0.040 |       10305.54 |     64 |
|   26 | vm_mod_fused_nn_contrib_conv2d_winograd_without_weight_transform_add_nn_relu_2 |        0.078 |        5610.09 |    128 |
-----------------------------------------------------------------------------------------------------------------
Estimated total latency: 2.895 ms	Trials: 1916	Used time : 4519 s	Next ID: 5	

Time elapsed for measurement: 28.55 s
----------------------------------------------------------------------
------------------------------  [ Train cost model ]
----------------------------------------------------------------------
Time elapsed for training: 0.00 s
----------------------------------------------------------------------
------------------------------  [ Task Scheduler ]
----------------------------------------------------------------------
----------------------------------------------------------------------
------------------------------  [ Search ]
----------------------------------------------------------------------
Sample Initial Population	#s: 83	fail_ct: 4013	Time elapsed: 33.16
GA Iter: 0	Max score: 0.8749	Min score: -1.0128	#Pop: 83	#M+: 0	#M-: 0
GA Iter: 4	Max score: 1.2355	Min score: 0.9380	#Pop: 128	#M+: 1386	#M-: 0
EvolutionarySearch		#s: 128	Time elapsed: 227.72
----------------------------------------------------------------------
------------------------------  [ Measure ]
----------------------------------------------------------------------
Get 64 programs to measure:
................................................................****************************************************************|  ID  |                       Task Description                        | Latency (ms) | Speed (GFLOPS) | Trials |
-----------------------------------------------------------------------------------------------------------------
|    0 |                                    vm_mod_fused_nn_conv2d_add |        0.015 |        6906.27 |     64 |
|    1 |                          vm_mod_fused_nn_conv2d_add_nn_relu_5 |        0.034 |        6090.24 |     64 |
|    2 |                                    vm_mod_fused_nn_max_pool2d |        0.004 |         505.25 |     64 |
|    3 |                          vm_mod_fused_nn_conv2d_add_nn_relu_1 |        0.007 |        7357.22 |     64 |
|    4 |                                     vm_mod_fused_nn_dense_add |        0.017 |         245.70 |     64 |
|    5 |                          vm_mod_fused_nn_conv2d_add_nn_relu_8 |        0.026 |        7766.02 |    128 |
|    6 |                                  vm_mod_fused_nn_conv2d_add_3 |        0.037 |        5497.74 |     64 |
|    7 |                      vm_mod_fused_nn_conv2d_add_add_nn_relu_3 |        0.049 |        4217.22 |     64 |
|    8 |                          vm_mod_fused_nn_conv2d_add_nn_relu_4 |        0.123 |        7542.53 |     64 |
|    9 |                        vm_mod_fused_nn_conv2d_add_add_nn_relu |        0.038 |        5463.84 |     64 |
|   10 |                      vm_mod_fused_nn_conv2d_add_add_nn_relu_1 |        0.030 |        6910.48 |     64 |
|   11 | vm_mod_fused_nn_contrib_conv2d_winograd_without_weight_transform_add_nn_relu_3 |        0.113 |        4912.24 |     64 |
|   12 |                                  vm_mod_fused_nn_conv2d_add_2 |        0.045 |        4554.29 |     64 |
|   13 |                            vm_mod_fused_nn_conv2d_add_nn_relu |        0.017 |       13986.58 |     64 |
|   14 |                          vm_mod_fused_nn_conv2d_add_nn_relu_7 |        0.126 |        7352.62 |    128 |
|   15 |                         vm_mod_fused_nn_conv2d_add_nn_relu_10 |        0.161 |        5751.58 |    128 |
|   16 | vm_mod_fused_nn_contrib_conv2d_winograd_without_weight_transform_add_nn_relu_1 |        0.085 |        5398.97 |     64 |
|   17 |                          vm_mod_fused_nn_conv2d_add_nn_relu_3 |        0.032 |       12819.96 |     64 |
|   18 |                           vm_mod_fused_nn_adaptive_avg_pool2d |        0.005 |          -0.00 |     64 |
|   19 |                         vm_mod_fused_nn_conv2d_add_nn_relu_11 |        0.080 |        2582.20 |     64 |
|   20 |                                  vm_mod_fused_nn_conv2d_add_1 |        0.046 |        4488.57 |     64 |
|   21 |                          vm_mod_fused_nn_conv2d_add_nn_relu_6 |        0.045 |        9155.80 |     64 |
|   22 |                          vm_mod_fused_nn_conv2d_add_nn_relu_2 |        0.013 |       16046.02 |     64 |
|   23 | vm_mod_fused_nn_contrib_conv2d_winograd_without_weight_transform_add_nn_relu |        0.059 |        6293.84 |     64 |
|   24 |                      vm_mod_fused_nn_conv2d_add_add_nn_relu_2 |        0.029 |        7221.19 |     64 |
|   25 |                          vm_mod_fused_nn_conv2d_add_nn_relu_9 |        0.040 |       10305.54 |     64 |
|   26 | vm_mod_fused_nn_contrib_conv2d_winograd_without_weight_transform_add_nn_relu_2 |        0.078 |        5610.09 |    128 |
-----------------------------------------------------------------------------------------------------------------
Estimated total latency: 2.736 ms	Trials: 1980	Used time : 4627 s	Next ID: 16	

Time elapsed for measurement: 33.03 s
----------------------------------------------------------------------
------------------------------  [ Train cost model ]
----------------------------------------------------------------------
Time elapsed for training: 0.00 s
Tuning Time:
 ID |                  Name | Time (min) | Percentage 
------------------------------------------------------
    |                 Total |    83.3996 |   100.0000 
  1 |                Tuning |    82.0286 |    98.3561 
  2 | PostTuningCompilation |     0.7760 |     0.9305 
  3 |        TaskExtraction |     0.5950 |     0.7134 
------------------------------------------------------
Evaluate inference time cost...
Execution time summary:
 mean (ms)   median (ms)    max (ms)     min (ms)     std (ms)  
   2.9163       2.9172       2.9185       2.9135       0.0017   
               
